{
    "best_fitness": [
        6445370.5,
        2789447.25
    ],
    "best_fitness_in_generation": [
        6445370.5,
        2789447.25
    ],
    "gen_time_sec": [
        0.023334503173828125,
        0.04666900634765625
    ],
    "generation_counter": [
        0,
        1
    ],
    "mean_fitness_in_generation": [
        16282208.0,
        10994148.0
    ]
}