{
    "best_fitness": [
        6445370.5,
        6445370.5
    ],
    "best_fitness_in_generation": [
        6445370.5,
        NaN
    ],
    "gen_time_sec": [
        0.898247480392456,
        1.796494960784912
    ],
    "generation_counter": [
        0,
        1
    ],
    "mean_fitness_in_generation": [
        16282208.0,
        NaN
    ]
}