{
    "best_fitness": [
        6445370.5,
        2462034.75
    ],
    "best_fitness_in_generation": [
        6445370.5,
        2462034.75
    ],
    "gen_time_sec": [
        0.37539148330688477,
        0.7507829666137695
    ],
    "generation_counter": [
        0,
        1
    ],
    "mean_fitness_in_generation": [
        16282208.0,
        11493371.0
    ]
}