{
    "best_fitness": [
        6445370.5,
        3056195.0
    ],
    "best_fitness_in_generation": [
        6445370.5,
        3056195.0
    ],
    "gen_time_sec": [
        0.06429147720336914,
        0.12858295440673828
    ],
    "generation_counter": [
        0,
        1
    ],
    "mean_fitness_in_generation": [
        16282208.0,
        10544996.0
    ]
}