{
    "best_fitness": [
        6445370.5,
        768280.25
    ],
    "best_fitness_in_generation": [
        6445370.5,
        768280.25
    ],
    "gen_time_sec": [
        0.016358137130737305,
        0.03271627426147461
    ],
    "generation_counter": [
        0,
        1
    ],
    "mean_fitness_in_generation": [
        16282208.0,
        2876700.5
    ]
}