Tue 02 Dec 2025 16:42:14 IST

SLURM_JOBID:		 8558375
SLURM_JOB_NODELIST:	 ise-6000-05 

configuration parmas running: problem_type=bbob es_algorithms=PGPE,ASEBO,Open_ES,SNES,Sep_CMA_ES,CMA_ES,LES,DES
Successfully loaded: sphere
Loading Problems ..:   0%|                                                                                                                                        | 0/24 [00:00<?, ?it/s]
running the experiment ... [../../results/BBOBProblem/sphere/PGPE_500_10000/0]
Generation 100 | Best fitness (Train): 115259.30 | Best fitness in generation (Train): 115259.30 | Mean fitness (Train): 115456.73 | Mean fitness (Test): 115156.77
Generation 200 | Best fitness (Train): 96189.05 | Best fitness in generation (Train): 96189.05 | Mean fitness (Train): 96381.98 | Mean fitness (Test): 96099.37
Generation 300 | Best fitness (Train): 78923.20 | Best fitness in generation (Train): 78923.20 | Mean fitness (Train): 79079.92 | Mean fitness (Test): 78816.99
Generation 400 | Best fitness (Train): 63362.22 | Best fitness in generation (Train): 63362.22 | Mean fitness (Train): 63521.08 | Mean fitness (Test): 63275.75
Generation 500 | Best fitness (Train): 49582.34 | Best fitness in generation (Train): 49582.34 | Mean fitness (Train): 49719.64 | Mean fitness (Test): 49492.14
Generation 600 | Best fitness (Train): 37584.51 | Best fitness in generation (Train): 37584.51 | Mean fitness (Train): 37694.72 | Mean fitness (Test): 37484.52
Generation 700 | Best fitness (Train): 27251.11 | Best fitness in generation (Train): 27251.11 | Mean fitness (Train): 27325.51 | Mean fitness (Test): 27135.29
Generation 800 | Best fitness (Train): 18623.33 | Best fitness in generation (Train): 18623.33 | Mean fitness (Train): 18704.82 | Mean fitness (Test): 18529.17
Generation 900 | Best fitness (Train): 11692.68 | Best fitness in generation (Train): 11692.68 | Mean fitness (Train): 11754.65 | Mean fitness (Test): 11595.75
Generation 1000 | Best fitness (Train): 6474.49 | Best fitness in generation (Train): 6474.49 | Mean fitness (Train): 6514.73 | Mean fitness (Test): 6373.42
Generation 1100 | Best fitness (Train): 2936.45 | Best fitness in generation (Train): 2936.45 | Mean fitness (Train): 2965.69 | Mean fitness (Test): 2842.25
Generation 1200 | Best fitness (Train): 930.71 | Best fitness in generation (Train): 930.71 | Mean fitness (Train): 946.64 | Mean fitness (Test): 838.75
Generation 1300 | Best fitness (Train): 234.88 | Best fitness in generation (Train): 234.88 | Mean fitness (Train): 241.89 | Mean fitness (Test): 147.10
Generation 1400 | Best fitness (Train): 146.65 | Best fitness in generation (Train): 147.02 | Mean fitness (Train): 151.03 | Mean fitness (Test): 63.83
Generation 1500 | Best fitness (Train): 132.34 | Best fitness in generation (Train): 132.90 | Mean fitness (Train): 136.75 | Mean fitness (Test): 55.40
Generation 1600 | Best fitness (Train): 125.54 | Best fitness in generation (Train): 125.99 | Mean fitness (Train): 129.60 | Mean fitness (Test): 53.84
Generation 1700 | Best fitness (Train): 121.15 | Best fitness in generation (Train): 122.03 | Mean fitness (Train): 125.03 | Mean fitness (Test): 54.51
Generation 1800 | Best fitness (Train): 118.49 | Best fitness in generation (Train): 118.49 | Mean fitness (Train): 122.04 | Mean fitness (Test): 56.25
Generation 1900 | Best fitness (Train): 115.96 | Best fitness in generation (Train): 117.24 | Mean fitness (Train): 120.15 | Mean fitness (Test): 58.60
Generation 2000 | Best fitness (Train): 114.69 | Best fitness in generation (Train): 114.85 | Mean fitness (Train): 118.35 | Mean fitness (Test): 60.69
Generation 2100 | Best fitness (Train): 113.28 | Best fitness in generation (Train): 114.28 | Mean fitness (Train): 117.05 | Mean fitness (Test): 62.76
Generation 2200 | Best fitness (Train): 111.53 | Best fitness in generation (Train): 112.64 | Mean fitness (Train): 115.41 | Mean fitness (Test): 64.41
Generation 2300 | Best fitness (Train): 110.49 | Best fitness in generation (Train): 111.15 | Mean fitness (Train): 113.77 | Mean fitness (Test): 65.67
Generation 2400 | Best fitness (Train): 108.29 | Best fitness in generation (Train): 108.98 | Mean fitness (Train): 111.76 | Mean fitness (Test): 66.22
Generation 2500 | Best fitness (Train): 106.71 | Best fitness in generation (Train): 107.30 | Mean fitness (Train): 109.80 | Mean fitness (Test): 66.80
Generation 2600 | Best fitness (Train): 105.18 | Best fitness in generation (Train): 105.96 | Mean fitness (Train): 108.38 | Mean fitness (Test): 67.65
Generation 2700 | Best fitness (Train): 104.29 | Best fitness in generation (Train): 104.76 | Mean fitness (Train): 107.07 | Mean fitness (Test): 68.51
Generation 2800 | Best fitness (Train): 103.19 | Best fitness in generation (Train): 103.58 | Mean fitness (Train): 106.21 | Mean fitness (Test): 69.51
Generation 2900 | Best fitness (Train): 101.49 | Best fitness in generation (Train): 102.41 | Mean fitness (Train): 104.64 | Mean fitness (Test): 69.80
Generation 3000 | Best fitness (Train): 100.32 | Best fitness in generation (Train): 100.81 | Mean fitness (Train): 102.94 | Mean fitness (Test): 69.89
Generation 3100 | Best fitness (Train): 99.48 | Best fitness in generation (Train): 99.98 | Mean fitness (Train): 101.92 | Mean fitness (Test): 70.47
Generation 3200 | Best fitness (Train): 98.15 | Best fitness in generation (Train): 98.15 | Mean fitness (Train): 100.69 | Mean fitness (Test): 70.67
Generation 3300 | Best fitness (Train): 96.25 | Best fitness in generation (Train): 97.10 | Mean fitness (Train): 99.23 | Mean fitness (Test): 70.69
Generation 3400 | Best fitness (Train): 95.78 | Best fitness in generation (Train): 96.31 | Mean fitness (Train): 98.07 | Mean fitness (Test): 70.81
Generation 3500 | Best fitness (Train): 95.39 | Best fitness in generation (Train): 95.95 | Mean fitness (Train): 97.67 | Mean fitness (Test): 71.63
Generation 3600 | Best fitness (Train): 94.03 | Best fitness in generation (Train): 94.57 | Mean fitness (Train): 96.24 | Mean fitness (Test): 71.39
Generation 3700 | Best fitness (Train): 92.87 | Best fitness in generation (Train): 92.87 | Mean fitness (Train): 94.81 | Mean fitness (Test): 71.02
Generation 3800 | Best fitness (Train): 91.90 | Best fitness in generation (Train): 93.25 | Mean fitness (Train): 94.87 | Mean fitness (Test): 72.10
Generation 3900 | Best fitness (Train): 91.33 | Best fitness in generation (Train): 91.87 | Mean fitness (Train): 93.49 | Mean fitness (Test): 71.61
Generation 4000 | Best fitness (Train): 90.93 | Best fitness in generation (Train): 91.68 | Mean fitness (Train): 93.37 | Mean fitness (Test): 72.46
running the experiment ... [../../results/BBOBProblem/sphere/PGPE_500_10000/1]
Generation 100 | Best fitness (Train): 116563.69 | Best fitness in generation (Train): 116563.69 | Mean fitness (Train): 116724.65 | Mean fitness (Test): 116427.72
Generation 200 | Best fitness (Train): 97363.48 | Best fitness in generation (Train): 97363.48 | Mean fitness (Train): 97544.31 | Mean fitness (Test): 97263.96
Generation 300 | Best fitness (Train): 80010.95 | Best fitness in generation (Train): 80010.95 | Mean fitness (Train): 80165.94 | Mean fitness (Test): 79904.16
Generation 400 | Best fitness (Train): 64337.91 | Best fitness in generation (Train): 64337.91 | Mean fitness (Train): 64499.07 | Mean fitness (Test): 64250.39
Generation 500 | Best fitness (Train): 50374.31 | Best fitness in generation (Train): 50374.31 | Mean fitness (Train): 50511.79 | Mean fitness (Test): 50284.23
Generation 600 | Best fitness (Train): 38206.67 | Best fitness in generation (Train): 38206.67 | Mean fitness (Train): 38333.23 | Mean fitness (Test): 38121.82
Generation 700 | Best fitness (Train): 27823.29 | Best fitness in generation (Train): 27823.29 | Mean fitness (Train): 27901.17 | Mean fitness (Test): 27706.83
Generation 800 | Best fitness (Train): 19110.65 | Best fitness in generation (Train): 19110.65 | Mean fitness (Train): 19206.84 | Mean fitness (Test): 19029.96
Generation 900 | Best fitness (Train): 12158.38 | Best fitness in generation (Train): 12158.38 | Mean fitness (Train): 12212.65 | Mean fitness (Test): 12053.65
Generation 1000 | Best fitness (Train): 6846.99 | Best fitness in generation (Train): 6846.99 | Mean fitness (Train): 6890.18 | Mean fitness (Test): 6748.86
Generation 1100 | Best fitness (Train): 3170.45 | Best fitness in generation (Train): 3170.45 | Mean fitness (Train): 3198.66 | Mean fitness (Test): 3073.64
Generation 1200 | Best fitness (Train): 1040.18 | Best fitness in generation (Train): 1040.18 | Mean fitness (Train): 1058.65 | Mean fitness (Test): 949.75
Generation 1300 | Best fitness (Train): 259.66 | Best fitness in generation (Train): 259.66 | Mean fitness (Train): 266.67 | Mean fitness (Test): 171.15
Generation 1400 | Best fitness (Train): 148.51 | Best fitness in generation (Train): 148.51 | Mean fitness (Train): 153.65 | Mean fitness (Test): 65.86
Generation 1500 | Best fitness (Train): 133.11 | Best fitness in generation (Train): 133.38 | Mean fitness (Train): 137.15 | Mean fitness (Test): 55.43
Generation 1600 | Best fitness (Train): 125.37 | Best fitness in generation (Train): 125.86 | Mean fitness (Train): 129.64 | Mean fitness (Test): 53.46
Generation 1700 | Best fitness (Train): 120.81 | Best fitness in generation (Train): 121.21 | Mean fitness (Train): 124.85 | Mean fitness (Test): 54.05
Generation 1800 | Best fitness (Train): 118.58 | Best fitness in generation (Train): 119.13 | Mean fitness (Train): 122.32 | Mean fitness (Test): 56.20
Generation 1900 | Best fitness (Train): 116.18 | Best fitness in generation (Train): 116.18 | Mean fitness (Train): 120.04 | Mean fitness (Test): 58.14
Generation 2000 | Best fitness (Train): 114.77 | Best fitness in generation (Train): 114.77 | Mean fitness (Train): 118.35 | Mean fitness (Test): 60.50
Generation 2100 | Best fitness (Train): 113.20 | Best fitness in generation (Train): 113.46 | Mean fitness (Train): 117.26 | Mean fitness (Test): 62.83
Generation 2200 | Best fitness (Train): 111.93 | Best fitness in generation (Train): 112.81 | Mean fitness (Train): 115.67 | Mean fitness (Test): 64.45
Generation 2300 | Best fitness (Train): 109.33 | Best fitness in generation (Train): 110.34 | Mean fitness (Train): 113.23 | Mean fitness (Test): 64.99
Generation 2400 | Best fitness (Train): 108.09 | Best fitness in generation (Train): 108.90 | Mean fitness (Train): 111.25 | Mean fitness (Test): 65.66
Generation 2500 | Best fitness (Train): 106.91 | Best fitness in generation (Train): 107.78 | Mean fitness (Train): 110.17 | Mean fitness (Test): 67.10
Generation 2600 | Best fitness (Train): 106.04 | Best fitness in generation (Train): 106.85 | Mean fitness (Train): 109.30 | Mean fitness (Test): 68.57
Generation 2700 | Best fitness (Train): 104.53 | Best fitness in generation (Train): 105.02 | Mean fitness (Train): 107.41 | Mean fitness (Test): 68.83
Generation 2800 | Best fitness (Train): 102.91 | Best fitness in generation (Train): 103.88 | Mean fitness (Train): 106.26 | Mean fitness (Test): 69.63
Generation 2900 | Best fitness (Train): 100.96 | Best fitness in generation (Train): 102.41 | Mean fitness (Train): 104.41 | Mean fitness (Test): 69.65
Generation 3000 | Best fitness (Train): 100.79 | Best fitness in generation (Train): 101.32 | Mean fitness (Train): 103.74 | Mean fitness (Test): 70.68
Generation 3100 | Best fitness (Train): 98.81 | Best fitness in generation (Train): 99.20 | Mean fitness (Train): 101.60 | Mean fitness (Test): 70.11
Generation 3200 | Best fitness (Train): 97.68 | Best fitness in generation (Train): 97.88 | Mean fitness (Train): 100.06 | Mean fitness (Test): 70.09
Generation 3300 | Best fitness (Train): 96.42 | Best fitness in generation (Train): 96.91 | Mean fitness (Train): 99.04 | Mean fitness (Test): 70.52
Generation 3400 | Best fitness (Train): 95.35 | Best fitness in generation (Train): 96.15 | Mean fitness (Train): 97.89 | Mean fitness (Test): 70.63
Generation 3500 | Best fitness (Train): 94.74 | Best fitness in generation (Train): 95.11 | Mean fitness (Train): 97.31 | Mean fitness (Test): 71.33
Generation 3600 | Best fitness (Train): 93.92 | Best fitness in generation (Train): 94.39 | Mean fitness (Train): 96.43 | Mean fitness (Test): 71.51
Generation 3700 | Best fitness (Train): 93.24 | Best fitness in generation (Train): 94.02 | Mean fitness (Train): 95.60 | Mean fitness (Test): 71.79
Generation 3800 | Best fitness (Train): 91.83 | Best fitness in generation (Train): 92.43 | Mean fitness (Train): 94.33 | Mean fitness (Test): 71.54
Generation 3900 | Best fitness (Train): 90.98 | Best fitness in generation (Train): 91.17 | Mean fitness (Train): 93.29 | Mean fitness (Test): 71.47
Generation 4000 | Best fitness (Train): 90.58 | Best fitness in generation (Train): 90.82 | Mean fitness (Train): 92.67 | Mean fitness (Test): 71.72
running the experiment ... [../../results/BBOBProblem/sphere/PGPE_500_10000/2]
Generation 100 | Best fitness (Train): 118236.80 | Best fitness in generation (Train): 118236.80 | Mean fitness (Train): 118435.29 | Mean fitness (Test): 118133.47
Generation 200 | Best fitness (Train): 98986.77 | Best fitness in generation (Train): 98986.77 | Mean fitness (Train): 99169.38 | Mean fitness (Test): 98886.77
Generation 300 | Best fitness (Train): 81398.82 | Best fitness in generation (Train): 81398.82 | Mean fitness (Train): 81577.10 | Mean fitness (Test): 81310.60
Generation 400 | Best fitness (Train): 65435.12 | Best fitness in generation (Train): 65435.12 | Mean fitness (Train): 65602.13 | Mean fitness (Test): 65348.02
Generation 500 | Best fitness (Train): 51301.13 | Best fitness in generation (Train): 51301.13 | Mean fitness (Train): 51470.62 | Mean fitness (Test): 51240.46
Generation 600 | Best fitness (Train): 39053.91 | Best fitness in generation (Train): 39053.91 | Mean fitness (Train): 39172.00 | Mean fitness (Test): 38959.72
Generation 700 | Best fitness (Train): 28467.61 | Best fitness in generation (Train): 28467.61 | Mean fitness (Train): 28579.53 | Mean fitness (Test): 28384.44
Generation 800 | Best fitness (Train): 19627.24 | Best fitness in generation (Train): 19627.24 | Mean fitness (Train): 19705.99 | Mean fitness (Test): 19528.67
Generation 900 | Best fitness (Train): 12487.50 | Best fitness in generation (Train): 12487.50 | Mean fitness (Train): 12560.74 | Mean fitness (Test): 12400.77
Generation 1000 | Best fitness (Train): 7101.36 | Best fitness in generation (Train): 7101.36 | Mean fitness (Train): 7151.03 | Mean fitness (Test): 7007.58
Generation 1100 | Best fitness (Train): 3335.39 | Best fitness in generation (Train): 3335.39 | Mean fitness (Train): 3366.91 | Mean fitness (Test): 3240.35
Generation 1200 | Best fitness (Train): 1117.72 | Best fitness in generation (Train): 1117.72 | Mean fitness (Train): 1139.71 | Mean fitness (Test): 1029.57
Generation 1300 | Best fitness (Train): 276.74 | Best fitness in generation (Train): 276.74 | Mean fitness (Train): 283.55 | Mean fitness (Test): 187.37
Generation 1400 | Best fitness (Train): 150.81 | Best fitness in generation (Train): 150.81 | Mean fitness (Train): 155.85 | Mean fitness (Test): 67.65
Generation 1500 | Best fitness (Train): 133.81 | Best fitness in generation (Train): 134.06 | Mean fitness (Train): 137.97 | Mean fitness (Test): 55.80
Generation 1600 | Best fitness (Train): 126.61 | Best fitness in generation (Train): 127.80 | Mean fitness (Train): 130.70 | Mean fitness (Test): 54.02
Generation 1700 | Best fitness (Train): 121.73 | Best fitness in generation (Train): 122.03 | Mean fitness (Train): 126.11 | Mean fitness (Test): 54.77
Generation 1800 | Best fitness (Train): 119.26 | Best fitness in generation (Train): 120.27 | Mean fitness (Train): 123.52 | Mean fitness (Test): 56.78
Generation 1900 | Best fitness (Train): 117.24 | Best fitness in generation (Train): 117.24 | Mean fitness (Train): 120.81 | Mean fitness (Test): 58.50
Generation 2000 | Best fitness (Train): 115.03 | Best fitness in generation (Train): 115.21 | Mean fitness (Train): 118.62 | Mean fitness (Test): 60.24
Generation 2100 | Best fitness (Train): 113.13 | Best fitness in generation (Train): 114.62 | Mean fitness (Train): 117.08 | Mean fitness (Test): 62.25
Generation 2200 | Best fitness (Train): 111.49 | Best fitness in generation (Train): 112.58 | Mean fitness (Train): 115.08 | Mean fitness (Test): 63.41
Generation 2300 | Best fitness (Train): 109.22 | Best fitness in generation (Train): 109.22 | Mean fitness (Train): 112.75 | Mean fitness (Test): 64.24
Generation 2400 | Best fitness (Train): 107.12 | Best fitness in generation (Train): 108.92 | Mean fitness (Train): 111.44 | Mean fitness (Test): 65.69
Generation 2500 | Best fitness (Train): 106.84 | Best fitness in generation (Train): 108.00 | Mean fitness (Train): 110.82 | Mean fitness (Test): 67.40
Generation 2600 | Best fitness (Train): 105.27 | Best fitness in generation (Train): 105.74 | Mean fitness (Train): 108.44 | Mean fitness (Test): 67.42
Generation 2700 | Best fitness (Train): 104.01 | Best fitness in generation (Train): 104.82 | Mean fitness (Train): 106.92 | Mean fitness (Test): 68.12
Generation 2800 | Best fitness (Train): 102.95 | Best fitness in generation (Train): 103.48 | Mean fitness (Train): 105.93 | Mean fitness (Test): 69.05
Generation 2900 | Best fitness (Train): 101.27 | Best fitness in generation (Train): 101.58 | Mean fitness (Train): 103.92 | Mean fitness (Test): 68.92
Generation 3000 | Best fitness (Train): 99.55 | Best fitness in generation (Train): 100.40 | Mean fitness (Train): 102.34 | Mean fitness (Test): 69.01
Generation 3100 | Best fitness (Train): 98.69 | Best fitness in generation (Train): 99.55 | Mean fitness (Train): 101.68 | Mean fitness (Test): 70.03
Generation 3200 | Best fitness (Train): 98.08 | Best fitness in generation (Train): 98.94 | Mean fitness (Train): 101.04 | Mean fitness (Test): 70.93
Generation 3300 | Best fitness (Train): 95.96 | Best fitness in generation (Train): 97.29 | Mean fitness (Train): 99.41 | Mean fitness (Test): 70.78
Generation 3400 | Best fitness (Train): 95.96 | Best fitness in generation (Train): 96.91 | Mean fitness (Train): 98.98 | Mean fitness (Test): 71.58
Generation 3500 | Best fitness (Train): 94.99 | Best fitness in generation (Train): 95.15 | Mean fitness (Train): 97.33 | Mean fitness (Test): 71.12
Generation 3600 | Best fitness (Train): 94.03 | Best fitness in generation (Train): 94.08 | Mean fitness (Train): 96.14 | Mean fitness (Test): 71.12
Generation 3700 | Best fitness (Train): 92.96 | Best fitness in generation (Train): 93.89 | Mean fitness (Train): 95.72 | Mean fitness (Test): 71.82
Generation 3800 | Best fitness (Train): 91.80 | Best fitness in generation (Train): 91.96 | Mean fitness (Train): 93.73 | Mean fitness (Test): 70.77
Generation 3900 | Best fitness (Train): 91.35 | Best fitness in generation (Train): 91.89 | Mean fitness (Train): 93.60 | Mean fitness (Test): 71.68
Generation 4000 | Best fitness (Train): 89.66 | Best fitness in generation (Train): 90.87 | Mean fitness (Train): 92.36 | Mean fitness (Test): 71.35
running the experiment ... [../../results/BBOBProblem/sphere/PGPE_500_10000/3]
Generation 100 | Best fitness (Train): 117924.74 | Best fitness in generation (Train): 117924.74 | Mean fitness (Train): 118130.55 | Mean fitness (Test): 117828.61
Generation 200 | Best fitness (Train): 98597.93 | Best fitness in generation (Train): 98597.93 | Mean fitness (Train): 98821.86 | Mean fitness (Test): 98537.44
Generation 300 | Best fitness (Train): 81198.94 | Best fitness in generation (Train): 81198.94 | Mean fitness (Train): 81363.49 | Mean fitness (Test): 81095.80
Generation 400 | Best fitness (Train): 65449.00 | Best fitness in generation (Train): 65449.00 | Mean fitness (Train): 65579.43 | Mean fitness (Test): 65328.61
Generation 500 | Best fitness (Train): 51377.68 | Best fitness in generation (Train): 51377.68 | Mean fitness (Train): 51499.20 | Mean fitness (Test): 51267.88
Generation 600 | Best fitness (Train): 39117.44 | Best fitness in generation (Train): 39117.44 | Mean fitness (Train): 39245.08 | Mean fitness (Test): 39034.46
Generation 700 | Best fitness (Train): 28601.07 | Best fitness in generation (Train): 28601.07 | Mean fitness (Train): 28701.73 | Mean fitness (Test): 28507.03
Generation 800 | Best fitness (Train): 19815.07 | Best fitness in generation (Train): 19815.07 | Mean fitness (Train): 19890.61 | Mean fitness (Test): 19713.56
Generation 900 | Best fitness (Train): 12687.35 | Best fitness in generation (Train): 12687.35 | Mean fitness (Train): 12752.64 | Mean fitness (Test): 12592.83
Generation 1000 | Best fitness (Train): 7177.10 | Best fitness in generation (Train): 7177.10 | Mean fitness (Train): 7226.78 | Mean fitness (Test): 7082.54
Generation 1100 | Best fitness (Train): 3351.59 | Best fitness in generation (Train): 3351.59 | Mean fitness (Train): 3391.44 | Mean fitness (Test): 3265.12
Generation 1200 | Best fitness (Train): 1138.80 | Best fitness in generation (Train): 1138.80 | Mean fitness (Train): 1162.05 | Mean fitness (Test): 1052.15
Generation 1300 | Best fitness (Train): 275.12 | Best fitness in generation (Train): 275.12 | Mean fitness (Train): 282.23 | Mean fitness (Test): 186.29
Generation 1400 | Best fitness (Train): 150.36 | Best fitness in generation (Train): 150.36 | Mean fitness (Train): 155.66 | Mean fitness (Test): 67.45
Generation 1500 | Best fitness (Train): 134.09 | Best fitness in generation (Train): 134.54 | Mean fitness (Train): 138.19 | Mean fitness (Test): 55.95
Generation 1600 | Best fitness (Train): 126.58 | Best fitness in generation (Train): 126.75 | Mean fitness (Train): 130.71 | Mean fitness (Test): 53.99
Generation 1700 | Best fitness (Train): 121.86 | Best fitness in generation (Train): 122.33 | Mean fitness (Train): 125.69 | Mean fitness (Test): 54.36
Generation 1800 | Best fitness (Train): 118.40 | Best fitness in generation (Train): 119.43 | Mean fitness (Train): 122.60 | Mean fitness (Test): 56.00
Generation 1900 | Best fitness (Train): 116.43 | Best fitness in generation (Train): 117.33 | Mean fitness (Train): 120.32 | Mean fitness (Test): 58.03
Generation 2000 | Best fitness (Train): 115.07 | Best fitness in generation (Train): 115.25 | Mean fitness (Train): 118.87 | Mean fitness (Test): 60.58
Generation 2100 | Best fitness (Train): 113.58 | Best fitness in generation (Train): 114.38 | Mean fitness (Train): 117.05 | Mean fitness (Test): 62.25
Generation 2200 | Best fitness (Train): 112.02 | Best fitness in generation (Train): 112.98 | Mean fitness (Train): 115.37 | Mean fitness (Test): 63.86
Generation 2300 | Best fitness (Train): 110.15 | Best fitness in generation (Train): 110.15 | Mean fitness (Train): 113.50 | Mean fitness (Test): 64.94
Generation 2400 | Best fitness (Train): 108.77 | Best fitness in generation (Train): 109.36 | Mean fitness (Train): 111.98 | Mean fitness (Test): 66.26
Generation 2500 | Best fitness (Train): 107.27 | Best fitness in generation (Train): 107.53 | Mean fitness (Train): 110.22 | Mean fitness (Test): 66.92
Generation 2600 | Best fitness (Train): 105.44 | Best fitness in generation (Train): 106.82 | Mean fitness (Train): 109.44 | Mean fitness (Test): 68.47
Generation 2700 | Best fitness (Train): 103.95 | Best fitness in generation (Train): 103.95 | Mean fitness (Train): 107.13 | Mean fitness (Test): 68.28
Generation 2800 | Best fitness (Train): 102.47 | Best fitness in generation (Train): 103.60 | Mean fitness (Train): 105.86 | Mean fitness (Test): 69.06
Generation 2900 | Best fitness (Train): 101.80 | Best fitness in generation (Train): 102.45 | Mean fitness (Train): 104.96 | Mean fitness (Test): 69.99
Generation 3000 | Best fitness (Train): 99.87 | Best fitness in generation (Train): 100.68 | Mean fitness (Train): 102.73 | Mean fitness (Test): 69.55
Generation 3100 | Best fitness (Train): 98.92 | Best fitness in generation (Train): 99.37 | Mean fitness (Train): 101.16 | Mean fitness (Test): 69.59
Generation 3200 | Best fitness (Train): 98.08 | Best fitness in generation (Train): 98.19 | Mean fitness (Train): 100.32 | Mean fitness (Test): 70.12
Generation 3300 | Best fitness (Train): 96.51 | Best fitness in generation (Train): 96.90 | Mean fitness (Train): 99.11 | Mean fitness (Test): 70.43
Generation 3400 | Best fitness (Train): 95.65 | Best fitness in generation (Train): 96.70 | Mean fitness (Train): 98.62 | Mean fitness (Test): 71.28
Generation 3500 | Best fitness (Train): 95.02 | Best fitness in generation (Train): 96.15 | Mean fitness (Train): 97.67 | Mean fitness (Test): 71.60
Generation 3600 | Best fitness (Train): 92.98 | Best fitness in generation (Train): 93.94 | Mean fitness (Train): 95.80 | Mean fitness (Test): 70.94
Generation 3700 | Best fitness (Train): 92.93 | Best fitness in generation (Train): 93.51 | Mean fitness (Train): 95.55 | Mean fitness (Test): 71.71
Generation 3800 | Best fitness (Train): 92.02 | Best fitness in generation (Train): 92.02 | Mean fitness (Train): 94.09 | Mean fitness (Test): 71.20
Generation 3900 | Best fitness (Train): 90.94 | Best fitness in generation (Train): 92.48 | Mean fitness (Train): 94.21 | Mean fitness (Test): 72.35
Generation 4000 | Best fitness (Train): 90.94 | Best fitness in generation (Train): 91.94 | Mean fitness (Train): 93.31 | Mean fitness (Test): 72.38
running the experiment ... [../../results/BBOBProblem/sphere/PGPE_500_10000/4]
Generation 100 | Best fitness (Train): 115818.09 | Best fitness in generation (Train): 115818.09 | Mean fitness (Train): 116030.39 | Mean fitness (Test): 115731.05
Generation 200 | Best fitness (Train): 96798.53 | Best fitness in generation (Train): 96798.53 | Mean fitness (Train): 96954.31 | Mean fitness (Test): 96672.20
Generation 300 | Best fitness (Train): 79512.41 | Best fitness in generation (Train): 79512.41 | Mean fitness (Train): 79642.88 | Mean fitness (Test): 79378.15
Generation 400 | Best fitness (Train): 63890.23 | Best fitness in generation (Train): 63890.23 | Mean fitness (Train): 64056.74 | Mean fitness (Test): 63809.17
Generation 500 | Best fitness (Train): 50039.55 | Best fitness in generation (Train): 50039.55 | Mean fitness (Train): 50175.90 | Mean fitness (Test): 49947.90
Generation 600 | Best fitness (Train): 37853.60 | Best fitness in generation (Train): 37853.60 | Mean fitness (Train): 37991.14 | Mean fitness (Test): 37778.05
Generation 700 | Best fitness (Train): 27537.58 | Best fitness in generation (Train): 27537.58 | Mean fitness (Train): 27634.27 | Mean fitness (Test): 27442.66
Generation 800 | Best fitness (Train): 18900.51 | Best fitness in generation (Train): 18900.51 | Mean fitness (Train): 18981.31 | Mean fitness (Test): 18805.98
Generation 900 | Best fitness (Train): 11948.38 | Best fitness in generation (Train): 11948.38 | Mean fitness (Train): 12010.55 | Mean fitness (Test): 11851.96
Generation 1000 | Best fitness (Train): 6695.36 | Best fitness in generation (Train): 6695.36 | Mean fitness (Train): 6733.17 | Mean fitness (Test): 6591.24
Generation 1100 | Best fitness (Train): 3051.29 | Best fitness in generation (Train): 3051.29 | Mean fitness (Train): 3086.00 | Mean fitness (Test): 2960.89
Generation 1200 | Best fitness (Train): 974.11 | Best fitness in generation (Train): 974.11 | Mean fitness (Train): 993.44 | Mean fitness (Test): 884.95
Generation 1300 | Best fitness (Train): 246.03 | Best fitness in generation (Train): 246.03 | Mean fitness (Train): 252.44 | Mean fitness (Test): 157.55
Generation 1400 | Best fitness (Train): 147.46 | Best fitness in generation (Train): 147.46 | Mean fitness (Train): 152.65 | Mean fitness (Test): 65.06
Generation 1500 | Best fitness (Train): 133.27 | Best fitness in generation (Train): 133.46 | Mean fitness (Train): 137.15 | Mean fitness (Test): 55.45
Generation 1600 | Best fitness (Train): 125.77 | Best fitness in generation (Train): 126.26 | Mean fitness (Train): 129.73 | Mean fitness (Test): 53.79
Generation 1700 | Best fitness (Train): 121.79 | Best fitness in generation (Train): 121.89 | Mean fitness (Train): 125.65 | Mean fitness (Test): 54.74
Generation 1800 | Best fitness (Train): 118.05 | Best fitness in generation (Train): 119.85 | Mean fitness (Train): 122.75 | Mean fitness (Test): 56.68
Generation 1900 | Best fitness (Train): 116.76 | Best fitness in generation (Train): 118.19 | Mean fitness (Train): 120.89 | Mean fitness (Test): 59.04
Generation 2000 | Best fitness (Train): 114.57 | Best fitness in generation (Train): 115.29 | Mean fitness (Train): 117.94 | Mean fitness (Test): 60.03
Generation 2100 | Best fitness (Train): 112.14 | Best fitness in generation (Train): 113.22 | Mean fitness (Train): 116.31 | Mean fitness (Test): 61.95
Generation 2200 | Best fitness (Train): 111.45 | Best fitness in generation (Train): 111.67 | Mean fitness (Train): 115.16 | Mean fitness (Test): 64.01
Generation 2300 | Best fitness (Train): 110.07 | Best fitness in generation (Train): 110.11 | Mean fitness (Train): 113.04 | Mean fitness (Test): 64.86
Generation 2400 | Best fitness (Train): 108.38 | Best fitness in generation (Train): 108.62 | Mean fitness (Train): 111.47 | Mean fitness (Test): 65.98
Generation 2500 | Best fitness (Train): 106.57 | Best fitness in generation (Train): 106.86 | Mean fitness (Train): 109.33 | Mean fitness (Test): 66.35
Generation 2600 | Best fitness (Train): 104.77 | Best fitness in generation (Train): 105.11 | Mean fitness (Train): 108.18 | Mean fitness (Test): 67.66
Generation 2700 | Best fitness (Train): 103.42 | Best fitness in generation (Train): 104.61 | Mean fitness (Train): 106.93 | Mean fitness (Test): 68.47
Generation 2800 | Best fitness (Train): 102.59 | Best fitness in generation (Train): 103.43 | Mean fitness (Train): 105.90 | Mean fitness (Test): 69.45
Generation 2900 | Best fitness (Train): 101.26 | Best fitness in generation (Train): 102.19 | Mean fitness (Train): 104.59 | Mean fitness (Test): 69.84
Generation 3000 | Best fitness (Train): 99.83 | Best fitness in generation (Train): 101.04 | Mean fitness (Train): 103.07 | Mean fitness (Test): 70.17
Generation 3100 | Best fitness (Train): 98.77 | Best fitness in generation (Train): 98.77 | Mean fitness (Train): 101.56 | Mean fitness (Test): 70.18
Generation 3200 | Best fitness (Train): 97.74 | Best fitness in generation (Train): 97.74 | Mean fitness (Train): 100.28 | Mean fitness (Test): 70.37
Generation 3300 | Best fitness (Train): 96.76 | Best fitness in generation (Train): 97.14 | Mean fitness (Train): 99.00 | Mean fitness (Test): 70.42
Generation 3400 | Best fitness (Train): 95.35 | Best fitness in generation (Train): 95.70 | Mean fitness (Train): 97.75 | Mean fitness (Test): 70.52
Generation 3500 | Best fitness (Train): 94.48 | Best fitness in generation (Train): 94.84 | Mean fitness (Train): 96.60 | Mean fitness (Test): 70.65
Generation 3600 | Best fitness (Train): 93.19 | Best fitness in generation (Train): 93.95 | Mean fitness (Train): 96.29 | Mean fitness (Test): 71.46
Generation 3700 | Best fitness (Train): 92.88 | Best fitness in generation (Train): 92.88 | Mean fitness (Train): 94.94 | Mean fitness (Test): 71.17
Generation 3800 | Best fitness (Train): 92.03 | Best fitness in generation (Train): 92.56 | Mean fitness (Train): 94.17 | Mean fitness (Test): 71.39
Generation 3900 | Best fitness (Train): 90.94 | Best fitness in generation (Train): 91.55 | Mean fitness (Train): 93.31 | Mean fitness (Test): 71.60
Generation 4000 | Best fitness (Train): 90.62 | Best fitness in generation (Train): 91.31 | Mean fitness (Train): 92.78 | Mean fitness (Test): 71.93
Running ES algorithms:   0%|                                                                                                                                       | 0/7 [00:00<?, ?it/s][A
running the experiment ... [../../results/BBOBProblem/sphere/Open_ES_500_10000/0]
Generation 100 | Best fitness (Train): 125368.04 | Best fitness in generation (Train): 125368.04 | Mean fitness (Train): 125467.40 | Mean fitness (Test): 125343.09
Generation 200 | Best fitness (Train): 115672.79 | Best fitness in generation (Train): 115672.79 | Mean fitness (Train): 115769.12 | Mean fitness (Test): 115654.14
Generation 300 | Best fitness (Train): 106736.33 | Best fitness in generation (Train): 106736.33 | Mean fitness (Train): 106816.45 | Mean fitness (Test): 106711.16
Generation 400 | Best fitness (Train): 98451.96 | Best fitness in generation (Train): 98451.96 | Mean fitness (Train): 98539.51 | Mean fitness (Test): 98442.17
Generation 500 | Best fitness (Train): 90833.64 | Best fitness in generation (Train): 90833.64 | Mean fitness (Train): 90908.20 | Mean fitness (Test): 90818.85
Generation 600 | Best fitness (Train): 83852.95 | Best fitness in generation (Train): 83852.95 | Mean fitness (Train): 83916.16 | Mean fitness (Test): 83833.55
Generation 700 | Best fitness (Train): 77382.05 | Best fitness in generation (Train): 77382.05 | Mean fitness (Train): 77427.72 | Mean fitness (Test): 77353.30
Generation 800 | Best fitness (Train): 71419.32 | Best fitness in generation (Train): 71419.32 | Mean fitness (Train): 71481.98 | Mean fitness (Test): 71411.54
Generation 900 | Best fitness (Train): 65931.70 | Best fitness in generation (Train): 65931.70 | Mean fitness (Train): 65979.18 | Mean fitness (Test): 65914.13
Generation 1000 | Best fitness (Train): 60884.29 | Best fitness in generation (Train): 60884.29 | Mean fitness (Train): 60928.75 | Mean fitness (Test): 60869.18
Generation 1100 | Best fitness (Train): 56291.86 | Best fitness in generation (Train): 56291.86 | Mean fitness (Train): 56338.41 | Mean fitness (Test): 56284.27
Generation 1200 | Best fitness (Train): 52034.73 | Best fitness in generation (Train): 52034.73 | Mean fitness (Train): 52082.45 | Mean fitness (Test): 52032.45
Generation 1300 | Best fitness (Train): 48184.00 | Best fitness in generation (Train): 48184.00 | Mean fitness (Train): 48223.27 | Mean fitness (Test): 48176.90
Generation 1400 | Best fitness (Train): 44631.84 | Best fitness in generation (Train): 44631.84 | Mean fitness (Train): 44670.39 | Mean fitness (Test): 44628.75
Generation 1500 | Best fitness (Train): 41372.41 | Best fitness in generation (Train): 41372.41 | Mean fitness (Train): 41416.34 | Mean fitness (Test): 41377.73
Generation 1600 | Best fitness (Train): 38403.47 | Best fitness in generation (Train): 38403.47 | Mean fitness (Train): 38434.64 | Mean fitness (Test): 38399.66
Generation 1700 | Best fitness (Train): 35677.62 | Best fitness in generation (Train): 35677.62 | Mean fitness (Train): 35705.68 | Mean fitness (Test): 35672.99
Generation 1800 | Best fitness (Train): 33177.73 | Best fitness in generation (Train): 33177.73 | Mean fitness (Train): 33202.77 | Mean fitness (Test): 33173.01
Generation 1900 | Best fitness (Train): 30882.44 | Best fitness in generation (Train): 30882.44 | Mean fitness (Train): 30906.08 | Mean fitness (Test): 30878.69
Generation 2000 | Best fitness (Train): 28778.88 | Best fitness in generation (Train): 28778.88 | Mean fitness (Train): 28804.95 | Mean fitness (Test): 28779.67
Generation 2100 | Best fitness (Train): 26858.50 | Best fitness in generation (Train): 26858.50 | Mean fitness (Train): 26881.53 | Mean fitness (Test): 26858.50
Generation 2200 | Best fitness (Train): 25081.97 | Best fitness in generation (Train): 25081.97 | Mean fitness (Train): 25102.39 | Mean fitness (Test): 25080.92
Generation 2300 | Best fitness (Train): 23470.22 | Best fitness in generation (Train): 23470.22 | Mean fitness (Train): 23488.12 | Mean fitness (Test): 23468.78
Generation 2400 | Best fitness (Train): 21984.19 | Best fitness in generation (Train): 21984.19 | Mean fitness (Train): 21999.66 | Mean fitness (Test): 21981.56
Generation 2500 | Best fitness (Train): 20619.49 | Best fitness in generation (Train): 20619.49 | Mean fitness (Train): 20636.26 | Mean fitness (Test): 20619.87
Generation 2600 | Best fitness (Train): 19371.04 | Best fitness in generation (Train): 19371.04 | Mean fitness (Train): 19386.21 | Mean fitness (Test): 19371.01
Generation 2700 | Best fitness (Train): 18221.74 | Best fitness in generation (Train): 18221.74 | Mean fitness (Train): 18235.74 | Mean fitness (Test): 18221.90
Generation 2800 | Best fitness (Train): 17170.68 | Best fitness in generation (Train): 17170.68 | Mean fitness (Train): 17184.58 | Mean fitness (Test): 17171.98
Generation 2900 | Best fitness (Train): 16201.20 | Best fitness in generation (Train): 16201.20 | Mean fitness (Train): 16213.77 | Mean fitness (Test): 16202.12
Generation 3000 | Best fitness (Train): 15306.26 | Best fitness in generation (Train): 15306.26 | Mean fitness (Train): 15318.11 | Mean fitness (Test): 15307.28
Generation 3100 | Best fitness (Train): 14487.02 | Best fitness in generation (Train): 14487.02 | Mean fitness (Train): 14495.53 | Mean fitness (Test): 14485.52
Generation 3200 | Best fitness (Train): 13724.59 | Best fitness in generation (Train): 13724.59 | Mean fitness (Train): 13736.77 | Mean fitness (Test): 13727.65
Generation 3300 | Best fitness (Train): 13028.78 | Best fitness in generation (Train): 13028.78 | Mean fitness (Train): 13038.50 | Mean fitness (Test): 13029.98
Generation 3400 | Best fitness (Train): 12384.31 | Best fitness in generation (Train): 12384.31 | Mean fitness (Train): 12393.60 | Mean fitness (Test): 12385.88
Generation 3500 | Best fitness (Train): 11796.94 | Best fitness in generation (Train): 11796.94 | Mean fitness (Train): 11804.91 | Mean fitness (Test): 11797.67
Generation 3600 | Best fitness (Train): 11248.77 | Best fitness in generation (Train): 11248.77 | Mean fitness (Train): 11256.06 | Mean fitness (Test): 11249.36
Generation 3700 | Best fitness (Train): 10743.07 | Best fitness in generation (Train): 10743.07 | Mean fitness (Train): 10749.76 | Mean fitness (Test): 10743.65
Generation 3800 | Best fitness (Train): 10278.29 | Best fitness in generation (Train): 10278.29 | Mean fitness (Train): 10284.48 | Mean fitness (Test): 10278.83
Generation 3900 | Best fitness (Train): 9848.28 | Best fitness in generation (Train): 9848.28 | Mean fitness (Train): 9853.66 | Mean fitness (Test): 9848.37
Generation 4000 | Best fitness (Train): 9446.75 | Best fitness in generation (Train): 9446.75 | Mean fitness (Train): 9453.27 | Mean fitness (Test): 9448.42
running the experiment ... [../../results/BBOBProblem/sphere/Open_ES_500_10000/1]
Generation 100 | Best fitness (Train): 126740.10 | Best fitness in generation (Train): 126740.10 | Mean fitness (Train): 126821.40 | Mean fitness (Test): 126698.61
Generation 200 | Best fitness (Train): 116976.46 | Best fitness in generation (Train): 116976.46 | Mean fitness (Train): 117068.55 | Mean fitness (Test): 116954.67
Generation 300 | Best fitness (Train): 108001.39 | Best fitness in generation (Train): 108001.39 | Mean fitness (Train): 108079.93 | Mean fitness (Test): 107975.22
Generation 400 | Best fitness (Train): 99674.43 | Best fitness in generation (Train): 99674.43 | Mean fitness (Train): 99759.77 | Mean fitness (Test): 99661.02
Generation 500 | Best fitness (Train): 91968.04 | Best fitness in generation (Train): 91968.04 | Mean fitness (Train): 92048.41 | Mean fitness (Test): 91959.05
Generation 600 | Best fitness (Train): 84906.26 | Best fitness in generation (Train): 84906.26 | Mean fitness (Train): 84976.56 | Mean fitness (Test): 84893.64
Generation 700 | Best fitness (Train): 78422.56 | Best fitness in generation (Train): 78422.56 | Mean fitness (Train): 78470.41 | Mean fitness (Test): 78393.75
Generation 800 | Best fitness (Train): 72419.60 | Best fitness in generation (Train): 72419.60 | Mean fitness (Train): 72494.09 | Mean fitness (Test): 72423.34
Generation 900 | Best fitness (Train): 66951.66 | Best fitness in generation (Train): 66951.66 | Mean fitness (Train): 66995.32 | Mean fitness (Test): 66930.51
Generation 1000 | Best fitness (Train): 61891.62 | Best fitness in generation (Train): 61891.62 | Mean fitness (Train): 61938.36 | Mean fitness (Test): 61879.40
Generation 1100 | Best fitness (Train): 57259.56 | Best fitness in generation (Train): 57259.56 | Mean fitness (Train): 57302.28 | Mean fitness (Test): 57247.89
Generation 1200 | Best fitness (Train): 53000.83 | Best fitness in generation (Train): 53000.83 | Mean fitness (Train): 53048.87 | Mean fitness (Test): 52998.89
Generation 1300 | Best fitness (Train): 49121.21 | Best fitness in generation (Train): 49121.21 | Mean fitness (Train): 49157.95 | Mean fitness (Test): 49111.30
Generation 1400 | Best fitness (Train): 45502.00 | Best fitness in generation (Train): 45502.00 | Mean fitness (Train): 45533.52 | Mean fitness (Test): 45491.14
Generation 1500 | Best fitness (Train): 42191.74 | Best fitness in generation (Train): 42191.74 | Mean fitness (Train): 42229.10 | Mean fitness (Test): 42190.14
Generation 1600 | Best fitness (Train): 39183.56 | Best fitness in generation (Train): 39183.56 | Mean fitness (Train): 39217.25 | Mean fitness (Test): 39181.24
Generation 1700 | Best fitness (Train): 36411.32 | Best fitness in generation (Train): 36411.32 | Mean fitness (Train): 36446.21 | Mean fitness (Test): 36413.18
Generation 1800 | Best fitness (Train): 33866.18 | Best fitness in generation (Train): 33866.18 | Mean fitness (Train): 33896.23 | Mean fitness (Test): 33866.10
Generation 1900 | Best fitness (Train): 31552.78 | Best fitness in generation (Train): 31552.78 | Mean fitness (Train): 31576.13 | Mean fitness (Test): 31548.54
Generation 2000 | Best fitness (Train): 29423.05 | Best fitness in generation (Train): 29423.05 | Mean fitness (Train): 29452.40 | Mean fitness (Test): 29427.04
Generation 2100 | Best fitness (Train): 27471.54 | Best fitness in generation (Train): 27471.54 | Mean fitness (Train): 27496.10 | Mean fitness (Test): 27472.82
Generation 2200 | Best fitness (Train): 25695.41 | Best fitness in generation (Train): 25695.41 | Mean fitness (Train): 25716.14 | Mean fitness (Test): 25695.12
Generation 2300 | Best fitness (Train): 24049.32 | Best fitness in generation (Train): 24049.32 | Mean fitness (Train): 24067.83 | Mean fitness (Test): 24048.33
Generation 2400 | Best fitness (Train): 22545.12 | Best fitness in generation (Train): 22545.12 | Mean fitness (Train): 22561.29 | Mean fitness (Test): 22543.29
Generation 2500 | Best fitness (Train): 21144.34 | Best fitness in generation (Train): 21144.34 | Mean fitness (Train): 21166.13 | Mean fitness (Test): 21149.64
Generation 2600 | Best fitness (Train): 19885.47 | Best fitness in generation (Train): 19885.47 | Mean fitness (Train): 19902.56 | Mean fitness (Test): 19887.36
Generation 2700 | Best fitness (Train): 18723.48 | Best fitness in generation (Train): 18723.48 | Mean fitness (Train): 18738.30 | Mean fitness (Test): 18724.30
Generation 2800 | Best fitness (Train): 17651.28 | Best fitness in generation (Train): 17651.28 | Mean fitness (Train): 17666.14 | Mean fitness (Test): 17653.33
Generation 2900 | Best fitness (Train): 16661.23 | Best fitness in generation (Train): 16661.23 | Mean fitness (Train): 16673.64 | Mean fitness (Test): 16661.69
Generation 3000 | Best fitness (Train): 15749.40 | Best fitness in generation (Train): 15749.40 | Mean fitness (Train): 15759.66 | Mean fitness (Test): 15748.75
Generation 3100 | Best fitness (Train): 14919.02 | Best fitness in generation (Train): 14919.02 | Mean fitness (Train): 14927.38 | Mean fitness (Test): 14917.29
Generation 3200 | Best fitness (Train): 14151.21 | Best fitness in generation (Train): 14151.21 | Mean fitness (Train): 14159.24 | Mean fitness (Test): 14150.14
Generation 3300 | Best fitness (Train): 13444.19 | Best fitness in generation (Train): 13444.19 | Mean fitness (Train): 13452.10 | Mean fitness (Test): 13443.57
Generation 3400 | Best fitness (Train): 12792.45 | Best fitness in generation (Train): 12792.45 | Mean fitness (Train): 12801.01 | Mean fitness (Test): 12793.14
Generation 3500 | Best fitness (Train): 12191.21 | Best fitness in generation (Train): 12191.21 | Mean fitness (Train): 12199.38 | Mean fitness (Test): 12192.07
Generation 3600 | Best fitness (Train): 11636.60 | Best fitness in generation (Train): 11636.60 | Mean fitness (Train): 11644.09 | Mean fitness (Test): 11637.34
Generation 3700 | Best fitness (Train): 11117.35 | Best fitness in generation (Train): 11117.35 | Mean fitness (Train): 11127.11 | Mean fitness (Test): 11120.82
Generation 3800 | Best fitness (Train): 10645.22 | Best fitness in generation (Train): 10645.22 | Mean fitness (Train): 10651.67 | Mean fitness (Test): 10645.91
Generation 3900 | Best fitness (Train): 10205.05 | Best fitness in generation (Train): 10205.05 | Mean fitness (Train): 10211.35 | Mean fitness (Test): 10205.96
Generation 4000 | Best fitness (Train): 9798.45 | Best fitness in generation (Train): 9798.45 | Mean fitness (Train): 9803.97 | Mean fitness (Test): 9799.07
running the experiment ... [../../results/BBOBProblem/sphere/Open_ES_500_10000/2]
Generation 100 | Best fitness (Train): 128542.45 | Best fitness in generation (Train): 128542.45 | Mean fitness (Train): 128641.57 | Mean fitness (Test): 128516.41
Generation 200 | Best fitness (Train): 118753.16 | Best fitness in generation (Train): 118753.16 | Mean fitness (Train): 118846.73 | Mean fitness (Test): 118731.70
Generation 300 | Best fitness (Train): 109667.45 | Best fitness in generation (Train): 109667.45 | Mean fitness (Train): 109757.76 | Mean fitness (Test): 109650.80
Generation 400 | Best fitness (Train): 101203.36 | Best fitness in generation (Train): 101203.36 | Mean fitness (Train): 101291.99 | Mean fitness (Test): 101190.48
Generation 500 | Best fitness (Train): 93420.63 | Best fitness in generation (Train): 93420.63 | Mean fitness (Train): 93513.92 | Mean fitness (Test): 93423.27
Generation 600 | Best fitness (Train): 86312.38 | Best fitness in generation (Train): 86312.38 | Mean fitness (Train): 86381.30 | Mean fitness (Test): 86297.79
Generation 700 | Best fitness (Train): 79723.30 | Best fitness in generation (Train): 79723.30 | Mean fitness (Train): 79800.30 | Mean fitness (Test): 79723.42
Generation 800 | Best fitness (Train): 73693.53 | Best fitness in generation (Train): 73693.53 | Mean fitness (Train): 73743.33 | Mean fitness (Test): 73672.31
Generation 900 | Best fitness (Train): 68097.90 | Best fitness in generation (Train): 68097.90 | Mean fitness (Train): 68153.44 | Mean fitness (Test): 68088.28
Generation 1000 | Best fitness (Train): 63007.39 | Best fitness in generation (Train): 63007.39 | Mean fitness (Train): 63058.08 | Mean fitness (Test): 62997.50
Generation 1100 | Best fitness (Train): 58336.00 | Best fitness in generation (Train): 58336.00 | Mean fitness (Train): 58380.88 | Mean fitness (Test): 58324.94
Generation 1200 | Best fitness (Train): 54017.88 | Best fitness in generation (Train): 54017.88 | Mean fitness (Train): 54060.25 | Mean fitness (Test): 54009.21
Generation 1300 | Best fitness (Train): 50071.18 | Best fitness in generation (Train): 50071.18 | Mean fitness (Train): 50117.88 | Mean fitness (Test): 50070.68
Generation 1400 | Best fitness (Train): 46410.09 | Best fitness in generation (Train): 46410.09 | Mean fitness (Train): 46461.96 | Mean fitness (Test): 46418.84
Generation 1500 | Best fitness (Train): 43103.90 | Best fitness in generation (Train): 43103.90 | Mean fitness (Train): 43136.07 | Mean fitness (Test): 43096.36
Generation 1600 | Best fitness (Train): 40055.56 | Best fitness in generation (Train): 40055.56 | Mean fitness (Train): 40084.32 | Mean fitness (Test): 40048.63
Generation 1700 | Best fitness (Train): 37263.68 | Best fitness in generation (Train): 37263.68 | Mean fitness (Train): 37290.99 | Mean fitness (Test): 37258.20
Generation 1800 | Best fitness (Train): 34699.52 | Best fitness in generation (Train): 34699.52 | Mean fitness (Train): 34719.24 | Mean fitness (Test): 34689.11
Generation 1900 | Best fitness (Train): 32345.60 | Best fitness in generation (Train): 32345.60 | Mean fitness (Train): 32369.93 | Mean fitness (Test): 32341.85
Generation 2000 | Best fitness (Train): 30181.52 | Best fitness in generation (Train): 30181.52 | Mean fitness (Train): 30205.97 | Mean fitness (Test): 30179.74
Generation 2100 | Best fitness (Train): 28192.93 | Best fitness in generation (Train): 28192.93 | Mean fitness (Train): 28213.34 | Mean fitness (Test): 28189.73
Generation 2200 | Best fitness (Train): 26361.44 | Best fitness in generation (Train): 26361.44 | Mean fitness (Train): 26380.78 | Mean fitness (Test): 26358.90
Generation 2300 | Best fitness (Train): 24687.82 | Best fitness in generation (Train): 24687.82 | Mean fitness (Train): 24713.18 | Mean fitness (Test): 24693.34
Generation 2400 | Best fitness (Train): 23174.20 | Best fitness in generation (Train): 23174.20 | Mean fitness (Train): 23193.58 | Mean fitness (Test): 23175.50
Generation 2500 | Best fitness (Train): 21773.95 | Best fitness in generation (Train): 21773.95 | Mean fitness (Train): 21787.99 | Mean fitness (Test): 21771.51
Generation 2600 | Best fitness (Train): 20485.75 | Best fitness in generation (Train): 20485.75 | Mean fitness (Train): 20501.74 | Mean fitness (Test): 20486.43
Generation 2700 | Best fitness (Train): 19306.38 | Best fitness in generation (Train): 19306.38 | Mean fitness (Train): 19323.78 | Mean fitness (Test): 19309.59
Generation 2800 | Best fitness (Train): 18221.92 | Best fitness in generation (Train): 18221.92 | Mean fitness (Train): 18234.91 | Mean fitness (Test): 18221.84
Generation 2900 | Best fitness (Train): 17220.01 | Best fitness in generation (Train): 17220.01 | Mean fitness (Train): 17235.97 | Mean fitness (Test): 17223.75
Generation 3000 | Best fitness (Train): 16297.20 | Best fitness in generation (Train): 16297.20 | Mean fitness (Train): 16309.37 | Mean fitness (Test): 16298.33
Generation 3100 | Best fitness (Train): 15445.94 | Best fitness in generation (Train): 15445.94 | Mean fitness (Train): 15457.38 | Mean fitness (Test): 15447.17
Generation 3200 | Best fitness (Train): 14660.48 | Best fitness in generation (Train): 14660.48 | Mean fitness (Train): 14668.08 | Mean fitness (Test): 14658.54
Generation 3300 | Best fitness (Train): 13930.57 | Best fitness in generation (Train): 13930.57 | Mean fitness (Train): 13941.56 | Mean fitness (Test): 13932.86
Generation 3400 | Best fitness (Train): 13265.40 | Best fitness in generation (Train): 13265.40 | Mean fitness (Train): 13275.04 | Mean fitness (Test): 13266.98
Generation 3500 | Best fitness (Train): 12649.62 | Best fitness in generation (Train): 12649.62 | Mean fitness (Train): 12657.03 | Mean fitness (Test): 12649.67
Generation 3600 | Best fitness (Train): 12083.24 | Best fitness in generation (Train): 12083.24 | Mean fitness (Train): 12091.56 | Mean fitness (Test): 12084.80
Generation 3700 | Best fitness (Train): 11561.29 | Best fitness in generation (Train): 11561.29 | Mean fitness (Train): 11569.15 | Mean fitness (Test): 11562.79
Generation 3800 | Best fitness (Train): 11080.75 | Best fitness in generation (Train): 11080.75 | Mean fitness (Train): 11087.40 | Mean fitness (Test): 11081.62
Generation 3900 | Best fitness (Train): 10633.72 | Best fitness in generation (Train): 10633.72 | Mean fitness (Train): 10639.45 | Mean fitness (Test): 10634.12
Generation 4000 | Best fitness (Train): 10219.89 | Best fitness in generation (Train): 10219.89 | Mean fitness (Train): 10225.86 | Mean fitness (Test): 10220.91
running the experiment ... [../../results/BBOBProblem/sphere/Open_ES_500_10000/3]
Generation 100 | Best fitness (Train): 128193.88 | Best fitness in generation (Train): 128193.88 | Mean fitness (Train): 128298.77 | Mean fitness (Test): 128173.61
Generation 200 | Best fitness (Train): 118370.99 | Best fitness in generation (Train): 118370.99 | Mean fitness (Train): 118485.25 | Mean fitness (Test): 118369.35
Generation 300 | Best fitness (Train): 109379.89 | Best fitness in generation (Train): 109379.89 | Mean fitness (Train): 109459.83 | Mean fitness (Test): 109352.39
Generation 400 | Best fitness (Train): 101018.73 | Best fitness in generation (Train): 101018.73 | Mean fitness (Train): 101089.38 | Mean fitness (Test): 100989.53
Generation 500 | Best fitness (Train): 93277.87 | Best fitness in generation (Train): 93277.87 | Mean fitness (Train): 93346.12 | Mean fitness (Test): 93254.82
Generation 600 | Best fitness (Train): 86167.27 | Best fitness in generation (Train): 86167.27 | Mean fitness (Train): 86242.77 | Mean fitness (Test): 86160.20
Generation 700 | Best fitness (Train): 79636.65 | Best fitness in generation (Train): 79636.65 | Mean fitness (Train): 79700.66 | Mean fitness (Test): 79624.06
Generation 800 | Best fitness (Train): 73635.02 | Best fitness in generation (Train): 73635.02 | Mean fitness (Train): 73687.12 | Mean fitness (Test): 73616.71
Generation 900 | Best fitness (Train): 68094.69 | Best fitness in generation (Train): 68094.69 | Mean fitness (Train): 68152.09 | Mean fitness (Test): 68087.85
Generation 1000 | Best fitness (Train): 62956.72 | Best fitness in generation (Train): 62956.72 | Mean fitness (Train): 63008.07 | Mean fitness (Test): 62947.29
Generation 1100 | Best fitness (Train): 58237.45 | Best fitness in generation (Train): 58237.45 | Mean fitness (Train): 58285.30 | Mean fitness (Test): 58230.45
Generation 1200 | Best fitness (Train): 53958.68 | Best fitness in generation (Train): 53958.68 | Mean fitness (Train): 54010.17 | Mean fitness (Test): 53959.57
Generation 1300 | Best fitness (Train): 50001.47 | Best fitness in generation (Train): 50001.47 | Mean fitness (Train): 50049.85 | Mean fitness (Test): 50002.94
Generation 1400 | Best fitness (Train): 46387.14 | Best fitness in generation (Train): 46387.14 | Mean fitness (Train): 46428.65 | Mean fitness (Test): 46385.64
Generation 1500 | Best fitness (Train): 43081.92 | Best fitness in generation (Train): 43081.92 | Mean fitness (Train): 43113.39 | Mean fitness (Test): 43074.03
Generation 1600 | Best fitness (Train): 40028.46 | Best fitness in generation (Train): 40028.46 | Mean fitness (Train): 40053.98 | Mean fitness (Test): 40017.75
Generation 1700 | Best fitness (Train): 37231.19 | Best fitness in generation (Train): 37231.19 | Mean fitness (Train): 37257.67 | Mean fitness (Test): 37224.73
Generation 1800 | Best fitness (Train): 34668.74 | Best fitness in generation (Train): 34668.74 | Mean fitness (Train): 34694.65 | Mean fitness (Test): 34664.58
Generation 1900 | Best fitness (Train): 32306.09 | Best fitness in generation (Train): 32306.09 | Mean fitness (Train): 32333.83 | Mean fitness (Test): 32305.91
Generation 2000 | Best fitness (Train): 30170.24 | Best fitness in generation (Train): 30170.24 | Mean fitness (Train): 30190.73 | Mean fitness (Test): 30165.29
Generation 2100 | Best fitness (Train): 28186.98 | Best fitness in generation (Train): 28186.98 | Mean fitness (Train): 28208.21 | Mean fitness (Test): 28184.56
Generation 2200 | Best fitness (Train): 26369.68 | Best fitness in generation (Train): 26369.68 | Mean fitness (Train): 26388.18 | Mean fitness (Test): 26366.54
Generation 2300 | Best fitness (Train): 24709.06 | Best fitness in generation (Train): 24709.06 | Mean fitness (Train): 24724.92 | Mean fitness (Test): 24704.94
Generation 2400 | Best fitness (Train): 23180.53 | Best fitness in generation (Train): 23180.53 | Mean fitness (Train): 23205.22 | Mean fitness (Test): 23187.21
Generation 2500 | Best fitness (Train): 21789.06 | Best fitness in generation (Train): 21789.06 | Mean fitness (Train): 21809.35 | Mean fitness (Test): 21792.54
Generation 2600 | Best fitness (Train): 20504.28 | Best fitness in generation (Train): 20504.28 | Mean fitness (Train): 20521.78 | Mean fitness (Test): 20506.20
Generation 2700 | Best fitness (Train): 19317.13 | Best fitness in generation (Train): 19317.13 | Mean fitness (Train): 19331.63 | Mean fitness (Test): 19317.40
Generation 2800 | Best fitness (Train): 18226.40 | Best fitness in generation (Train): 18226.40 | Mean fitness (Train): 18239.57 | Mean fitness (Test): 18226.44
Generation 2900 | Best fitness (Train): 17220.03 | Best fitness in generation (Train): 17220.03 | Mean fitness (Train): 17232.58 | Mean fitness (Test): 17220.48
Generation 3000 | Best fitness (Train): 16295.30 | Best fitness in generation (Train): 16295.30 | Mean fitness (Train): 16304.98 | Mean fitness (Test): 16293.88
Generation 3100 | Best fitness (Train): 15449.14 | Best fitness in generation (Train): 15449.14 | Mean fitness (Train): 15459.45 | Mean fitness (Test): 15449.33
Generation 3200 | Best fitness (Train): 14667.43 | Best fitness in generation (Train): 14667.43 | Mean fitness (Train): 14676.73 | Mean fitness (Test): 14667.29
Generation 3300 | Best fitness (Train): 13943.36 | Best fitness in generation (Train): 13943.36 | Mean fitness (Train): 13952.20 | Mean fitness (Test): 13943.45
Generation 3400 | Best fitness (Train): 13280.51 | Best fitness in generation (Train): 13280.51 | Mean fitness (Train): 13288.69 | Mean fitness (Test): 13280.74
Generation 3500 | Best fitness (Train): 12659.10 | Best fitness in generation (Train): 12659.10 | Mean fitness (Train): 12667.38 | Mean fitness (Test): 12660.02
Generation 3600 | Best fitness (Train): 12090.38 | Best fitness in generation (Train): 12090.38 | Mean fitness (Train): 12099.42 | Mean fitness (Test): 12092.58
Generation 3700 | Best fitness (Train): 11560.96 | Best fitness in generation (Train): 11560.96 | Mean fitness (Train): 11568.79 | Mean fitness (Test): 11562.45
Generation 3800 | Best fitness (Train): 11077.80 | Best fitness in generation (Train): 11077.80 | Mean fitness (Train): 11085.25 | Mean fitness (Test): 11079.39
Generation 3900 | Best fitness (Train): 10634.39 | Best fitness in generation (Train): 10634.39 | Mean fitness (Train): 10640.02 | Mean fitness (Test): 10634.64
Generation 4000 | Best fitness (Train): 10221.06 | Best fitness in generation (Train): 10221.06 | Mean fitness (Train): 10227.24 | Mean fitness (Test): 10222.25
running the experiment ... [../../results/BBOBProblem/sphere/Open_ES_500_10000/4]
Generation 100 | Best fitness (Train): 126024.18 | Best fitness in generation (Train): 126024.18 | Mean fitness (Train): 126131.76 | Mean fitness (Test): 126007.77
Generation 200 | Best fitness (Train): 116349.22 | Best fitness in generation (Train): 116349.22 | Mean fitness (Train): 116426.90 | Mean fitness (Test): 116312.10
Generation 300 | Best fitness (Train): 107400.32 | Best fitness in generation (Train): 107400.32 | Mean fitness (Train): 107469.19 | Mean fitness (Test): 107363.05
Generation 400 | Best fitness (Train): 99102.08 | Best fitness in generation (Train): 99102.08 | Mean fitness (Train): 99190.68 | Mean fitness (Test): 99092.48
Generation 500 | Best fitness (Train): 91460.59 | Best fitness in generation (Train): 91460.59 | Mean fitness (Train): 91535.95 | Mean fitness (Test): 91446.30
Generation 600 | Best fitness (Train): 84370.02 | Best fitness in generation (Train): 84370.02 | Mean fitness (Train): 84453.30 | Mean fitness (Test): 84369.16
Generation 700 | Best fitness (Train): 77917.58 | Best fitness in generation (Train): 77917.58 | Mean fitness (Train): 77980.49 | Mean fitness (Test): 77905.39
Generation 800 | Best fitness (Train): 71962.52 | Best fitness in generation (Train): 71962.52 | Mean fitness (Train): 72021.83 | Mean fitness (Test): 71951.98
Generation 900 | Best fitness (Train): 66472.91 | Best fitness in generation (Train): 66472.91 | Mean fitness (Train): 66521.19 | Mean fitness (Test): 66456.10
Generation 1000 | Best fitness (Train): 61431.54 | Best fitness in generation (Train): 61431.54 | Mean fitness (Train): 61472.36 | Mean fitness (Test): 61412.71
Generation 1100 | Best fitness (Train): 56789.93 | Best fitness in generation (Train): 56789.93 | Mean fitness (Train): 56835.04 | Mean fitness (Test): 56780.06
Generation 1200 | Best fitness (Train): 52506.08 | Best fitness in generation (Train): 52506.08 | Mean fitness (Train): 52553.95 | Mean fitness (Test): 52503.47
Generation 1300 | Best fitness (Train): 48643.17 | Best fitness in generation (Train): 48643.17 | Mean fitness (Train): 48674.96 | Mean fitness (Test): 48629.17
Generation 1400 | Best fitness (Train): 45070.16 | Best fitness in generation (Train): 45070.16 | Mean fitness (Train): 45104.66 | Mean fitness (Test): 45062.21
Generation 1500 | Best fitness (Train): 41782.05 | Best fitness in generation (Train): 41782.05 | Mean fitness (Train): 41818.64 | Mean fitness (Test): 41779.75
Generation 1600 | Best fitness (Train): 38806.19 | Best fitness in generation (Train): 38806.19 | Mean fitness (Train): 38833.05 | Mean fitness (Test): 38798.04
Generation 1700 | Best fitness (Train): 36057.20 | Best fitness in generation (Train): 36057.20 | Mean fitness (Train): 36087.36 | Mean fitness (Test): 36054.77
Generation 1800 | Best fitness (Train): 33538.38 | Best fitness in generation (Train): 33538.38 | Mean fitness (Train): 33562.59 | Mean fitness (Test): 33532.54
Generation 1900 | Best fitness (Train): 31213.43 | Best fitness in generation (Train): 31213.43 | Mean fitness (Train): 31236.03 | Mean fitness (Test): 31208.65
Generation 2000 | Best fitness (Train): 29091.82 | Best fitness in generation (Train): 29091.82 | Mean fitness (Train): 29119.48 | Mean fitness (Test): 29094.43
Generation 2100 | Best fitness (Train): 27159.78 | Best fitness in generation (Train): 27159.78 | Mean fitness (Train): 27178.11 | Mean fitness (Test): 27155.21
Generation 2200 | Best fitness (Train): 25376.64 | Best fitness in generation (Train): 25376.64 | Mean fitness (Train): 25396.95 | Mean fitness (Test): 25375.74
Generation 2300 | Best fitness (Train): 23739.59 | Best fitness in generation (Train): 23739.59 | Mean fitness (Train): 23758.42 | Mean fitness (Test): 23738.71
Generation 2400 | Best fitness (Train): 22248.53 | Best fitness in generation (Train): 22248.53 | Mean fitness (Train): 22267.79 | Mean fitness (Test): 22249.78
Generation 2500 | Best fitness (Train): 20882.37 | Best fitness in generation (Train): 20882.37 | Mean fitness (Train): 20895.86 | Mean fitness (Test): 20879.54
Generation 2600 | Best fitness (Train): 19622.99 | Best fitness in generation (Train): 19622.99 | Mean fitness (Train): 19636.93 | Mean fitness (Test): 19621.90
Generation 2700 | Best fitness (Train): 18468.63 | Best fitness in generation (Train): 18468.63 | Mean fitness (Train): 18483.46 | Mean fitness (Test): 18469.45
Generation 2800 | Best fitness (Train): 17404.18 | Best fitness in generation (Train): 17404.18 | Mean fitness (Train): 17419.65 | Mean fitness (Test): 17406.88
Generation 2900 | Best fitness (Train): 16436.65 | Best fitness in generation (Train): 16436.65 | Mean fitness (Train): 16447.69 | Mean fitness (Test): 16435.98
Generation 3000 | Best fitness (Train): 15525.53 | Best fitness in generation (Train): 15525.53 | Mean fitness (Train): 15538.41 | Mean fitness (Test): 15527.56
Generation 3100 | Best fitness (Train): 14700.02 | Best fitness in generation (Train): 14700.02 | Mean fitness (Train): 14711.25 | Mean fitness (Test): 14701.25
Generation 3200 | Best fitness (Train): 13933.03 | Best fitness in generation (Train): 13933.03 | Mean fitness (Train): 13943.55 | Mean fitness (Test): 13934.30
Generation 3300 | Best fitness (Train): 13229.31 | Best fitness in generation (Train): 13229.31 | Mean fitness (Train): 13237.85 | Mean fitness (Test): 13229.34
Generation 3400 | Best fitness (Train): 12582.50 | Best fitness in generation (Train): 12582.50 | Mean fitness (Train): 12593.90 | Mean fitness (Test): 12585.98
Generation 3500 | Best fitness (Train): 11991.12 | Best fitness in generation (Train): 11991.12 | Mean fitness (Train): 11997.54 | Mean fitness (Test): 11990.31
Generation 3600 | Best fitness (Train): 11443.85 | Best fitness in generation (Train): 11443.85 | Mean fitness (Train): 11451.09 | Mean fitness (Test): 11444.47
Generation 3700 | Best fitness (Train): 10935.69 | Best fitness in generation (Train): 10935.69 | Mean fitness (Train): 10942.39 | Mean fitness (Test): 10936.17
Generation 3800 | Best fitness (Train): 10461.64 | Best fitness in generation (Train): 10461.64 | Mean fitness (Train): 10468.61 | Mean fitness (Test): 10462.92
Generation 3900 | Best fitness (Train): 10029.06 | Best fitness in generation (Train): 10029.06 | Mean fitness (Train): 10033.88 | Mean fitness (Test): 10028.67
Generation 4000 | Best fitness (Train): 9629.00 | Best fitness in generation (Train): 9629.00 | Mean fitness (Train): 9635.31 | Mean fitness (Test): 9630.45
Running ES algorithms:  14%|██████████████████▏                                                                                                            | 1/7 [00:29<02:56, 29.42s/it][A
running the experiment ... [../../results/BBOBProblem/sphere/SNES_500_10000/0]
Generation 100 | Best fitness (Train): 125851.16 | Best fitness in generation (Train): 125851.16 | Mean fitness (Train): 126054.06 | Mean fitness (Test): 125859.65
Generation 200 | Best fitness (Train): 116346.35 | Best fitness in generation (Train): 116346.35 | Mean fitness (Train): 116551.01 | Mean fitness (Test): 116360.35
Generation 300 | Best fitness (Train): 107307.23 | Best fitness in generation (Train): 107307.23 | Mean fitness (Train): 107471.50 | Mean fitness (Test): 107288.48
Generation 400 | Best fitness (Train): 98549.15 | Best fitness in generation (Train): 98549.15 | Mean fitness (Train): 98758.27 | Mean fitness (Test): 98574.87
Generation 500 | Best fitness (Train): 90246.36 | Best fitness in generation (Train): 90246.36 | Mean fitness (Train): 90421.79 | Mean fitness (Test): 90244.09
Generation 600 | Best fitness (Train): 82285.97 | Best fitness in generation (Train): 82285.97 | Mean fitness (Train): 82464.12 | Mean fitness (Test): 82286.05
Generation 700 | Best fitness (Train): 74683.10 | Best fitness in generation (Train): 74683.10 | Mean fitness (Train): 74842.32 | Mean fitness (Test): 74671.65
Generation 800 | Best fitness (Train): 67448.80 | Best fitness in generation (Train): 67448.80 | Mean fitness (Train): 67610.38 | Mean fitness (Test): 67433.21
Generation 900 | Best fitness (Train): 60597.16 | Best fitness in generation (Train): 60597.16 | Mean fitness (Train): 60734.35 | Mean fitness (Test): 60574.08
Generation 1000 | Best fitness (Train): 54090.19 | Best fitness in generation (Train): 54090.19 | Mean fitness (Train): 54238.43 | Mean fitness (Test): 54073.14
Generation 1100 | Best fitness (Train): 47995.46 | Best fitness in generation (Train): 47995.46 | Mean fitness (Train): 48163.40 | Mean fitness (Test): 47998.54
Generation 1200 | Best fitness (Train): 42257.64 | Best fitness in generation (Train): 42257.64 | Mean fitness (Train): 42400.29 | Mean fitness (Test): 42244.31
Generation 1300 | Best fitness (Train): 36920.53 | Best fitness in generation (Train): 36920.53 | Mean fitness (Train): 37028.39 | Mean fitness (Test): 36877.45
Generation 1400 | Best fitness (Train): 31942.00 | Best fitness in generation (Train): 31942.00 | Mean fitness (Train): 32054.51 | Mean fitness (Test): 31903.41
Generation 1500 | Best fitness (Train): 27334.81 | Best fitness in generation (Train): 27334.81 | Mean fitness (Train): 27425.79 | Mean fitness (Test): 27282.22
Generation 1600 | Best fitness (Train): 23086.04 | Best fitness in generation (Train): 23086.04 | Mean fitness (Train): 23174.74 | Mean fitness (Test): 23036.43
Generation 1700 | Best fitness (Train): 19256.31 | Best fitness in generation (Train): 19256.31 | Mean fitness (Train): 19330.63 | Mean fitness (Test): 19197.56
Generation 1800 | Best fitness (Train): 15755.28 | Best fitness in generation (Train): 15755.28 | Mean fitness (Train): 15835.04 | Mean fitness (Test): 15704.14
Generation 1900 | Best fitness (Train): 12617.96 | Best fitness in generation (Train): 12617.96 | Mean fitness (Train): 12678.64 | Mean fitness (Test): 12551.45
Generation 2000 | Best fitness (Train): 9823.34 | Best fitness in generation (Train): 9823.34 | Mean fitness (Train): 9884.42 | Mean fitness (Test): 9758.86
Generation 2100 | Best fitness (Train): 7426.62 | Best fitness in generation (Train): 7426.62 | Mean fitness (Train): 7475.62 | Mean fitness (Test): 7356.09
Generation 2200 | Best fitness (Train): 5376.01 | Best fitness in generation (Train): 5376.01 | Mean fitness (Train): 5411.51 | Mean fitness (Test): 5295.51
Generation 2300 | Best fitness (Train): 3672.50 | Best fitness in generation (Train): 3672.50 | Mean fitness (Train): 3708.65 | Mean fitness (Test): 3597.15
Generation 2400 | Best fitness (Train): 2333.37 | Best fitness in generation (Train): 2333.37 | Mean fitness (Train): 2357.74 | Mean fitness (Test): 2250.29
Generation 2500 | Best fitness (Train): 1330.80 | Best fitness in generation (Train): 1330.80 | Mean fitness (Train): 1350.88 | Mean fitness (Test): 1247.06
Generation 2600 | Best fitness (Train): 658.75 | Best fitness in generation (Train): 658.75 | Mean fitness (Train): 672.28 | Mean fitness (Test): 572.48
Generation 2700 | Best fitness (Train): 289.12 | Best fitness in generation (Train): 289.12 | Mean fitness (Train): 299.01 | Mean fitness (Test): 203.74
Generation 2800 | Best fitness (Train): 164.88 | Best fitness in generation (Train): 164.89 | Mean fitness (Train): 169.69 | Mean fitness (Test): 78.77
Generation 2900 | Best fitness (Train): 143.37 | Best fitness in generation (Train): 143.98 | Mean fitness (Train): 148.47 | Mean fitness (Test): 61.43
Generation 3000 | Best fitness (Train): 138.26 | Best fitness in generation (Train): 139.24 | Mean fitness (Train): 142.69 | Mean fitness (Test): 59.33
Generation 3100 | Best fitness (Train): 133.40 | Best fitness in generation (Train): 134.46 | Mean fitness (Train): 138.36 | Mean fitness (Test): 58.13
Generation 3200 | Best fitness (Train): 130.18 | Best fitness in generation (Train): 131.22 | Mean fitness (Train): 134.78 | Mean fitness (Test): 57.79
Generation 3300 | Best fitness (Train): 127.10 | Best fitness in generation (Train): 128.32 | Mean fitness (Train): 131.38 | Mean fitness (Test): 57.34
Generation 3400 | Best fitness (Train): 123.84 | Best fitness in generation (Train): 124.53 | Mean fitness (Train): 127.55 | Mean fitness (Test): 56.62
Generation 3500 | Best fitness (Train): 120.59 | Best fitness in generation (Train): 121.11 | Mean fitness (Train): 124.36 | Mean fitness (Test): 56.23
Generation 3600 | Best fitness (Train): 117.50 | Best fitness in generation (Train): 117.82 | Mean fitness (Train): 121.51 | Mean fitness (Test): 56.08
Generation 3700 | Best fitness (Train): 114.80 | Best fitness in generation (Train): 115.04 | Mean fitness (Train): 117.96 | Mean fitness (Test): 55.26
Generation 3800 | Best fitness (Train): 111.88 | Best fitness in generation (Train): 112.54 | Mean fitness (Train): 115.34 | Mean fitness (Test): 54.92
Generation 3900 | Best fitness (Train): 109.21 | Best fitness in generation (Train): 109.93 | Mean fitness (Train): 112.59 | Mean fitness (Test): 54.61
Generation 4000 | Best fitness (Train): 106.26 | Best fitness in generation (Train): 107.20 | Mean fitness (Train): 109.76 | Mean fitness (Test): 54.16
running the experiment ... [../../results/BBOBProblem/sphere/SNES_500_10000/1]
Generation 100 | Best fitness (Train): 127299.80 | Best fitness in generation (Train): 127299.80 | Mean fitness (Train): 127473.95 | Mean fitness (Test): 127275.12
Generation 200 | Best fitness (Train): 117777.51 | Best fitness in generation (Train): 117777.51 | Mean fitness (Train): 117959.64 | Mean fitness (Test): 117774.69
Generation 300 | Best fitness (Train): 108683.73 | Best fitness in generation (Train): 108683.73 | Mean fitness (Train): 108856.85 | Mean fitness (Test): 108671.21
Generation 400 | Best fitness (Train): 99871.31 | Best fitness in generation (Train): 99871.31 | Mean fitness (Train): 100065.45 | Mean fitness (Test): 99881.66
Generation 500 | Best fitness (Train): 91459.60 | Best fitness in generation (Train): 91459.60 | Mean fitness (Train): 91635.71 | Mean fitness (Test): 91457.91
Generation 600 | Best fitness (Train): 83462.05 | Best fitness in generation (Train): 83462.05 | Mean fitness (Train): 83630.01 | Mean fitness (Test): 83454.08
Generation 700 | Best fitness (Train): 75792.34 | Best fitness in generation (Train): 75792.34 | Mean fitness (Train): 75959.52 | Mean fitness (Test): 75783.35
Generation 800 | Best fitness (Train): 68528.38 | Best fitness in generation (Train): 68528.38 | Mean fitness (Train): 68676.38 | Mean fitness (Test): 68508.98
Generation 900 | Best fitness (Train): 61613.28 | Best fitness in generation (Train): 61613.28 | Mean fitness (Train): 61789.23 | Mean fitness (Test): 61624.80
Generation 1000 | Best fitness (Train): 55111.01 | Best fitness in generation (Train): 55111.01 | Mean fitness (Train): 55271.18 | Mean fitness (Test): 55111.41
Generation 1100 | Best fitness (Train): 48954.23 | Best fitness in generation (Train): 48954.23 | Mean fitness (Train): 49077.77 | Mean fitness (Test): 48918.96
Generation 1200 | Best fitness (Train): 43162.20 | Best fitness in generation (Train): 43162.20 | Mean fitness (Train): 43270.19 | Mean fitness (Test): 43117.28
Generation 1300 | Best fitness (Train): 37747.41 | Best fitness in generation (Train): 37747.41 | Mean fitness (Train): 37857.37 | Mean fitness (Test): 37707.65
Generation 1400 | Best fitness (Train): 32687.52 | Best fitness in generation (Train): 32687.52 | Mean fitness (Train): 32794.63 | Mean fitness (Test): 32644.04
Generation 1500 | Best fitness (Train): 28006.76 | Best fitness in generation (Train): 28006.76 | Mean fitness (Train): 28101.93 | Mean fitness (Test): 27959.40
Generation 1600 | Best fitness (Train): 23723.01 | Best fitness in generation (Train): 23723.01 | Mean fitness (Train): 23811.38 | Mean fitness (Test): 23669.19
Generation 1700 | Best fitness (Train): 19781.30 | Best fitness in generation (Train): 19781.30 | Mean fitness (Train): 19874.36 | Mean fitness (Test): 19738.99
Generation 1800 | Best fitness (Train): 16205.87 | Best fitness in generation (Train): 16205.87 | Mean fitness (Train): 16293.85 | Mean fitness (Test): 16159.66
Generation 1900 | Best fitness (Train): 13042.45 | Best fitness in generation (Train): 13042.45 | Mean fitness (Train): 13103.07 | Mean fitness (Test): 12973.23
Generation 2000 | Best fitness (Train): 10237.02 | Best fitness in generation (Train): 10237.02 | Mean fitness (Train): 10290.53 | Mean fitness (Test): 10164.92
Generation 2100 | Best fitness (Train): 7774.54 | Best fitness in generation (Train): 7774.54 | Mean fitness (Train): 7828.82 | Mean fitness (Test): 7709.86
Generation 2200 | Best fitness (Train): 5671.87 | Best fitness in generation (Train): 5671.87 | Mean fitness (Train): 5723.84 | Mean fitness (Test): 5605.75
Generation 2300 | Best fitness (Train): 3916.03 | Best fitness in generation (Train): 3916.03 | Mean fitness (Train): 3954.72 | Mean fitness (Test): 3842.51
Generation 2400 | Best fitness (Train): 2526.52 | Best fitness in generation (Train): 2526.52 | Mean fitness (Train): 2557.15 | Mean fitness (Test): 2447.44
Generation 2500 | Best fitness (Train): 1465.13 | Best fitness in generation (Train): 1465.13 | Mean fitness (Train): 1489.49 | Mean fitness (Test): 1384.89
Generation 2600 | Best fitness (Train): 745.12 | Best fitness in generation (Train): 745.12 | Mean fitness (Train): 758.87 | Mean fitness (Test): 658.30
Generation 2700 | Best fitness (Train): 330.73 | Best fitness in generation (Train): 330.73 | Mean fitness (Train): 339.65 | Mean fitness (Test): 243.85
Generation 2800 | Best fitness (Train): 174.24 | Best fitness in generation (Train): 174.24 | Mean fitness (Train): 179.44 | Mean fitness (Test): 88.06
Generation 2900 | Best fitness (Train): 144.80 | Best fitness in generation (Train): 145.00 | Mean fitness (Train): 149.25 | Mean fitness (Test): 61.95
Generation 3000 | Best fitness (Train): 137.78 | Best fitness in generation (Train): 139.39 | Mean fitness (Train): 143.00 | Mean fitness (Test): 59.15
Generation 3100 | Best fitness (Train): 134.55 | Best fitness in generation (Train): 135.38 | Mean fitness (Train): 138.98 | Mean fitness (Test): 58.48
Generation 3200 | Best fitness (Train): 130.41 | Best fitness in generation (Train): 131.66 | Mean fitness (Train): 135.26 | Mean fitness (Test): 57.88
Generation 3300 | Best fitness (Train): 127.19 | Best fitness in generation (Train): 127.99 | Mean fitness (Train): 131.83 | Mean fitness (Test): 57.48
Generation 3400 | Best fitness (Train): 124.09 | Best fitness in generation (Train): 125.21 | Mean fitness (Train): 128.36 | Mean fitness (Test): 57.01
Generation 3500 | Best fitness (Train): 121.42 | Best fitness in generation (Train): 121.42 | Mean fitness (Train): 125.02 | Mean fitness (Test): 56.51
Generation 3600 | Best fitness (Train): 117.69 | Best fitness in generation (Train): 118.75 | Mean fitness (Train): 121.91 | Mean fitness (Test): 56.02
Generation 3700 | Best fitness (Train): 114.87 | Best fitness in generation (Train): 115.26 | Mean fitness (Train): 118.86 | Mean fitness (Test): 55.51
Generation 3800 | Best fitness (Train): 112.27 | Best fitness in generation (Train): 112.67 | Mean fitness (Train): 115.74 | Mean fitness (Test): 55.04
Generation 3900 | Best fitness (Train): 109.39 | Best fitness in generation (Train): 110.19 | Mean fitness (Train): 112.88 | Mean fitness (Test): 54.59
Generation 4000 | Best fitness (Train): 106.69 | Best fitness in generation (Train): 107.55 | Mean fitness (Train): 109.95 | Mean fitness (Test): 53.93
running the experiment ... [../../results/BBOBProblem/sphere/SNES_500_10000/2]
Generation 100 | Best fitness (Train): 129095.38 | Best fitness in generation (Train): 129095.38 | Mean fitness (Train): 129298.33 | Mean fitness (Test): 129102.25
Generation 200 | Best fitness (Train): 119581.27 | Best fitness in generation (Train): 119581.27 | Mean fitness (Train): 119769.66 | Mean fitness (Test): 119571.20
Generation 300 | Best fitness (Train): 110389.95 | Best fitness in generation (Train): 110389.95 | Mean fitness (Train): 110608.68 | Mean fitness (Test): 110415.62
Generation 400 | Best fitness (Train): 101484.98 | Best fitness in generation (Train): 101484.98 | Mean fitness (Train): 101682.48 | Mean fitness (Test): 101488.97
Generation 500 | Best fitness (Train): 92970.04 | Best fitness in generation (Train): 92970.04 | Mean fitness (Train): 93196.43 | Mean fitness (Test): 93015.12
Generation 600 | Best fitness (Train): 84877.68 | Best fitness in generation (Train): 84877.68 | Mean fitness (Train): 85084.12 | Mean fitness (Test): 84905.64
Generation 700 | Best fitness (Train): 77139.91 | Best fitness in generation (Train): 77139.91 | Mean fitness (Train): 77342.90 | Mean fitness (Test): 77163.79
Generation 800 | Best fitness (Train): 69826.56 | Best fitness in generation (Train): 69833.57 | Mean fitness (Train): 69971.05 | Mean fitness (Test): 69798.52
Generation 900 | Best fitness (Train): 62816.21 | Best fitness in generation (Train): 62816.21 | Mean fitness (Train): 62985.37 | Mean fitness (Test): 62812.63
Generation 1000 | Best fitness (Train): 56204.85 | Best fitness in generation (Train): 56204.85 | Mean fitness (Train): 56354.53 | Mean fitness (Test): 56192.84
Generation 1100 | Best fitness (Train): 49990.98 | Best fitness in generation (Train): 49990.98 | Mean fitness (Train): 50138.36 | Mean fitness (Test): 49978.56
Generation 1200 | Best fitness (Train): 44163.06 | Best fitness in generation (Train): 44163.06 | Mean fitness (Train): 44285.38 | Mean fitness (Test): 44128.86
Generation 1300 | Best fitness (Train): 38695.62 | Best fitness in generation (Train): 38695.62 | Mean fitness (Train): 38810.45 | Mean fitness (Test): 38663.22
Generation 1400 | Best fitness (Train): 33559.23 | Best fitness in generation (Train): 33559.23 | Mean fitness (Train): 33702.00 | Mean fitness (Test): 33555.32
Generation 1500 | Best fitness (Train): 28863.36 | Best fitness in generation (Train): 28863.36 | Mean fitness (Train): 28962.85 | Mean fitness (Test): 28817.59
Generation 1600 | Best fitness (Train): 24525.57 | Best fitness in generation (Train): 24525.57 | Mean fitness (Train): 24617.46 | Mean fitness (Test): 24475.31
Generation 1700 | Best fitness (Train): 20540.79 | Best fitness in generation (Train): 20540.79 | Mean fitness (Train): 20630.43 | Mean fitness (Test): 20496.07
Generation 1800 | Best fitness (Train): 16924.16 | Best fitness in generation (Train): 16924.16 | Mean fitness (Train): 16996.62 | Mean fitness (Test): 16865.86
Generation 1900 | Best fitness (Train): 13653.73 | Best fitness in generation (Train): 13653.73 | Mean fitness (Train): 13715.20 | Mean fitness (Test): 13586.59
Generation 2000 | Best fitness (Train): 10738.74 | Best fitness in generation (Train): 10738.74 | Mean fitness (Train): 10798.91 | Mean fitness (Test): 10672.82
Generation 2100 | Best fitness (Train): 8200.49 | Best fitness in generation (Train): 8200.49 | Mean fitness (Train): 8255.66 | Mean fitness (Test): 8133.78
Generation 2200 | Best fitness (Train): 6003.63 | Best fitness in generation (Train): 6003.63 | Mean fitness (Train): 6063.69 | Mean fitness (Test): 5946.44
Generation 2300 | Best fitness (Train): 4208.83 | Best fitness in generation (Train): 4208.83 | Mean fitness (Train): 4251.74 | Mean fitness (Test): 4138.68
Generation 2400 | Best fitness (Train): 2757.63 | Best fitness in generation (Train): 2757.63 | Mean fitness (Train): 2785.46 | Mean fitness (Test): 2675.83
Generation 2500 | Best fitness (Train): 1641.40 | Best fitness in generation (Train): 1641.40 | Mean fitness (Train): 1661.97 | Mean fitness (Test): 1556.76
Generation 2600 | Best fitness (Train): 857.46 | Best fitness in generation (Train): 857.46 | Mean fitness (Train): 870.74 | Mean fitness (Test): 769.30
Generation 2700 | Best fitness (Train): 388.01 | Best fitness in generation (Train): 388.01 | Mean fitness (Train): 397.57 | Mean fitness (Test): 300.74
Generation 2800 | Best fitness (Train): 188.14 | Best fitness in generation (Train): 188.14 | Mean fitness (Train): 194.34 | Mean fitness (Test): 101.98
Generation 2900 | Best fitness (Train): 146.91 | Best fitness in generation (Train): 146.97 | Mean fitness (Train): 151.43 | Mean fitness (Test): 63.23
Generation 3000 | Best fitness (Train): 139.62 | Best fitness in generation (Train): 140.14 | Mean fitness (Train): 144.20 | Mean fitness (Test): 59.34
Generation 3100 | Best fitness (Train): 134.85 | Best fitness in generation (Train): 135.73 | Mean fitness (Train): 140.14 | Mean fitness (Test): 58.73
Generation 3200 | Best fitness (Train): 131.48 | Best fitness in generation (Train): 132.41 | Mean fitness (Train): 136.16 | Mean fitness (Test): 58.12
Generation 3300 | Best fitness (Train): 127.54 | Best fitness in generation (Train): 128.83 | Mean fitness (Train): 132.18 | Mean fitness (Test): 57.39
Generation 3400 | Best fitness (Train): 124.71 | Best fitness in generation (Train): 125.46 | Mean fitness (Train): 128.89 | Mean fitness (Test): 57.00
Generation 3500 | Best fitness (Train): 121.69 | Best fitness in generation (Train): 122.51 | Mean fitness (Train): 125.62 | Mean fitness (Test): 56.49
Generation 3600 | Best fitness (Train): 118.70 | Best fitness in generation (Train): 119.20 | Mean fitness (Train): 122.38 | Mean fitness (Test): 55.99
Generation 3700 | Best fitness (Train): 115.37 | Best fitness in generation (Train): 116.44 | Mean fitness (Train): 119.46 | Mean fitness (Test): 55.83
Generation 3800 | Best fitness (Train): 112.50 | Best fitness in generation (Train): 113.03 | Mean fitness (Train): 116.35 | Mean fitness (Test): 55.19
Generation 3900 | Best fitness (Train): 109.00 | Best fitness in generation (Train): 110.23 | Mean fitness (Train): 113.21 | Mean fitness (Test): 54.54
Generation 4000 | Best fitness (Train): 107.73 | Best fitness in generation (Train): 108.76 | Mean fitness (Train): 111.09 | Mean fitness (Test): 54.56
running the experiment ... [../../results/BBOBProblem/sphere/SNES_500_10000/3]
Generation 100 | Best fitness (Train): 128680.28 | Best fitness in generation (Train): 128680.28 | Mean fitness (Train): 128932.80 | Mean fitness (Test): 128733.81
Generation 200 | Best fitness (Train): 119141.41 | Best fitness in generation (Train): 119141.41 | Mean fitness (Train): 119392.95 | Mean fitness (Test): 119196.95
Generation 300 | Best fitness (Train): 110036.08 | Best fitness in generation (Train): 110036.08 | Mean fitness (Train): 110216.22 | Mean fitness (Test): 110026.12
Generation 400 | Best fitness (Train): 101191.20 | Best fitness in generation (Train): 101191.20 | Mean fitness (Train): 101361.40 | Mean fitness (Test): 101175.23
Generation 500 | Best fitness (Train): 92752.27 | Best fitness in generation (Train): 92752.27 | Mean fitness (Train): 92921.44 | Mean fitness (Test): 92738.93
Generation 600 | Best fitness (Train): 84669.52 | Best fitness in generation (Train): 84669.52 | Mean fitness (Train): 84826.18 | Mean fitness (Test): 84655.58
Generation 700 | Best fitness (Train): 76963.04 | Best fitness in generation (Train): 76963.04 | Mean fitness (Train): 77143.40 | Mean fitness (Test): 76966.70
Generation 800 | Best fitness (Train): 69672.76 | Best fitness in generation (Train): 69672.76 | Mean fitness (Train): 69804.93 | Mean fitness (Test): 69637.46
Generation 900 | Best fitness (Train): 62695.25 | Best fitness in generation (Train): 62695.25 | Mean fitness (Train): 62840.59 | Mean fitness (Test): 62672.77
Generation 1000 | Best fitness (Train): 56045.38 | Best fitness in generation (Train): 56045.38 | Mean fitness (Train): 56193.86 | Mean fitness (Test): 56031.67
Generation 1100 | Best fitness (Train): 49782.15 | Best fitness in generation (Train): 49782.15 | Mean fitness (Train): 49946.14 | Mean fitness (Test): 49782.50
Generation 1200 | Best fitness (Train): 43977.88 | Best fitness in generation (Train): 43977.88 | Mean fitness (Train): 44129.48 | Mean fitness (Test): 43972.27
Generation 1300 | Best fitness (Train): 38519.02 | Best fitness in generation (Train): 38519.02 | Mean fitness (Train): 38654.97 | Mean fitness (Test): 38504.22
Generation 1400 | Best fitness (Train): 33432.89 | Best fitness in generation (Train): 33432.89 | Mean fitness (Train): 33549.15 | Mean fitness (Test): 33399.50
Generation 1500 | Best fitness (Train): 28746.85 | Best fitness in generation (Train): 28746.85 | Mean fitness (Train): 28837.52 | Mean fitness (Test): 28696.26
Generation 1600 | Best fitness (Train): 24417.21 | Best fitness in generation (Train): 24417.21 | Mean fitness (Train): 24501.95 | Mean fitness (Test): 24359.96
Generation 1700 | Best fitness (Train): 20429.21 | Best fitness in generation (Train): 20429.21 | Mean fitness (Train): 20511.82 | Mean fitness (Test): 20373.64
Generation 1800 | Best fitness (Train): 16808.76 | Best fitness in generation (Train): 16808.76 | Mean fitness (Train): 16890.39 | Mean fitness (Test): 16756.79
Generation 1900 | Best fitness (Train): 13541.17 | Best fitness in generation (Train): 13541.17 | Mean fitness (Train): 13611.32 | Mean fitness (Test): 13479.49
Generation 2000 | Best fitness (Train): 10668.33 | Best fitness in generation (Train): 10668.33 | Mean fitness (Train): 10726.64 | Mean fitness (Test): 10601.07
Generation 2100 | Best fitness (Train): 8131.06 | Best fitness in generation (Train): 8131.06 | Mean fitness (Train): 8186.14 | Mean fitness (Test): 8065.33
Generation 2200 | Best fitness (Train): 5979.74 | Best fitness in generation (Train): 5979.74 | Mean fitness (Train): 6018.78 | Mean fitness (Test): 5900.87
Generation 2300 | Best fitness (Train): 4181.29 | Best fitness in generation (Train): 4181.29 | Mean fitness (Train): 4216.09 | Mean fitness (Test): 4102.51
Generation 2400 | Best fitness (Train): 2736.41 | Best fitness in generation (Train): 2736.41 | Mean fitness (Train): 2765.34 | Mean fitness (Test): 2655.19
Generation 2500 | Best fitness (Train): 1619.46 | Best fitness in generation (Train): 1619.46 | Mean fitness (Train): 1645.70 | Mean fitness (Test): 1540.66
Generation 2600 | Best fitness (Train): 843.55 | Best fitness in generation (Train): 843.55 | Mean fitness (Train): 858.12 | Mean fitness (Test): 756.44
Generation 2700 | Best fitness (Train): 376.95 | Best fitness in generation (Train): 376.95 | Mean fitness (Train): 387.43 | Mean fitness (Test): 290.24
Generation 2800 | Best fitness (Train): 185.44 | Best fitness in generation (Train): 185.44 | Mean fitness (Train): 192.06 | Mean fitness (Test): 99.95
Generation 2900 | Best fitness (Train): 146.65 | Best fitness in generation (Train): 146.65 | Mean fitness (Train): 151.66 | Mean fitness (Test): 63.46
Generation 3000 | Best fitness (Train): 139.58 | Best fitness in generation (Train): 139.58 | Mean fitness (Train): 144.07 | Mean fitness (Test): 59.66
Generation 3100 | Best fitness (Train): 135.16 | Best fitness in generation (Train): 136.06 | Mean fitness (Train): 139.91 | Mean fitness (Test): 58.77
Generation 3200 | Best fitness (Train): 131.00 | Best fitness in generation (Train): 132.34 | Mean fitness (Train): 135.70 | Mean fitness (Test): 57.87
Generation 3300 | Best fitness (Train): 128.33 | Best fitness in generation (Train): 128.62 | Mean fitness (Train): 132.26 | Mean fitness (Test): 57.47
Generation 3400 | Best fitness (Train): 123.58 | Best fitness in generation (Train): 124.29 | Mean fitness (Train): 128.64 | Mean fitness (Test): 56.77
Generation 3500 | Best fitness (Train): 121.86 | Best fitness in generation (Train): 122.37 | Mean fitness (Train): 125.67 | Mean fitness (Test): 56.52
Generation 3600 | Best fitness (Train): 118.60 | Best fitness in generation (Train): 118.96 | Mean fitness (Train): 122.24 | Mean fitness (Test): 56.01
Generation 3700 | Best fitness (Train): 115.08 | Best fitness in generation (Train): 116.33 | Mean fitness (Train): 119.27 | Mean fitness (Test): 55.61
Generation 3800 | Best fitness (Train): 112.08 | Best fitness in generation (Train): 113.18 | Mean fitness (Train): 116.16 | Mean fitness (Test): 54.99
Generation 3900 | Best fitness (Train): 110.00 | Best fitness in generation (Train): 110.57 | Mean fitness (Train): 113.19 | Mean fitness (Test): 54.54
Generation 4000 | Best fitness (Train): 107.31 | Best fitness in generation (Train): 107.81 | Mean fitness (Train): 110.61 | Mean fitness (Test): 54.31
running the experiment ... [../../results/BBOBProblem/sphere/SNES_500_10000/4]
Generation 100 | Best fitness (Train): 126548.38 | Best fitness in generation (Train): 126548.38 | Mean fitness (Train): 126774.38 | Mean fitness (Test): 126570.10
Generation 200 | Best fitness (Train): 117035.18 | Best fitness in generation (Train): 117035.18 | Mean fitness (Train): 117230.48 | Mean fitness (Test): 117046.15
Generation 300 | Best fitness (Train): 107955.10 | Best fitness in generation (Train): 107955.10 | Mean fitness (Train): 108132.84 | Mean fitness (Test): 107943.88
Generation 400 | Best fitness (Train): 99225.73 | Best fitness in generation (Train): 99225.73 | Mean fitness (Train): 99405.84 | Mean fitness (Test): 99217.88
Generation 500 | Best fitness (Train): 90896.57 | Best fitness in generation (Train): 90896.57 | Mean fitness (Train): 91044.55 | Mean fitness (Test): 90861.58
Generation 600 | Best fitness (Train): 82831.69 | Best fitness in generation (Train): 82831.69 | Mean fitness (Train): 83039.24 | Mean fitness (Test): 82857.80
Generation 700 | Best fitness (Train): 75232.55 | Best fitness in generation (Train): 75232.55 | Mean fitness (Train): 75391.98 | Mean fitness (Test): 75224.96
Generation 800 | Best fitness (Train): 67997.88 | Best fitness in generation (Train): 67997.88 | Mean fitness (Train): 68179.54 | Mean fitness (Test): 68008.57
Generation 900 | Best fitness (Train): 61094.31 | Best fitness in generation (Train): 61094.31 | Mean fitness (Train): 61272.75 | Mean fitness (Test): 61102.75
Generation 1000 | Best fitness (Train): 54625.96 | Best fitness in generation (Train): 54625.96 | Mean fitness (Train): 54765.82 | Mean fitness (Test): 54607.03
Generation 1100 | Best fitness (Train): 48477.25 | Best fitness in generation (Train): 48477.25 | Mean fitness (Train): 48616.22 | Mean fitness (Test): 48453.14
Generation 1200 | Best fitness (Train): 42698.84 | Best fitness in generation (Train): 42698.84 | Mean fitness (Train): 42819.77 | Mean fitness (Test): 42665.07
Generation 1300 | Best fitness (Train): 37318.60 | Best fitness in generation (Train): 37318.60 | Mean fitness (Train): 37434.49 | Mean fitness (Test): 37284.16
Generation 1400 | Best fitness (Train): 32325.81 | Best fitness in generation (Train): 32325.81 | Mean fitness (Train): 32423.49 | Mean fitness (Test): 32273.69
Generation 1500 | Best fitness (Train): 27686.12 | Best fitness in generation (Train): 27686.12 | Mean fitness (Train): 27776.11 | Mean fitness (Test): 27630.47
Generation 1600 | Best fitness (Train): 23430.13 | Best fitness in generation (Train): 23430.13 | Mean fitness (Train): 23507.19 | Mean fitness (Test): 23366.70
Generation 1700 | Best fitness (Train): 19516.16 | Best fitness in generation (Train): 19516.16 | Mean fitness (Train): 19601.85 | Mean fitness (Test): 19465.66
Generation 1800 | Best fitness (Train): 15990.68 | Best fitness in generation (Train): 15990.68 | Mean fitness (Train): 16062.43 | Mean fitness (Test): 15931.51
Generation 1900 | Best fitness (Train): 12822.04 | Best fitness in generation (Train): 12822.04 | Mean fitness (Train): 12899.43 | Mean fitness (Test): 12770.56
Generation 2000 | Best fitness (Train): 10022.97 | Best fitness in generation (Train): 10022.97 | Mean fitness (Train): 10094.31 | Mean fitness (Test): 9970.68
Generation 2100 | Best fitness (Train): 7593.43 | Best fitness in generation (Train): 7593.43 | Mean fitness (Train): 7642.24 | Mean fitness (Test): 7521.29
Generation 2200 | Best fitness (Train): 5511.57 | Best fitness in generation (Train): 5511.57 | Mean fitness (Train): 5554.61 | Mean fitness (Test): 5438.29
Generation 2300 | Best fitness (Train): 3781.87 | Best fitness in generation (Train): 3781.87 | Mean fitness (Train): 3816.87 | Mean fitness (Test): 3703.45
Generation 2400 | Best fitness (Train): 2416.99 | Best fitness in generation (Train): 2416.99 | Mean fitness (Train): 2443.50 | Mean fitness (Test): 2335.06
Generation 2500 | Best fitness (Train): 1391.73 | Best fitness in generation (Train): 1391.73 | Mean fitness (Train): 1413.17 | Mean fitness (Test): 1308.35
Generation 2600 | Best fitness (Train): 697.63 | Best fitness in generation (Train): 697.63 | Mean fitness (Train): 712.76 | Mean fitness (Test): 612.68
Generation 2700 | Best fitness (Train): 307.26 | Best fitness in generation (Train): 307.26 | Mean fitness (Train): 316.29 | Mean fitness (Test): 221.00
Generation 2800 | Best fitness (Train): 168.81 | Best fitness in generation (Train): 168.81 | Mean fitness (Train): 173.39 | Mean fitness (Test): 82.38
Generation 2900 | Best fitness (Train): 143.66 | Best fitness in generation (Train): 144.60 | Mean fitness (Train): 148.52 | Mean fitness (Test): 61.28
Generation 3000 | Best fitness (Train): 137.66 | Best fitness in generation (Train): 137.78 | Mean fitness (Train): 142.62 | Mean fitness (Test): 59.01
Generation 3100 | Best fitness (Train): 134.35 | Best fitness in generation (Train): 134.49 | Mean fitness (Train): 138.73 | Mean fitness (Test): 58.45
Generation 3200 | Best fitness (Train): 130.70 | Best fitness in generation (Train): 131.25 | Mean fitness (Train): 135.16 | Mean fitness (Test): 58.01
Generation 3300 | Best fitness (Train): 127.01 | Best fitness in generation (Train): 128.22 | Mean fitness (Train): 131.45 | Mean fitness (Test): 57.34
Generation 3400 | Best fitness (Train): 123.24 | Best fitness in generation (Train): 124.12 | Mean fitness (Train): 127.77 | Mean fitness (Test): 56.65
Generation 3500 | Best fitness (Train): 120.69 | Best fitness in generation (Train): 120.79 | Mean fitness (Train): 124.49 | Mean fitness (Test): 56.19
Generation 3600 | Best fitness (Train): 117.82 | Best fitness in generation (Train): 118.81 | Mean fitness (Train): 121.61 | Mean fitness (Test): 56.07
Generation 3700 | Best fitness (Train): 114.54 | Best fitness in generation (Train): 115.33 | Mean fitness (Train): 118.68 | Mean fitness (Test): 55.64
Generation 3800 | Best fitness (Train): 111.90 | Best fitness in generation (Train): 112.79 | Mean fitness (Train): 115.51 | Mean fitness (Test): 54.85
Generation 3900 | Best fitness (Train): 109.24 | Best fitness in generation (Train): 110.06 | Mean fitness (Train): 112.69 | Mean fitness (Test): 54.52
Generation 4000 | Best fitness (Train): 106.39 | Best fitness in generation (Train): 107.37 | Mean fitness (Train): 110.11 | Mean fitness (Test): 54.35
Running ES algorithms:  29%|████████████████████████████████████▎                                                                                          | 2/7 [00:58<02:24, 28.94s/it][A
running the experiment ... [../../results/BBOBProblem/sphere/Sep_CMA_ES_500_10000/0]
Generation 100 | Best fitness (Train): 126215.43 | Best fitness in generation (Train): 126215.43 | Mean fitness (Train): 126463.13 | Mean fitness (Test): 126198.43
Generation 200 | Best fitness (Train): 106831.87 | Best fitness in generation (Train): 106831.87 | Mean fitness (Train): 107592.63 | Mean fitness (Test): 105799.95
Generation 300 | Best fitness (Train): 72482.43 | Best fitness in generation (Train): 72853.01 | Mean fitness (Train): 74731.25 | Mean fitness (Test): 52975.99
Generation 400 | Best fitness (Train): 71125.02 | Best fitness in generation (Train): 147069.22 | Mean fitness (Train): 151978.17 | Mean fitness (Test): 26084.11
Generation 500 | Best fitness (Train): 71125.02 | Best fitness in generation (Train): 140344.62 | Mean fitness (Train): 146112.42 | Mean fitness (Test): 30682.09
Generation 600 | Best fitness (Train): 70735.81 | Best fitness in generation (Train): 70735.81 | Mean fitness (Train): 73436.34 | Mean fitness (Test): 17843.27
Generation 700 | Best fitness (Train): 34981.23 | Best fitness in generation (Train): 34981.23 | Mean fitness (Train): 37024.03 | Mean fitness (Test): 8939.86
Generation 800 | Best fitness (Train): 18479.98 | Best fitness in generation (Train): 18479.98 | Mean fitness (Train): 19297.43 | Mean fitness (Test): 4793.84
Generation 900 | Best fitness (Train): 9666.48 | Best fitness in generation (Train): 9666.48 | Mean fitness (Train): 10114.22 | Mean fitness (Test): 2517.26
Generation 1000 | Best fitness (Train): 5081.53 | Best fitness in generation (Train): 5101.64 | Mean fitness (Train): 5258.05 | Mean fitness (Test): 1322.21
Generation 1100 | Best fitness (Train): 2675.24 | Best fitness in generation (Train): 2675.24 | Mean fitness (Train): 2781.18 | Mean fitness (Test): 715.75
Generation 1200 | Best fitness (Train): 1438.02 | Best fitness in generation (Train): 1442.51 | Mean fitness (Train): 1499.18 | Mean fitness (Test): 406.51
Generation 1300 | Best fitness (Train): 756.09 | Best fitness in generation (Train): 756.09 | Mean fitness (Train): 788.71 | Mean fitness (Test): 220.85
Generation 1400 | Best fitness (Train): 414.88 | Best fitness in generation (Train): 418.97 | Mean fitness (Train): 434.63 | Mean fitness (Test): 138.77
Generation 1500 | Best fitness (Train): 239.47 | Best fitness in generation (Train): 239.47 | Mean fitness (Train): 247.22 | Mean fitness (Test): 94.04
Generation 1600 | Best fitness (Train): 145.28 | Best fitness in generation (Train): 145.28 | Mean fitness (Train): 149.24 | Mean fitness (Test): 69.90
Generation 1700 | Best fitness (Train): 97.12 | Best fitness in generation (Train): 97.23 | Mean fitness (Train): 99.51 | Mean fitness (Test): 57.88
Generation 1800 | Best fitness (Train): 71.92 | Best fitness in generation (Train): 71.92 | Mean fitness (Train): 73.13 | Mean fitness (Test): 51.42
Generation 1900 | Best fitness (Train): 58.79 | Best fitness in generation (Train): 58.79 | Mean fitness (Train): 59.40 | Mean fitness (Test): 48.03
Generation 2000 | Best fitness (Train): 51.86 | Best fitness in generation (Train): 51.86 | Mean fitness (Train): 52.23 | Mean fitness (Test): 46.31
Generation 2100 | Best fitness (Train): 48.33 | Best fitness in generation (Train): 48.33 | Mean fitness (Train): 48.51 | Mean fitness (Test): 45.40
Generation 2200 | Best fitness (Train): 46.51 | Best fitness in generation (Train): 46.51 | Mean fitness (Train): 46.58 | Mean fitness (Test): 44.95
Generation 2300 | Best fitness (Train): 45.51 | Best fitness in generation (Train): 45.51 | Mean fitness (Train): 45.55 | Mean fitness (Test): 44.69
Generation 2400 | Best fitness (Train): 44.98 | Best fitness in generation (Train): 44.98 | Mean fitness (Train): 45.00 | Mean fitness (Test): 44.56
Generation 2500 | Best fitness (Train): 44.71 | Best fitness in generation (Train): 44.71 | Mean fitness (Train): 44.72 | Mean fitness (Test): 44.49
Generation 2600 | Best fitness (Train): 44.57 | Best fitness in generation (Train): 44.57 | Mean fitness (Train): 44.57 | Mean fitness (Test): 44.45
Generation 2700 | Best fitness (Train): 44.49 | Best fitness in generation (Train): 44.49 | Mean fitness (Train): 44.50 | Mean fitness (Test): 44.43
Generation 2800 | Best fitness (Train): 44.45 | Best fitness in generation (Train): 44.46 | Mean fitness (Train): 44.46 | Mean fitness (Test): 44.42
Generation 2900 | Best fitness (Train): 44.43 | Best fitness in generation (Train): 44.43 | Mean fitness (Train): 44.44 | Mean fitness (Test): 44.42
Generation 3000 | Best fitness (Train): 44.42 | Best fitness in generation (Train): 44.42 | Mean fitness (Train): 44.42 | Mean fitness (Test): 44.41
Generation 3100 | Best fitness (Train): 44.42 | Best fitness in generation (Train): 44.42 | Mean fitness (Train): 44.42 | Mean fitness (Test): 44.41
Generation 3200 | Best fitness (Train): 44.42 | Best fitness in generation (Train): 44.42 | Mean fitness (Train): 44.42 | Mean fitness (Test): 44.41
Generation 3300 | Best fitness (Train): 44.41 | Best fitness in generation (Train): 44.41 | Mean fitness (Train): 44.41 | Mean fitness (Test): 44.41
Generation 3400 | Best fitness (Train): 44.41 | Best fitness in generation (Train): 44.41 | Mean fitness (Train): 44.41 | Mean fitness (Test): 44.41
Generation 3500 | Best fitness (Train): 44.41 | Best fitness in generation (Train): 44.41 | Mean fitness (Train): 44.41 | Mean fitness (Test): 44.41
Generation 3600 | Best fitness (Train): 44.41 | Best fitness in generation (Train): 44.41 | Mean fitness (Train): 44.41 | Mean fitness (Test): 44.41
Generation 3700 | Best fitness (Train): 44.41 | Best fitness in generation (Train): 44.41 | Mean fitness (Train): 44.41 | Mean fitness (Test): 44.41
Generation 3800 | Best fitness (Train): 44.41 | Best fitness in generation (Train): 44.41 | Mean fitness (Train): 44.41 | Mean fitness (Test): 44.41
Generation 3900 | Best fitness (Train): 44.41 | Best fitness in generation (Train): 44.41 | Mean fitness (Train): 44.41 | Mean fitness (Test): 44.41
Generation 4000 | Best fitness (Train): 44.41 | Best fitness in generation (Train): 44.41 | Mean fitness (Train): 44.41 | Mean fitness (Test): 44.41
running the experiment ... [../../results/BBOBProblem/sphere/Sep_CMA_ES_500_10000/1]
Generation 100 | Best fitness (Train): 127650.25 | Best fitness in generation (Train): 127650.25 | Mean fitness (Train): 127864.73 | Mean fitness (Test): 127597.09
Generation 200 | Best fitness (Train): 108274.69 | Best fitness in generation (Train): 108274.69 | Mean fitness (Train): 108955.94 | Mean fitness (Test): 107149.99
Generation 300 | Best fitness (Train): 73413.42 | Best fitness in generation (Train): 73541.57 | Mean fitness (Train): 75409.88 | Mean fitness (Test): 53860.79
Generation 400 | Best fitness (Train): 71957.64 | Best fitness in generation (Train): 148229.91 | Mean fitness (Train): 154855.14 | Mean fitness (Test): 26091.72
Generation 500 | Best fitness (Train): 71957.64 | Best fitness in generation (Train): 143937.89 | Mean fitness (Train): 150094.31 | Mean fitness (Test): 32050.18
Generation 600 | Best fitness (Train): 71047.09 | Best fitness in generation (Train): 71047.09 | Mean fitness (Train): 75068.37 | Mean fitness (Test): 18455.76
Generation 700 | Best fitness (Train): 36459.86 | Best fitness in generation (Train): 36459.86 | Mean fitness (Train): 37713.81 | Mean fitness (Test): 9275.96
Generation 800 | Best fitness (Train): 18996.44 | Best fitness in generation (Train): 19058.19 | Mean fitness (Train): 19813.80 | Mean fitness (Test): 4914.96
Generation 900 | Best fitness (Train): 9788.88 | Best fitness in generation (Train): 9788.88 | Mean fitness (Train): 10324.92 | Mean fitness (Test): 2589.41
Generation 1000 | Best fitness (Train): 5109.08 | Best fitness in generation (Train): 5109.08 | Mean fitness (Train): 5363.33 | Mean fitness (Test): 1328.61
Generation 1100 | Best fitness (Train): 2753.22 | Best fitness in generation (Train): 2753.22 | Mean fitness (Train): 2854.69 | Mean fitness (Test): 734.52
Generation 1200 | Best fitness (Train): 1453.70 | Best fitness in generation (Train): 1455.40 | Mean fitness (Train): 1509.86 | Mean fitness (Test): 398.65
Generation 1300 | Best fitness (Train): 777.00 | Best fitness in generation (Train): 777.00 | Mean fitness (Train): 812.16 | Mean fitness (Test): 228.13
Generation 1400 | Best fitness (Train): 428.30 | Best fitness in generation (Train): 428.30 | Mean fitness (Train): 443.41 | Mean fitness (Test): 140.99
Generation 1500 | Best fitness (Train): 241.45 | Best fitness in generation (Train): 241.45 | Mean fitness (Train): 250.77 | Mean fitness (Test): 94.43
Generation 1600 | Best fitness (Train): 146.45 | Best fitness in generation (Train): 146.45 | Mean fitness (Train): 151.66 | Mean fitness (Test): 70.10
Generation 1700 | Best fitness (Train): 97.70 | Best fitness in generation (Train): 97.70 | Mean fitness (Train): 100.50 | Mean fitness (Test): 58.26
Generation 1800 | Best fitness (Train): 72.18 | Best fitness in generation (Train): 72.18 | Mean fitness (Train): 73.29 | Mean fitness (Test): 51.41
Generation 1900 | Best fitness (Train): 58.99 | Best fitness in generation (Train): 58.99 | Mean fitness (Train): 59.65 | Mean fitness (Test): 48.11
Generation 2000 | Best fitness (Train): 51.95 | Best fitness in generation (Train): 51.95 | Mean fitness (Train): 52.31 | Mean fitness (Test): 46.33
Generation 2100 | Best fitness (Train): 48.38 | Best fitness in generation (Train): 48.38 | Mean fitness (Train): 48.56 | Mean fitness (Test): 45.43
Generation 2200 | Best fitness (Train): 46.47 | Best fitness in generation (Train): 46.47 | Mean fitness (Train): 46.58 | Mean fitness (Test): 44.95
Generation 2300 | Best fitness (Train): 45.47 | Best fitness in generation (Train): 45.47 | Mean fitness (Train): 45.53 | Mean fitness (Test): 44.69
Generation 2400 | Best fitness (Train): 44.97 | Best fitness in generation (Train): 44.97 | Mean fitness (Train): 44.99 | Mean fitness (Test): 44.55
Generation 2500 | Best fitness (Train): 44.70 | Best fitness in generation (Train): 44.70 | Mean fitness (Train): 44.72 | Mean fitness (Test): 44.49
Generation 2600 | Best fitness (Train): 44.56 | Best fitness in generation (Train): 44.56 | Mean fitness (Train): 44.57 | Mean fitness (Test): 44.45
Generation 2700 | Best fitness (Train): 44.49 | Best fitness in generation (Train): 44.49 | Mean fitness (Train): 44.49 | Mean fitness (Test): 44.43
Generation 2800 | Best fitness (Train): 44.45 | Best fitness in generation (Train): 44.45 | Mean fitness (Train): 44.46 | Mean fitness (Test): 44.42
Generation 2900 | Best fitness (Train): 44.43 | Best fitness in generation (Train): 44.43 | Mean fitness (Train): 44.43 | Mean fitness (Test): 44.42
Generation 3000 | Best fitness (Train): 44.42 | Best fitness in generation (Train): 44.42 | Mean fitness (Train): 44.42 | Mean fitness (Test): 44.41
Generation 3100 | Best fitness (Train): 44.42 | Best fitness in generation (Train): 44.42 | Mean fitness (Train): 44.42 | Mean fitness (Test): 44.41
Generation 3200 | Best fitness (Train): 44.41 | Best fitness in generation (Train): 44.41 | Mean fitness (Train): 44.42 | Mean fitness (Test): 44.41
Generation 3300 | Best fitness (Train): 44.41 | Best fitness in generation (Train): 44.41 | Mean fitness (Train): 44.41 | Mean fitness (Test): 44.41
Generation 3400 | Best fitness (Train): 44.41 | Best fitness in generation (Train): 44.41 | Mean fitness (Train): 44.41 | Mean fitness (Test): 44.41
Generation 3500 | Best fitness (Train): 44.41 | Best fitness in generation (Train): 44.41 | Mean fitness (Train): 44.41 | Mean fitness (Test): 44.41
Generation 3600 | Best fitness (Train): 44.41 | Best fitness in generation (Train): 44.41 | Mean fitness (Train): 44.41 | Mean fitness (Test): 44.41
Generation 3700 | Best fitness (Train): 44.41 | Best fitness in generation (Train): 44.41 | Mean fitness (Train): 44.41 | Mean fitness (Test): 44.41
Generation 3800 | Best fitness (Train): 44.41 | Best fitness in generation (Train): 44.41 | Mean fitness (Train): 44.41 | Mean fitness (Test): 44.41
Generation 3900 | Best fitness (Train): 44.41 | Best fitness in generation (Train): 44.41 | Mean fitness (Train): 44.41 | Mean fitness (Test): 44.41
Generation 4000 | Best fitness (Train): 44.41 | Best fitness in generation (Train): 44.41 | Mean fitness (Train): 44.41 | Mean fitness (Test): 44.41
running the experiment ... [../../results/BBOBProblem/sphere/Sep_CMA_ES_500_10000/2]
Generation 100 | Best fitness (Train): 129501.04 | Best fitness in generation (Train): 129501.04 | Mean fitness (Train): 129752.35 | Mean fitness (Test): 129479.46
Generation 200 | Best fitness (Train): 110140.75 | Best fitness in generation (Train): 110140.75 | Mean fitness (Train): 110832.50 | Mean fitness (Test): 109027.98
Generation 300 | Best fitness (Train): 73846.12 | Best fitness in generation (Train): 73846.12 | Mean fitness (Train): 76278.13 | Mean fitness (Test): 55321.69
Generation 400 | Best fitness (Train): 72018.30 | Best fitness in generation (Train): 148759.66 | Mean fitness (Train): 155322.50 | Mean fitness (Test): 26075.46
Generation 500 | Best fitness (Train): 72018.30 | Best fitness in generation (Train): 147532.81 | Mean fitness (Train): 153986.92 | Mean fitness (Test): 32415.39
Generation 600 | Best fitness (Train): 72018.30 | Best fitness in generation (Train): 75077.95 | Mean fitness (Train): 78083.71 | Mean fitness (Test): 19591.71
Generation 700 | Best fitness (Train): 38012.86 | Best fitness in generation (Train): 38012.86 | Mean fitness (Train): 39803.14 | Mean fitness (Test): 9781.17
Generation 800 | Best fitness (Train): 20105.51 | Best fitness in generation (Train): 20105.51 | Mean fitness (Train): 21096.08 | Mean fitness (Test): 5148.63
Generation 900 | Best fitness (Train): 10549.77 | Best fitness in generation (Train): 10549.77 | Mean fitness (Train): 11041.08 | Mean fitness (Test): 2717.58
Generation 1000 | Best fitness (Train): 5566.59 | Best fitness in generation (Train): 5566.59 | Mean fitness (Train): 5798.95 | Mean fitness (Test): 1449.33
Generation 1100 | Best fitness (Train): 2924.49 | Best fitness in generation (Train): 2940.39 | Mean fitness (Train): 3044.04 | Mean fitness (Test): 774.03
Generation 1200 | Best fitness (Train): 1530.98 | Best fitness in generation (Train): 1530.98 | Mean fitness (Train): 1605.14 | Mean fitness (Test): 424.09
Generation 1300 | Best fitness (Train): 825.14 | Best fitness in generation (Train): 825.14 | Mean fitness (Train): 855.20 | Mean fitness (Test): 239.16
Generation 1400 | Best fitness (Train): 445.30 | Best fitness in generation (Train): 445.30 | Mean fitness (Train): 463.53 | Mean fitness (Test): 146.11
Generation 1500 | Best fitness (Train): 251.54 | Best fitness in generation (Train): 251.54 | Mean fitness (Train): 260.21 | Mean fitness (Test): 96.84
Generation 1600 | Best fitness (Train): 153.46 | Best fitness in generation (Train): 153.46 | Mean fitness (Train): 157.59 | Mean fitness (Test): 71.54
Generation 1700 | Best fitness (Train): 100.79 | Best fitness in generation (Train): 100.79 | Mean fitness (Train): 102.99 | Mean fitness (Test): 58.61
Generation 1800 | Best fitness (Train): 74.03 | Best fitness in generation (Train): 74.16 | Mean fitness (Train): 75.32 | Mean fitness (Test): 52.06
Generation 1900 | Best fitness (Train): 59.70 | Best fitness in generation (Train): 59.70 | Mean fitness (Train): 60.34 | Mean fitness (Test): 48.29
Generation 2000 | Best fitness (Train): 52.41 | Best fitness in generation (Train): 52.41 | Mean fitness (Train): 52.78 | Mean fitness (Test): 46.46
Generation 2100 | Best fitness (Train): 48.61 | Best fitness in generation (Train): 48.63 | Mean fitness (Train): 48.78 | Mean fitness (Test): 45.48
Generation 2200 | Best fitness (Train): 46.61 | Best fitness in generation (Train): 46.63 | Mean fitness (Train): 46.71 | Mean fitness (Test): 44.98
Generation 2300 | Best fitness (Train): 45.58 | Best fitness in generation (Train): 45.58 | Mean fitness (Train): 45.62 | Mean fitness (Test): 44.71
Generation 2400 | Best fitness (Train): 45.02 | Best fitness in generation (Train): 45.02 | Mean fitness (Train): 45.04 | Mean fitness (Test): 44.57
Generation 2500 | Best fitness (Train): 44.73 | Best fitness in generation (Train): 44.73 | Mean fitness (Train): 44.74 | Mean fitness (Test): 44.49
Generation 2600 | Best fitness (Train): 44.58 | Best fitness in generation (Train): 44.58 | Mean fitness (Train): 44.58 | Mean fitness (Test): 44.45
Generation 2700 | Best fitness (Train): 44.50 | Best fitness in generation (Train): 44.50 | Mean fitness (Train): 44.50 | Mean fitness (Test): 44.43
Generation 2800 | Best fitness (Train): 44.46 | Best fitness in generation (Train): 44.46 | Mean fitness (Train): 44.46 | Mean fitness (Test): 44.42
Generation 2900 | Best fitness (Train): 44.44 | Best fitness in generation (Train): 44.44 | Mean fitness (Train): 44.44 | Mean fitness (Test): 44.42
Generation 3000 | Best fitness (Train): 44.42 | Best fitness in generation (Train): 44.42 | Mean fitness (Train): 44.42 | Mean fitness (Test): 44.41
Generation 3100 | Best fitness (Train): 44.42 | Best fitness in generation (Train): 44.42 | Mean fitness (Train): 44.42 | Mean fitness (Test): 44.41
Generation 3200 | Best fitness (Train): 44.42 | Best fitness in generation (Train): 44.42 | Mean fitness (Train): 44.42 | Mean fitness (Test): 44.41
Generation 3300 | Best fitness (Train): 44.41 | Best fitness in generation (Train): 44.41 | Mean fitness (Train): 44.41 | Mean fitness (Test): 44.41
Generation 3400 | Best fitness (Train): 44.41 | Best fitness in generation (Train): 44.41 | Mean fitness (Train): 44.41 | Mean fitness (Test): 44.41
Generation 3500 | Best fitness (Train): 44.41 | Best fitness in generation (Train): 44.41 | Mean fitness (Train): 44.41 | Mean fitness (Test): 44.41
Generation 3600 | Best fitness (Train): 44.41 | Best fitness in generation (Train): 44.41 | Mean fitness (Train): 44.41 | Mean fitness (Test): 44.41
Generation 3700 | Best fitness (Train): 44.41 | Best fitness in generation (Train): 44.41 | Mean fitness (Train): 44.41 | Mean fitness (Test): 44.41
Generation 3800 | Best fitness (Train): 44.41 | Best fitness in generation (Train): 44.41 | Mean fitness (Train): 44.41 | Mean fitness (Test): 44.41
Generation 3900 | Best fitness (Train): 44.41 | Best fitness in generation (Train): 44.41 | Mean fitness (Train): 44.41 | Mean fitness (Test): 44.41
Generation 4000 | Best fitness (Train): 44.41 | Best fitness in generation (Train): 44.41 | Mean fitness (Train): 44.41 | Mean fitness (Test): 44.41
running the experiment ... [../../results/BBOBProblem/sphere/Sep_CMA_ES_500_10000/3]
Generation 100 | Best fitness (Train): 129065.54 | Best fitness in generation (Train): 129065.54 | Mean fitness (Train): 129374.65 | Mean fitness (Test): 129104.13
Generation 200 | Best fitness (Train): 109458.35 | Best fitness in generation (Train): 109458.35 | Mean fitness (Train): 110369.49 | Mean fitness (Test): 108600.34
Generation 300 | Best fitness (Train): 73879.55 | Best fitness in generation (Train): 74027.18 | Mean fitness (Train): 76290.43 | Mean fitness (Test): 55036.54
Generation 400 | Best fitness (Train): 72596.94 | Best fitness in generation (Train): 147992.06 | Mean fitness (Train): 155375.08 | Mean fitness (Test): 26575.64
Generation 500 | Best fitness (Train): 72596.94 | Best fitness in generation (Train): 144973.28 | Mean fitness (Train): 151073.55 | Mean fitness (Test): 32041.08
Generation 600 | Best fitness (Train): 72596.94 | Best fitness in generation (Train): 73121.12 | Mean fitness (Train): 75845.27 | Mean fitness (Test): 18679.58
Generation 700 | Best fitness (Train): 37187.91 | Best fitness in generation (Train): 37187.91 | Mean fitness (Train): 38550.17 | Mean fitness (Test): 9679.80
Generation 800 | Best fitness (Train): 19620.61 | Best fitness in generation (Train): 19790.23 | Mean fitness (Train): 20452.63 | Mean fitness (Test): 4995.59
Generation 900 | Best fitness (Train): 10380.26 | Best fitness in generation (Train): 10380.26 | Mean fitness (Train): 10798.89 | Mean fitness (Test): 2686.34
Generation 1000 | Best fitness (Train): 5439.99 | Best fitness in generation (Train): 5439.99 | Mean fitness (Train): 5657.24 | Mean fitness (Test): 1424.42
Generation 1100 | Best fitness (Train): 2850.09 | Best fitness in generation (Train): 2850.09 | Mean fitness (Train): 2973.10 | Mean fitness (Test): 756.55
Generation 1200 | Best fitness (Train): 1514.72 | Best fitness in generation (Train): 1514.72 | Mean fitness (Train): 1580.57 | Mean fitness (Test): 423.13
Generation 1300 | Best fitness (Train): 813.93 | Best fitness in generation (Train): 813.93 | Mean fitness (Train): 849.25 | Mean fitness (Test): 246.01
Generation 1400 | Best fitness (Train): 446.95 | Best fitness in generation (Train): 449.21 | Mean fitness (Train): 465.04 | Mean fitness (Test): 146.10
Generation 1500 | Best fitness (Train): 258.18 | Best fitness in generation (Train): 258.18 | Mean fitness (Train): 267.19 | Mean fitness (Test): 98.74
Generation 1600 | Best fitness (Train): 152.56 | Best fitness in generation (Train): 152.56 | Mean fitness (Train): 158.11 | Mean fitness (Test): 71.96
Generation 1700 | Best fitness (Train): 101.31 | Best fitness in generation (Train): 101.31 | Mean fitness (Train): 103.62 | Mean fitness (Test): 58.57
Generation 1800 | Best fitness (Train): 74.42 | Best fitness in generation (Train): 74.42 | Mean fitness (Train): 75.66 | Mean fitness (Test): 52.09
Generation 1900 | Best fitness (Train): 60.10 | Best fitness in generation (Train): 60.24 | Mean fitness (Train): 60.78 | Mean fitness (Test): 48.43
Generation 2000 | Best fitness (Train): 52.63 | Best fitness in generation (Train): 52.63 | Mean fitness (Train): 52.99 | Mean fitness (Test): 46.52
Generation 2100 | Best fitness (Train): 48.70 | Best fitness in generation (Train): 48.70 | Mean fitness (Train): 48.88 | Mean fitness (Test): 45.49
Generation 2200 | Best fitness (Train): 46.63 | Best fitness in generation (Train): 46.63 | Mean fitness (Train): 46.74 | Mean fitness (Test): 44.97
Generation 2300 | Best fitness (Train): 45.57 | Best fitness in generation (Train): 45.57 | Mean fitness (Train): 45.61 | Mean fitness (Test): 44.70
Generation 2400 | Best fitness (Train): 45.01 | Best fitness in generation (Train): 45.01 | Mean fitness (Train): 45.04 | Mean fitness (Test): 44.56
Generation 2500 | Best fitness (Train): 44.72 | Best fitness in generation (Train): 44.72 | Mean fitness (Train): 44.74 | Mean fitness (Test): 44.49
Generation 2600 | Best fitness (Train): 44.57 | Best fitness in generation (Train): 44.57 | Mean fitness (Train): 44.58 | Mean fitness (Test): 44.45
Generation 2700 | Best fitness (Train): 44.50 | Best fitness in generation (Train): 44.50 | Mean fitness (Train): 44.50 | Mean fitness (Test): 44.43
Generation 2800 | Best fitness (Train): 44.46 | Best fitness in generation (Train): 44.46 | Mean fitness (Train): 44.46 | Mean fitness (Test): 44.42
Generation 2900 | Best fitness (Train): 44.44 | Best fitness in generation (Train): 44.44 | Mean fitness (Train): 44.44 | Mean fitness (Test): 44.42
Generation 3000 | Best fitness (Train): 44.42 | Best fitness in generation (Train): 44.42 | Mean fitness (Train): 44.42 | Mean fitness (Test): 44.42
Generation 3100 | Best fitness (Train): 44.42 | Best fitness in generation (Train): 44.42 | Mean fitness (Train): 44.42 | Mean fitness (Test): 44.41
Generation 3200 | Best fitness (Train): 44.42 | Best fitness in generation (Train): 44.42 | Mean fitness (Train): 44.42 | Mean fitness (Test): 44.41
Generation 3300 | Best fitness (Train): 44.41 | Best fitness in generation (Train): 44.41 | Mean fitness (Train): 44.41 | Mean fitness (Test): 44.41
Generation 3400 | Best fitness (Train): 44.41 | Best fitness in generation (Train): 44.41 | Mean fitness (Train): 44.41 | Mean fitness (Test): 44.41
Generation 3500 | Best fitness (Train): 44.41 | Best fitness in generation (Train): 44.41 | Mean fitness (Train): 44.41 | Mean fitness (Test): 44.41
Generation 3600 | Best fitness (Train): 44.41 | Best fitness in generation (Train): 44.41 | Mean fitness (Train): 44.41 | Mean fitness (Test): 44.41
Generation 3700 | Best fitness (Train): 44.41 | Best fitness in generation (Train): 44.41 | Mean fitness (Train): 44.41 | Mean fitness (Test): 44.41
Generation 3800 | Best fitness (Train): 44.41 | Best fitness in generation (Train): 44.41 | Mean fitness (Train): 44.41 | Mean fitness (Test): 44.41
Generation 3900 | Best fitness (Train): 44.41 | Best fitness in generation (Train): 44.41 | Mean fitness (Train): 44.41 | Mean fitness (Test): 44.41
Generation 4000 | Best fitness (Train): 44.41 | Best fitness in generation (Train): 44.41 | Mean fitness (Train): 44.41 | Mean fitness (Test): 44.41
running the experiment ... [../../results/BBOBProblem/sphere/Sep_CMA_ES_500_10000/4]
Generation 100 | Best fitness (Train): 126824.17 | Best fitness in generation (Train): 126824.17 | Mean fitness (Train): 127105.46 | Mean fitness (Test): 126827.15
Generation 200 | Best fitness (Train): 107341.59 | Best fitness in generation (Train): 107341.59 | Mean fitness (Train): 108080.02 | Mean fitness (Test): 106248.34
Generation 300 | Best fitness (Train): 72584.90 | Best fitness in generation (Train): 72658.22 | Mean fitness (Train): 74480.08 | Mean fitness (Test): 52594.82
Generation 400 | Best fitness (Train): 70964.19 | Best fitness in generation (Train): 148284.31 | Mean fitness (Train): 154392.84 | Mean fitness (Test): 26021.22
Generation 500 | Best fitness (Train): 70964.19 | Best fitness in generation (Train): 143357.50 | Mean fitness (Train): 149738.53 | Mean fitness (Test): 32171.46
Generation 600 | Best fitness (Train): 70964.19 | Best fitness in generation (Train): 71700.43 | Mean fitness (Train): 75005.11 | Mean fitness (Test): 18474.69
Generation 700 | Best fitness (Train): 36519.36 | Best fitness in generation (Train): 36519.36 | Mean fitness (Train): 38039.63 | Mean fitness (Test): 9404.71
Generation 800 | Best fitness (Train): 19157.30 | Best fitness in generation (Train): 19157.30 | Mean fitness (Train): 19872.40 | Mean fitness (Test): 4950.89
Generation 900 | Best fitness (Train): 10051.95 | Best fitness in generation (Train): 10051.95 | Mean fitness (Train): 10475.93 | Mean fitness (Test): 2611.24
Generation 1000 | Best fitness (Train): 5254.53 | Best fitness in generation (Train): 5254.53 | Mean fitness (Train): 5482.23 | Mean fitness (Test): 1376.05
Generation 1100 | Best fitness (Train): 2769.36 | Best fitness in generation (Train): 2769.36 | Mean fitness (Train): 2877.96 | Mean fitness (Test): 727.92
Generation 1200 | Best fitness (Train): 1470.01 | Best fitness in generation (Train): 1470.01 | Mean fitness (Train): 1528.30 | Mean fitness (Test): 403.17
Generation 1300 | Best fitness (Train): 781.50 | Best fitness in generation (Train): 784.19 | Mean fitness (Train): 813.16 | Mean fitness (Test): 230.14
Generation 1400 | Best fitness (Train): 424.48 | Best fitness in generation (Train): 424.48 | Mean fitness (Train): 442.42 | Mean fitness (Test): 140.59
Generation 1500 | Best fitness (Train): 246.83 | Best fitness in generation (Train): 246.83 | Mean fitness (Train): 255.46 | Mean fitness (Test): 96.58
Generation 1600 | Best fitness (Train): 149.68 | Best fitness in generation (Train): 149.68 | Mean fitness (Train): 154.64 | Mean fitness (Test): 71.58
Generation 1700 | Best fitness (Train): 99.05 | Best fitness in generation (Train): 99.05 | Mean fitness (Train): 101.76 | Mean fitness (Test): 58.43
Generation 1800 | Best fitness (Train): 73.70 | Best fitness in generation (Train): 73.71 | Mean fitness (Train): 74.79 | Mean fitness (Test): 51.90
Generation 1900 | Best fitness (Train): 59.59 | Best fitness in generation (Train): 59.70 | Mean fitness (Train): 60.25 | Mean fitness (Test): 48.27
Generation 2000 | Best fitness (Train): 52.28 | Best fitness in generation (Train): 52.28 | Mean fitness (Train): 52.67 | Mean fitness (Test): 46.42
Generation 2100 | Best fitness (Train): 48.52 | Best fitness in generation (Train): 48.52 | Mean fitness (Train): 48.73 | Mean fitness (Test): 45.46
Generation 2200 | Best fitness (Train): 46.59 | Best fitness in generation (Train): 46.59 | Mean fitness (Train): 46.69 | Mean fitness (Test): 44.97
Generation 2300 | Best fitness (Train): 45.56 | Best fitness in generation (Train): 45.56 | Mean fitness (Train): 45.60 | Mean fitness (Test): 44.71
Generation 2400 | Best fitness (Train): 45.01 | Best fitness in generation (Train): 45.01 | Mean fitness (Train): 45.04 | Mean fitness (Test): 44.56
Generation 2500 | Best fitness (Train): 44.72 | Best fitness in generation (Train): 44.72 | Mean fitness (Train): 44.74 | Mean fitness (Test): 44.49
Generation 2600 | Best fitness (Train): 44.57 | Best fitness in generation (Train): 44.57 | Mean fitness (Train): 44.58 | Mean fitness (Test): 44.45
Generation 2700 | Best fitness (Train): 44.50 | Best fitness in generation (Train): 44.50 | Mean fitness (Train): 44.50 | Mean fitness (Test): 44.43
Generation 2800 | Best fitness (Train): 44.46 | Best fitness in generation (Train): 44.46 | Mean fitness (Train): 44.46 | Mean fitness (Test): 44.42
Generation 2900 | Best fitness (Train): 44.43 | Best fitness in generation (Train): 44.43 | Mean fitness (Train): 44.44 | Mean fitness (Test): 44.42
Generation 3000 | Best fitness (Train): 44.42 | Best fitness in generation (Train): 44.42 | Mean fitness (Train): 44.42 | Mean fitness (Test): 44.41
Generation 3100 | Best fitness (Train): 44.42 | Best fitness in generation (Train): 44.42 | Mean fitness (Train): 44.42 | Mean fitness (Test): 44.41
Generation 3200 | Best fitness (Train): 44.42 | Best fitness in generation (Train): 44.42 | Mean fitness (Train): 44.42 | Mean fitness (Test): 44.41
Generation 3300 | Best fitness (Train): 44.41 | Best fitness in generation (Train): 44.41 | Mean fitness (Train): 44.41 | Mean fitness (Test): 44.41
Generation 3400 | Best fitness (Train): 44.41 | Best fitness in generation (Train): 44.41 | Mean fitness (Train): 44.41 | Mean fitness (Test): 44.41
Generation 3500 | Best fitness (Train): 44.41 | Best fitness in generation (Train): 44.41 | Mean fitness (Train): 44.41 | Mean fitness (Test): 44.41
Generation 3600 | Best fitness (Train): 44.41 | Best fitness in generation (Train): 44.41 | Mean fitness (Train): 44.41 | Mean fitness (Test): 44.41
Generation 3700 | Best fitness (Train): 44.41 | Best fitness in generation (Train): 44.41 | Mean fitness (Train): 44.41 | Mean fitness (Test): 44.41
Generation 3800 | Best fitness (Train): 44.41 | Best fitness in generation (Train): 44.41 | Mean fitness (Train): 44.41 | Mean fitness (Test): 44.41
Generation 3900 | Best fitness (Train): 44.41 | Best fitness in generation (Train): 44.41 | Mean fitness (Train): 44.41 | Mean fitness (Test): 44.41
Generation 4000 | Best fitness (Train): 44.41 | Best fitness in generation (Train): 44.41 | Mean fitness (Train): 44.41 | Mean fitness (Test): 44.41
Running ES algorithms:  43%|██████████████████████████████████████████████████████▍                                                                        | 3/7 [01:27<01:55, 28.97s/it][A
running the experiment ... [../../results/BBOBProblem/sphere/CMA_ES_500_10000/0]
Generation 100 | Best fitness (Train): 126225.78 | Best fitness in generation (Train): 126225.78 | Mean fitness (Train): 126496.30 | Mean fitness (Test): 126222.98
Generation 200 | Best fitness (Train): 106879.59 | Best fitness in generation (Train): 106879.59 | Mean fitness (Train): 107610.65 | Mean fitness (Test): 105803.30
Generation 300 | Best fitness (Train): 72003.65 | Best fitness in generation (Train): 72003.65 | Mean fitness (Train): 74017.14 | Mean fitness (Test): 52499.70
Generation 400 | Best fitness (Train): 70699.92 | Best fitness in generation (Train): 147805.38 | Mean fitness (Train): 154196.14 | Mean fitness (Test): 25810.40
Generation 500 | Best fitness (Train): 70699.92 | Best fitness in generation (Train): 142335.44 | Mean fitness (Train): 148039.58 | Mean fitness (Test): 31274.20
Generation 600 | Best fitness (Train): 70699.92 | Best fitness in generation (Train): 71454.91 | Mean fitness (Train): 74308.43 | Mean fitness (Test): 18467.47
Generation 700 | Best fitness (Train): 35392.61 | Best fitness in generation (Train): 35392.61 | Mean fitness (Train): 36984.14 | Mean fitness (Test): 9191.12
Generation 800 | Best fitness (Train): 18389.75 | Best fitness in generation (Train): 18389.75 | Mean fitness (Train): 19156.89 | Mean fitness (Test): 4738.25
Generation 900 | Best fitness (Train): 9674.27 | Best fitness in generation (Train): 9674.27 | Mean fitness (Train): 10088.57 | Mean fitness (Test): 2470.17
Generation 1000 | Best fitness (Train): 5032.71 | Best fitness in generation (Train): 5032.71 | Mean fitness (Train): 5260.08 | Mean fitness (Test): 1324.16
Generation 1100 | Best fitness (Train): 2648.69 | Best fitness in generation (Train): 2648.69 | Mean fitness (Train): 2778.75 | Mean fitness (Test): 727.36
Generation 1200 | Best fitness (Train): 1392.15 | Best fitness in generation (Train): 1398.27 | Mean fitness (Train): 1455.64 | Mean fitness (Test): 383.84
Generation 1300 | Best fitness (Train): 750.89 | Best fitness in generation (Train): 753.90 | Mean fitness (Train): 781.91 | Mean fitness (Test): 224.27
Generation 1400 | Best fitness (Train): 410.66 | Best fitness in generation (Train): 410.66 | Mean fitness (Train): 424.92 | Mean fitness (Test): 137.24
Generation 1500 | Best fitness (Train): 235.19 | Best fitness in generation (Train): 235.19 | Mean fitness (Train): 242.75 | Mean fitness (Test): 93.01
Generation 1600 | Best fitness (Train): 144.90 | Best fitness in generation (Train): 144.90 | Mean fitness (Train): 148.79 | Mean fitness (Test): 70.22
Generation 1700 | Best fitness (Train): 96.61 | Best fitness in generation (Train): 96.61 | Mean fitness (Train): 98.80 | Mean fitness (Test): 57.86
Generation 1800 | Best fitness (Train): 71.71 | Best fitness in generation (Train): 71.71 | Mean fitness (Train): 72.83 | Mean fitness (Test): 51.40
Generation 1900 | Best fitness (Train): 58.64 | Best fitness in generation (Train): 58.69 | Mean fitness (Train): 59.24 | Mean fitness (Test): 48.03
Generation 2000 | Best fitness (Train): 51.71 | Best fitness in generation (Train): 51.71 | Mean fitness (Train): 52.15 | Mean fitness (Test): 46.32
Generation 2100 | Best fitness (Train): 48.29 | Best fitness in generation (Train): 48.29 | Mean fitness (Train): 48.44 | Mean fitness (Test): 45.38
Generation 2200 | Best fitness (Train): 46.47 | Best fitness in generation (Train): 46.47 | Mean fitness (Train): 46.54 | Mean fitness (Test): 44.94
Generation 2300 | Best fitness (Train): 45.46 | Best fitness in generation (Train): 45.46 | Mean fitness (Train): 45.50 | Mean fitness (Test): 44.68
Generation 2400 | Best fitness (Train): 44.95 | Best fitness in generation (Train): 44.95 | Mean fitness (Train): 44.98 | Mean fitness (Test): 44.55
Generation 2500 | Best fitness (Train): 44.70 | Best fitness in generation (Train): 44.70 | Mean fitness (Train): 44.71 | Mean fitness (Test): 44.48
Generation 2600 | Best fitness (Train): 44.56 | Best fitness in generation (Train): 44.56 | Mean fitness (Train): 44.57 | Mean fitness (Test): 44.45
Generation 2700 | Best fitness (Train): 44.49 | Best fitness in generation (Train): 44.49 | Mean fitness (Train): 44.49 | Mean fitness (Test): 44.43
Generation 2800 | Best fitness (Train): 44.45 | Best fitness in generation (Train): 44.45 | Mean fitness (Train): 44.45 | Mean fitness (Test): 44.42
Generation 2900 | Best fitness (Train): 44.43 | Best fitness in generation (Train): 44.43 | Mean fitness (Train): 44.43 | Mean fitness (Test): 44.42
Generation 3000 | Best fitness (Train): 44.42 | Best fitness in generation (Train): 44.42 | Mean fitness (Train): 44.42 | Mean fitness (Test): 44.41
Generation 3100 | Best fitness (Train): 44.42 | Best fitness in generation (Train): 44.42 | Mean fitness (Train): 44.42 | Mean fitness (Test): 44.41
Generation 3200 | Best fitness (Train): 44.41 | Best fitness in generation (Train): 44.41 | Mean fitness (Train): 44.42 | Mean fitness (Test): 44.41
Generation 3300 | Best fitness (Train): 44.41 | Best fitness in generation (Train): 44.41 | Mean fitness (Train): 44.41 | Mean fitness (Test): 44.41
Generation 3400 | Best fitness (Train): 44.41 | Best fitness in generation (Train): 44.41 | Mean fitness (Train): 44.41 | Mean fitness (Test): 44.41
Generation 3500 | Best fitness (Train): 44.41 | Best fitness in generation (Train): 44.41 | Mean fitness (Train): 44.41 | Mean fitness (Test): 44.41
Generation 3600 | Best fitness (Train): 44.41 | Best fitness in generation (Train): 44.41 | Mean fitness (Train): 44.41 | Mean fitness (Test): 44.41
Generation 3700 | Best fitness (Train): 44.41 | Best fitness in generation (Train): 44.41 | Mean fitness (Train): 44.41 | Mean fitness (Test): 44.41
Generation 3800 | Best fitness (Train): 44.41 | Best fitness in generation (Train): 44.41 | Mean fitness (Train): 44.41 | Mean fitness (Test): 44.41
Generation 3900 | Best fitness (Train): 44.41 | Best fitness in generation (Train): 44.41 | Mean fitness (Train): 44.41 | Mean fitness (Test): 44.41
Generation 4000 | Best fitness (Train): 44.41 | Best fitness in generation (Train): 44.41 | Mean fitness (Train): 44.41 | Mean fitness (Test): 44.41
running the experiment ... [../../results/BBOBProblem/sphere/CMA_ES_500_10000/1]
Generation 100 | Best fitness (Train): 127598.94 | Best fitness in generation (Train): 127598.94 | Mean fitness (Train): 127874.20 | Mean fitness (Test): 127606.02
Generation 200 | Best fitness (Train): 108199.84 | Best fitness in generation (Train): 108199.84 | Mean fitness (Train): 109067.72 | Mean fitness (Test): 107280.29
Generation 300 | Best fitness (Train): 73037.52 | Best fitness in generation (Train): 73037.52 | Mean fitness (Train): 75399.88 | Mean fitness (Test): 54369.25
Generation 400 | Best fitness (Train): 71574.45 | Best fitness in generation (Train): 148307.44 | Mean fitness (Train): 154546.62 | Mean fitness (Test): 26379.31
Generation 500 | Best fitness (Train): 71574.45 | Best fitness in generation (Train): 146393.66 | Mean fitness (Train): 152259.88 | Mean fitness (Test): 32335.05
Generation 600 | Best fitness (Train): 71574.45 | Best fitness in generation (Train): 73958.24 | Mean fitness (Train): 76486.53 | Mean fitness (Test): 18652.78
Generation 700 | Best fitness (Train): 36684.33 | Best fitness in generation (Train): 36684.33 | Mean fitness (Train): 38447.11 | Mean fitness (Test): 9729.62
Generation 800 | Best fitness (Train): 19107.13 | Best fitness in generation (Train): 19107.13 | Mean fitness (Train): 19935.26 | Mean fitness (Test): 4953.08
Generation 900 | Best fitness (Train): 9996.37 | Best fitness in generation (Train): 9996.37 | Mean fitness (Train): 10535.13 | Mean fitness (Test): 2623.97
Generation 1000 | Best fitness (Train): 5294.71 | Best fitness in generation (Train): 5294.71 | Mean fitness (Train): 5533.88 | Mean fitness (Test): 1392.38
Generation 1100 | Best fitness (Train): 2723.35 | Best fitness in generation (Train): 2723.35 | Mean fitness (Train): 2841.36 | Mean fitness (Test): 719.82
Generation 1200 | Best fitness (Train): 1444.50 | Best fitness in generation (Train): 1444.50 | Mean fitness (Train): 1524.57 | Mean fitness (Test): 409.82
Generation 1300 | Best fitness (Train): 773.17 | Best fitness in generation (Train): 773.17 | Mean fitness (Train): 806.53 | Mean fitness (Test): 231.32
Generation 1400 | Best fitness (Train): 429.33 | Best fitness in generation (Train): 429.33 | Mean fitness (Train): 441.87 | Mean fitness (Test): 140.41
Generation 1500 | Best fitness (Train): 242.94 | Best fitness in generation (Train): 242.94 | Mean fitness (Train): 251.63 | Mean fitness (Test): 94.56
Generation 1600 | Best fitness (Train): 149.14 | Best fitness in generation (Train): 149.14 | Mean fitness (Train): 153.40 | Mean fitness (Test): 71.18
Generation 1700 | Best fitness (Train): 99.43 | Best fitness in generation (Train): 99.43 | Mean fitness (Train): 101.45 | Mean fitness (Test): 58.54
Generation 1800 | Best fitness (Train): 72.92 | Best fitness in generation (Train): 72.97 | Mean fitness (Train): 74.10 | Mean fitness (Test): 51.70
Generation 1900 | Best fitness (Train): 59.22 | Best fitness in generation (Train): 59.22 | Mean fitness (Train): 59.89 | Mean fitness (Test): 48.21
Generation 2000 | Best fitness (Train): 52.09 | Best fitness in generation (Train): 52.09 | Mean fitness (Train): 52.46 | Mean fitness (Test): 46.36
Generation 2100 | Best fitness (Train): 48.51 | Best fitness in generation (Train): 48.51 | Mean fitness (Train): 48.66 | Mean fitness (Test): 45.44
Generation 2200 | Best fitness (Train): 46.52 | Best fitness in generation (Train): 46.53 | Mean fitness (Train): 46.62 | Mean fitness (Test): 44.95
Generation 2300 | Best fitness (Train): 45.53 | Best fitness in generation (Train): 45.53 | Mean fitness (Train): 45.57 | Mean fitness (Test): 44.70
Generation 2400 | Best fitness (Train): 44.99 | Best fitness in generation (Train): 44.99 | Mean fitness (Train): 45.01 | Mean fitness (Test): 44.56
Generation 2500 | Best fitness (Train): 44.71 | Best fitness in generation (Train): 44.71 | Mean fitness (Train): 44.72 | Mean fitness (Test): 44.49
Generation 2600 | Best fitness (Train): 44.57 | Best fitness in generation (Train): 44.57 | Mean fitness (Train): 44.58 | Mean fitness (Test): 44.45
Generation 2700 | Best fitness (Train): 44.49 | Best fitness in generation (Train): 44.49 | Mean fitness (Train): 44.50 | Mean fitness (Test): 44.43
Generation 2800 | Best fitness (Train): 44.45 | Best fitness in generation (Train): 44.45 | Mean fitness (Train): 44.46 | Mean fitness (Test): 44.42
Generation 2900 | Best fitness (Train): 44.43 | Best fitness in generation (Train): 44.43 | Mean fitness (Train): 44.43 | Mean fitness (Test): 44.42
Generation 3000 | Best fitness (Train): 44.42 | Best fitness in generation (Train): 44.42 | Mean fitness (Train): 44.42 | Mean fitness (Test): 44.41
Generation 3100 | Best fitness (Train): 44.42 | Best fitness in generation (Train): 44.42 | Mean fitness (Train): 44.42 | Mean fitness (Test): 44.41
Generation 3200 | Best fitness (Train): 44.41 | Best fitness in generation (Train): 44.41 | Mean fitness (Train): 44.42 | Mean fitness (Test): 44.41
Generation 3300 | Best fitness (Train): 44.41 | Best fitness in generation (Train): 44.41 | Mean fitness (Train): 44.41 | Mean fitness (Test): 44.41
Generation 3400 | Best fitness (Train): 44.41 | Best fitness in generation (Train): 44.41 | Mean fitness (Train): 44.41 | Mean fitness (Test): 44.41
Generation 3500 | Best fitness (Train): 44.41 | Best fitness in generation (Train): 44.41 | Mean fitness (Train): 44.41 | Mean fitness (Test): 44.41
Generation 3600 | Best fitness (Train): 44.41 | Best fitness in generation (Train): 44.41 | Mean fitness (Train): 44.41 | Mean fitness (Test): 44.41
Generation 3700 | Best fitness (Train): 44.41 | Best fitness in generation (Train): 44.41 | Mean fitness (Train): 44.41 | Mean fitness (Test): 44.41
Generation 3800 | Best fitness (Train): 44.41 | Best fitness in generation (Train): 44.41 | Mean fitness (Train): 44.41 | Mean fitness (Test): 44.41
Generation 3900 | Best fitness (Train): 44.41 | Best fitness in generation (Train): 44.41 | Mean fitness (Train): 44.41 | Mean fitness (Test): 44.41
Generation 4000 | Best fitness (Train): 44.41 | Best fitness in generation (Train): 44.41 | Mean fitness (Train): 44.41 | Mean fitness (Test): 44.41
running the experiment ... [../../results/BBOBProblem/sphere/CMA_ES_500_10000/2]
Generation 100 | Best fitness (Train): 129437.61 | Best fitness in generation (Train): 129437.61 | Mean fitness (Train): 129694.72 | Mean fitness (Test): 129421.54
Generation 200 | Best fitness (Train): 110034.76 | Best fitness in generation (Train): 110034.76 | Mean fitness (Train): 110739.21 | Mean fitness (Test): 108927.76
Generation 300 | Best fitness (Train): 73876.71 | Best fitness in generation (Train): 73876.71 | Mean fitness (Train): 76323.65 | Mean fitness (Test): 54854.22
Generation 400 | Best fitness (Train): 72951.34 | Best fitness in generation (Train): 146916.48 | Mean fitness (Train): 153924.28 | Mean fitness (Test): 26150.78
Generation 500 | Best fitness (Train): 72951.34 | Best fitness in generation (Train): 143486.56 | Mean fitness (Train): 150741.98 | Mean fitness (Test): 32034.82
Generation 600 | Best fitness (Train): 72564.89 | Best fitness in generation (Train): 72564.89 | Mean fitness (Train): 75401.75 | Mean fitness (Test): 18246.63
Generation 700 | Best fitness (Train): 36408.79 | Best fitness in generation (Train): 36408.79 | Mean fitness (Train): 37978.55 | Mean fitness (Test): 9375.67
Generation 800 | Best fitness (Train): 19045.57 | Best fitness in generation (Train): 19045.57 | Mean fitness (Train): 19768.65 | Mean fitness (Test): 4818.12
Generation 900 | Best fitness (Train): 9841.39 | Best fitness in generation (Train): 9953.61 | Mean fitness (Train): 10337.62 | Mean fitness (Test): 2572.58
Generation 1000 | Best fitness (Train): 5133.85 | Best fitness in generation (Train): 5144.41 | Mean fitness (Train): 5379.47 | Mean fitness (Test): 1324.16
Generation 1100 | Best fitness (Train): 2719.99 | Best fitness in generation (Train): 2719.99 | Mean fitness (Train): 2823.19 | Mean fitness (Test): 716.60
Generation 1200 | Best fitness (Train): 1432.90 | Best fitness in generation (Train): 1435.39 | Mean fitness (Train): 1486.80 | Mean fitness (Test): 388.79
Generation 1300 | Best fitness (Train): 760.89 | Best fitness in generation (Train): 760.89 | Mean fitness (Train): 800.75 | Mean fitness (Test): 230.31
Generation 1400 | Best fitness (Train): 409.52 | Best fitness in generation (Train): 409.52 | Mean fitness (Train): 428.81 | Mean fitness (Test): 138.04
Generation 1500 | Best fitness (Train): 239.48 | Best fitness in generation (Train): 240.28 | Mean fitness (Train): 246.65 | Mean fitness (Test): 94.74
Generation 1600 | Best fitness (Train): 145.47 | Best fitness in generation (Train): 145.47 | Mean fitness (Train): 149.23 | Mean fitness (Test): 69.83
Generation 1700 | Best fitness (Train): 96.89 | Best fitness in generation (Train): 96.89 | Mean fitness (Train): 99.19 | Mean fitness (Test): 57.73
Generation 1800 | Best fitness (Train): 71.65 | Best fitness in generation (Train): 71.69 | Mean fitness (Train): 72.81 | Mean fitness (Test): 51.22
Generation 1900 | Best fitness (Train): 58.64 | Best fitness in generation (Train): 58.64 | Mean fitness (Train): 59.39 | Mean fitness (Test): 48.16
Generation 2000 | Best fitness (Train): 51.85 | Best fitness in generation (Train): 51.85 | Mean fitness (Train): 52.14 | Mean fitness (Test): 46.32
Generation 2100 | Best fitness (Train): 48.25 | Best fitness in generation (Train): 48.27 | Mean fitness (Train): 48.43 | Mean fitness (Test): 45.40
Generation 2200 | Best fitness (Train): 46.39 | Best fitness in generation (Train): 46.39 | Mean fitness (Train): 46.49 | Mean fitness (Test): 44.92
Generation 2300 | Best fitness (Train): 45.47 | Best fitness in generation (Train): 45.47 | Mean fitness (Train): 45.51 | Mean fitness (Test): 44.68
Generation 2400 | Best fitness (Train): 44.96 | Best fitness in generation (Train): 44.96 | Mean fitness (Train): 44.99 | Mean fitness (Test): 44.55
Generation 2500 | Best fitness (Train): 44.70 | Best fitness in generation (Train): 44.70 | Mean fitness (Train): 44.71 | Mean fitness (Test): 44.49
Generation 2600 | Best fitness (Train): 44.56 | Best fitness in generation (Train): 44.56 | Mean fitness (Train): 44.57 | Mean fitness (Test): 44.45
Generation 2700 | Best fitness (Train): 44.49 | Best fitness in generation (Train): 44.49 | Mean fitness (Train): 44.49 | Mean fitness (Test): 44.43
Generation 2800 | Best fitness (Train): 44.45 | Best fitness in generation (Train): 44.45 | Mean fitness (Train): 44.46 | Mean fitness (Test): 44.42
Generation 2900 | Best fitness (Train): 44.43 | Best fitness in generation (Train): 44.43 | Mean fitness (Train): 44.43 | Mean fitness (Test): 44.42
Generation 3000 | Best fitness (Train): 44.42 | Best fitness in generation (Train): 44.42 | Mean fitness (Train): 44.42 | Mean fitness (Test): 44.41
Generation 3100 | Best fitness (Train): 44.42 | Best fitness in generation (Train): 44.42 | Mean fitness (Train): 44.42 | Mean fitness (Test): 44.41
Generation 3200 | Best fitness (Train): 44.41 | Best fitness in generation (Train): 44.41 | Mean fitness (Train): 44.42 | Mean fitness (Test): 44.41
Generation 3300 | Best fitness (Train): 44.41 | Best fitness in generation (Train): 44.41 | Mean fitness (Train): 44.41 | Mean fitness (Test): 44.41
Generation 3400 | Best fitness (Train): 44.41 | Best fitness in generation (Train): 44.41 | Mean fitness (Train): 44.41 | Mean fitness (Test): 44.41
Generation 3500 | Best fitness (Train): 44.41 | Best fitness in generation (Train): 44.41 | Mean fitness (Train): 44.41 | Mean fitness (Test): 44.41
Generation 3600 | Best fitness (Train): 44.41 | Best fitness in generation (Train): 44.41 | Mean fitness (Train): 44.41 | Mean fitness (Test): 44.41
Generation 3700 | Best fitness (Train): 44.41 | Best fitness in generation (Train): 44.41 | Mean fitness (Train): 44.41 | Mean fitness (Test): 44.41
Generation 3800 | Best fitness (Train): 44.41 | Best fitness in generation (Train): 44.41 | Mean fitness (Train): 44.41 | Mean fitness (Test): 44.41
Generation 3900 | Best fitness (Train): 44.41 | Best fitness in generation (Train): 44.41 | Mean fitness (Train): 44.41 | Mean fitness (Test): 44.41
Generation 4000 | Best fitness (Train): 44.41 | Best fitness in generation (Train): 44.41 | Mean fitness (Train): 44.41 | Mean fitness (Test): 44.41
running the experiment ... [../../results/BBOBProblem/sphere/CMA_ES_500_10000/3]
Generation 100 | Best fitness (Train): 129179.59 | Best fitness in generation (Train): 129179.59 | Mean fitness (Train): 129428.66 | Mean fitness (Test): 129162.45
Generation 200 | Best fitness (Train): 109927.42 | Best fitness in generation (Train): 109927.42 | Mean fitness (Train): 110579.02 | Mean fitness (Test): 108799.54
Generation 300 | Best fitness (Train): 73910.66 | Best fitness in generation (Train): 73910.66 | Mean fitness (Train): 76085.75 | Mean fitness (Test): 54965.25
Generation 400 | Best fitness (Train): 72360.49 | Best fitness in generation (Train): 149453.12 | Mean fitness (Train): 154468.50 | Mean fitness (Test): 26618.98
Generation 500 | Best fitness (Train): 72360.49 | Best fitness in generation (Train): 145421.28 | Mean fitness (Train): 152669.45 | Mean fitness (Test): 32425.38
Generation 600 | Best fitness (Train): 72360.49 | Best fitness in generation (Train): 73891.52 | Mean fitness (Train): 76284.18 | Mean fitness (Test): 18563.10
Generation 700 | Best fitness (Train): 37015.98 | Best fitness in generation (Train): 37015.98 | Mean fitness (Train): 38494.34 | Mean fitness (Test): 9622.96
Generation 800 | Best fitness (Train): 19379.43 | Best fitness in generation (Train): 19379.43 | Mean fitness (Train): 20161.35 | Mean fitness (Test): 4989.46
Generation 900 | Best fitness (Train): 10241.42 | Best fitness in generation (Train): 10241.42 | Mean fitness (Train): 10689.37 | Mean fitness (Test): 2632.89
Generation 1000 | Best fitness (Train): 5368.03 | Best fitness in generation (Train): 5368.03 | Mean fitness (Train): 5583.35 | Mean fitness (Test): 1403.98
Generation 1100 | Best fitness (Train): 2823.49 | Best fitness in generation (Train): 2823.49 | Mean fitness (Train): 2941.72 | Mean fitness (Test): 769.11
Generation 1200 | Best fitness (Train): 1481.77 | Best fitness in generation (Train): 1481.77 | Mean fitness (Train): 1542.25 | Mean fitness (Test): 408.17
Generation 1300 | Best fitness (Train): 788.53 | Best fitness in generation (Train): 788.53 | Mean fitness (Train): 822.55 | Mean fitness (Test): 232.25
Generation 1400 | Best fitness (Train): 429.12 | Best fitness in generation (Train): 429.12 | Mean fitness (Train): 447.94 | Mean fitness (Test): 144.58
Generation 1500 | Best fitness (Train): 244.83 | Best fitness in generation (Train): 245.32 | Mean fitness (Train): 252.10 | Mean fitness (Test): 94.71
Generation 1600 | Best fitness (Train): 148.65 | Best fitness in generation (Train): 148.65 | Mean fitness (Train): 152.81 | Mean fitness (Test): 70.87
Generation 1700 | Best fitness (Train): 98.77 | Best fitness in generation (Train): 98.77 | Mean fitness (Train): 101.01 | Mean fitness (Test): 58.44
Generation 1800 | Best fitness (Train): 72.42 | Best fitness in generation (Train): 72.42 | Mean fitness (Train): 73.53 | Mean fitness (Test): 51.46
Generation 1900 | Best fitness (Train): 59.16 | Best fitness in generation (Train): 59.16 | Mean fitness (Train): 59.71 | Mean fitness (Test): 48.13
Generation 2000 | Best fitness (Train): 52.03 | Best fitness in generation (Train): 52.03 | Mean fitness (Train): 52.40 | Mean fitness (Test): 46.39
Generation 2100 | Best fitness (Train): 48.41 | Best fitness in generation (Train): 48.41 | Mean fitness (Train): 48.59 | Mean fitness (Test): 45.43
Generation 2200 | Best fitness (Train): 46.52 | Best fitness in generation (Train): 46.52 | Mean fitness (Train): 46.61 | Mean fitness (Test): 44.95
Generation 2300 | Best fitness (Train): 45.51 | Best fitness in generation (Train): 45.51 | Mean fitness (Train): 45.56 | Mean fitness (Test): 44.69
Generation 2400 | Best fitness (Train): 44.98 | Best fitness in generation (Train): 44.98 | Mean fitness (Train): 45.01 | Mean fitness (Test): 44.56
Generation 2500 | Best fitness (Train): 44.71 | Best fitness in generation (Train): 44.71 | Mean fitness (Train): 44.73 | Mean fitness (Test): 44.49
Generation 2600 | Best fitness (Train): 44.57 | Best fitness in generation (Train): 44.57 | Mean fitness (Train): 44.57 | Mean fitness (Test): 44.45
Generation 2700 | Best fitness (Train): 44.49 | Best fitness in generation (Train): 44.49 | Mean fitness (Train): 44.50 | Mean fitness (Test): 44.43
Generation 2800 | Best fitness (Train): 44.45 | Best fitness in generation (Train): 44.45 | Mean fitness (Train): 44.46 | Mean fitness (Test): 44.42
Generation 2900 | Best fitness (Train): 44.43 | Best fitness in generation (Train): 44.43 | Mean fitness (Train): 44.43 | Mean fitness (Test): 44.42
Generation 3000 | Best fitness (Train): 44.42 | Best fitness in generation (Train): 44.42 | Mean fitness (Train): 44.42 | Mean fitness (Test): 44.41
Generation 3100 | Best fitness (Train): 44.42 | Best fitness in generation (Train): 44.42 | Mean fitness (Train): 44.42 | Mean fitness (Test): 44.41
Generation 3200 | Best fitness (Train): 44.42 | Best fitness in generation (Train): 44.42 | Mean fitness (Train): 44.42 | Mean fitness (Test): 44.41
Generation 3300 | Best fitness (Train): 44.41 | Best fitness in generation (Train): 44.41 | Mean fitness (Train): 44.41 | Mean fitness (Test): 44.41
Generation 3400 | Best fitness (Train): 44.41 | Best fitness in generation (Train): 44.41 | Mean fitness (Train): 44.41 | Mean fitness (Test): 44.41
Generation 3500 | Best fitness (Train): 44.41 | Best fitness in generation (Train): 44.41 | Mean fitness (Train): 44.41 | Mean fitness (Test): 44.41
Generation 3600 | Best fitness (Train): 44.41 | Best fitness in generation (Train): 44.41 | Mean fitness (Train): 44.41 | Mean fitness (Test): 44.41
Generation 3700 | Best fitness (Train): 44.41 | Best fitness in generation (Train): 44.41 | Mean fitness (Train): 44.41 | Mean fitness (Test): 44.41
Generation 3800 | Best fitness (Train): 44.41 | Best fitness in generation (Train): 44.41 | Mean fitness (Train): 44.41 | Mean fitness (Test): 44.41
Generation 3900 | Best fitness (Train): 44.41 | Best fitness in generation (Train): 44.41 | Mean fitness (Train): 44.41 | Mean fitness (Test): 44.41
Generation 4000 | Best fitness (Train): 44.41 | Best fitness in generation (Train): 44.41 | Mean fitness (Train): 44.41 | Mean fitness (Test): 44.41
running the experiment ... [../../results/BBOBProblem/sphere/CMA_ES_500_10000/4]
Generation 100 | Best fitness (Train): 126977.61 | Best fitness in generation (Train): 126977.61 | Mean fitness (Train): 127249.19 | Mean fitness (Test): 126978.98
Generation 200 | Best fitness (Train): 107784.04 | Best fitness in generation (Train): 107784.04 | Mean fitness (Train): 108622.90 | Mean fitness (Test): 106850.05
Generation 300 | Best fitness (Train): 72505.94 | Best fitness in generation (Train): 72537.79 | Mean fitness (Train): 74506.67 | Mean fitness (Test): 53848.86
Generation 400 | Best fitness (Train): 70741.13 | Best fitness in generation (Train): 144542.19 | Mean fitness (Train): 150738.44 | Mean fitness (Test): 25476.31
Generation 500 | Best fitness (Train): 70741.13 | Best fitness in generation (Train): 140581.72 | Mean fitness (Train): 146945.77 | Mean fitness (Test): 30720.38
Generation 600 | Best fitness (Train): 70741.13 | Best fitness in generation (Train): 71285.38 | Mean fitness (Train): 73926.98 | Mean fitness (Test): 18132.51
Generation 700 | Best fitness (Train): 35345.19 | Best fitness in generation (Train): 35345.19 | Mean fitness (Train): 36739.94 | Mean fitness (Test): 9180.01
Generation 800 | Best fitness (Train): 18335.24 | Best fitness in generation (Train): 18335.24 | Mean fitness (Train): 19181.56 | Mean fitness (Test): 4658.21
Generation 900 | Best fitness (Train): 9844.38 | Best fitness in generation (Train): 9851.29 | Mean fitness (Train): 10206.07 | Mean fitness (Test): 2539.73
Generation 1000 | Best fitness (Train): 5062.75 | Best fitness in generation (Train): 5062.75 | Mean fitness (Train): 5296.02 | Mean fitness (Test): 1326.75
Generation 1100 | Best fitness (Train): 2669.90 | Best fitness in generation (Train): 2669.90 | Mean fitness (Train): 2798.25 | Mean fitness (Test): 711.00
Generation 1200 | Best fitness (Train): 1394.45 | Best fitness in generation (Train): 1394.45 | Mean fitness (Train): 1461.96 | Mean fitness (Test): 381.67
Generation 1300 | Best fitness (Train): 755.89 | Best fitness in generation (Train): 755.89 | Mean fitness (Train): 787.11 | Mean fitness (Test): 223.23
Generation 1400 | Best fitness (Train): 421.14 | Best fitness in generation (Train): 421.14 | Mean fitness (Train): 438.48 | Mean fitness (Test): 142.67
Generation 1500 | Best fitness (Train): 240.87 | Best fitness in generation (Train): 240.97 | Mean fitness (Train): 248.90 | Mean fitness (Test): 95.16
Generation 1600 | Best fitness (Train): 145.35 | Best fitness in generation (Train): 145.35 | Mean fitness (Train): 149.44 | Mean fitness (Test): 69.72
Generation 1700 | Best fitness (Train): 97.42 | Best fitness in generation (Train): 97.52 | Mean fitness (Train): 99.95 | Mean fitness (Test): 58.18
Generation 1800 | Best fitness (Train): 71.74 | Best fitness in generation (Train): 71.74 | Mean fitness (Train): 73.12 | Mean fitness (Test): 51.55
Generation 1900 | Best fitness (Train): 58.81 | Best fitness in generation (Train): 58.87 | Mean fitness (Train): 59.38 | Mean fitness (Test): 48.05
Generation 2000 | Best fitness (Train): 51.97 | Best fitness in generation (Train): 51.97 | Mean fitness (Train): 52.29 | Mean fitness (Test): 46.34
Generation 2100 | Best fitness (Train): 48.34 | Best fitness in generation (Train): 48.34 | Mean fitness (Train): 48.51 | Mean fitness (Test): 45.41
Generation 2200 | Best fitness (Train): 46.47 | Best fitness in generation (Train): 46.47 | Mean fitness (Train): 46.56 | Mean fitness (Test): 44.94
Generation 2300 | Best fitness (Train): 45.49 | Best fitness in generation (Train): 45.49 | Mean fitness (Train): 45.54 | Mean fitness (Test): 44.69
Generation 2400 | Best fitness (Train): 44.98 | Best fitness in generation (Train): 44.98 | Mean fitness (Train): 45.00 | Mean fitness (Test): 44.56
Generation 2500 | Best fitness (Train): 44.71 | Best fitness in generation (Train): 44.71 | Mean fitness (Train): 44.72 | Mean fitness (Test): 44.49
Generation 2600 | Best fitness (Train): 44.57 | Best fitness in generation (Train): 44.57 | Mean fitness (Train): 44.57 | Mean fitness (Test): 44.45
Generation 2700 | Best fitness (Train): 44.49 | Best fitness in generation (Train): 44.49 | Mean fitness (Train): 44.50 | Mean fitness (Test): 44.43
Generation 2800 | Best fitness (Train): 44.45 | Best fitness in generation (Train): 44.45 | Mean fitness (Train): 44.46 | Mean fitness (Test): 44.42
Generation 2900 | Best fitness (Train): 44.43 | Best fitness in generation (Train): 44.43 | Mean fitness (Train): 44.43 | Mean fitness (Test): 44.42
Generation 3000 | Best fitness (Train): 44.42 | Best fitness in generation (Train): 44.42 | Mean fitness (Train): 44.42 | Mean fitness (Test): 44.41
Generation 3100 | Best fitness (Train): 44.42 | Best fitness in generation (Train): 44.42 | Mean fitness (Train): 44.42 | Mean fitness (Test): 44.41
Generation 3200 | Best fitness (Train): 44.41 | Best fitness in generation (Train): 44.41 | Mean fitness (Train): 44.42 | Mean fitness (Test): 44.41
Generation 3300 | Best fitness (Train): 44.41 | Best fitness in generation (Train): 44.41 | Mean fitness (Train): 44.41 | Mean fitness (Test): 44.41
Generation 3400 | Best fitness (Train): 44.41 | Best fitness in generation (Train): 44.41 | Mean fitness (Train): 44.41 | Mean fitness (Test): 44.41
Generation 3500 | Best fitness (Train): 44.41 | Best fitness in generation (Train): 44.41 | Mean fitness (Train): 44.41 | Mean fitness (Test): 44.41
Generation 3600 | Best fitness (Train): 44.41 | Best fitness in generation (Train): 44.41 | Mean fitness (Train): 44.41 | Mean fitness (Test): 44.41
Generation 3700 | Best fitness (Train): 44.41 | Best fitness in generation (Train): 44.41 | Mean fitness (Train): 44.41 | Mean fitness (Test): 44.41
Generation 3800 | Best fitness (Train): 44.41 | Best fitness in generation (Train): 44.41 | Mean fitness (Train): 44.41 | Mean fitness (Test): 44.41
Generation 3900 | Best fitness (Train): 44.41 | Best fitness in generation (Train): 44.41 | Mean fitness (Train): 44.41 | Mean fitness (Test): 44.41
Generation 4000 | Best fitness (Train): 44.41 | Best fitness in generation (Train): 44.41 | Mean fitness (Train): 44.41 | Mean fitness (Test): 44.41
Running ES algorithms:  57%|████████████████████████████████████████████████████████████████████████▌                                                      | 4/7 [01:59<01:30, 30.28s/it][A
running the experiment ... [../../results/BBOBProblem/sphere/LearnedES_500_10000/0]
Generation 100 | Best fitness (Train): 123111.79 | Best fitness in generation (Train): 123111.79 | Mean fitness (Train): 123292.18 | Mean fitness (Test): 123100.12
Generation 200 | Best fitness (Train): 112118.10 | Best fitness in generation (Train): 112118.10 | Mean fitness (Train): 112269.83 | Mean fitness (Test): 112079.95
Generation 300 | Best fitness (Train): 109077.21 | Best fitness in generation (Train): nan | Mean fitness (Train): nan | Mean fitness (Test): nan
Generation 400 | Best fitness (Train): 109077.21 | Best fitness in generation (Train): nan | Mean fitness (Train): nan | Mean fitness (Test): nan
Generation 500 | Best fitness (Train): 109077.21 | Best fitness in generation (Train): nan | Mean fitness (Train): nan | Mean fitness (Test): nan
Generation 600 | Best fitness (Train): 109077.21 | Best fitness in generation (Train): nan | Mean fitness (Train): nan | Mean fitness (Test): nan
Generation 700 | Best fitness (Train): 109077.21 | Best fitness in generation (Train): nan | Mean fitness (Train): nan | Mean fitness (Test): nan
Generation 800 | Best fitness (Train): 109077.21 | Best fitness in generation (Train): nan | Mean fitness (Train): nan | Mean fitness (Test): nan
Generation 900 | Best fitness (Train): 109077.21 | Best fitness in generation (Train): nan | Mean fitness (Train): nan | Mean fitness (Test): nan
Generation 1000 | Best fitness (Train): 109077.21 | Best fitness in generation (Train): nan | Mean fitness (Train): nan | Mean fitness (Test): nan
Generation 1100 | Best fitness (Train): 109077.21 | Best fitness in generation (Train): nan | Mean fitness (Train): nan | Mean fitness (Test): nan
Generation 1200 | Best fitness (Train): 109077.21 | Best fitness in generation (Train): nan | Mean fitness (Train): nan | Mean fitness (Test): nan
Generation 1300 | Best fitness (Train): 109077.21 | Best fitness in generation (Train): nan | Mean fitness (Train): nan | Mean fitness (Test): nan
Generation 1400 | Best fitness (Train): 109077.21 | Best fitness in generation (Train): nan | Mean fitness (Train): nan | Mean fitness (Test): nan
Generation 1500 | Best fitness (Train): 109077.21 | Best fitness in generation (Train): nan | Mean fitness (Train): nan | Mean fitness (Test): nan
Generation 1600 | Best fitness (Train): 109077.21 | Best fitness in generation (Train): nan | Mean fitness (Train): nan | Mean fitness (Test): nan
Generation 1700 | Best fitness (Train): 109077.21 | Best fitness in generation (Train): nan | Mean fitness (Train): nan | Mean fitness (Test): nan
Generation 1800 | Best fitness (Train): 109077.21 | Best fitness in generation (Train): nan | Mean fitness (Train): nan | Mean fitness (Test): nan
Generation 1900 | Best fitness (Train): 109077.21 | Best fitness in generation (Train): nan | Mean fitness (Train): nan | Mean fitness (Test): nan
Generation 2000 | Best fitness (Train): 109077.21 | Best fitness in generation (Train): nan | Mean fitness (Train): nan | Mean fitness (Test): nan
Generation 2100 | Best fitness (Train): 109077.21 | Best fitness in generation (Train): nan | Mean fitness (Train): nan | Mean fitness (Test): nan
Generation 2200 | Best fitness (Train): 109077.21 | Best fitness in generation (Train): nan | Mean fitness (Train): nan | Mean fitness (Test): nan
Generation 2300 | Best fitness (Train): 109077.21 | Best fitness in generation (Train): nan | Mean fitness (Train): nan | Mean fitness (Test): nan
Generation 2400 | Best fitness (Train): 109077.21 | Best fitness in generation (Train): nan | Mean fitness (Train): nan | Mean fitness (Test): nan
Generation 2500 | Best fitness (Train): 109077.21 | Best fitness in generation (Train): nan | Mean fitness (Train): nan | Mean fitness (Test): nan
Generation 2600 | Best fitness (Train): 109077.21 | Best fitness in generation (Train): nan | Mean fitness (Train): nan | Mean fitness (Test): nan
Generation 2700 | Best fitness (Train): 109077.21 | Best fitness in generation (Train): nan | Mean fitness (Train): nan | Mean fitness (Test): nan
Generation 2800 | Best fitness (Train): 109077.21 | Best fitness in generation (Train): nan | Mean fitness (Train): nan | Mean fitness (Test): nan
Generation 2900 | Best fitness (Train): 109077.21 | Best fitness in generation (Train): nan | Mean fitness (Train): nan | Mean fitness (Test): nan
Generation 3000 | Best fitness (Train): 109077.21 | Best fitness in generation (Train): nan | Mean fitness (Train): nan | Mean fitness (Test): nan
Generation 3100 | Best fitness (Train): 109077.21 | Best fitness in generation (Train): nan | Mean fitness (Train): nan | Mean fitness (Test): nan
Generation 3200 | Best fitness (Train): 109077.21 | Best fitness in generation (Train): nan | Mean fitness (Train): nan | Mean fitness (Test): nan
Generation 3300 | Best fitness (Train): 109077.21 | Best fitness in generation (Train): nan | Mean fitness (Train): nan | Mean fitness (Test): nan
Generation 3400 | Best fitness (Train): 109077.21 | Best fitness in generation (Train): nan | Mean fitness (Train): nan | Mean fitness (Test): nan
Generation 3500 | Best fitness (Train): 109077.21 | Best fitness in generation (Train): nan | Mean fitness (Train): nan | Mean fitness (Test): nan
Generation 3600 | Best fitness (Train): 109077.21 | Best fitness in generation (Train): nan | Mean fitness (Train): nan | Mean fitness (Test): nan
Generation 3700 | Best fitness (Train): 109077.21 | Best fitness in generation (Train): nan | Mean fitness (Train): nan | Mean fitness (Test): nan
Generation 3800 | Best fitness (Train): 109077.21 | Best fitness in generation (Train): nan | Mean fitness (Train): nan | Mean fitness (Test): nan
Generation 3900 | Best fitness (Train): 109077.21 | Best fitness in generation (Train): nan | Mean fitness (Train): nan | Mean fitness (Test): nan
Generation 4000 | Best fitness (Train): 109077.21 | Best fitness in generation (Train): nan | Mean fitness (Train): nan | Mean fitness (Test): nan
running the experiment ... [../../results/BBOBProblem/sphere/LearnedES_500_10000/1]
Generation 100 | Best fitness (Train): 135951.59 | Best fitness in generation (Train): nan | Mean fitness (Train): nan | Mean fitness (Test): nan
Generation 200 | Best fitness (Train): 135951.59 | Best fitness in generation (Train): nan | Mean fitness (Train): nan | Mean fitness (Test): nan
Generation 300 | Best fitness (Train): 135951.59 | Best fitness in generation (Train): nan | Mean fitness (Train): nan | Mean fitness (Test): nan
Generation 400 | Best fitness (Train): 135951.59 | Best fitness in generation (Train): nan | Mean fitness (Train): nan | Mean fitness (Test): nan
Generation 500 | Best fitness (Train): 135951.59 | Best fitness in generation (Train): nan | Mean fitness (Train): nan | Mean fitness (Test): nan
Generation 600 | Best fitness (Train): 135951.59 | Best fitness in generation (Train): nan | Mean fitness (Train): nan | Mean fitness (Test): nan
Generation 700 | Best fitness (Train): 135951.59 | Best fitness in generation (Train): nan | Mean fitness (Train): nan | Mean fitness (Test): nan
Generation 800 | Best fitness (Train): 135951.59 | Best fitness in generation (Train): nan | Mean fitness (Train): nan | Mean fitness (Test): nan
Generation 900 | Best fitness (Train): 135951.59 | Best fitness in generation (Train): nan | Mean fitness (Train): nan | Mean fitness (Test): nan
Generation 1000 | Best fitness (Train): 135951.59 | Best fitness in generation (Train): nan | Mean fitness (Train): nan | Mean fitness (Test): nan
Generation 1100 | Best fitness (Train): 135951.59 | Best fitness in generation (Train): nan | Mean fitness (Train): nan | Mean fitness (Test): nan
Generation 1200 | Best fitness (Train): 135951.59 | Best fitness in generation (Train): nan | Mean fitness (Train): nan | Mean fitness (Test): nan
Generation 1300 | Best fitness (Train): 135951.59 | Best fitness in generation (Train): nan | Mean fitness (Train): nan | Mean fitness (Test): nan
Generation 1400 | Best fitness (Train): 135951.59 | Best fitness in generation (Train): nan | Mean fitness (Train): nan | Mean fitness (Test): nan
Generation 1500 | Best fitness (Train): 135951.59 | Best fitness in generation (Train): nan | Mean fitness (Train): nan | Mean fitness (Test): nan
Generation 1600 | Best fitness (Train): 135951.59 | Best fitness in generation (Train): nan | Mean fitness (Train): nan | Mean fitness (Test): nan
Generation 1700 | Best fitness (Train): 135951.59 | Best fitness in generation (Train): nan | Mean fitness (Train): nan | Mean fitness (Test): nan
Generation 1800 | Best fitness (Train): 135951.59 | Best fitness in generation (Train): nan | Mean fitness (Train): nan | Mean fitness (Test): nan
Generation 1900 | Best fitness (Train): 135951.59 | Best fitness in generation (Train): nan | Mean fitness (Train): nan | Mean fitness (Test): nan
Generation 2000 | Best fitness (Train): 135951.59 | Best fitness in generation (Train): nan | Mean fitness (Train): nan | Mean fitness (Test): nan
Generation 2100 | Best fitness (Train): 135951.59 | Best fitness in generation (Train): nan | Mean fitness (Train): nan | Mean fitness (Test): nan
Generation 2200 | Best fitness (Train): 135951.59 | Best fitness in generation (Train): nan | Mean fitness (Train): nan | Mean fitness (Test): nan
Generation 2300 | Best fitness (Train): 135951.59 | Best fitness in generation (Train): nan | Mean fitness (Train): nan | Mean fitness (Test): nan
Generation 2400 | Best fitness (Train): 135951.59 | Best fitness in generation (Train): nan | Mean fitness (Train): nan | Mean fitness (Test): nan
Generation 2500 | Best fitness (Train): 135951.59 | Best fitness in generation (Train): nan | Mean fitness (Train): nan | Mean fitness (Test): nan
Generation 2600 | Best fitness (Train): 135951.59 | Best fitness in generation (Train): nan | Mean fitness (Train): nan | Mean fitness (Test): nan
Generation 2700 | Best fitness (Train): 135951.59 | Best fitness in generation (Train): nan | Mean fitness (Train): nan | Mean fitness (Test): nan
Generation 2800 | Best fitness (Train): 135951.59 | Best fitness in generation (Train): nan | Mean fitness (Train): nan | Mean fitness (Test): nan
Generation 2900 | Best fitness (Train): 135951.59 | Best fitness in generation (Train): nan | Mean fitness (Train): nan | Mean fitness (Test): nan
Generation 3000 | Best fitness (Train): 135951.59 | Best fitness in generation (Train): nan | Mean fitness (Train): nan | Mean fitness (Test): nan
Generation 3100 | Best fitness (Train): 135951.59 | Best fitness in generation (Train): nan | Mean fitness (Train): nan | Mean fitness (Test): nan
Generation 3200 | Best fitness (Train): 135951.59 | Best fitness in generation (Train): nan | Mean fitness (Train): nan | Mean fitness (Test): nan
Generation 3300 | Best fitness (Train): 135951.59 | Best fitness in generation (Train): nan | Mean fitness (Train): nan | Mean fitness (Test): nan
Generation 3400 | Best fitness (Train): 135951.59 | Best fitness in generation (Train): nan | Mean fitness (Train): nan | Mean fitness (Test): nan
Generation 3500 | Best fitness (Train): 135951.59 | Best fitness in generation (Train): nan | Mean fitness (Train): nan | Mean fitness (Test): nan
Generation 3600 | Best fitness (Train): 135951.59 | Best fitness in generation (Train): nan | Mean fitness (Train): nan | Mean fitness (Test): nan
Generation 3700 | Best fitness (Train): 135951.59 | Best fitness in generation (Train): nan | Mean fitness (Train): nan | Mean fitness (Test): nan
Generation 3800 | Best fitness (Train): 135951.59 | Best fitness in generation (Train): nan | Mean fitness (Train): nan | Mean fitness (Test): nan
Generation 3900 | Best fitness (Train): 135951.59 | Best fitness in generation (Train): nan | Mean fitness (Train): nan | Mean fitness (Test): nan
Generation 4000 | Best fitness (Train): 135951.59 | Best fitness in generation (Train): nan | Mean fitness (Train): nan | Mean fitness (Test): nan
running the experiment ... [../../results/BBOBProblem/sphere/LearnedES_500_10000/2]
Generation 100 | Best fitness (Train): 126148.66 | Best fitness in generation (Train): 126148.66 | Mean fitness (Train): 126330.49 | Mean fitness (Test): 126128.50
Generation 200 | Best fitness (Train): 115247.91 | Best fitness in generation (Train): nan | Mean fitness (Train): nan | Mean fitness (Test): nan
Generation 300 | Best fitness (Train): 115247.91 | Best fitness in generation (Train): nan | Mean fitness (Train): nan | Mean fitness (Test): nan
Generation 400 | Best fitness (Train): 115247.91 | Best fitness in generation (Train): nan | Mean fitness (Train): nan | Mean fitness (Test): nan
Generation 500 | Best fitness (Train): 115247.91 | Best fitness in generation (Train): nan | Mean fitness (Train): nan | Mean fitness (Test): nan
Generation 600 | Best fitness (Train): 115247.91 | Best fitness in generation (Train): nan | Mean fitness (Train): nan | Mean fitness (Test): nan
Generation 700 | Best fitness (Train): 115247.91 | Best fitness in generation (Train): nan | Mean fitness (Train): nan | Mean fitness (Test): nan
Generation 800 | Best fitness (Train): 115247.91 | Best fitness in generation (Train): nan | Mean fitness (Train): nan | Mean fitness (Test): nan
Generation 900 | Best fitness (Train): 115247.91 | Best fitness in generation (Train): nan | Mean fitness (Train): nan | Mean fitness (Test): nan
Generation 1000 | Best fitness (Train): 115247.91 | Best fitness in generation (Train): nan | Mean fitness (Train): nan | Mean fitness (Test): nan
Generation 1100 | Best fitness (Train): 115247.91 | Best fitness in generation (Train): nan | Mean fitness (Train): nan | Mean fitness (Test): nan
Generation 1200 | Best fitness (Train): 115247.91 | Best fitness in generation (Train): nan | Mean fitness (Train): nan | Mean fitness (Test): nan
Generation 1300 | Best fitness (Train): 115247.91 | Best fitness in generation (Train): nan | Mean fitness (Train): nan | Mean fitness (Test): nan
Generation 1400 | Best fitness (Train): 115247.91 | Best fitness in generation (Train): nan | Mean fitness (Train): nan | Mean fitness (Test): nan
Generation 1500 | Best fitness (Train): 115247.91 | Best fitness in generation (Train): nan | Mean fitness (Train): nan | Mean fitness (Test): nan
Generation 1600 | Best fitness (Train): 115247.91 | Best fitness in generation (Train): nan | Mean fitness (Train): nan | Mean fitness (Test): nan
Generation 1700 | Best fitness (Train): 115247.91 | Best fitness in generation (Train): nan | Mean fitness (Train): nan | Mean fitness (Test): nan
Generation 1800 | Best fitness (Train): 115247.91 | Best fitness in generation (Train): nan | Mean fitness (Train): nan | Mean fitness (Test): nan
Generation 1900 | Best fitness (Train): 115247.91 | Best fitness in generation (Train): nan | Mean fitness (Train): nan | Mean fitness (Test): nan
Generation 2000 | Best fitness (Train): 115247.91 | Best fitness in generation (Train): nan | Mean fitness (Train): nan | Mean fitness (Test): nan
Generation 2100 | Best fitness (Train): 115247.91 | Best fitness in generation (Train): nan | Mean fitness (Train): nan | Mean fitness (Test): nan
Generation 2200 | Best fitness (Train): 115247.91 | Best fitness in generation (Train): nan | Mean fitness (Train): nan | Mean fitness (Test): nan
Generation 2300 | Best fitness (Train): 115247.91 | Best fitness in generation (Train): nan | Mean fitness (Train): nan | Mean fitness (Test): nan
Generation 2400 | Best fitness (Train): 115247.91 | Best fitness in generation (Train): nan | Mean fitness (Train): nan | Mean fitness (Test): nan
Generation 2500 | Best fitness (Train): 115247.91 | Best fitness in generation (Train): nan | Mean fitness (Train): nan | Mean fitness (Test): nan
Generation 2600 | Best fitness (Train): 115247.91 | Best fitness in generation (Train): nan | Mean fitness (Train): nan | Mean fitness (Test): nan
Generation 2700 | Best fitness (Train): 115247.91 | Best fitness in generation (Train): nan | Mean fitness (Train): nan | Mean fitness (Test): nan
Generation 2800 | Best fitness (Train): 115247.91 | Best fitness in generation (Train): nan | Mean fitness (Train): nan | Mean fitness (Test): nan
Generation 2900 | Best fitness (Train): 115247.91 | Best fitness in generation (Train): nan | Mean fitness (Train): nan | Mean fitness (Test): nan
Generation 3000 | Best fitness (Train): 115247.91 | Best fitness in generation (Train): nan | Mean fitness (Train): nan | Mean fitness (Test): nan
Generation 3100 | Best fitness (Train): 115247.91 | Best fitness in generation (Train): nan | Mean fitness (Train): nan | Mean fitness (Test): nan
Generation 3200 | Best fitness (Train): 115247.91 | Best fitness in generation (Train): nan | Mean fitness (Train): nan | Mean fitness (Test): nan
Generation 3300 | Best fitness (Train): 115247.91 | Best fitness in generation (Train): nan | Mean fitness (Train): nan | Mean fitness (Test): nan
Generation 3400 | Best fitness (Train): 115247.91 | Best fitness in generation (Train): nan | Mean fitness (Train): nan | Mean fitness (Test): nan
Generation 3500 | Best fitness (Train): 115247.91 | Best fitness in generation (Train): nan | Mean fitness (Train): nan | Mean fitness (Test): nan
Generation 3600 | Best fitness (Train): 115247.91 | Best fitness in generation (Train): nan | Mean fitness (Train): nan | Mean fitness (Test): nan
Generation 3700 | Best fitness (Train): 115247.91 | Best fitness in generation (Train): nan | Mean fitness (Train): nan | Mean fitness (Test): nan
Generation 3800 | Best fitness (Train): 115247.91 | Best fitness in generation (Train): nan | Mean fitness (Train): nan | Mean fitness (Test): nan
Generation 3900 | Best fitness (Train): 115247.91 | Best fitness in generation (Train): nan | Mean fitness (Train): nan | Mean fitness (Test): nan
Generation 4000 | Best fitness (Train): 115247.91 | Best fitness in generation (Train): nan | Mean fitness (Train): nan | Mean fitness (Test): nan
running the experiment ... [../../results/BBOBProblem/sphere/LearnedES_500_10000/3]
Generation 100 | Best fitness (Train): 125278.25 | Best fitness in generation (Train): 125278.25 | Mean fitness (Train): 125497.11 | Mean fitness (Test): 125264.58
Generation 200 | Best fitness (Train): 114552.20 | Best fitness in generation (Train): 114552.20 | Mean fitness (Train): 114760.41 | Mean fitness (Test): 114588.58
Generation 300 | Best fitness (Train): 114408.59 | Best fitness in generation (Train): nan | Mean fitness (Train): nan | Mean fitness (Test): nan
Generation 400 | Best fitness (Train): 114408.59 | Best fitness in generation (Train): nan | Mean fitness (Train): nan | Mean fitness (Test): nan
Generation 500 | Best fitness (Train): 114408.59 | Best fitness in generation (Train): nan | Mean fitness (Train): nan | Mean fitness (Test): nan
Generation 600 | Best fitness (Train): 114408.59 | Best fitness in generation (Train): nan | Mean fitness (Train): nan | Mean fitness (Test): nan
Generation 700 | Best fitness (Train): 114408.59 | Best fitness in generation (Train): nan | Mean fitness (Train): nan | Mean fitness (Test): nan
Generation 800 | Best fitness (Train): 114408.59 | Best fitness in generation (Train): nan | Mean fitness (Train): nan | Mean fitness (Test): nan
Generation 900 | Best fitness (Train): 114408.59 | Best fitness in generation (Train): nan | Mean fitness (Train): nan | Mean fitness (Test): nan
Generation 1000 | Best fitness (Train): 114408.59 | Best fitness in generation (Train): nan | Mean fitness (Train): nan | Mean fitness (Test): nan
Generation 1100 | Best fitness (Train): 114408.59 | Best fitness in generation (Train): nan | Mean fitness (Train): nan | Mean fitness (Test): nan
Generation 1200 | Best fitness (Train): 114408.59 | Best fitness in generation (Train): nan | Mean fitness (Train): nan | Mean fitness (Test): nan
Generation 1300 | Best fitness (Train): 114408.59 | Best fitness in generation (Train): nan | Mean fitness (Train): nan | Mean fitness (Test): nan
Generation 1400 | Best fitness (Train): 114408.59 | Best fitness in generation (Train): nan | Mean fitness (Train): nan | Mean fitness (Test): nan
Generation 1500 | Best fitness (Train): 114408.59 | Best fitness in generation (Train): nan | Mean fitness (Train): nan | Mean fitness (Test): nan
Generation 1600 | Best fitness (Train): 114408.59 | Best fitness in generation (Train): nan | Mean fitness (Train): nan | Mean fitness (Test): nan
Generation 1700 | Best fitness (Train): 114408.59 | Best fitness in generation (Train): nan | Mean fitness (Train): nan | Mean fitness (Test): nan
Generation 1800 | Best fitness (Train): 114408.59 | Best fitness in generation (Train): nan | Mean fitness (Train): nan | Mean fitness (Test): nan
Generation 1900 | Best fitness (Train): 114408.59 | Best fitness in generation (Train): nan | Mean fitness (Train): nan | Mean fitness (Test): nan
Generation 2000 | Best fitness (Train): 114408.59 | Best fitness in generation (Train): nan | Mean fitness (Train): nan | Mean fitness (Test): nan
Generation 2100 | Best fitness (Train): 114408.59 | Best fitness in generation (Train): nan | Mean fitness (Train): nan | Mean fitness (Test): nan
Generation 2200 | Best fitness (Train): 114408.59 | Best fitness in generation (Train): nan | Mean fitness (Train): nan | Mean fitness (Test): nan
Generation 2300 | Best fitness (Train): 114408.59 | Best fitness in generation (Train): nan | Mean fitness (Train): nan | Mean fitness (Test): nan
Generation 2400 | Best fitness (Train): 114408.59 | Best fitness in generation (Train): nan | Mean fitness (Train): nan | Mean fitness (Test): nan
Generation 2500 | Best fitness (Train): 114408.59 | Best fitness in generation (Train): nan | Mean fitness (Train): nan | Mean fitness (Test): nan
Generation 2600 | Best fitness (Train): 114408.59 | Best fitness in generation (Train): nan | Mean fitness (Train): nan | Mean fitness (Test): nan
Generation 2700 | Best fitness (Train): 114408.59 | Best fitness in generation (Train): nan | Mean fitness (Train): nan | Mean fitness (Test): nan
Generation 2800 | Best fitness (Train): 114408.59 | Best fitness in generation (Train): nan | Mean fitness (Train): nan | Mean fitness (Test): nan
Generation 2900 | Best fitness (Train): 114408.59 | Best fitness in generation (Train): nan | Mean fitness (Train): nan | Mean fitness (Test): nan
Generation 3000 | Best fitness (Train): 114408.59 | Best fitness in generation (Train): nan | Mean fitness (Train): nan | Mean fitness (Test): nan
Generation 3100 | Best fitness (Train): 114408.59 | Best fitness in generation (Train): nan | Mean fitness (Train): nan | Mean fitness (Test): nan
Generation 3200 | Best fitness (Train): 114408.59 | Best fitness in generation (Train): nan | Mean fitness (Train): nan | Mean fitness (Test): nan
Generation 3300 | Best fitness (Train): 114408.59 | Best fitness in generation (Train): nan | Mean fitness (Train): nan | Mean fitness (Test): nan
Generation 3400 | Best fitness (Train): 114408.59 | Best fitness in generation (Train): nan | Mean fitness (Train): nan | Mean fitness (Test): nan
Generation 3500 | Best fitness (Train): 114408.59 | Best fitness in generation (Train): nan | Mean fitness (Train): nan | Mean fitness (Test): nan
Generation 3600 | Best fitness (Train): 114408.59 | Best fitness in generation (Train): nan | Mean fitness (Train): nan | Mean fitness (Test): nan
Generation 3700 | Best fitness (Train): 114408.59 | Best fitness in generation (Train): nan | Mean fitness (Train): nan | Mean fitness (Test): nan
Generation 3800 | Best fitness (Train): 114408.59 | Best fitness in generation (Train): nan | Mean fitness (Train): nan | Mean fitness (Test): nan
Generation 3900 | Best fitness (Train): 114408.59 | Best fitness in generation (Train): nan | Mean fitness (Train): nan | Mean fitness (Test): nan
Generation 4000 | Best fitness (Train): 114408.59 | Best fitness in generation (Train): nan | Mean fitness (Train): nan | Mean fitness (Test): nan
running the experiment ... [../../results/BBOBProblem/sphere/LearnedES_500_10000/4]
Generation 100 | Best fitness (Train): 123398.76 | Best fitness in generation (Train): 123398.76 | Mean fitness (Train): 123608.07 | Mean fitness (Test): 123422.65
Generation 200 | Best fitness (Train): 112608.82 | Best fitness in generation (Train): 112608.82 | Mean fitness (Train): 112762.65 | Mean fitness (Test): 112653.03
Generation 300 | Best fitness (Train): 108779.37 | Best fitness in generation (Train): nan | Mean fitness (Train): nan | Mean fitness (Test): nan
Generation 400 | Best fitness (Train): 108779.37 | Best fitness in generation (Train): nan | Mean fitness (Train): nan | Mean fitness (Test): nan
Generation 500 | Best fitness (Train): 108779.37 | Best fitness in generation (Train): nan | Mean fitness (Train): nan | Mean fitness (Test): nan
Generation 600 | Best fitness (Train): 108779.37 | Best fitness in generation (Train): nan | Mean fitness (Train): nan | Mean fitness (Test): nan
Generation 700 | Best fitness (Train): 108779.37 | Best fitness in generation (Train): nan | Mean fitness (Train): nan | Mean fitness (Test): nan
Generation 800 | Best fitness (Train): 108779.37 | Best fitness in generation (Train): nan | Mean fitness (Train): nan | Mean fitness (Test): nan
Generation 900 | Best fitness (Train): 108779.37 | Best fitness in generation (Train): nan | Mean fitness (Train): nan | Mean fitness (Test): nan
Generation 1000 | Best fitness (Train): 108779.37 | Best fitness in generation (Train): nan | Mean fitness (Train): nan | Mean fitness (Test): nan
Generation 1100 | Best fitness (Train): 108779.37 | Best fitness in generation (Train): nan | Mean fitness (Train): nan | Mean fitness (Test): nan
Generation 1200 | Best fitness (Train): 108779.37 | Best fitness in generation (Train): nan | Mean fitness (Train): nan | Mean fitness (Test): nan
Generation 1300 | Best fitness (Train): 108779.37 | Best fitness in generation (Train): nan | Mean fitness (Train): nan | Mean fitness (Test): nan
Generation 1400 | Best fitness (Train): 108779.37 | Best fitness in generation (Train): nan | Mean fitness (Train): nan | Mean fitness (Test): nan
Generation 1500 | Best fitness (Train): 108779.37 | Best fitness in generation (Train): nan | Mean fitness (Train): nan | Mean fitness (Test): nan
Generation 1600 | Best fitness (Train): 108779.37 | Best fitness in generation (Train): nan | Mean fitness (Train): nan | Mean fitness (Test): nan
Generation 1700 | Best fitness (Train): 108779.37 | Best fitness in generation (Train): nan | Mean fitness (Train): nan | Mean fitness (Test): nan
Generation 1800 | Best fitness (Train): 108779.37 | Best fitness in generation (Train): nan | Mean fitness (Train): nan | Mean fitness (Test): nan
Generation 1900 | Best fitness (Train): 108779.37 | Best fitness in generation (Train): nan | Mean fitness (Train): nan | Mean fitness (Test): nan
Generation 2000 | Best fitness (Train): 108779.37 | Best fitness in generation (Train): nan | Mean fitness (Train): nan | Mean fitness (Test): nan
Generation 2100 | Best fitness (Train): 108779.37 | Best fitness in generation (Train): nan | Mean fitness (Train): nan | Mean fitness (Test): nan
Generation 2200 | Best fitness (Train): 108779.37 | Best fitness in generation (Train): nan | Mean fitness (Train): nan | Mean fitness (Test): nan
Generation 2300 | Best fitness (Train): 108779.37 | Best fitness in generation (Train): nan | Mean fitness (Train): nan | Mean fitness (Test): nan
Generation 2400 | Best fitness (Train): 108779.37 | Best fitness in generation (Train): nan | Mean fitness (Train): nan | Mean fitness (Test): nan
Generation 2500 | Best fitness (Train): 108779.37 | Best fitness in generation (Train): nan | Mean fitness (Train): nan | Mean fitness (Test): nan
Generation 2600 | Best fitness (Train): 108779.37 | Best fitness in generation (Train): nan | Mean fitness (Train): nan | Mean fitness (Test): nan
Generation 2700 | Best fitness (Train): 108779.37 | Best fitness in generation (Train): nan | Mean fitness (Train): nan | Mean fitness (Test): nan
Generation 2800 | Best fitness (Train): 108779.37 | Best fitness in generation (Train): nan | Mean fitness (Train): nan | Mean fitness (Test): nan
Generation 2900 | Best fitness (Train): 108779.37 | Best fitness in generation (Train): nan | Mean fitness (Train): nan | Mean fitness (Test): nan
Generation 3000 | Best fitness (Train): 108779.37 | Best fitness in generation (Train): nan | Mean fitness (Train): nan | Mean fitness (Test): nan
Generation 3100 | Best fitness (Train): 108779.37 | Best fitness in generation (Train): nan | Mean fitness (Train): nan | Mean fitness (Test): nan
Generation 3200 | Best fitness (Train): 108779.37 | Best fitness in generation (Train): nan | Mean fitness (Train): nan | Mean fitness (Test): nan
Generation 3300 | Best fitness (Train): 108779.37 | Best fitness in generation (Train): nan | Mean fitness (Train): nan | Mean fitness (Test): nan
Generation 3400 | Best fitness (Train): 108779.37 | Best fitness in generation (Train): nan | Mean fitness (Train): nan | Mean fitness (Test): nan
Generation 3500 | Best fitness (Train): 108779.37 | Best fitness in generation (Train): nan | Mean fitness (Train): nan | Mean fitness (Test): nan
Generation 3600 | Best fitness (Train): 108779.37 | Best fitness in generation (Train): nan | Mean fitness (Train): nan | Mean fitness (Test): nan
Generation 3700 | Best fitness (Train): 108779.37 | Best fitness in generation (Train): nan | Mean fitness (Train): nan | Mean fitness (Test): nan
Generation 3800 | Best fitness (Train): 108779.37 | Best fitness in generation (Train): nan | Mean fitness (Train): nan | Mean fitness (Test): nan
Generation 3900 | Best fitness (Train): 108779.37 | Best fitness in generation (Train): nan | Mean fitness (Train): nan | Mean fitness (Test): nan
Generation 4000 | Best fitness (Train): 108779.37 | Best fitness in generation (Train): nan | Mean fitness (Train): nan | Mean fitness (Test): nan
Running ES algorithms:  71%|██████████████████████████████████████████████████████████████████████████████████████▍                                  | 5/7 [6:50:46<4:55:28, 8864.05s/it][A
running the experiment ... [../../results/BBOBProblem/sphere/DiscoveredES_500_10000/0]
Generation 100 | Best fitness (Train): 126726.79 | Best fitness in generation (Train): 126726.79 | Mean fitness (Train): 126928.26 | Mean fitness (Test): 126747.22
Generation 200 | Best fitness (Train): 118176.77 | Best fitness in generation (Train): 118176.77 | Mean fitness (Train): 118382.98 | Mean fitness (Test): 118207.34
Generation 300 | Best fitness (Train): 110218.16 | Best fitness in generation (Train): 110218.16 | Mean fitness (Train): 110373.52 | Mean fitness (Test): 110205.80
Generation 400 | Best fitness (Train): 102574.71 | Best fitness in generation (Train): 102574.71 | Mean fitness (Train): 102778.84 | Mean fitness (Test): 102622.38
Generation 500 | Best fitness (Train): 95340.43 | Best fitness in generation (Train): 95340.43 | Mean fitness (Train): 95497.79 | Mean fitness (Test): 95342.54
Generation 600 | Best fitness (Train): 88441.71 | Best fitness in generation (Train): 88441.71 | Mean fitness (Train): 88610.23 | Mean fitness (Test): 88459.90
Generation 700 | Best fitness (Train): 81987.73 | Best fitness in generation (Train): 81987.73 | Mean fitness (Train): 82125.85 | Mean fitness (Test): 81984.18
Generation 800 | Best fitness (Train): 75865.45 | Best fitness in generation (Train): 75865.45 | Mean fitness (Train): 76007.00 | Mean fitness (Test): 75867.55
Generation 900 | Best fitness (Train): 70111.34 | Best fitness in generation (Train): 70111.34 | Mean fitness (Train): 70237.77 | Mean fitness (Test): 70107.65
Generation 1000 | Best fitness (Train): 64658.73 | Best fitness in generation (Train): 64658.73 | Mean fitness (Train): 64792.93 | Mean fitness (Test): 64667.62
Generation 1100 | Best fitness (Train): 59562.09 | Best fitness in generation (Train): 59562.09 | Mean fitness (Train): 59713.77 | Mean fitness (Test): 59591.56
Generation 1200 | Best fitness (Train): 54791.70 | Best fitness in generation (Train): 54791.70 | Mean fitness (Train): 54919.80 | Mean fitness (Test): 54805.62
Generation 1300 | Best fitness (Train): 50308.66 | Best fitness in generation (Train): 50308.66 | Mean fitness (Train): 50412.73 | Mean fitness (Test): 50303.50
Generation 1400 | Best fitness (Train): 46139.64 | Best fitness in generation (Train): 46139.64 | Mean fitness (Train): 46245.88 | Mean fitness (Test): 46140.86
Generation 1500 | Best fitness (Train): 42230.47 | Best fitness in generation (Train): 42230.47 | Mean fitness (Train): 42322.54 | Mean fitness (Test): 42223.02
Generation 1600 | Best fitness (Train): 38589.14 | Best fitness in generation (Train): 38589.14 | Mean fitness (Train): 38672.45 | Mean fitness (Test): 38579.21
Generation 1700 | Best fitness (Train): 35231.96 | Best fitness in generation (Train): 35231.96 | Mean fitness (Train): 35303.58 | Mean fitness (Test): 35214.36
Generation 1800 | Best fitness (Train): 32063.69 | Best fitness in generation (Train): 32063.69 | Mean fitness (Train): 32140.35 | Mean fitness (Test): 32055.47
Generation 1900 | Best fitness (Train): 29135.53 | Best fitness in generation (Train): 29135.53 | Mean fitness (Train): 29197.17 | Mean fitness (Test): 29116.20
Generation 2000 | Best fitness (Train): 26425.57 | Best fitness in generation (Train): 26425.57 | Mean fitness (Train): 26488.49 | Mean fitness (Test): 26411.63
Generation 2100 | Best fitness (Train): 23941.46 | Best fitness in generation (Train): 23941.46 | Mean fitness (Train): 23993.73 | Mean fitness (Test): 23921.58
Generation 2200 | Best fitness (Train): 21631.56 | Best fitness in generation (Train): 21631.56 | Mean fitness (Train): 21677.29 | Mean fitness (Test): 21608.56
Generation 2300 | Best fitness (Train): 19510.56 | Best fitness in generation (Train): 19510.56 | Mean fitness (Train): 19557.63 | Mean fitness (Test): 19492.28
Generation 2400 | Best fitness (Train): 17558.30 | Best fitness in generation (Train): 17558.30 | Mean fitness (Train): 17598.10 | Mean fitness (Test): 17536.28
Generation 2500 | Best fitness (Train): 15765.70 | Best fitness in generation (Train): 15765.70 | Mean fitness (Train): 15811.18 | Mean fitness (Test): 15752.33
Generation 2600 | Best fitness (Train): 14141.48 | Best fitness in generation (Train): 14141.48 | Mean fitness (Train): 14175.88 | Mean fitness (Test): 14119.96
Generation 2700 | Best fitness (Train): 12642.24 | Best fitness in generation (Train): 12642.24 | Mean fitness (Train): 12679.07 | Mean fitness (Test): 12626.03
Generation 2800 | Best fitness (Train): 11286.62 | Best fitness in generation (Train): 11286.62 | Mean fitness (Train): 11317.28 | Mean fitness (Test): 11266.83
Generation 2900 | Best fitness (Train): 10035.78 | Best fitness in generation (Train): 10035.78 | Mean fitness (Train): 10067.15 | Mean fitness (Test): 10020.37
Generation 3000 | Best fitness (Train): 8903.26 | Best fitness in generation (Train): 8903.26 | Mean fitness (Train): 8937.90 | Mean fitness (Test): 8893.04
Generation 3100 | Best fitness (Train): 7893.29 | Best fitness in generation (Train): 7893.29 | Mean fitness (Train): 7914.42 | Mean fitness (Test): 7872.20
Generation 3200 | Best fitness (Train): 6964.96 | Best fitness in generation (Train): 6964.96 | Mean fitness (Train): 6986.11 | Mean fitness (Test): 6946.08
Generation 3300 | Best fitness (Train): 6123.89 | Best fitness in generation (Train): 6123.89 | Mean fitness (Train): 6146.26 | Mean fitness (Test): 6108.23
Generation 3400 | Best fitness (Train): 5367.75 | Best fitness in generation (Train): 5367.75 | Mean fitness (Train): 5385.37 | Mean fitness (Test): 5349.83
Generation 3500 | Best fitness (Train): 4689.58 | Best fitness in generation (Train): 4689.58 | Mean fitness (Train): 4705.50 | Mean fitness (Test): 4671.85
Generation 3600 | Best fitness (Train): 4080.97 | Best fitness in generation (Train): 4080.97 | Mean fitness (Train): 4094.91 | Mean fitness (Test): 4062.95
Generation 3700 | Best fitness (Train): 3535.14 | Best fitness in generation (Train): 3535.14 | Mean fitness (Train): 3545.68 | Mean fitness (Test): 3516.06
Generation 3800 | Best fitness (Train): 3049.96 | Best fitness in generation (Train): 3049.96 | Mean fitness (Train): 3060.51 | Mean fitness (Test): 3032.38
Generation 3900 | Best fitness (Train): 2616.12 | Best fitness in generation (Train): 2616.12 | Mean fitness (Train): 2627.08 | Mean fitness (Test): 2600.25
Generation 4000 | Best fitness (Train): 2230.92 | Best fitness in generation (Train): 2230.92 | Mean fitness (Train): 2241.08 | Mean fitness (Test): 2216.15
running the experiment ... [../../results/BBOBProblem/sphere/DiscoveredES_500_10000/1]
Generation 100 | Best fitness (Train): 128148.79 | Best fitness in generation (Train): 128148.79 | Mean fitness (Train): 128323.74 | Mean fitness (Test): 128141.16
Generation 200 | Best fitness (Train): 119578.01 | Best fitness in generation (Train): 119578.01 | Mean fitness (Train): 119754.74 | Mean fitness (Test): 119579.49
Generation 300 | Best fitness (Train): 111465.91 | Best fitness in generation (Train): 111465.91 | Mean fitness (Train): 111630.99 | Mean fitness (Test): 111459.78
Generation 400 | Best fitness (Train): 103724.54 | Best fitness in generation (Train): 103724.54 | Mean fitness (Train): 103911.11 | Mean fitness (Test): 103746.32
Generation 500 | Best fitness (Train): 96369.09 | Best fitness in generation (Train): 96369.09 | Mean fitness (Train): 96542.80 | Mean fitness (Test): 96386.85
Generation 600 | Best fitness (Train): 89506.02 | Best fitness in generation (Train): 89506.02 | Mean fitness (Train): 89664.04 | Mean fitness (Test): 89517.64
Generation 700 | Best fitness (Train): 82997.30 | Best fitness in generation (Train): 82997.30 | Mean fitness (Train): 83146.52 | Mean fitness (Test): 83003.45
Generation 800 | Best fitness (Train): 76826.09 | Best fitness in generation (Train): 76826.09 | Mean fitness (Train): 76959.01 | Mean fitness (Test): 76823.95
Generation 900 | Best fitness (Train): 70978.35 | Best fitness in generation (Train): 70978.35 | Mean fitness (Train): 71135.47 | Mean fitness (Test): 71005.65
Generation 1000 | Best fitness (Train): 65529.89 | Best fitness in generation (Train): 65529.89 | Mean fitness (Train): 65679.57 | Mean fitness (Test): 65554.81
Generation 1100 | Best fitness (Train): 60384.18 | Best fitness in generation (Train): 60384.18 | Mean fitness (Train): 60494.25 | Mean fitness (Test): 60374.38
Generation 1200 | Best fitness (Train): 55552.79 | Best fitness in generation (Train): 55552.79 | Mean fitness (Train): 55652.08 | Mean fitness (Test): 55540.22
Generation 1300 | Best fitness (Train): 51012.11 | Best fitness in generation (Train): 51012.11 | Mean fitness (Train): 51108.54 | Mean fitness (Test): 50999.88
Generation 1400 | Best fitness (Train): 46762.15 | Best fitness in generation (Train): 46762.15 | Mean fitness (Train): 46861.38 | Mean fitness (Test): 46755.23
Generation 1500 | Best fitness (Train): 42779.99 | Best fitness in generation (Train): 42779.99 | Mean fitness (Train): 42871.07 | Mean fitness (Test): 42773.12
Generation 1600 | Best fitness (Train): 39121.80 | Best fitness in generation (Train): 39121.80 | Mean fitness (Train): 39205.47 | Mean fitness (Test): 39109.86
Generation 1700 | Best fitness (Train): 35668.73 | Best fitness in generation (Train): 35668.73 | Mean fitness (Train): 35759.13 | Mean fitness (Test): 35669.77
Generation 1800 | Best fitness (Train): 32503.04 | Best fitness in generation (Train): 32503.04 | Mean fitness (Train): 32584.44 | Mean fitness (Test): 32497.88
Generation 1900 | Best fitness (Train): 29561.43 | Best fitness in generation (Train): 29561.43 | Mean fitness (Train): 29627.73 | Mean fitness (Test): 29546.91
Generation 2000 | Best fitness (Train): 26862.05 | Best fitness in generation (Train): 26862.05 | Mean fitness (Train): 26918.42 | Mean fitness (Test): 26841.02
Generation 2100 | Best fitness (Train): 24316.61 | Best fitness in generation (Train): 24316.61 | Mean fitness (Train): 24378.19 | Mean fitness (Test): 24304.96
Generation 2200 | Best fitness (Train): 21994.17 | Best fitness in generation (Train): 21994.17 | Mean fitness (Train): 22055.43 | Mean fitness (Test): 21984.21
Generation 2300 | Best fitness (Train): 19836.21 | Best fitness in generation (Train): 19836.21 | Mean fitness (Train): 19885.09 | Mean fitness (Test): 19820.24
Generation 2400 | Best fitness (Train): 17855.91 | Best fitness in generation (Train): 17855.91 | Mean fitness (Train): 17903.14 | Mean fitness (Test): 17839.52
Generation 2500 | Best fitness (Train): 16006.75 | Best fitness in generation (Train): 16006.75 | Mean fitness (Train): 16057.96 | Mean fitness (Test): 15997.83
Generation 2600 | Best fitness (Train): 14348.43 | Best fitness in generation (Train): 14348.43 | Mean fitness (Train): 14385.52 | Mean fitness (Test): 14328.08
Generation 2700 | Best fitness (Train): 12821.06 | Best fitness in generation (Train): 12821.06 | Mean fitness (Train): 12861.15 | Mean fitness (Test): 12807.97
Generation 2800 | Best fitness (Train): 11429.53 | Best fitness in generation (Train): 11429.53 | Mean fitness (Train): 11463.14 | Mean fitness (Test): 11412.12
Generation 2900 | Best fitness (Train): 10156.42 | Best fitness in generation (Train): 10160.88 | Mean fitness (Train): 10187.06 | Mean fitness (Test): 10139.83
Generation 3000 | Best fitness (Train): 9014.74 | Best fitness in generation (Train): 9014.74 | Mean fitness (Train): 9036.65 | Mean fitness (Test): 8991.82
Generation 3100 | Best fitness (Train): 7963.62 | Best fitness in generation (Train): 7963.62 | Mean fitness (Train): 7988.85 | Mean fitness (Test): 7945.73
Generation 3200 | Best fitness (Train): 7025.01 | Best fitness in generation (Train): 7025.01 | Mean fitness (Train): 7044.14 | Mean fitness (Test): 7003.31
Generation 3300 | Best fitness (Train): 6169.71 | Best fitness in generation (Train): 6169.71 | Mean fitness (Train): 6187.39 | Mean fitness (Test): 6148.88
Generation 3400 | Best fitness (Train): 5409.53 | Best fitness in generation (Train): 5409.53 | Mean fitness (Train): 5424.56 | Mean fitness (Test): 5388.31
Generation 3500 | Best fitness (Train): 4715.70 | Best fitness in generation (Train): 4715.70 | Mean fitness (Train): 4733.61 | Mean fitness (Test): 4699.07
Generation 3600 | Best fitness (Train): 4107.27 | Best fitness in generation (Train): 4107.27 | Mean fitness (Train): 4121.54 | Mean fitness (Test): 4089.09
Generation 3700 | Best fitness (Train): 3546.60 | Best fitness in generation (Train): 3546.60 | Mean fitness (Train): 3564.62 | Mean fitness (Test): 3534.16
Generation 3800 | Best fitness (Train): 3058.85 | Best fitness in generation (Train): 3058.85 | Mean fitness (Train): 3070.26 | Mean fitness (Test): 3041.74
Generation 3900 | Best fitness (Train): 2626.44 | Best fitness in generation (Train): 2627.31 | Mean fitness (Train): 2636.12 | Mean fitness (Test): 2609.42
Generation 4000 | Best fitness (Train): 2244.23 | Best fitness in generation (Train): 2244.23 | Mean fitness (Train): 2252.79 | Mean fitness (Test): 2227.68
running the experiment ... [../../results/BBOBProblem/sphere/DiscoveredES_500_10000/2]
Generation 100 | Best fitness (Train): 129992.20 | Best fitness in generation (Train): 129992.20 | Mean fitness (Train): 130192.16 | Mean fitness (Test): 130005.24
Generation 200 | Best fitness (Train): 121411.06 | Best fitness in generation (Train): 121411.06 | Mean fitness (Train): 121597.72 | Mean fitness (Test): 121415.45
Generation 300 | Best fitness (Train): 113195.84 | Best fitness in generation (Train): 113195.84 | Mean fitness (Train): 113408.28 | Mean fitness (Test): 113233.17
Generation 400 | Best fitness (Train): 105372.58 | Best fitness in generation (Train): 105372.58 | Mean fitness (Train): 105559.42 | Mean fitness (Test): 105394.21
Generation 500 | Best fitness (Train): 97968.82 | Best fitness in generation (Train): 97968.82 | Mean fitness (Train): 98178.60 | Mean fitness (Test): 98023.01
Generation 600 | Best fitness (Train): 91018.84 | Best fitness in generation (Train): 91018.84 | Mean fitness (Train): 91208.29 | Mean fitness (Test): 91057.31
Generation 700 | Best fitness (Train): 84406.88 | Best fitness in generation (Train): 84406.88 | Mean fitness (Train): 84596.90 | Mean fitness (Test): 84449.12
Generation 800 | Best fitness (Train): 78228.75 | Best fitness in generation (Train): 78233.30 | Mean fitness (Train): 78362.56 | Mean fitness (Test): 78225.05
Generation 900 | Best fitness (Train): 72314.41 | Best fitness in generation (Train): 72314.41 | Mean fitness (Train): 72471.40 | Mean fitness (Test): 72336.66
Generation 1000 | Best fitness (Train): 66767.63 | Best fitness in generation (Train): 66767.63 | Mean fitness (Train): 66901.43 | Mean fitness (Test): 66776.01
Generation 1100 | Best fitness (Train): 61575.01 | Best fitness in generation (Train): 61575.01 | Mean fitness (Train): 61705.98 | Mean fitness (Test): 61585.43
Generation 1200 | Best fitness (Train): 56715.43 | Best fitness in generation (Train): 56715.43 | Mean fitness (Train): 56833.84 | Mean fitness (Test): 56717.73
Generation 1300 | Best fitness (Train): 52187.44 | Best fitness in generation (Train): 52187.44 | Mean fitness (Train): 52287.84 | Mean fitness (Test): 52182.31
Generation 1400 | Best fitness (Train): 47881.13 | Best fitness in generation (Train): 47881.13 | Mean fitness (Train): 48008.27 | Mean fitness (Test): 47904.07
Generation 1500 | Best fitness (Train): 43931.98 | Best fitness in generation (Train): 43931.98 | Mean fitness (Train): 44020.48 | Mean fitness (Test): 43921.07
Generation 1600 | Best fitness (Train): 40236.10 | Best fitness in generation (Train): 40236.10 | Mean fitness (Train): 40314.75 | Mean fitness (Test): 40220.37
Generation 1700 | Best fitness (Train): 36774.76 | Best fitness in generation (Train): 36774.76 | Mean fitness (Train): 36860.22 | Mean fitness (Test): 36769.91
Generation 1800 | Best fitness (Train): 33525.41 | Best fitness in generation (Train): 33525.41 | Mean fitness (Train): 33595.92 | Mean fitness (Test): 33511.16
Generation 1900 | Best fitness (Train): 30514.29 | Best fitness in generation (Train): 30514.29 | Mean fitness (Train): 30576.51 | Mean fitness (Test): 30495.98
Generation 2000 | Best fitness (Train): 27704.77 | Best fitness in generation (Train): 27704.77 | Mean fitness (Train): 27767.43 | Mean fitness (Test): 27689.57
Generation 2100 | Best fitness (Train): 25124.31 | Best fitness in generation (Train): 25124.31 | Mean fitness (Train): 25183.87 | Mean fitness (Test): 25110.03
Generation 2200 | Best fitness (Train): 22708.09 | Best fitness in generation (Train): 22708.09 | Mean fitness (Train): 22786.65 | Mean fitness (Test): 22716.30
Generation 2300 | Best fitness (Train): 20551.22 | Best fitness in generation (Train): 20551.22 | Mean fitness (Train): 20605.17 | Mean fitness (Test): 20539.30
Generation 2400 | Best fitness (Train): 18539.87 | Best fitness in generation (Train): 18539.87 | Mean fitness (Train): 18586.20 | Mean fitness (Test): 18523.03
Generation 2500 | Best fitness (Train): 16688.63 | Best fitness in generation (Train): 16688.63 | Mean fitness (Train): 16735.95 | Mean fitness (Test): 16676.48
Generation 2600 | Best fitness (Train): 14984.32 | Best fitness in generation (Train): 14984.32 | Mean fitness (Train): 15018.75 | Mean fitness (Test): 14962.67
Generation 2700 | Best fitness (Train): 13421.84 | Best fitness in generation (Train): 13421.84 | Mean fitness (Train): 13469.46 | Mean fitness (Test): 13415.24
Generation 2800 | Best fitness (Train): 12013.45 | Best fitness in generation (Train): 12013.45 | Mean fitness (Train): 12049.01 | Mean fitness (Test): 11997.90
Generation 2900 | Best fitness (Train): 10705.51 | Best fitness in generation (Train): 10705.51 | Mean fitness (Train): 10739.01 | Mean fitness (Test): 10690.78
Generation 3000 | Best fitness (Train): 9520.73 | Best fitness in generation (Train): 9520.73 | Mean fitness (Train): 9546.98 | Mean fitness (Test): 9501.33
Generation 3100 | Best fitness (Train): 8435.06 | Best fitness in generation (Train): 8435.06 | Mean fitness (Train): 8459.29 | Mean fitness (Test): 8415.86
Generation 3200 | Best fitness (Train): 7438.29 | Best fitness in generation (Train): 7438.29 | Mean fitness (Train): 7463.96 | Mean fitness (Test): 7422.96
Generation 3300 | Best fitness (Train): 6552.04 | Best fitness in generation (Train): 6552.04 | Mean fitness (Train): 6578.62 | Mean fitness (Test): 6539.94
Generation 3400 | Best fitness (Train): 5754.78 | Best fitness in generation (Train): 5754.78 | Mean fitness (Train): 5774.54 | Mean fitness (Test): 5737.88
Generation 3500 | Best fitness (Train): 5039.23 | Best fitness in generation (Train): 5039.23 | Mean fitness (Train): 5052.59 | Mean fitness (Test): 5018.00
Generation 3600 | Best fitness (Train): 4396.16 | Best fitness in generation (Train): 4396.16 | Mean fitness (Train): 4409.81 | Mean fitness (Test): 4377.31
Generation 3700 | Best fitness (Train): 3820.40 | Best fitness in generation (Train): 3820.40 | Mean fitness (Train): 3834.92 | Mean fitness (Test): 3804.11
Generation 3800 | Best fitness (Train): 3305.81 | Best fitness in generation (Train): 3305.81 | Mean fitness (Train): 3317.84 | Mean fitness (Test): 3288.76
Generation 3900 | Best fitness (Train): 2848.61 | Best fitness in generation (Train): 2848.61 | Mean fitness (Train): 2858.07 | Mean fitness (Test): 2831.44
Generation 4000 | Best fitness (Train): 2444.50 | Best fitness in generation (Train): 2444.50 | Mean fitness (Train): 2452.22 | Mean fitness (Test): 2427.01
running the experiment ... [../../results/BBOBProblem/sphere/DiscoveredES_500_10000/3]
Generation 100 | Best fitness (Train): 129597.91 | Best fitness in generation (Train): 129597.91 | Mean fitness (Train): 129851.46 | Mean fitness (Test): 129667.20
Generation 200 | Best fitness (Train): 120978.85 | Best fitness in generation (Train): 120978.85 | Mean fitness (Train): 121233.42 | Mean fitness (Test): 121056.12
Generation 300 | Best fitness (Train): 112898.11 | Best fitness in generation (Train): 112898.11 | Mean fitness (Train): 113076.39 | Mean fitness (Test): 112906.66
Generation 400 | Best fitness (Train): 105122.34 | Best fitness in generation (Train): 105122.34 | Mean fitness (Train): 105280.68 | Mean fitness (Test): 105115.27
Generation 500 | Best fitness (Train): 97751.12 | Best fitness in generation (Train): 97751.12 | Mean fitness (Train): 97908.65 | Mean fitness (Test): 97753.18
Generation 600 | Best fitness (Train): 90824.68 | Best fitness in generation (Train): 90824.68 | Mean fitness (Train): 90968.44 | Mean fitness (Test): 90822.82
Generation 700 | Best fitness (Train): 84223.81 | Best fitness in generation (Train): 84223.81 | Mean fitness (Train): 84386.66 | Mean fitness (Test): 84243.01
Generation 800 | Best fitness (Train): 78051.30 | Best fitness in generation (Train): 78052.21 | Mean fitness (Train): 78171.66 | Mean fitness (Test): 78033.90
Generation 900 | Best fitness (Train): 72160.38 | Best fitness in generation (Train): 72160.38 | Mean fitness (Train): 72300.05 | Mean fitness (Test): 72170.23
Generation 1000 | Best fitness (Train): 66624.52 | Best fitness in generation (Train): 66624.52 | Mean fitness (Train): 66763.75 | Mean fitness (Test): 66639.69
Generation 1100 | Best fitness (Train): 61411.77 | Best fitness in generation (Train): 61411.77 | Mean fitness (Train): 61557.01 | Mean fitness (Test): 61435.59
Generation 1200 | Best fitness (Train): 56571.42 | Best fitness in generation (Train): 56571.42 | Mean fitness (Train): 56707.59 | Mean fitness (Test): 56593.94
Generation 1300 | Best fitness (Train): 52025.20 | Best fitness in generation (Train): 52025.20 | Mean fitness (Train): 52145.91 | Mean fitness (Test): 52035.57
Generation 1400 | Best fitness (Train): 47767.66 | Best fitness in generation (Train): 47767.66 | Mean fitness (Train): 47870.03 | Mean fitness (Test): 47763.83
Generation 1500 | Best fitness (Train): 43806.18 | Best fitness in generation (Train): 43806.18 | Mean fitness (Train): 43893.77 | Mean fitness (Test): 43796.73
Generation 1600 | Best fitness (Train): 40111.74 | Best fitness in generation (Train): 40111.74 | Mean fitness (Train): 40185.23 | Mean fitness (Test): 40089.31
Generation 1700 | Best fitness (Train): 36620.54 | Best fitness in generation (Train): 36620.54 | Mean fitness (Train): 36697.96 | Mean fitness (Test): 36607.49
Generation 1800 | Best fitness (Train): 33404.80 | Best fitness in generation (Train): 33404.80 | Mean fitness (Train): 33487.82 | Mean fitness (Test): 33401.61
Generation 1900 | Best fitness (Train): 30397.99 | Best fitness in generation (Train): 30397.99 | Mean fitness (Train): 30476.17 | Mean fitness (Test): 30392.65
Generation 2000 | Best fitness (Train): 27644.59 | Best fitness in generation (Train): 27644.59 | Mean fitness (Train): 27709.23 | Mean fitness (Test): 27631.80
Generation 2100 | Best fitness (Train): 25080.81 | Best fitness in generation (Train): 25080.81 | Mean fitness (Train): 25137.93 | Mean fitness (Test): 25065.26
Generation 2200 | Best fitness (Train): 22714.90 | Best fitness in generation (Train): 22714.90 | Mean fitness (Train): 22762.98 | Mean fitness (Test): 22692.93
Generation 2300 | Best fitness (Train): 20536.06 | Best fitness in generation (Train): 20536.06 | Mean fitness (Train): 20584.65 | Mean fitness (Test): 20517.62
Generation 2400 | Best fitness (Train): 18535.48 | Best fitness in generation (Train): 18535.48 | Mean fitness (Train): 18581.91 | Mean fitness (Test): 18517.70
Generation 2500 | Best fitness (Train): 16674.91 | Best fitness in generation (Train): 16674.91 | Mean fitness (Train): 16719.29 | Mean fitness (Test): 16659.08
Generation 2600 | Best fitness (Train): 14971.75 | Best fitness in generation (Train): 14971.75 | Mean fitness (Train): 15012.20 | Mean fitness (Test): 14954.96
Generation 2700 | Best fitness (Train): 13403.58 | Best fitness in generation (Train): 13403.58 | Mean fitness (Train): 13444.14 | Mean fitness (Test): 13389.47
Generation 2800 | Best fitness (Train): 11980.69 | Best fitness in generation (Train): 11980.69 | Mean fitness (Train): 12014.72 | Mean fitness (Test): 11964.15
Generation 2900 | Best fitness (Train): 10681.88 | Best fitness in generation (Train): 10681.88 | Mean fitness (Train): 10716.61 | Mean fitness (Test): 10667.79
Generation 3000 | Best fitness (Train): 9496.09 | Best fitness in generation (Train): 9496.09 | Mean fitness (Train): 9519.05 | Mean fitness (Test): 9473.90
Generation 3100 | Best fitness (Train): 8413.06 | Best fitness in generation (Train): 8413.06 | Mean fitness (Train): 8443.79 | Mean fitness (Test): 8400.58
Generation 3200 | Best fitness (Train): 7449.48 | Best fitness in generation (Train): 7449.48 | Mean fitness (Train): 7469.69 | Mean fitness (Test): 7429.16
Generation 3300 | Best fitness (Train): 6570.18 | Best fitness in generation (Train): 6570.18 | Mean fitness (Train): 6591.04 | Mean fitness (Test): 6552.24
Generation 3400 | Best fitness (Train): 5779.29 | Best fitness in generation (Train): 5779.29 | Mean fitness (Train): 5794.47 | Mean fitness (Test): 5758.20
Generation 3500 | Best fitness (Train): 5053.36 | Best fitness in generation (Train): 5053.36 | Mean fitness (Train): 5069.16 | Mean fitness (Test): 5035.11
Generation 3600 | Best fitness (Train): 4414.29 | Best fitness in generation (Train): 4414.29 | Mean fitness (Train): 4429.70 | Mean fitness (Test): 4397.32
Generation 3700 | Best fitness (Train): 3840.66 | Best fitness in generation (Train): 3840.66 | Mean fitness (Train): 3855.19 | Mean fitness (Test): 3824.53
Generation 3800 | Best fitness (Train): 3328.02 | Best fitness in generation (Train): 3328.02 | Mean fitness (Train): 3340.03 | Mean fitness (Test): 3311.15
Generation 3900 | Best fitness (Train): 2874.14 | Best fitness in generation (Train): 2874.14 | Mean fitness (Train): 2883.99 | Mean fitness (Test): 2857.02
Generation 4000 | Best fitness (Train): 2474.94 | Best fitness in generation (Train): 2474.94 | Mean fitness (Train): 2484.98 | Mean fitness (Test): 2459.47
running the experiment ... [../../results/BBOBProblem/sphere/DiscoveredES_500_10000/4]
Generation 100 | Best fitness (Train): 127372.12 | Best fitness in generation (Train): 127372.12 | Mean fitness (Train): 127593.31 | Mean fitness (Test): 127406.23
Generation 200 | Best fitness (Train): 118846.83 | Best fitness in generation (Train): 118846.83 | Mean fitness (Train): 119041.41 | Mean fitness (Test): 118866.62
Generation 300 | Best fitness (Train): 110792.80 | Best fitness in generation (Train): 110792.80 | Mean fitness (Train): 110958.36 | Mean fitness (Test): 110788.95
Generation 400 | Best fitness (Train): 103077.13 | Best fitness in generation (Train): 103077.13 | Mean fitness (Train): 103250.09 | Mean fitness (Test): 103087.03
Generation 500 | Best fitness (Train): 95862.42 | Best fitness in generation (Train): 95862.42 | Mean fitness (Train): 95996.94 | Mean fitness (Test): 95842.90
Generation 600 | Best fitness (Train): 88930.77 | Best fitness in generation (Train): 88930.77 | Mean fitness (Train): 89123.60 | Mean fitness (Test): 88969.70
Generation 700 | Best fitness (Train): 82436.87 | Best fitness in generation (Train): 82436.87 | Mean fitness (Train): 82588.59 | Mean fitness (Test): 82447.59
Generation 800 | Best fitness (Train): 76276.11 | Best fitness in generation (Train): 76276.11 | Mean fitness (Train): 76443.90 | Mean fitness (Test): 76306.57
Generation 900 | Best fitness (Train): 70430.40 | Best fitness in generation (Train): 70430.40 | Mean fitness (Train): 70585.31 | Mean fitness (Test): 70453.04
Generation 1000 | Best fitness (Train): 65047.05 | Best fitness in generation (Train): 65047.05 | Mean fitness (Train): 65173.18 | Mean fitness (Test): 65050.30
Generation 1100 | Best fitness (Train): 59875.68 | Best fitness in generation (Train): 59875.68 | Mean fitness (Train): 60003.65 | Mean fitness (Test): 59883.18
Generation 1200 | Best fitness (Train): 55090.68 | Best fitness in generation (Train): 55090.68 | Mean fitness (Train): 55195.39 | Mean fitness (Test): 55080.64
Generation 1300 | Best fitness (Train): 50595.40 | Best fitness in generation (Train): 50595.40 | Mean fitness (Train): 50700.59 | Mean fitness (Test): 50592.21
Generation 1400 | Best fitness (Train): 46418.89 | Best fitness in generation (Train): 46418.89 | Mean fitness (Train): 46511.21 | Mean fitness (Test): 46406.90
Generation 1500 | Best fitness (Train): 42516.66 | Best fitness in generation (Train): 42516.66 | Mean fitness (Train): 42599.74 | Mean fitness (Test): 42500.16
Generation 1600 | Best fitness (Train): 38876.32 | Best fitness in generation (Train): 38876.32 | Mean fitness (Train): 38947.02 | Mean fitness (Test): 38854.69
Generation 1700 | Best fitness (Train): 35480.57 | Best fitness in generation (Train): 35480.57 | Mean fitness (Train): 35565.81 | Mean fitness (Test): 35476.09
Generation 1800 | Best fitness (Train): 32325.06 | Best fitness in generation (Train): 32325.06 | Mean fitness (Train): 32393.88 | Mean fitness (Test): 32309.76
Generation 1900 | Best fitness (Train): 29386.55 | Best fitness in generation (Train): 29386.55 | Mean fitness (Train): 29467.69 | Mean fitness (Test): 29387.16
Generation 2000 | Best fitness (Train): 26651.34 | Best fitness in generation (Train): 26651.34 | Mean fitness (Train): 26723.84 | Mean fitness (Test): 26647.65
Generation 2100 | Best fitness (Train): 24142.33 | Best fitness in generation (Train): 24142.33 | Mean fitness (Train): 24199.21 | Mean fitness (Test): 24126.72
Generation 2200 | Best fitness (Train): 21794.90 | Best fitness in generation (Train): 21794.90 | Mean fitness (Train): 21847.60 | Mean fitness (Test): 21777.53
Generation 2300 | Best fitness (Train): 19639.84 | Best fitness in generation (Train): 19639.84 | Mean fitness (Train): 19690.32 | Mean fitness (Test): 19622.81
Generation 2400 | Best fitness (Train): 17682.50 | Best fitness in generation (Train): 17682.50 | Mean fitness (Train): 17720.50 | Mean fitness (Test): 17659.09
Generation 2500 | Best fitness (Train): 15867.14 | Best fitness in generation (Train): 15867.14 | Mean fitness (Train): 15908.83 | Mean fitness (Test): 15848.96
Generation 2600 | Best fitness (Train): 14221.11 | Best fitness in generation (Train): 14221.11 | Mean fitness (Train): 14261.33 | Mean fitness (Test): 14204.74
Generation 2700 | Best fitness (Train): 12699.80 | Best fitness in generation (Train): 12699.80 | Mean fitness (Train): 12734.42 | Mean fitness (Test): 12681.11
Generation 2800 | Best fitness (Train): 11324.21 | Best fitness in generation (Train): 11324.21 | Mean fitness (Train): 11359.28 | Mean fitness (Test): 11308.85
Generation 2900 | Best fitness (Train): 10076.33 | Best fitness in generation (Train): 10076.33 | Mean fitness (Train): 10105.04 | Mean fitness (Test): 10057.44
Generation 3000 | Best fitness (Train): 8931.22 | Best fitness in generation (Train): 8931.22 | Mean fitness (Train): 8959.83 | Mean fitness (Test): 8914.87
Generation 3100 | Best fitness (Train): 7893.01 | Best fitness in generation (Train): 7893.01 | Mean fitness (Train): 7919.86 | Mean fitness (Test): 7876.90
Generation 3200 | Best fitness (Train): 6945.93 | Best fitness in generation (Train): 6945.93 | Mean fitness (Train): 6969.97 | Mean fitness (Test): 6929.55
Generation 3300 | Best fitness (Train): 6103.35 | Best fitness in generation (Train): 6103.35 | Mean fitness (Train): 6124.77 | Mean fitness (Test): 6086.52
Generation 3400 | Best fitness (Train): 5349.77 | Best fitness in generation (Train): 5349.77 | Mean fitness (Train): 5366.74 | Mean fitness (Test): 5330.70
Generation 3500 | Best fitness (Train): 4667.06 | Best fitness in generation (Train): 4667.06 | Mean fitness (Train): 4680.42 | Mean fitness (Test): 4646.91
Generation 3600 | Best fitness (Train): 4053.23 | Best fitness in generation (Train): 4053.23 | Mean fitness (Train): 4065.39 | Mean fitness (Test): 4033.36
Generation 3700 | Best fitness (Train): 3503.19 | Best fitness in generation (Train): 3503.19 | Mean fitness (Train): 3516.52 | Mean fitness (Test): 3486.69
Generation 3800 | Best fitness (Train): 3013.20 | Best fitness in generation (Train): 3013.20 | Mean fitness (Train): 3026.98 | Mean fitness (Test): 2998.72
Generation 3900 | Best fitness (Train): 2583.72 | Best fitness in generation (Train): 2583.72 | Mean fitness (Train): 2594.73 | Mean fitness (Test): 2568.29
Generation 4000 | Best fitness (Train): 2199.19 | Best fitness in generation (Train): 2199.19 | Mean fitness (Train): 2211.68 | Mean fitness (Test): 2186.64
Running ES algorithms:  86%|███████████████████████████████████████████████████████████████████████████████████████████████████████▋                 | 6/7 [6:51:19<1:37:41, 5861.53s/it][A
Running ES algorithms: 100%|███████████████████████████████████████████████████████████████████████████████████████████████████████████████████████████| 7/7 [6:51:48<00:00, 3954.58s/it][ARunning ES algorithms: 100%|███████████████████████████████████████████████████████████████████████████████████████████████████████████████████████████| 7/7 [6:51:48<00:00, 3529.74s/it]
Successfully loaded: ellipsoidal
Loading Problems ..:   4%|████▉                                                                                                                  | 1/24 [6:51:52<157:53:18, 24712.98s/it]
running the experiment ... [../../results/BBOBProblem/ellipsoidal/PGPE_500_10000/0]
Generation 100 | Best fitness (Train): 6962502656.00 | Best fitness in generation (Train): 6962502656.00 | Mean fitness (Train): 6996080640.00 | Mean fitness (Test): 6960404480.00
Running ES algorithms:   0%|                                                                                                                                       | 0/7 [00:00<?, ?it/s][A[2025-12-02T23:34:28.536] error: Detected 1 oom_kill event in StepId=8558375.0. Some of the step tasks have been OOM Killed.
srun: error: ise-6000-05: task 0: Out Of Memory
