Sun 09 Nov 2025 00:24:52 IST

SLURM_JOBID:		 8041822
SLURM_JOB_NODELIST:	 ise-3090-02 

configuration parmas running: problem_type=brax es_algorithms=Sep_CMA_ES
Loading Problems ..:   0%|                                                              | 0/12 [00:00<?, ?it/s]/home/ronedr/.conda/envs/ronedr_es_env/lib/python3.10/site-packages/brax/io/mjcf.py:480: UserWarning: Brax System, piplines and environments are not actively being maintained. Please see MJX for a well maintained JAX-based physics engine: https://github.com/google-deepmind/mujoco/tree/main/mjx. For a host of environments that use MJX, see: https://github.com/google-deepmind/mujoco_playground.
  warnings.warn(
E1109 00:25:11.838289 2565444 hlo_lexer.cc:443] Failed to parse int literal: 1986902096214075708017
Successfully loaded: ant

running the experiment ... [../../results/BraxProblem/ant/Sep_CMA_ES/0]
Generation 010 | Best fitness (Train): -4.43 | Best fitness in generation (Train): -7.75 | Mean fitness (Train): -49.07 | Mean fitness (Test): -31.02
Generation 020 | Best fitness (Train): -4.42 | Best fitness in generation (Train): -10.71 | Mean fitness (Train): -59.67 | Mean fitness (Test): -26.44
Generation 030 | Best fitness (Train): -4.39 | Best fitness in generation (Train): -7.13 | Mean fitness (Train): -50.26 | Mean fitness (Test): -67.37
Generation 040 | Best fitness (Train): -4.11 | Best fitness in generation (Train): -8.41 | Mean fitness (Train): -44.93 | Mean fitness (Test): -30.44
Generation 050 | Best fitness (Train): -1.32 | Best fitness in generation (Train): -3.90 | Mean fitness (Train): -34.83 | Mean fitness (Test): -14.01
Generation 060 | Best fitness (Train): -1.32 | Best fitness in generation (Train): -6.56 | Mean fitness (Train): -49.60 | Mean fitness (Test): -42.24
Generation 070 | Best fitness (Train): -1.32 | Best fitness in generation (Train): -5.22 | Mean fitness (Train): -32.71 | Mean fitness (Test): -16.67
Generation 080 | Best fitness (Train): -1.32 | Best fitness in generation (Train): -5.18 | Mean fitness (Train): -42.38 | Mean fitness (Test): -10.69
Generation 090 | Best fitness (Train): -1.32 | Best fitness in generation (Train): -4.65 | Mean fitness (Train): -44.84 | Mean fitness (Test): -5.61
Generation 100 | Best fitness (Train): -1.32 | Best fitness in generation (Train): -4.80 | Mean fitness (Train): -38.77 | Mean fitness (Test): -13.45
Generation 110 | Best fitness (Train): -1.32 | Best fitness in generation (Train): -5.54 | Mean fitness (Train): -45.33 | Mean fitness (Test): -6.78
Generation 120 | Best fitness (Train): -1.32 | Best fitness in generation (Train): -6.70 | Mean fitness (Train): -16.46 | Mean fitness (Test): -10.41
Generation 130 | Best fitness (Train): -1.32 | Best fitness in generation (Train): -4.93 | Mean fitness (Train): -39.61 | Mean fitness (Test): -13.36
Generation 140 | Best fitness (Train): -1.32 | Best fitness in generation (Train): -4.98 | Mean fitness (Train): -26.02 | Mean fitness (Test): -89.40
Generation 150 | Best fitness (Train): -1.32 | Best fitness in generation (Train): -6.79 | Mean fitness (Train): -22.63 | Mean fitness (Test): -11.97
Generation 160 | Best fitness (Train): -1.32 | Best fitness in generation (Train): -3.68 | Mean fitness (Train): -44.46 | Mean fitness (Test): -64.66
Generation 170 | Best fitness (Train): -1.32 | Best fitness in generation (Train): -6.23 | Mean fitness (Train): -17.53 | Mean fitness (Test): -11.33
Generation 180 | Best fitness (Train): -1.32 | Best fitness in generation (Train): -4.82 | Mean fitness (Train): -33.42 | Mean fitness (Test): -13.78
Generation 190 | Best fitness (Train): -1.32 | Best fitness in generation (Train): -6.33 | Mean fitness (Train): -24.68 | Mean fitness (Test): -15.41
Generation 200 | Best fitness (Train): -1.32 | Best fitness in generation (Train): -5.82 | Mean fitness (Train): -25.71 | Mean fitness (Test): -12.37
Generation 210 | Best fitness (Train): -1.32 | Best fitness in generation (Train): -4.39 | Mean fitness (Train): -15.47 | Mean fitness (Test): -12.28
Generation 220 | Best fitness (Train): -1.32 | Best fitness in generation (Train): -6.28 | Mean fitness (Train): -30.40 | Mean fitness (Test): -10.44
Generation 230 | Best fitness (Train): -1.32 | Best fitness in generation (Train): -2.74 | Mean fitness (Train): -39.25 | Mean fitness (Test): -21.05
Generation 240 | Best fitness (Train): -1.32 | Best fitness in generation (Train): -5.75 | Mean fitness (Train): -26.33 | Mean fitness (Test): -12.78
Generation 250 | Best fitness (Train): -1.32 | Best fitness in generation (Train): -8.91 | Mean fitness (Train): -18.79 | Mean fitness (Test): -13.12
Generation 260 | Best fitness (Train): -1.32 | Best fitness in generation (Train): -4.04 | Mean fitness (Train): -38.92 | Mean fitness (Test): -15.27
Generation 270 | Best fitness (Train): -1.32 | Best fitness in generation (Train): -3.71 | Mean fitness (Train): -16.95 | Mean fitness (Test): -8.25
Generation 280 | Best fitness (Train): -1.32 | Best fitness in generation (Train): -5.43 | Mean fitness (Train): -31.68 | Mean fitness (Test): -10.35
Generation 290 | Best fitness (Train): -1.32 | Best fitness in generation (Train): -6.64 | Mean fitness (Train): -32.46 | Mean fitness (Test): -16.86
Generation 300 | Best fitness (Train): -1.32 | Best fitness in generation (Train): -2.40 | Mean fitness (Train): -14.24 | Mean fitness (Test): -9.15
Generation 310 | Best fitness (Train): -1.32 | Best fitness in generation (Train): -10.58 | Mean fitness (Train): -22.57 | Mean fitness (Test): -11.71
Generation 320 | Best fitness (Train): -1.32 | Best fitness in generation (Train): -6.30 | Mean fitness (Train): -14.26 | Mean fitness (Test): -11.98
Generation 330 | Best fitness (Train): -1.32 | Best fitness in generation (Train): -4.73 | Mean fitness (Train): -24.73 | Mean fitness (Test): -11.96
Generation 340 | Best fitness (Train): 0.28 | Best fitness in generation (Train): -6.00 | Mean fitness (Train): -24.20 | Mean fitness (Test): -8.59
Generation 350 | Best fitness (Train): 0.28 | Best fitness in generation (Train): -4.97 | Mean fitness (Train): -18.36 | Mean fitness (Test): -9.16
Generation 360 | Best fitness (Train): 0.28 | Best fitness in generation (Train): -12.61 | Mean fitness (Train): -41.07 | Mean fitness (Test): -44.78
Generation 370 | Best fitness (Train): 0.28 | Best fitness in generation (Train): -5.75 | Mean fitness (Train): -21.88 | Mean fitness (Test): -11.85
Generation 380 | Best fitness (Train): 0.28 | Best fitness in generation (Train): -4.71 | Mean fitness (Train): -14.02 | Mean fitness (Test): -9.31
Generation 390 | Best fitness (Train): 0.28 | Best fitness in generation (Train): -4.23 | Mean fitness (Train): -35.45 | Mean fitness (Test): -22.00
Generation 400 | Best fitness (Train): 0.28 | Best fitness in generation (Train): -4.97 | Mean fitness (Train): -23.37 | Mean fitness (Test): -6.54
Generation 410 | Best fitness (Train): 0.28 | Best fitness in generation (Train): -5.05 | Mean fitness (Train): -43.80 | Mean fitness (Test): -21.72
Generation 420 | Best fitness (Train): 0.28 | Best fitness in generation (Train): -8.29 | Mean fitness (Train): -21.91 | Mean fitness (Test): -16.60
Generation 430 | Best fitness (Train): 0.28 | Best fitness in generation (Train): -4.16 | Mean fitness (Train): -40.67 | Mean fitness (Test): -15.63
Generation 440 | Best fitness (Train): 0.28 | Best fitness in generation (Train): -3.61 | Mean fitness (Train): -11.71 | Mean fitness (Test): -9.74
Generation 450 | Best fitness (Train): 0.28 | Best fitness in generation (Train): -5.83 | Mean fitness (Train): -36.93 | Mean fitness (Test): -6.24
Generation 460 | Best fitness (Train): 0.28 | Best fitness in generation (Train): -6.20 | Mean fitness (Train): -19.28 | Mean fitness (Test): -13.24
Generation 470 | Best fitness (Train): 0.28 | Best fitness in generation (Train): -3.96 | Mean fitness (Train): -13.64 | Mean fitness (Test): -6.29
Generation 480 | Best fitness (Train): 0.28 | Best fitness in generation (Train): -5.32 | Mean fitness (Train): -16.80 | Mean fitness (Test): -7.80
Generation 490 | Best fitness (Train): 0.28 | Best fitness in generation (Train): -4.48 | Mean fitness (Train): -16.54 | Mean fitness (Test): -11.94
Generation 500 | Best fitness (Train): 0.28 | Best fitness in generation (Train): -3.36 | Mean fitness (Train): -16.21 | Mean fitness (Test): -7.25
Generation 510 | Best fitness (Train): 0.28 | Best fitness in generation (Train): -6.17 | Mean fitness (Train): -41.76 | Mean fitness (Test): -122.38
Generation 520 | Best fitness (Train): 0.28 | Best fitness in generation (Train): -4.45 | Mean fitness (Train): -17.88 | Mean fitness (Test): -6.51
Generation 530 | Best fitness (Train): 12.93 | Best fitness in generation (Train): -5.31 | Mean fitness (Train): -11.90 | Mean fitness (Test): -7.66
Generation 540 | Best fitness (Train): 12.93 | Best fitness in generation (Train): -5.74 | Mean fitness (Train): -48.78 | Mean fitness (Test): -8.79
Generation 550 | Best fitness (Train): 12.93 | Best fitness in generation (Train): -4.46 | Mean fitness (Train): -12.90 | Mean fitness (Test): -6.44
Generation 560 | Best fitness (Train): 12.93 | Best fitness in generation (Train): -4.51 | Mean fitness (Train): -12.49 | Mean fitness (Test): -5.99
Generation 570 | Best fitness (Train): 12.93 | Best fitness in generation (Train): -4.72 | Mean fitness (Train): -13.45 | Mean fitness (Test): -9.11
Generation 580 | Best fitness (Train): 12.93 | Best fitness in generation (Train): -4.91 | Mean fitness (Train): -17.31 | Mean fitness (Test): -15.55
Generation 590 | Best fitness (Train): 12.93 | Best fitness in generation (Train): -4.90 | Mean fitness (Train): -8.37 | Mean fitness (Test): -9.18
Generation 600 | Best fitness (Train): 12.93 | Best fitness in generation (Train): -8.50 | Mean fitness (Train): -51.84 | Mean fitness (Test): -93.83
Generation 610 | Best fitness (Train): 12.93 | Best fitness in generation (Train): -5.78 | Mean fitness (Train): -30.45 | Mean fitness (Test): -11.61
Generation 620 | Best fitness (Train): 12.93 | Best fitness in generation (Train): -4.90 | Mean fitness (Train): -13.21 | Mean fitness (Test): -5.22
Generation 630 | Best fitness (Train): 12.93 | Best fitness in generation (Train): -4.30 | Mean fitness (Train): -16.54 | Mean fitness (Test): -5.80
Generation 640 | Best fitness (Train): 12.93 | Best fitness in generation (Train): -4.61 | Mean fitness (Train): -24.86 | Mean fitness (Test): -6.50
Generation 650 | Best fitness (Train): 12.93 | Best fitness in generation (Train): -5.03 | Mean fitness (Train): -14.02 | Mean fitness (Test): -7.50
Generation 660 | Best fitness (Train): 12.93 | Best fitness in generation (Train): -4.41 | Mean fitness (Train): -13.54 | Mean fitness (Test): -5.63
Generation 670 | Best fitness (Train): 12.93 | Best fitness in generation (Train): -3.78 | Mean fitness (Train): -30.75 | Mean fitness (Test): -5.94
Generation 680 | Best fitness (Train): 12.93 | Best fitness in generation (Train): -4.36 | Mean fitness (Train): -22.16 | Mean fitness (Test): -6.59
Generation 690 | Best fitness (Train): 12.93 | Best fitness in generation (Train): -5.71 | Mean fitness (Train): -15.84 | Mean fitness (Test): -6.52
Generation 700 | Best fitness (Train): 12.93 | Best fitness in generation (Train): -5.71 | Mean fitness (Train): -12.17 | Mean fitness (Test): -9.40
Generation 710 | Best fitness (Train): 12.93 | Best fitness in generation (Train): -5.88 | Mean fitness (Train): -12.54 | Mean fitness (Test): -6.99
Generation 720 | Best fitness (Train): 12.93 | Best fitness in generation (Train): -4.93 | Mean fitness (Train): -15.74 | Mean fitness (Test): -7.67
Generation 730 | Best fitness (Train): 12.93 | Best fitness in generation (Train): -4.68 | Mean fitness (Train): -31.83 | Mean fitness (Test): -5.95
Generation 740 | Best fitness (Train): 12.93 | Best fitness in generation (Train): -5.39 | Mean fitness (Train): -12.48 | Mean fitness (Test): -10.66
Generation 750 | Best fitness (Train): 12.93 | Best fitness in generation (Train): -4.02 | Mean fitness (Train): -19.82 | Mean fitness (Test): -6.50
Generation 760 | Best fitness (Train): 12.93 | Best fitness in generation (Train): -3.91 | Mean fitness (Train): -35.97 | Mean fitness (Test): -45.20
Generation 770 | Best fitness (Train): 12.93 | Best fitness in generation (Train): -5.45 | Mean fitness (Train): -9.66 | Mean fitness (Test): -9.01
Generation 780 | Best fitness (Train): 12.93 | Best fitness in generation (Train): -4.62 | Mean fitness (Train): -9.34 | Mean fitness (Test): -9.77
Generation 790 | Best fitness (Train): 12.93 | Best fitness in generation (Train): -3.59 | Mean fitness (Train): -29.71 | Mean fitness (Test): -19.89
Generation 800 | Best fitness (Train): 12.93 | Best fitness in generation (Train): -9.06 | Mean fitness (Train): -46.25 | Mean fitness (Test): -35.87
Generation 810 | Best fitness (Train): 12.93 | Best fitness in generation (Train): -4.75 | Mean fitness (Train): -22.26 | Mean fitness (Test): -14.97
Generation 820 | Best fitness (Train): 12.93 | Best fitness in generation (Train): -5.01 | Mean fitness (Train): -43.58 | Mean fitness (Test): -15.36
Generation 830 | Best fitness (Train): 12.93 | Best fitness in generation (Train): -5.14 | Mean fitness (Train): -12.72 | Mean fitness (Test): -6.57
Generation 840 | Best fitness (Train): 12.93 | Best fitness in generation (Train): -5.16 | Mean fitness (Train): -9.82 | Mean fitness (Test): -9.01
Generation 850 | Best fitness (Train): 12.93 | Best fitness in generation (Train): -4.99 | Mean fitness (Train): -14.79 | Mean fitness (Test): -5.15
Generation 860 | Best fitness (Train): 12.93 | Best fitness in generation (Train): -3.80 | Mean fitness (Train): -11.85 | Mean fitness (Test): -6.34
Generation 870 | Best fitness (Train): 12.93 | Best fitness in generation (Train): -5.28 | Mean fitness (Train): -24.52 | Mean fitness (Test): -15.62
Generation 880 | Best fitness (Train): 12.93 | Best fitness in generation (Train): -6.31 | Mean fitness (Train): -45.12 | Mean fitness (Test): -21.81
Generation 890 | Best fitness (Train): 12.93 | Best fitness in generation (Train): -6.83 | Mean fitness (Train): -15.08 | Mean fitness (Test): -12.18
Generation 900 | Best fitness (Train): 12.93 | Best fitness in generation (Train): -5.23 | Mean fitness (Train): -11.37 | Mean fitness (Test): -6.42
Generation 910 | Best fitness (Train): 12.93 | Best fitness in generation (Train): -5.13 | Mean fitness (Train): -11.65 | Mean fitness (Test): -6.57
Generation 920 | Best fitness (Train): 12.93 | Best fitness in generation (Train): -6.55 | Mean fitness (Train): -15.67 | Mean fitness (Test): -7.65
Generation 930 | Best fitness (Train): 12.93 | Best fitness in generation (Train): -4.18 | Mean fitness (Train): -13.29 | Mean fitness (Test): -8.60
Generation 940 | Best fitness (Train): 12.93 | Best fitness in generation (Train): -4.85 | Mean fitness (Train): -15.33 | Mean fitness (Test): -6.15
Generation 950 | Best fitness (Train): 12.93 | Best fitness in generation (Train): -5.28 | Mean fitness (Train): -8.26 | Mean fitness (Test): -8.48
Generation 960 | Best fitness (Train): 12.93 | Best fitness in generation (Train): -4.91 | Mean fitness (Train): -12.13 | Mean fitness (Test): -10.50
Generation 970 | Best fitness (Train): 12.93 | Best fitness in generation (Train): -5.97 | Mean fitness (Train): -15.68 | Mean fitness (Test): -17.43
Generation 980 | Best fitness (Train): 12.93 | Best fitness in generation (Train): -4.56 | Mean fitness (Train): -14.50 | Mean fitness (Test): -11.33
Generation 990 | Best fitness (Train): 12.93 | Best fitness in generation (Train): -6.28 | Mean fitness (Train): -52.44 | Mean fitness (Test): -113.43
Generation 1000 | Best fitness (Train): 12.93 | Best fitness in generation (Train): -4.57 | Mean fitness (Train): -18.62 | Mean fitness (Test): -10.03
running the experiment ... [../../results/BraxProblem/ant/Sep_CMA_ES/1]
Generation 010 | Best fitness (Train): -4.79 | Best fitness in generation (Train): -7.74 | Mean fitness (Train): -55.63 | Mean fitness (Test): -9.14
Generation 020 | Best fitness (Train): -3.85 | Best fitness in generation (Train): -6.48 | Mean fitness (Train): -57.83 | Mean fitness (Test): -18.72
Generation 030 | Best fitness (Train): -3.77 | Best fitness in generation (Train): -6.00 | Mean fitness (Train): -49.53 | Mean fitness (Test): -17.46
Generation 040 | Best fitness (Train): -3.77 | Best fitness in generation (Train): -6.99 | Mean fitness (Train): -60.38 | Mean fitness (Test): -35.53
Generation 050 | Best fitness (Train): -3.65 | Best fitness in generation (Train): -5.11 | Mean fitness (Train): -44.30 | Mean fitness (Test): -23.15
Generation 060 | Best fitness (Train): -3.65 | Best fitness in generation (Train): -5.70 | Mean fitness (Train): -51.36 | Mean fitness (Test): -5.52
Generation 070 | Best fitness (Train): 0.48 | Best fitness in generation (Train): -6.86 | Mean fitness (Train): -49.85 | Mean fitness (Test): -36.86
Generation 080 | Best fitness (Train): 0.48 | Best fitness in generation (Train): -7.20 | Mean fitness (Train): -44.08 | Mean fitness (Test): -91.27
Generation 090 | Best fitness (Train): 0.48 | Best fitness in generation (Train): -7.12 | Mean fitness (Train): -41.33 | Mean fitness (Test): -11.70
Generation 100 | Best fitness (Train): 0.48 | Best fitness in generation (Train): -5.20 | Mean fitness (Train): -42.56 | Mean fitness (Test): -74.97
Generation 110 | Best fitness (Train): 0.48 | Best fitness in generation (Train): -6.25 | Mean fitness (Train): -41.85 | Mean fitness (Test): -7.59
Generation 120 | Best fitness (Train): 0.48 | Best fitness in generation (Train): -7.37 | Mean fitness (Train): -41.20 | Mean fitness (Test): -14.46
Generation 130 | Best fitness (Train): 0.48 | Best fitness in generation (Train): -5.54 | Mean fitness (Train): -30.50 | Mean fitness (Test): -68.90
Generation 140 | Best fitness (Train): 0.48 | Best fitness in generation (Train): -6.04 | Mean fitness (Train): -32.90 | Mean fitness (Test): -13.32
Generation 150 | Best fitness (Train): 0.48 | Best fitness in generation (Train): -6.01 | Mean fitness (Train): -15.13 | Mean fitness (Test): -8.22
Generation 160 | Best fitness (Train): 0.48 | Best fitness in generation (Train): -4.61 | Mean fitness (Train): -19.76 | Mean fitness (Test): -9.87
Generation 170 | Best fitness (Train): 0.48 | Best fitness in generation (Train): -3.94 | Mean fitness (Train): -34.53 | Mean fitness (Test): -24.34
Generation 180 | Best fitness (Train): 0.48 | Best fitness in generation (Train): -5.91 | Mean fitness (Train): -28.69 | Mean fitness (Test): -12.88
Generation 190 | Best fitness (Train): 0.48 | Best fitness in generation (Train): -5.06 | Mean fitness (Train): -19.42 | Mean fitness (Test): -39.58
Generation 200 | Best fitness (Train): 0.48 | Best fitness in generation (Train): -7.16 | Mean fitness (Train): -24.69 | Mean fitness (Test): -44.11
Generation 210 | Best fitness (Train): 0.48 | Best fitness in generation (Train): -7.56 | Mean fitness (Train): -19.38 | Mean fitness (Test): -8.63
Generation 220 | Best fitness (Train): 0.48 | Best fitness in generation (Train): -5.28 | Mean fitness (Train): -13.20 | Mean fitness (Test): -5.74
Generation 230 | Best fitness (Train): 0.48 | Best fitness in generation (Train): -7.42 | Mean fitness (Train): -31.11 | Mean fitness (Test): -14.93
Generation 240 | Best fitness (Train): 0.48 | Best fitness in generation (Train): -6.23 | Mean fitness (Train): -30.49 | Mean fitness (Test): -13.34
Generation 250 | Best fitness (Train): 0.48 | Best fitness in generation (Train): -3.87 | Mean fitness (Train): -21.33 | Mean fitness (Test): -13.77
Generation 260 | Best fitness (Train): 0.48 | Best fitness in generation (Train): -5.81 | Mean fitness (Train): -20.63 | Mean fitness (Test): -12.65
Generation 270 | Best fitness (Train): 0.48 | Best fitness in generation (Train): -4.27 | Mean fitness (Train): -23.91 | Mean fitness (Test): -9.85
Generation 280 | Best fitness (Train): 0.48 | Best fitness in generation (Train): -4.33 | Mean fitness (Train): -20.35 | Mean fitness (Test): -11.77
Generation 290 | Best fitness (Train): 0.48 | Best fitness in generation (Train): -9.75 | Mean fitness (Train): -26.10 | Mean fitness (Test): -20.69
Generation 300 | Best fitness (Train): 0.48 | Best fitness in generation (Train): -4.32 | Mean fitness (Train): -28.30 | Mean fitness (Test): -14.39
Generation 310 | Best fitness (Train): 0.48 | Best fitness in generation (Train): -5.40 | Mean fitness (Train): -31.14 | Mean fitness (Test): -7.20
Generation 320 | Best fitness (Train): 0.48 | Best fitness in generation (Train): -6.42 | Mean fitness (Train): -14.19 | Mean fitness (Test): -11.85
Generation 330 | Best fitness (Train): 0.48 | Best fitness in generation (Train): -4.91 | Mean fitness (Train): -30.59 | Mean fitness (Test): -34.52
Generation 340 | Best fitness (Train): 0.48 | Best fitness in generation (Train): -5.57 | Mean fitness (Train): -18.04 | Mean fitness (Test): -7.20
Generation 350 | Best fitness (Train): 0.48 | Best fitness in generation (Train): -5.10 | Mean fitness (Train): -12.61 | Mean fitness (Test): -10.71
Generation 360 | Best fitness (Train): 0.48 | Best fitness in generation (Train): -5.34 | Mean fitness (Train): -25.49 | Mean fitness (Test): -11.01
Generation 370 | Best fitness (Train): 0.48 | Best fitness in generation (Train): -5.69 | Mean fitness (Train): -21.27 | Mean fitness (Test): -6.31
Generation 380 | Best fitness (Train): 0.48 | Best fitness in generation (Train): -5.45 | Mean fitness (Train): -14.83 | Mean fitness (Test): -12.99
Generation 390 | Best fitness (Train): 0.48 | Best fitness in generation (Train): -1.93 | Mean fitness (Train): -43.52 | Mean fitness (Test): -46.86
Generation 400 | Best fitness (Train): 0.48 | Best fitness in generation (Train): -5.72 | Mean fitness (Train): -28.72 | Mean fitness (Test): -6.83
Generation 410 | Best fitness (Train): 0.48 | Best fitness in generation (Train): -3.91 | Mean fitness (Train): -17.63 | Mean fitness (Test): -6.00
Generation 420 | Best fitness (Train): 0.48 | Best fitness in generation (Train): -5.25 | Mean fitness (Train): -27.72 | Mean fitness (Test): -7.44
Generation 430 | Best fitness (Train): 0.48 | Best fitness in generation (Train): -5.08 | Mean fitness (Train): -18.14 | Mean fitness (Test): -7.19
Generation 440 | Best fitness (Train): 0.48 | Best fitness in generation (Train): -4.89 | Mean fitness (Train): -31.70 | Mean fitness (Test): -9.09
Generation 450 | Best fitness (Train): 0.48 | Best fitness in generation (Train): -4.52 | Mean fitness (Train): -22.73 | Mean fitness (Test): -12.40
Generation 460 | Best fitness (Train): 0.48 | Best fitness in generation (Train): -3.64 | Mean fitness (Train): -23.64 | Mean fitness (Test): -7.16
Generation 470 | Best fitness (Train): 0.48 | Best fitness in generation (Train): -6.09 | Mean fitness (Train): -16.44 | Mean fitness (Test): -11.91
Generation 480 | Best fitness (Train): 0.48 | Best fitness in generation (Train): -4.79 | Mean fitness (Train): -16.55 | Mean fitness (Test): -6.97
Generation 490 | Best fitness (Train): 0.48 | Best fitness in generation (Train): -4.39 | Mean fitness (Train): -23.13 | Mean fitness (Test): -17.12
Generation 500 | Best fitness (Train): 0.48 | Best fitness in generation (Train): -4.30 | Mean fitness (Train): -22.71 | Mean fitness (Test): -7.55
Generation 510 | Best fitness (Train): 0.48 | Best fitness in generation (Train): -3.59 | Mean fitness (Train): -21.44 | Mean fitness (Test): -8.31
Generation 520 | Best fitness (Train): 0.48 | Best fitness in generation (Train): -5.99 | Mean fitness (Train): -23.73 | Mean fitness (Test): -10.65
Generation 530 | Best fitness (Train): 0.48 | Best fitness in generation (Train): -3.48 | Mean fitness (Train): -20.45 | Mean fitness (Test): -5.60
Generation 540 | Best fitness (Train): 0.48 | Best fitness in generation (Train): -7.56 | Mean fitness (Train): -25.32 | Mean fitness (Test): -14.09
Generation 550 | Best fitness (Train): 0.48 | Best fitness in generation (Train): -6.15 | Mean fitness (Train): -29.25 | Mean fitness (Test): -15.74
Generation 560 | Best fitness (Train): 0.48 | Best fitness in generation (Train): -4.88 | Mean fitness (Train): -19.50 | Mean fitness (Test): -13.72
Generation 570 | Best fitness (Train): 0.48 | Best fitness in generation (Train): -5.60 | Mean fitness (Train): -21.91 | Mean fitness (Test): -48.56
Generation 580 | Best fitness (Train): 0.48 | Best fitness in generation (Train): -4.76 | Mean fitness (Train): -19.51 | Mean fitness (Test): -13.92
Generation 590 | Best fitness (Train): 0.48 | Best fitness in generation (Train): -5.28 | Mean fitness (Train): -19.24 | Mean fitness (Test): -8.21
Generation 600 | Best fitness (Train): 0.48 | Best fitness in generation (Train): -3.63 | Mean fitness (Train): -14.20 | Mean fitness (Test): -11.60
Generation 610 | Best fitness (Train): 0.48 | Best fitness in generation (Train): -6.25 | Mean fitness (Train): -40.93 | Mean fitness (Test): -82.49
Generation 620 | Best fitness (Train): 0.48 | Best fitness in generation (Train): -3.58 | Mean fitness (Train): -16.97 | Mean fitness (Test): -6.35
Generation 630 | Best fitness (Train): 0.48 | Best fitness in generation (Train): -6.30 | Mean fitness (Train): -13.72 | Mean fitness (Test): -13.28
Generation 640 | Best fitness (Train): 0.48 | Best fitness in generation (Train): -7.47 | Mean fitness (Train): -13.68 | Mean fitness (Test): -11.90
Generation 650 | Best fitness (Train): 0.48 | Best fitness in generation (Train): -5.80 | Mean fitness (Train): -16.01 | Mean fitness (Test): -12.21
Generation 660 | Best fitness (Train): 0.48 | Best fitness in generation (Train): -3.26 | Mean fitness (Train): -13.23 | Mean fitness (Test): -4.67
Generation 670 | Best fitness (Train): 0.48 | Best fitness in generation (Train): -3.66 | Mean fitness (Train): -27.84 | Mean fitness (Test): -10.72
Generation 680 | Best fitness (Train): 0.48 | Best fitness in generation (Train): -4.15 | Mean fitness (Train): -20.20 | Mean fitness (Test): -10.67
Generation 690 | Best fitness (Train): 0.48 | Best fitness in generation (Train): -5.24 | Mean fitness (Train): -14.75 | Mean fitness (Test): -9.20
Generation 700 | Best fitness (Train): 0.48 | Best fitness in generation (Train): -4.99 | Mean fitness (Train): -17.06 | Mean fitness (Test): -6.45
Generation 710 | Best fitness (Train): 0.48 | Best fitness in generation (Train): -3.29 | Mean fitness (Train): -17.95 | Mean fitness (Test): -5.82
Generation 720 | Best fitness (Train): 0.48 | Best fitness in generation (Train): -4.37 | Mean fitness (Train): -18.93 | Mean fitness (Test): -9.57
Generation 730 | Best fitness (Train): 0.48 | Best fitness in generation (Train): -5.48 | Mean fitness (Train): -18.19 | Mean fitness (Test): -6.61
Generation 740 | Best fitness (Train): 0.48 | Best fitness in generation (Train): -3.37 | Mean fitness (Train): -43.10 | Mean fitness (Test): -104.45
Generation 750 | Best fitness (Train): 0.48 | Best fitness in generation (Train): -4.91 | Mean fitness (Train): -13.08 | Mean fitness (Test): -13.80
Generation 760 | Best fitness (Train): 0.48 | Best fitness in generation (Train): -5.34 | Mean fitness (Train): -20.46 | Mean fitness (Test): -7.34
Generation 770 | Best fitness (Train): 0.48 | Best fitness in generation (Train): -5.27 | Mean fitness (Train): -28.20 | Mean fitness (Test): -42.62
Generation 780 | Best fitness (Train): 0.48 | Best fitness in generation (Train): -4.08 | Mean fitness (Train): -19.38 | Mean fitness (Test): -162.92
Generation 790 | Best fitness (Train): 0.48 | Best fitness in generation (Train): -5.80 | Mean fitness (Train): -10.79 | Mean fitness (Test): -9.56
Generation 800 | Best fitness (Train): 0.48 | Best fitness in generation (Train): -5.03 | Mean fitness (Train): -17.21 | Mean fitness (Test): -7.69
Generation 810 | Best fitness (Train): 0.48 | Best fitness in generation (Train): -5.52 | Mean fitness (Train): -16.12 | Mean fitness (Test): -7.12
Generation 820 | Best fitness (Train): 0.48 | Best fitness in generation (Train): -4.63 | Mean fitness (Train): -16.77 | Mean fitness (Test): -5.63
Generation 830 | Best fitness (Train): 0.48 | Best fitness in generation (Train): -5.43 | Mean fitness (Train): -31.16 | Mean fitness (Test): -7.97
Generation 840 | Best fitness (Train): 0.48 | Best fitness in generation (Train): -4.52 | Mean fitness (Train): -32.78 | Mean fitness (Test): -37.84
Generation 850 | Best fitness (Train): 0.48 | Best fitness in generation (Train): -4.98 | Mean fitness (Train): -31.26 | Mean fitness (Test): -10.06
Generation 860 | Best fitness (Train): 0.48 | Best fitness in generation (Train): -4.25 | Mean fitness (Train): -9.81 | Mean fitness (Test): -7.81
Generation 870 | Best fitness (Train): 0.48 | Best fitness in generation (Train): -6.49 | Mean fitness (Train): -19.41 | Mean fitness (Test): -8.81
Generation 880 | Best fitness (Train): 0.48 | Best fitness in generation (Train): -3.88 | Mean fitness (Train): -14.54 | Mean fitness (Test): -8.64
Generation 890 | Best fitness (Train): 0.48 | Best fitness in generation (Train): -5.25 | Mean fitness (Train): -13.94 | Mean fitness (Test): -14.01
Generation 900 | Best fitness (Train): 0.48 | Best fitness in generation (Train): -5.30 | Mean fitness (Train): -15.42 | Mean fitness (Test): -14.80
Generation 910 | Best fitness (Train): 0.48 | Best fitness in generation (Train): -4.16 | Mean fitness (Train): -20.24 | Mean fitness (Test): -12.13
Generation 920 | Best fitness (Train): 0.48 | Best fitness in generation (Train): -5.08 | Mean fitness (Train): -14.18 | Mean fitness (Test): -6.18
Generation 930 | Best fitness (Train): 0.48 | Best fitness in generation (Train): -4.37 | Mean fitness (Train): -11.42 | Mean fitness (Test): -7.18
Generation 940 | Best fitness (Train): 0.48 | Best fitness in generation (Train): -6.93 | Mean fitness (Train): -50.40 | Mean fitness (Test): -70.87
Generation 950 | Best fitness (Train): 0.48 | Best fitness in generation (Train): -4.63 | Mean fitness (Train): -24.31 | Mean fitness (Test): -5.61
Generation 960 | Best fitness (Train): 0.48 | Best fitness in generation (Train): -5.50 | Mean fitness (Train): -14.13 | Mean fitness (Test): -6.02
Generation 970 | Best fitness (Train): 0.48 | Best fitness in generation (Train): -6.34 | Mean fitness (Train): -33.60 | Mean fitness (Test): -9.74
Generation 980 | Best fitness (Train): 0.48 | Best fitness in generation (Train): -4.27 | Mean fitness (Train): -19.42 | Mean fitness (Test): -5.19
Generation 990 | Best fitness (Train): 0.48 | Best fitness in generation (Train): -5.18 | Mean fitness (Train): -18.20 | Mean fitness (Test): -10.38
Generation 1000 | Best fitness (Train): 0.48 | Best fitness in generation (Train): -3.80 | Mean fitness (Train): -13.34 | Mean fitness (Test): -8.09
running the experiment ... [../../results/BraxProblem/ant/Sep_CMA_ES/2]
Generation 010 | Best fitness (Train): 22.38 | Best fitness in generation (Train): -6.01 | Mean fitness (Train): -60.11 | Mean fitness (Test): -80.74
Generation 020 | Best fitness (Train): 22.38 | Best fitness in generation (Train): -5.10 | Mean fitness (Train): -48.70 | Mean fitness (Test): -30.08
Generation 030 | Best fitness (Train): 22.38 | Best fitness in generation (Train): -7.40 | Mean fitness (Train): -53.74 | Mean fitness (Test): -8.96
Generation 040 | Best fitness (Train): 22.38 | Best fitness in generation (Train): -6.35 | Mean fitness (Train): -49.13 | Mean fitness (Test): -37.98
Generation 050 | Best fitness (Train): 22.38 | Best fitness in generation (Train): -4.81 | Mean fitness (Train): -50.37 | Mean fitness (Test): -19.54
Generation 060 | Best fitness (Train): 22.38 | Best fitness in generation (Train): -5.78 | Mean fitness (Train): -44.71 | Mean fitness (Test): -38.78
Generation 070 | Best fitness (Train): 22.38 | Best fitness in generation (Train): -5.01 | Mean fitness (Train): -44.84 | Mean fitness (Test): -9.45
Generation 080 | Best fitness (Train): 22.38 | Best fitness in generation (Train): -5.68 | Mean fitness (Train): -43.29 | Mean fitness (Test): -21.48
Generation 090 | Best fitness (Train): 22.38 | Best fitness in generation (Train): -7.28 | Mean fitness (Train): -40.51 | Mean fitness (Test): -9.70
Generation 100 | Best fitness (Train): 22.38 | Best fitness in generation (Train): -6.04 | Mean fitness (Train): -30.73 | Mean fitness (Test): -9.63
Generation 110 | Best fitness (Train): 22.38 | Best fitness in generation (Train): -7.35 | Mean fitness (Train): -26.31 | Mean fitness (Test): -23.59
Generation 120 | Best fitness (Train): 22.38 | Best fitness in generation (Train): -4.83 | Mean fitness (Train): -17.82 | Mean fitness (Test): -9.63
Generation 130 | Best fitness (Train): 22.38 | Best fitness in generation (Train): -5.66 | Mean fitness (Train): -26.50 | Mean fitness (Test): -81.66
Generation 140 | Best fitness (Train): 22.38 | Best fitness in generation (Train): -6.89 | Mean fitness (Train): -23.40 | Mean fitness (Test): -9.97
Generation 150 | Best fitness (Train): 22.38 | Best fitness in generation (Train): -5.96 | Mean fitness (Train): -30.02 | Mean fitness (Test): -8.06
Generation 160 | Best fitness (Train): 22.38 | Best fitness in generation (Train): -6.47 | Mean fitness (Train): -32.38 | Mean fitness (Test): -25.95
Generation 170 | Best fitness (Train): 22.38 | Best fitness in generation (Train): -6.83 | Mean fitness (Train): -38.58 | Mean fitness (Test): -125.44
Generation 180 | Best fitness (Train): 22.38 | Best fitness in generation (Train): -4.52 | Mean fitness (Train): -29.71 | Mean fitness (Test): -6.80
Generation 190 | Best fitness (Train): 22.38 | Best fitness in generation (Train): -4.58 | Mean fitness (Train): -27.12 | Mean fitness (Test): -9.17
Generation 200 | Best fitness (Train): 22.38 | Best fitness in generation (Train): -5.98 | Mean fitness (Train): -26.40 | Mean fitness (Test): -11.30
Generation 210 | Best fitness (Train): 22.38 | Best fitness in generation (Train): -6.19 | Mean fitness (Train): -31.46 | Mean fitness (Test): -100.52
Generation 220 | Best fitness (Train): 22.38 | Best fitness in generation (Train): -5.85 | Mean fitness (Train): -20.90 | Mean fitness (Test): -7.75
Generation 230 | Best fitness (Train): 22.38 | Best fitness in generation (Train): -4.25 | Mean fitness (Train): -16.30 | Mean fitness (Test): -9.09
Generation 240 | Best fitness (Train): 22.38 | Best fitness in generation (Train): -6.52 | Mean fitness (Train): -36.08 | Mean fitness (Test): -31.48
Generation 250 | Best fitness (Train): 22.38 | Best fitness in generation (Train): -4.88 | Mean fitness (Train): -15.58 | Mean fitness (Test): -11.58
Generation 260 | Best fitness (Train): 22.38 | Best fitness in generation (Train): -6.39 | Mean fitness (Train): -37.57 | Mean fitness (Test): -18.86
Generation 270 | Best fitness (Train): 22.38 | Best fitness in generation (Train): -5.21 | Mean fitness (Train): -22.34 | Mean fitness (Test): -14.53
Generation 280 | Best fitness (Train): 22.38 | Best fitness in generation (Train): -4.89 | Mean fitness (Train): -25.97 | Mean fitness (Test): -58.61
Generation 290 | Best fitness (Train): 22.38 | Best fitness in generation (Train): -5.80 | Mean fitness (Train): -24.13 | Mean fitness (Test): -10.26
Generation 300 | Best fitness (Train): 22.38 | Best fitness in generation (Train): -6.20 | Mean fitness (Train): -32.25 | Mean fitness (Test): -46.78
Generation 310 | Best fitness (Train): 22.38 | Best fitness in generation (Train): -5.35 | Mean fitness (Train): -15.82 | Mean fitness (Test): -5.26
Generation 320 | Best fitness (Train): 22.38 | Best fitness in generation (Train): -4.81 | Mean fitness (Train): -23.56 | Mean fitness (Test): -23.66
Generation 330 | Best fitness (Train): 22.38 | Best fitness in generation (Train): -6.37 | Mean fitness (Train): -19.54 | Mean fitness (Test): -8.41
Generation 340 | Best fitness (Train): 22.38 | Best fitness in generation (Train): -7.98 | Mean fitness (Train): -26.24 | Mean fitness (Test): -13.15
Generation 350 | Best fitness (Train): 22.38 | Best fitness in generation (Train): -6.24 | Mean fitness (Train): -27.64 | Mean fitness (Test): -15.13
Generation 360 | Best fitness (Train): 22.38 | Best fitness in generation (Train): -4.59 | Mean fitness (Train): -16.34 | Mean fitness (Test): -8.78
Generation 370 | Best fitness (Train): 22.38 | Best fitness in generation (Train): -5.07 | Mean fitness (Train): -18.22 | Mean fitness (Test): -9.91
Generation 380 | Best fitness (Train): 22.38 | Best fitness in generation (Train): -4.06 | Mean fitness (Train): -14.10 | Mean fitness (Test): -5.31
Generation 390 | Best fitness (Train): 22.38 | Best fitness in generation (Train): -4.80 | Mean fitness (Train): -19.96 | Mean fitness (Test): -8.98
Generation 400 | Best fitness (Train): 22.38 | Best fitness in generation (Train): -4.98 | Mean fitness (Train): -23.72 | Mean fitness (Test): -6.30
Generation 410 | Best fitness (Train): 22.38 | Best fitness in generation (Train): -8.62 | Mean fitness (Train): -32.63 | Mean fitness (Test): -20.74
Generation 420 | Best fitness (Train): 22.38 | Best fitness in generation (Train): -3.42 | Mean fitness (Train): -12.07 | Mean fitness (Test): -7.38
Generation 430 | Best fitness (Train): 22.38 | Best fitness in generation (Train): -6.09 | Mean fitness (Train): -28.68 | Mean fitness (Test): -10.12
Generation 440 | Best fitness (Train): 22.38 | Best fitness in generation (Train): -5.17 | Mean fitness (Train): -14.13 | Mean fitness (Test): -8.56
Generation 450 | Best fitness (Train): 22.38 | Best fitness in generation (Train): -2.98 | Mean fitness (Train): -18.89 | Mean fitness (Test): -4.68
Generation 460 | Best fitness (Train): 22.38 | Best fitness in generation (Train): -4.86 | Mean fitness (Train): -15.31 | Mean fitness (Test): -9.09
Generation 470 | Best fitness (Train): 22.38 | Best fitness in generation (Train): -3.41 | Mean fitness (Train): -27.44 | Mean fitness (Test): -3.42
Generation 480 | Best fitness (Train): 22.38 | Best fitness in generation (Train): -6.08 | Mean fitness (Train): -20.17 | Mean fitness (Test): -8.50
Generation 490 | Best fitness (Train): 22.38 | Best fitness in generation (Train): -4.09 | Mean fitness (Train): -14.30 | Mean fitness (Test): -7.29
Generation 500 | Best fitness (Train): 22.38 | Best fitness in generation (Train): -4.72 | Mean fitness (Train): -22.65 | Mean fitness (Test): -32.13
Generation 510 | Best fitness (Train): 22.38 | Best fitness in generation (Train): -5.07 | Mean fitness (Train): -21.04 | Mean fitness (Test): -11.36
Generation 520 | Best fitness (Train): 22.38 | Best fitness in generation (Train): -4.88 | Mean fitness (Train): -14.01 | Mean fitness (Test): -7.22
Generation 530 | Best fitness (Train): 22.38 | Best fitness in generation (Train): -3.50 | Mean fitness (Train): -16.14 | Mean fitness (Test): -4.82
Generation 540 | Best fitness (Train): 22.38 | Best fitness in generation (Train): -5.56 | Mean fitness (Train): -13.93 | Mean fitness (Test): -7.37
Generation 550 | Best fitness (Train): 22.38 | Best fitness in generation (Train): -4.26 | Mean fitness (Train): -22.74 | Mean fitness (Test): -9.95
Generation 560 | Best fitness (Train): 22.38 | Best fitness in generation (Train): -6.19 | Mean fitness (Train): -38.21 | Mean fitness (Test): -15.29
Generation 570 | Best fitness (Train): 22.38 | Best fitness in generation (Train): -4.23 | Mean fitness (Train): -17.34 | Mean fitness (Test): -5.32
Generation 580 | Best fitness (Train): 22.38 | Best fitness in generation (Train): -4.99 | Mean fitness (Train): -19.58 | Mean fitness (Test): -5.51
Generation 590 | Best fitness (Train): 22.38 | Best fitness in generation (Train): -4.34 | Mean fitness (Train): -16.08 | Mean fitness (Test): -5.94
Generation 600 | Best fitness (Train): 22.38 | Best fitness in generation (Train): -6.15 | Mean fitness (Train): -30.92 | Mean fitness (Test): -35.65
Generation 610 | Best fitness (Train): 22.38 | Best fitness in generation (Train): -5.48 | Mean fitness (Train): -13.61 | Mean fitness (Test): -9.76
Generation 620 | Best fitness (Train): 22.38 | Best fitness in generation (Train): -4.81 | Mean fitness (Train): -21.04 | Mean fitness (Test): -8.61
Generation 630 | Best fitness (Train): 22.38 | Best fitness in generation (Train): -4.05 | Mean fitness (Train): -17.12 | Mean fitness (Test): -3.80
Generation 640 | Best fitness (Train): 22.38 | Best fitness in generation (Train): -4.46 | Mean fitness (Train): -16.34 | Mean fitness (Test): -5.46
Generation 650 | Best fitness (Train): 22.38 | Best fitness in generation (Train): -4.10 | Mean fitness (Train): -20.31 | Mean fitness (Test): -5.75
Generation 660 | Best fitness (Train): 22.38 | Best fitness in generation (Train): -4.35 | Mean fitness (Train): -19.57 | Mean fitness (Test): -10.68
Generation 670 | Best fitness (Train): 22.38 | Best fitness in generation (Train): -3.73 | Mean fitness (Train): -29.36 | Mean fitness (Test): -9.48
Generation 680 | Best fitness (Train): 22.38 | Best fitness in generation (Train): -4.57 | Mean fitness (Train): -30.01 | Mean fitness (Test): -15.46
Generation 690 | Best fitness (Train): 22.38 | Best fitness in generation (Train): -3.88 | Mean fitness (Train): -13.71 | Mean fitness (Test): -8.41
Generation 700 | Best fitness (Train): 22.38 | Best fitness in generation (Train): -3.76 | Mean fitness (Train): -13.14 | Mean fitness (Test): -10.26
Generation 710 | Best fitness (Train): 22.38 | Best fitness in generation (Train): -2.71 | Mean fitness (Train): -16.59 | Mean fitness (Test): -6.31
Generation 720 | Best fitness (Train): 22.38 | Best fitness in generation (Train): -4.35 | Mean fitness (Train): -10.20 | Mean fitness (Test): -7.01
Generation 730 | Best fitness (Train): 22.38 | Best fitness in generation (Train): -4.25 | Mean fitness (Train): -17.51 | Mean fitness (Test): -8.41
Generation 740 | Best fitness (Train): 22.38 | Best fitness in generation (Train): -4.56 | Mean fitness (Train): -12.07 | Mean fitness (Test): -11.43
Generation 750 | Best fitness (Train): 22.38 | Best fitness in generation (Train): -3.45 | Mean fitness (Train): -30.19 | Mean fitness (Test): -5.40
Generation 760 | Best fitness (Train): 22.38 | Best fitness in generation (Train): -3.59 | Mean fitness (Train): -18.73 | Mean fitness (Test): -7.94
Generation 770 | Best fitness (Train): 22.38 | Best fitness in generation (Train): -3.80 | Mean fitness (Train): -11.59 | Mean fitness (Test): -6.28
Generation 780 | Best fitness (Train): 22.38 | Best fitness in generation (Train): -4.61 | Mean fitness (Train): -16.50 | Mean fitness (Test): -14.90
Generation 790 | Best fitness (Train): 22.38 | Best fitness in generation (Train): -5.04 | Mean fitness (Train): -16.03 | Mean fitness (Test): -8.03
Generation 800 | Best fitness (Train): 22.38 | Best fitness in generation (Train): -5.02 | Mean fitness (Train): -11.23 | Mean fitness (Test): -5.87
Generation 810 | Best fitness (Train): 22.38 | Best fitness in generation (Train): -5.33 | Mean fitness (Train): -9.71 | Mean fitness (Test): -12.36
Generation 820 | Best fitness (Train): 22.38 | Best fitness in generation (Train): -4.69 | Mean fitness (Train): -14.68 | Mean fitness (Test): -11.19
Generation 830 | Best fitness (Train): 22.38 | Best fitness in generation (Train): -4.52 | Mean fitness (Train): -17.60 | Mean fitness (Test): -55.17
Generation 840 | Best fitness (Train): 22.38 | Best fitness in generation (Train): -5.09 | Mean fitness (Train): -10.62 | Mean fitness (Test): -6.25
Generation 850 | Best fitness (Train): 22.38 | Best fitness in generation (Train): -4.37 | Mean fitness (Train): -11.25 | Mean fitness (Test): -12.28
Generation 860 | Best fitness (Train): 22.38 | Best fitness in generation (Train): -4.69 | Mean fitness (Train): -15.88 | Mean fitness (Test): -6.45
Generation 870 | Best fitness (Train): 22.38 | Best fitness in generation (Train): -6.00 | Mean fitness (Train): -9.88 | Mean fitness (Test): -9.03
Generation 880 | Best fitness (Train): 22.38 | Best fitness in generation (Train): -4.59 | Mean fitness (Train): -10.78 | Mean fitness (Test): -6.71
Generation 890 | Best fitness (Train): 22.38 | Best fitness in generation (Train): -4.47 | Mean fitness (Train): -17.33 | Mean fitness (Test): -6.61
Generation 900 | Best fitness (Train): 22.38 | Best fitness in generation (Train): -4.07 | Mean fitness (Train): -17.25 | Mean fitness (Test): -8.88
Generation 910 | Best fitness (Train): 22.38 | Best fitness in generation (Train): -4.83 | Mean fitness (Train): -28.70 | Mean fitness (Test): -19.19
Generation 920 | Best fitness (Train): 22.38 | Best fitness in generation (Train): -4.41 | Mean fitness (Train): -10.48 | Mean fitness (Test): -6.48
Generation 930 | Best fitness (Train): 22.38 | Best fitness in generation (Train): -6.17 | Mean fitness (Train): -35.51 | Mean fitness (Test): -10.08
Generation 940 | Best fitness (Train): 22.38 | Best fitness in generation (Train): -5.20 | Mean fitness (Train): -14.60 | Mean fitness (Test): -6.72
Generation 950 | Best fitness (Train): 22.38 | Best fitness in generation (Train): -6.15 | Mean fitness (Train): -31.24 | Mean fitness (Test): -44.53
Generation 960 | Best fitness (Train): 22.38 | Best fitness in generation (Train): -5.30 | Mean fitness (Train): -13.15 | Mean fitness (Test): -8.55
Generation 970 | Best fitness (Train): 22.38 | Best fitness in generation (Train): -5.72 | Mean fitness (Train): -33.40 | Mean fitness (Test): -104.52
Generation 980 | Best fitness (Train): 22.38 | Best fitness in generation (Train): -5.23 | Mean fitness (Train): -27.44 | Mean fitness (Test): -25.75
Generation 990 | Best fitness (Train): 22.38 | Best fitness in generation (Train): -5.42 | Mean fitness (Train): -32.53 | Mean fitness (Test): -49.30
Generation 1000 | Best fitness (Train): 22.38 | Best fitness in generation (Train): -2.59 | Mean fitness (Train): -18.61 | Mean fitness (Test): -146.06
running the experiment ... [../../results/BraxProblem/ant/Sep_CMA_ES/3]
Generation 010 | Best fitness (Train): -6.26 | Best fitness in generation (Train): -6.26 | Mean fitness (Train): -48.80 | Mean fitness (Test): -59.84
Generation 020 | Best fitness (Train): -3.78 | Best fitness in generation (Train): -4.44 | Mean fitness (Train): -50.13 | Mean fitness (Test): -52.63
Generation 030 | Best fitness (Train): -2.69 | Best fitness in generation (Train): -7.37 | Mean fitness (Train): -62.00 | Mean fitness (Test): -12.36
Generation 040 | Best fitness (Train): -2.69 | Best fitness in generation (Train): -8.14 | Mean fitness (Train): -45.33 | Mean fitness (Test): -15.86
Generation 050 | Best fitness (Train): -2.69 | Best fitness in generation (Train): -4.47 | Mean fitness (Train): -52.54 | Mean fitness (Test): -49.03
Generation 060 | Best fitness (Train): -2.69 | Best fitness in generation (Train): -4.24 | Mean fitness (Train): -31.39 | Mean fitness (Test): -13.55
Generation 070 | Best fitness (Train): -2.69 | Best fitness in generation (Train): -4.72 | Mean fitness (Train): -24.79 | Mean fitness (Test): -10.57
Generation 080 | Best fitness (Train): -1.30 | Best fitness in generation (Train): -1.30 | Mean fitness (Train): -41.24 | Mean fitness (Test): -12.72
Generation 090 | Best fitness (Train): -1.30 | Best fitness in generation (Train): -4.54 | Mean fitness (Train): -37.87 | Mean fitness (Test): -7.62
Generation 100 | Best fitness (Train): 11.68 | Best fitness in generation (Train): -5.44 | Mean fitness (Train): -14.06 | Mean fitness (Test): -10.73
Generation 110 | Best fitness (Train): 11.68 | Best fitness in generation (Train): -5.04 | Mean fitness (Train): -13.61 | Mean fitness (Test): -11.14
Generation 120 | Best fitness (Train): 11.68 | Best fitness in generation (Train): -5.51 | Mean fitness (Train): -28.34 | Mean fitness (Test): -9.44
Generation 130 | Best fitness (Train): 11.68 | Best fitness in generation (Train): -7.27 | Mean fitness (Train): -28.59 | Mean fitness (Test): -10.68
Generation 140 | Best fitness (Train): 11.68 | Best fitness in generation (Train): -5.57 | Mean fitness (Train): -25.18 | Mean fitness (Test): -29.61
Generation 150 | Best fitness (Train): 11.68 | Best fitness in generation (Train): -4.58 | Mean fitness (Train): -26.93 | Mean fitness (Test): -14.96
Generation 160 | Best fitness (Train): 11.68 | Best fitness in generation (Train): -5.78 | Mean fitness (Train): -20.60 | Mean fitness (Test): -9.12
Generation 170 | Best fitness (Train): 11.68 | Best fitness in generation (Train): -5.21 | Mean fitness (Train): -18.34 | Mean fitness (Test): -16.47
Generation 180 | Best fitness (Train): 11.68 | Best fitness in generation (Train): -5.40 | Mean fitness (Train): -17.13 | Mean fitness (Test): -6.86
Generation 190 | Best fitness (Train): 11.68 | Best fitness in generation (Train): -5.97 | Mean fitness (Train): -42.81 | Mean fitness (Test): -31.58
Generation 200 | Best fitness (Train): 11.68 | Best fitness in generation (Train): -5.08 | Mean fitness (Train): -25.39 | Mean fitness (Test): -14.81
Generation 210 | Best fitness (Train): 11.68 | Best fitness in generation (Train): -5.94 | Mean fitness (Train): -32.42 | Mean fitness (Test): -9.91
Generation 220 | Best fitness (Train): 11.68 | Best fitness in generation (Train): -3.64 | Mean fitness (Train): -37.48 | Mean fitness (Test): -19.47
Generation 230 | Best fitness (Train): 11.68 | Best fitness in generation (Train): -4.13 | Mean fitness (Train): -16.00 | Mean fitness (Test): -6.58
Generation 240 | Best fitness (Train): 16.47 | Best fitness in generation (Train): -6.72 | Mean fitness (Train): -18.54 | Mean fitness (Test): -9.49
Generation 250 | Best fitness (Train): 16.47 | Best fitness in generation (Train): -5.06 | Mean fitness (Train): -22.11 | Mean fitness (Test): -10.76
Generation 260 | Best fitness (Train): 16.47 | Best fitness in generation (Train): -4.78 | Mean fitness (Train): -43.20 | Mean fitness (Test): -167.41
Generation 270 | Best fitness (Train): 16.47 | Best fitness in generation (Train): -4.89 | Mean fitness (Train): -24.38 | Mean fitness (Test): -13.11
Generation 280 | Best fitness (Train): 16.47 | Best fitness in generation (Train): -5.36 | Mean fitness (Train): -26.06 | Mean fitness (Test): -11.86
Generation 290 | Best fitness (Train): 16.47 | Best fitness in generation (Train): -5.36 | Mean fitness (Train): -42.69 | Mean fitness (Test): -38.66
Generation 300 | Best fitness (Train): 16.47 | Best fitness in generation (Train): -5.59 | Mean fitness (Train): -35.05 | Mean fitness (Test): -9.42
Generation 310 | Best fitness (Train): 16.47 | Best fitness in generation (Train): -4.89 | Mean fitness (Train): -22.74 | Mean fitness (Test): -14.49
Generation 320 | Best fitness (Train): 16.47 | Best fitness in generation (Train): -3.66 | Mean fitness (Train): -18.35 | Mean fitness (Test): -6.54
Generation 330 | Best fitness (Train): 16.47 | Best fitness in generation (Train): -4.29 | Mean fitness (Train): -32.77 | Mean fitness (Test): -6.06
Generation 340 | Best fitness (Train): 16.47 | Best fitness in generation (Train): -3.66 | Mean fitness (Train): -21.61 | Mean fitness (Test): -17.41
Generation 350 | Best fitness (Train): 16.47 | Best fitness in generation (Train): -5.38 | Mean fitness (Train): -33.12 | Mean fitness (Test): -9.11
Generation 360 | Best fitness (Train): 16.47 | Best fitness in generation (Train): -2.89 | Mean fitness (Train): -20.57 | Mean fitness (Test): -7.93
Generation 370 | Best fitness (Train): 16.47 | Best fitness in generation (Train): -5.73 | Mean fitness (Train): -45.46 | Mean fitness (Test): -74.73
Generation 380 | Best fitness (Train): 16.47 | Best fitness in generation (Train): -5.47 | Mean fitness (Train): -31.31 | Mean fitness (Test): -20.08
Generation 390 | Best fitness (Train): 16.47 | Best fitness in generation (Train): -3.33 | Mean fitness (Train): -12.18 | Mean fitness (Test): -5.10
Generation 400 | Best fitness (Train): 16.47 | Best fitness in generation (Train): -5.72 | Mean fitness (Train): -16.06 | Mean fitness (Test): -10.86
Generation 410 | Best fitness (Train): 16.47 | Best fitness in generation (Train): -4.39 | Mean fitness (Train): -23.53 | Mean fitness (Test): -7.02
Generation 420 | Best fitness (Train): 16.47 | Best fitness in generation (Train): -5.31 | Mean fitness (Train): -21.04 | Mean fitness (Test): -8.42
Generation 430 | Best fitness (Train): 16.47 | Best fitness in generation (Train): -5.01 | Mean fitness (Train): -22.19 | Mean fitness (Test): -22.21
Generation 440 | Best fitness (Train): 16.47 | Best fitness in generation (Train): -5.58 | Mean fitness (Train): -28.13 | Mean fitness (Test): -71.58
Generation 450 | Best fitness (Train): 16.47 | Best fitness in generation (Train): -4.18 | Mean fitness (Train): -31.40 | Mean fitness (Test): -11.22
Generation 460 | Best fitness (Train): 16.47 | Best fitness in generation (Train): -5.09 | Mean fitness (Train): -21.30 | Mean fitness (Test): -6.55
Generation 470 | Best fitness (Train): 16.47 | Best fitness in generation (Train): -4.22 | Mean fitness (Train): -21.37 | Mean fitness (Test): -49.72
Generation 480 | Best fitness (Train): 16.47 | Best fitness in generation (Train): -3.07 | Mean fitness (Train): -35.54 | Mean fitness (Test): -10.90
Generation 490 | Best fitness (Train): 16.47 | Best fitness in generation (Train): -5.10 | Mean fitness (Train): -20.00 | Mean fitness (Test): -11.94
Generation 500 | Best fitness (Train): 16.47 | Best fitness in generation (Train): -4.25 | Mean fitness (Train): -17.03 | Mean fitness (Test): -6.56
Generation 510 | Best fitness (Train): 16.47 | Best fitness in generation (Train): -4.45 | Mean fitness (Train): -26.69 | Mean fitness (Test): -12.25
Generation 520 | Best fitness (Train): 16.47 | Best fitness in generation (Train): -4.15 | Mean fitness (Train): -16.00 | Mean fitness (Test): -4.90
Generation 530 | Best fitness (Train): 16.47 | Best fitness in generation (Train): -4.31 | Mean fitness (Train): -50.64 | Mean fitness (Test): -12.59
Generation 540 | Best fitness (Train): 16.47 | Best fitness in generation (Train): -7.26 | Mean fitness (Train): -25.41 | Mean fitness (Test): -8.21
Generation 550 | Best fitness (Train): 16.47 | Best fitness in generation (Train): -5.55 | Mean fitness (Train): -26.19 | Mean fitness (Test): -30.17
Generation 560 | Best fitness (Train): 16.47 | Best fitness in generation (Train): -4.28 | Mean fitness (Train): -34.26 | Mean fitness (Test): -8.72
Generation 570 | Best fitness (Train): 16.47 | Best fitness in generation (Train): -6.31 | Mean fitness (Train): -19.26 | Mean fitness (Test): -14.43
Generation 580 | Best fitness (Train): 16.47 | Best fitness in generation (Train): -5.93 | Mean fitness (Train): -17.59 | Mean fitness (Test): -12.26
Generation 590 | Best fitness (Train): 16.47 | Best fitness in generation (Train): -6.18 | Mean fitness (Train): -27.89 | Mean fitness (Test): -12.66
Generation 600 | Best fitness (Train): 16.47 | Best fitness in generation (Train): -6.30 | Mean fitness (Train): -15.08 | Mean fitness (Test): -9.94
Generation 610 | Best fitness (Train): 16.47 | Best fitness in generation (Train): -6.44 | Mean fitness (Train): -11.90 | Mean fitness (Test): -9.79
Generation 620 | Best fitness (Train): 16.47 | Best fitness in generation (Train): -6.55 | Mean fitness (Train): -57.89 | Mean fitness (Test): -137.12
Generation 630 | Best fitness (Train): 16.47 | Best fitness in generation (Train): -5.08 | Mean fitness (Train): -23.70 | Mean fitness (Test): -34.48
Generation 640 | Best fitness (Train): 16.47 | Best fitness in generation (Train): -3.74 | Mean fitness (Train): -10.33 | Mean fitness (Test): -9.85
Generation 650 | Best fitness (Train): 16.47 | Best fitness in generation (Train): -4.50 | Mean fitness (Train): -20.51 | Mean fitness (Test): -6.16
Generation 660 | Best fitness (Train): 16.47 | Best fitness in generation (Train): -4.55 | Mean fitness (Train): -24.71 | Mean fitness (Test): -5.92
Generation 670 | Best fitness (Train): 16.47 | Best fitness in generation (Train): -6.60 | Mean fitness (Train): -20.73 | Mean fitness (Test): -8.37
Generation 680 | Best fitness (Train): 16.47 | Best fitness in generation (Train): -5.58 | Mean fitness (Train): -15.49 | Mean fitness (Test): -8.35
Generation 690 | Best fitness (Train): 16.47 | Best fitness in generation (Train): -3.78 | Mean fitness (Train): -19.10 | Mean fitness (Test): -9.40
Generation 700 | Best fitness (Train): 16.47 | Best fitness in generation (Train): -4.16 | Mean fitness (Train): -17.82 | Mean fitness (Test): -11.43
Generation 710 | Best fitness (Train): 16.47 | Best fitness in generation (Train): -4.98 | Mean fitness (Train): -24.06 | Mean fitness (Test): -10.93
Generation 720 | Best fitness (Train): 16.47 | Best fitness in generation (Train): -4.69 | Mean fitness (Train): -11.45 | Mean fitness (Test): -6.02
Generation 730 | Best fitness (Train): 16.47 | Best fitness in generation (Train): -4.30 | Mean fitness (Train): -14.93 | Mean fitness (Test): -7.97
Generation 740 | Best fitness (Train): 16.47 | Best fitness in generation (Train): -2.85 | Mean fitness (Train): -27.62 | Mean fitness (Test): -9.31
Generation 750 | Best fitness (Train): 16.47 | Best fitness in generation (Train): -4.91 | Mean fitness (Train): -18.82 | Mean fitness (Test): -6.36
Generation 760 | Best fitness (Train): 16.47 | Best fitness in generation (Train): -6.36 | Mean fitness (Train): -26.72 | Mean fitness (Test): -7.36
Generation 770 | Best fitness (Train): 16.47 | Best fitness in generation (Train): -3.95 | Mean fitness (Train): -14.96 | Mean fitness (Test): -7.14
Generation 780 | Best fitness (Train): 16.47 | Best fitness in generation (Train): -6.04 | Mean fitness (Train): -26.85 | Mean fitness (Test): -11.22
Generation 790 | Best fitness (Train): 16.47 | Best fitness in generation (Train): -4.77 | Mean fitness (Train): -16.18 | Mean fitness (Test): -9.36
Generation 800 | Best fitness (Train): 16.47 | Best fitness in generation (Train): -8.53 | Mean fitness (Train): -14.05 | Mean fitness (Test): -10.28
Generation 810 | Best fitness (Train): 16.47 | Best fitness in generation (Train): -6.01 | Mean fitness (Train): -12.83 | Mean fitness (Test): -8.31
Generation 820 | Best fitness (Train): 16.47 | Best fitness in generation (Train): -4.48 | Mean fitness (Train): -19.00 | Mean fitness (Test): -8.74
Generation 830 | Best fitness (Train): 16.47 | Best fitness in generation (Train): -4.51 | Mean fitness (Train): -16.96 | Mean fitness (Test): -11.77
Generation 840 | Best fitness (Train): 16.47 | Best fitness in generation (Train): -4.36 | Mean fitness (Train): -19.60 | Mean fitness (Test): -9.00
Generation 850 | Best fitness (Train): 16.47 | Best fitness in generation (Train): -4.11 | Mean fitness (Train): -17.86 | Mean fitness (Test): -5.88
Generation 860 | Best fitness (Train): 16.47 | Best fitness in generation (Train): -5.50 | Mean fitness (Train): -17.97 | Mean fitness (Test): -13.50
Generation 870 | Best fitness (Train): 16.47 | Best fitness in generation (Train): -5.37 | Mean fitness (Train): -11.25 | Mean fitness (Test): -8.08
Generation 880 | Best fitness (Train): 16.47 | Best fitness in generation (Train): -4.59 | Mean fitness (Train): -16.38 | Mean fitness (Test): -18.97
Generation 890 | Best fitness (Train): 16.47 | Best fitness in generation (Train): -4.75 | Mean fitness (Train): -24.59 | Mean fitness (Test): -5.37
Generation 900 | Best fitness (Train): 16.47 | Best fitness in generation (Train): -4.90 | Mean fitness (Train): -15.81 | Mean fitness (Test): -9.65
Generation 910 | Best fitness (Train): 16.47 | Best fitness in generation (Train): -4.35 | Mean fitness (Train): -13.09 | Mean fitness (Test): -7.16
Generation 920 | Best fitness (Train): 16.47 | Best fitness in generation (Train): -4.49 | Mean fitness (Train): -32.47 | Mean fitness (Test): -5.96
Generation 930 | Best fitness (Train): 16.47 | Best fitness in generation (Train): -5.04 | Mean fitness (Train): -32.56 | Mean fitness (Test): -6.13
Generation 940 | Best fitness (Train): 16.47 | Best fitness in generation (Train): -4.74 | Mean fitness (Train): -14.48 | Mean fitness (Test): -12.24
Generation 950 | Best fitness (Train): 16.47 | Best fitness in generation (Train): -5.77 | Mean fitness (Train): -12.82 | Mean fitness (Test): -8.40
Generation 960 | Best fitness (Train): 16.47 | Best fitness in generation (Train): -8.40 | Mean fitness (Train): -15.94 | Mean fitness (Test): -11.96
Generation 970 | Best fitness (Train): 16.47 | Best fitness in generation (Train): -5.90 | Mean fitness (Train): -11.53 | Mean fitness (Test): -7.60
Generation 980 | Best fitness (Train): 16.47 | Best fitness in generation (Train): -5.26 | Mean fitness (Train): -12.85 | Mean fitness (Test): -11.77
Generation 990 | Best fitness (Train): 16.47 | Best fitness in generation (Train): -5.03 | Mean fitness (Train): -19.78 | Mean fitness (Test): -8.25
Generation 1000 | Best fitness (Train): 16.47 | Best fitness in generation (Train): -5.14 | Mean fitness (Train): -11.94 | Mean fitness (Test): -7.02
running the experiment ... [../../results/BraxProblem/ant/Sep_CMA_ES/4]
Generation 010 | Best fitness (Train): -5.42 | Best fitness in generation (Train): -5.42 | Mean fitness (Train): -56.07 | Mean fitness (Test): -22.66
Generation 020 | Best fitness (Train): -4.08 | Best fitness in generation (Train): -8.41 | Mean fitness (Train): -48.83 | Mean fitness (Test): -36.39
Generation 030 | Best fitness (Train): -2.48 | Best fitness in generation (Train): -6.41 | Mean fitness (Train): -48.13 | Mean fitness (Test): -90.62
Generation 040 | Best fitness (Train): 7.17 | Best fitness in generation (Train): 7.17 | Mean fitness (Train): -37.52 | Mean fitness (Test): -15.70
Generation 050 | Best fitness (Train): 7.17 | Best fitness in generation (Train): -5.58 | Mean fitness (Train): -42.94 | Mean fitness (Test): -11.81
Generation 060 | Best fitness (Train): 7.17 | Best fitness in generation (Train): -6.13 | Mean fitness (Train): -48.60 | Mean fitness (Test): -11.31
Generation 070 | Best fitness (Train): 7.17 | Best fitness in generation (Train): -4.87 | Mean fitness (Train): -34.64 | Mean fitness (Test): -11.51
Generation 080 | Best fitness (Train): 7.17 | Best fitness in generation (Train): -4.72 | Mean fitness (Train): -49.81 | Mean fitness (Test): -34.68
Generation 090 | Best fitness (Train): 7.17 | Best fitness in generation (Train): -6.33 | Mean fitness (Train): -39.47 | Mean fitness (Test): -8.30
Generation 100 | Best fitness (Train): 7.17 | Best fitness in generation (Train): -4.20 | Mean fitness (Train): -26.43 | Mean fitness (Test): -6.63
Generation 110 | Best fitness (Train): 7.17 | Best fitness in generation (Train): -4.36 | Mean fitness (Train): -21.99 | Mean fitness (Test): -7.05
Generation 120 | Best fitness (Train): 7.17 | Best fitness in generation (Train): -5.69 | Mean fitness (Train): -27.34 | Mean fitness (Test): -7.74
Generation 130 | Best fitness (Train): 7.17 | Best fitness in generation (Train): -7.43 | Mean fitness (Train): -25.68 | Mean fitness (Test): -13.06
Generation 140 | Best fitness (Train): 7.17 | Best fitness in generation (Train): -4.31 | Mean fitness (Train): -17.05 | Mean fitness (Test): -8.50
Generation 150 | Best fitness (Train): 7.17 | Best fitness in generation (Train): -4.65 | Mean fitness (Train): -37.15 | Mean fitness (Test): -32.36
Generation 160 | Best fitness (Train): 7.17 | Best fitness in generation (Train): -5.25 | Mean fitness (Train): -27.22 | Mean fitness (Test): -9.59
Generation 170 | Best fitness (Train): 7.17 | Best fitness in generation (Train): -4.77 | Mean fitness (Train): -19.63 | Mean fitness (Test): -10.87
Generation 180 | Best fitness (Train): 7.17 | Best fitness in generation (Train): -4.66 | Mean fitness (Train): -17.65 | Mean fitness (Test): -8.70
Generation 190 | Best fitness (Train): 7.17 | Best fitness in generation (Train): -3.32 | Mean fitness (Train): -23.89 | Mean fitness (Test): -22.13
Generation 200 | Best fitness (Train): 7.17 | Best fitness in generation (Train): -5.72 | Mean fitness (Train): -22.86 | Mean fitness (Test): -19.80
Generation 210 | Best fitness (Train): 7.17 | Best fitness in generation (Train): -4.47 | Mean fitness (Train): -11.82 | Mean fitness (Test): -9.98
Generation 220 | Best fitness (Train): 7.17 | Best fitness in generation (Train): -3.15 | Mean fitness (Train): -24.15 | Mean fitness (Test): -8.42
Generation 230 | Best fitness (Train): 7.17 | Best fitness in generation (Train): -3.01 | Mean fitness (Train): -22.06 | Mean fitness (Test): -13.12
Generation 240 | Best fitness (Train): 7.17 | Best fitness in generation (Train): -6.81 | Mean fitness (Train): -15.85 | Mean fitness (Test): -8.13
Generation 250 | Best fitness (Train): 7.17 | Best fitness in generation (Train): -3.69 | Mean fitness (Train): -16.03 | Mean fitness (Test): -5.20
Generation 260 | Best fitness (Train): 7.17 | Best fitness in generation (Train): -4.20 | Mean fitness (Train): -16.97 | Mean fitness (Test): -11.85
Generation 270 | Best fitness (Train): 7.17 | Best fitness in generation (Train): -3.72 | Mean fitness (Train): -23.16 | Mean fitness (Test): -9.38
Generation 280 | Best fitness (Train): 7.17 | Best fitness in generation (Train): -5.60 | Mean fitness (Train): -15.36 | Mean fitness (Test): -9.34
Generation 290 | Best fitness (Train): 7.17 | Best fitness in generation (Train): -4.20 | Mean fitness (Train): -18.41 | Mean fitness (Test): -6.73
Generation 300 | Best fitness (Train): 7.17 | Best fitness in generation (Train): -4.00 | Mean fitness (Train): -19.48 | Mean fitness (Test): -8.62
Generation 310 | Best fitness (Train): 7.17 | Best fitness in generation (Train): -3.67 | Mean fitness (Train): -15.49 | Mean fitness (Test): -11.85
Generation 320 | Best fitness (Train): 7.17 | Best fitness in generation (Train): -4.56 | Mean fitness (Train): -16.24 | Mean fitness (Test): -5.63
Generation 330 | Best fitness (Train): 7.17 | Best fitness in generation (Train): -5.79 | Mean fitness (Train): -19.88 | Mean fitness (Test): -11.50
Generation 340 | Best fitness (Train): 7.17 | Best fitness in generation (Train): -5.16 | Mean fitness (Train): -21.16 | Mean fitness (Test): -6.55
Generation 350 | Best fitness (Train): 7.17 | Best fitness in generation (Train): -5.52 | Mean fitness (Train): -34.62 | Mean fitness (Test): -39.32
Generation 360 | Best fitness (Train): 7.17 | Best fitness in generation (Train): -4.87 | Mean fitness (Train): -15.08 | Mean fitness (Test): -8.62
Generation 370 | Best fitness (Train): 7.17 | Best fitness in generation (Train): -4.76 | Mean fitness (Train): -21.07 | Mean fitness (Test): -52.25
Generation 380 | Best fitness (Train): 7.17 | Best fitness in generation (Train): -1.42 | Mean fitness (Train): -16.87 | Mean fitness (Test): -5.99
Generation 390 | Best fitness (Train): 7.17 | Best fitness in generation (Train): -4.62 | Mean fitness (Train): -20.98 | Mean fitness (Test): -6.79
Generation 400 | Best fitness (Train): 7.17 | Best fitness in generation (Train): -4.47 | Mean fitness (Train): -18.67 | Mean fitness (Test): -8.32
Generation 410 | Best fitness (Train): 7.17 | Best fitness in generation (Train): -3.69 | Mean fitness (Train): -38.26 | Mean fitness (Test): -32.62
Generation 420 | Best fitness (Train): 7.17 | Best fitness in generation (Train): -5.01 | Mean fitness (Train): -25.55 | Mean fitness (Test): -6.55
Generation 430 | Best fitness (Train): 7.17 | Best fitness in generation (Train): -5.46 | Mean fitness (Train): -17.62 | Mean fitness (Test): -11.05
Generation 440 | Best fitness (Train): 7.17 | Best fitness in generation (Train): -4.17 | Mean fitness (Train): -27.76 | Mean fitness (Test): -9.30
Generation 450 | Best fitness (Train): 7.17 | Best fitness in generation (Train): -2.75 | Mean fitness (Train): -16.16 | Mean fitness (Test): -5.89
Generation 460 | Best fitness (Train): 7.17 | Best fitness in generation (Train): -6.15 | Mean fitness (Train): -32.08 | Mean fitness (Test): -38.94
Generation 470 | Best fitness (Train): 7.17 | Best fitness in generation (Train): -5.00 | Mean fitness (Train): -19.28 | Mean fitness (Test): -9.94
Generation 480 | Best fitness (Train): 7.17 | Best fitness in generation (Train): -4.58 | Mean fitness (Train): -21.16 | Mean fitness (Test): -9.54
Generation 490 | Best fitness (Train): 7.17 | Best fitness in generation (Train): -5.07 | Mean fitness (Train): -15.14 | Mean fitness (Test): -6.50
Generation 500 | Best fitness (Train): 7.17 | Best fitness in generation (Train): -5.40 | Mean fitness (Train): -24.89 | Mean fitness (Test): -13.59
Generation 510 | Best fitness (Train): 7.17 | Best fitness in generation (Train): -5.47 | Mean fitness (Train): -10.23 | Mean fitness (Test): -8.06
Generation 520 | Best fitness (Train): 7.17 | Best fitness in generation (Train): -5.35 | Mean fitness (Train): -28.67 | Mean fitness (Test): -7.98
Generation 530 | Best fitness (Train): 7.17 | Best fitness in generation (Train): -5.31 | Mean fitness (Train): -55.03 | Mean fitness (Test): -9.68
Generation 540 | Best fitness (Train): 7.17 | Best fitness in generation (Train): -5.57 | Mean fitness (Train): -9.52 | Mean fitness (Test): -7.67
Generation 550 | Best fitness (Train): 7.17 | Best fitness in generation (Train): -2.95 | Mean fitness (Train): -26.52 | Mean fitness (Test): -9.57
Generation 560 | Best fitness (Train): 7.17 | Best fitness in generation (Train): -6.18 | Mean fitness (Train): -17.72 | Mean fitness (Test): -8.86
Generation 570 | Best fitness (Train): 7.17 | Best fitness in generation (Train): -6.34 | Mean fitness (Train): -14.63 | Mean fitness (Test): -6.38
Generation 580 | Best fitness (Train): 7.17 | Best fitness in generation (Train): -4.63 | Mean fitness (Train): -24.62 | Mean fitness (Test): -72.02
Generation 590 | Best fitness (Train): 7.17 | Best fitness in generation (Train): -4.36 | Mean fitness (Train): -28.44 | Mean fitness (Test): -6.40
Generation 600 | Best fitness (Train): 7.17 | Best fitness in generation (Train): -4.34 | Mean fitness (Train): -17.58 | Mean fitness (Test): -12.43
Generation 610 | Best fitness (Train): 7.17 | Best fitness in generation (Train): -6.75 | Mean fitness (Train): -17.88 | Mean fitness (Test): -39.72
Generation 620 | Best fitness (Train): 7.17 | Best fitness in generation (Train): -4.25 | Mean fitness (Train): -14.70 | Mean fitness (Test): -5.24
Generation 630 | Best fitness (Train): 7.17 | Best fitness in generation (Train): -4.64 | Mean fitness (Train): -24.60 | Mean fitness (Test): -14.62
Generation 640 | Best fitness (Train): 7.17 | Best fitness in generation (Train): -4.83 | Mean fitness (Train): -14.26 | Mean fitness (Test): -6.29
Generation 650 | Best fitness (Train): 7.17 | Best fitness in generation (Train): -5.50 | Mean fitness (Train): -13.99 | Mean fitness (Test): -6.35
Generation 660 | Best fitness (Train): 7.17 | Best fitness in generation (Train): -3.91 | Mean fitness (Train): -21.84 | Mean fitness (Test): -11.14
Generation 670 | Best fitness (Train): 7.17 | Best fitness in generation (Train): -4.55 | Mean fitness (Train): -12.01 | Mean fitness (Test): -6.68
Generation 680 | Best fitness (Train): 7.17 | Best fitness in generation (Train): -4.43 | Mean fitness (Train): -10.78 | Mean fitness (Test): -7.59
Generation 690 | Best fitness (Train): 7.17 | Best fitness in generation (Train): -4.57 | Mean fitness (Train): -21.66 | Mean fitness (Test): -7.06
Generation 700 | Best fitness (Train): 7.17 | Best fitness in generation (Train): -5.52 | Mean fitness (Train): -17.46 | Mean fitness (Test): -7.37
Generation 710 | Best fitness (Train): 7.17 | Best fitness in generation (Train): -4.08 | Mean fitness (Train): -13.46 | Mean fitness (Test): -6.23
Generation 720 | Best fitness (Train): 7.17 | Best fitness in generation (Train): -6.62 | Mean fitness (Train): -32.74 | Mean fitness (Test): -8.32
Generation 730 | Best fitness (Train): 7.17 | Best fitness in generation (Train): -3.21 | Mean fitness (Train): -21.44 | Mean fitness (Test): -12.75
Generation 740 | Best fitness (Train): 7.17 | Best fitness in generation (Train): -5.54 | Mean fitness (Train): -33.31 | Mean fitness (Test): -167.23
Generation 750 | Best fitness (Train): 7.17 | Best fitness in generation (Train): -3.92 | Mean fitness (Train): -12.26 | Mean fitness (Test): -6.87
Generation 760 | Best fitness (Train): 7.17 | Best fitness in generation (Train): -5.22 | Mean fitness (Train): -38.67 | Mean fitness (Test): -12.81
Generation 770 | Best fitness (Train): 7.17 | Best fitness in generation (Train): -5.23 | Mean fitness (Train): -35.09 | Mean fitness (Test): -37.11
Generation 780 | Best fitness (Train): 7.17 | Best fitness in generation (Train): -3.70 | Mean fitness (Train): -14.31 | Mean fitness (Test): -4.95
Generation 790 | Best fitness (Train): 7.17 | Best fitness in generation (Train): -6.02 | Mean fitness (Train): -13.91 | Mean fitness (Test): -10.77
Generation 800 | Best fitness (Train): 7.17 | Best fitness in generation (Train): -4.21 | Mean fitness (Train): -22.33 | Mean fitness (Test): -12.63
Generation 810 | Best fitness (Train): 7.17 | Best fitness in generation (Train): -2.96 | Mean fitness (Train): -13.94 | Mean fitness (Test): -10.83
Generation 820 | Best fitness (Train): 7.17 | Best fitness in generation (Train): -6.51 | Mean fitness (Train): -9.28 | Mean fitness (Test): -7.39
Generation 830 | Best fitness (Train): 7.17 | Best fitness in generation (Train): -4.26 | Mean fitness (Train): -37.89 | Mean fitness (Test): -59.44
Generation 840 | Best fitness (Train): 7.17 | Best fitness in generation (Train): -6.64 | Mean fitness (Train): -24.19 | Mean fitness (Test): -28.44
Generation 850 | Best fitness (Train): 7.17 | Best fitness in generation (Train): -6.43 | Mean fitness (Train): -38.71 | Mean fitness (Test): -50.00
Generation 860 | Best fitness (Train): 7.17 | Best fitness in generation (Train): -5.06 | Mean fitness (Train): -14.67 | Mean fitness (Test): -8.59
Generation 870 | Best fitness (Train): 7.17 | Best fitness in generation (Train): -4.65 | Mean fitness (Train): -21.30 | Mean fitness (Test): -38.04
Generation 880 | Best fitness (Train): 7.17 | Best fitness in generation (Train): -4.77 | Mean fitness (Train): -40.93 | Mean fitness (Test): -5.88
Generation 890 | Best fitness (Train): 7.17 | Best fitness in generation (Train): -4.27 | Mean fitness (Train): -19.34 | Mean fitness (Test): -17.21
Generation 900 | Best fitness (Train): 7.17 | Best fitness in generation (Train): -5.66 | Mean fitness (Train): -39.66 | Mean fitness (Test): -70.36
Generation 910 | Best fitness (Train): 7.17 | Best fitness in generation (Train): -6.42 | Mean fitness (Train): -10.92 | Mean fitness (Test): -9.27
Generation 920 | Best fitness (Train): 7.17 | Best fitness in generation (Train): -3.90 | Mean fitness (Train): -10.60 | Mean fitness (Test): -8.11
Generation 930 | Best fitness (Train): 7.17 | Best fitness in generation (Train): -5.60 | Mean fitness (Train): -30.80 | Mean fitness (Test): -38.89
Generation 940 | Best fitness (Train): 7.17 | Best fitness in generation (Train): -4.88 | Mean fitness (Train): -14.08 | Mean fitness (Test): -8.07
Generation 950 | Best fitness (Train): 7.17 | Best fitness in generation (Train): -4.38 | Mean fitness (Train): -15.40 | Mean fitness (Test): -15.66
Generation 960 | Best fitness (Train): 7.17 | Best fitness in generation (Train): -5.21 | Mean fitness (Train): -18.44 | Mean fitness (Test): -13.98
Generation 970 | Best fitness (Train): 7.17 | Best fitness in generation (Train): -5.85 | Mean fitness (Train): -17.00 | Mean fitness (Test): -8.82
Generation 980 | Best fitness (Train): 7.17 | Best fitness in generation (Train): -5.53 | Mean fitness (Train): -13.45 | Mean fitness (Test): -7.91
Generation 990 | Best fitness (Train): 7.17 | Best fitness in generation (Train): -7.97 | Mean fitness (Train): -18.49 | Mean fitness (Test): -11.89
Generation 1000 | Best fitness (Train): 7.17 | Best fitness in generation (Train): -4.92 | Mean fitness (Train): -16.52 | Mean fitness (Test): -12.77
Running ES algorithms:   0%|                                                             | 0/1 [00:00<?, ?it/s][A
Running ES algorithms: 100%|███████████████████████████████████████████████| 1/1 [20:58:28<00:00, 75508.93s/it][ARunning ES algorithms: 100%|███████████████████████████████████████████████| 1/1 [20:58:28<00:00, 75508.94s/it]
Successfully loaded: fast
Loading Problems ..:   8%|███▋                                        | 1/12 [20:58:59<230:48:59, 75540.00s/it]
running the experiment ... [../../results/BraxProblem/fast/Sep_CMA_ES/0]
Generation 010 | Best fitness (Train): 66867.05 | Best fitness in generation (Train): 66867.05 | Mean fitness (Train): 31700.43 | Mean fitness (Test): 66867.05
Generation 020 | Best fitness (Train): 66867.05 | Best fitness in generation (Train): 66867.05 | Mean fitness (Train): 50872.16 | Mean fitness (Test): 66867.05
Generation 030 | Best fitness (Train): 66867.05 | Best fitness in generation (Train): 66867.05 | Mean fitness (Train): 58549.10 | Mean fitness (Test): 66867.05
Generation 040 | Best fitness (Train): 66867.05 | Best fitness in generation (Train): 66867.05 | Mean fitness (Train): 63337.09 | Mean fitness (Test): 66867.05
Generation 050 | Best fitness (Train): 66867.05 | Best fitness in generation (Train): 66867.05 | Mean fitness (Train): 64187.20 | Mean fitness (Test): 66867.05
Generation 060 | Best fitness (Train): 66867.05 | Best fitness in generation (Train): 66867.05 | Mean fitness (Train): 65644.24 | Mean fitness (Test): 66867.05
Generation 070 | Best fitness (Train): 66867.05 | Best fitness in generation (Train): 66867.05 | Mean fitness (Train): 65812.24 | Mean fitness (Test): 66867.05
Generation 080 | Best fitness (Train): 66867.05 | Best fitness in generation (Train): 66867.05 | Mean fitness (Train): 66866.44 | Mean fitness (Test): 66867.05
Generation 090 | Best fitness (Train): 66867.05 | Best fitness in generation (Train): 66867.05 | Mean fitness (Train): 66714.84 | Mean fitness (Test): 66867.05
Generation 100 | Best fitness (Train): 66867.05 | Best fitness in generation (Train): 66867.05 | Mean fitness (Train): 66867.05 | Mean fitness (Test): 66867.05
Generation 110 | Best fitness (Train): 66867.05 | Best fitness in generation (Train): 66867.05 | Mean fitness (Train): 66867.05 | Mean fitness (Test): 66867.05
Generation 120 | Best fitness (Train): 66867.05 | Best fitness in generation (Train): 66867.05 | Mean fitness (Train): 66867.05 | Mean fitness (Test): 66867.05
Generation 130 | Best fitness (Train): 66867.05 | Best fitness in generation (Train): 66867.05 | Mean fitness (Train): 66867.05 | Mean fitness (Test): 66867.05
Generation 140 | Best fitness (Train): 66867.05 | Best fitness in generation (Train): 66867.05 | Mean fitness (Train): 66867.05 | Mean fitness (Test): 66867.05
Generation 150 | Best fitness (Train): 66867.05 | Best fitness in generation (Train): 66867.05 | Mean fitness (Train): 66867.05 | Mean fitness (Test): 66867.05
Generation 160 | Best fitness (Train): 66867.05 | Best fitness in generation (Train): 66867.05 | Mean fitness (Train): 66867.05 | Mean fitness (Test): 66867.05
Generation 170 | Best fitness (Train): 66867.05 | Best fitness in generation (Train): 66867.05 | Mean fitness (Train): 66867.05 | Mean fitness (Test): 66867.05
Generation 180 | Best fitness (Train): 66867.05 | Best fitness in generation (Train): 66867.05 | Mean fitness (Train): 66867.05 | Mean fitness (Test): 66867.05
Generation 190 | Best fitness (Train): 66867.05 | Best fitness in generation (Train): 66867.05 | Mean fitness (Train): 66867.05 | Mean fitness (Test): 66867.05
Generation 200 | Best fitness (Train): 66867.05 | Best fitness in generation (Train): 66867.05 | Mean fitness (Train): 66867.05 | Mean fitness (Test): 66867.05
Generation 210 | Best fitness (Train): 66867.05 | Best fitness in generation (Train): 66867.05 | Mean fitness (Train): 66867.05 | Mean fitness (Test): 66867.05
Generation 220 | Best fitness (Train): 66867.05 | Best fitness in generation (Train): 66867.05 | Mean fitness (Train): 66867.05 | Mean fitness (Test): 66867.05
Generation 230 | Best fitness (Train): 66867.05 | Best fitness in generation (Train): 66867.05 | Mean fitness (Train): 66867.05 | Mean fitness (Test): 66867.05
Generation 240 | Best fitness (Train): 66867.05 | Best fitness in generation (Train): 66867.05 | Mean fitness (Train): 66867.05 | Mean fitness (Test): 66867.05
Generation 250 | Best fitness (Train): 66867.05 | Best fitness in generation (Train): 66867.05 | Mean fitness (Train): 66867.05 | Mean fitness (Test): 66867.05
Generation 260 | Best fitness (Train): 66867.05 | Best fitness in generation (Train): 66867.05 | Mean fitness (Train): 66867.05 | Mean fitness (Test): 66867.05
Generation 270 | Best fitness (Train): 66867.05 | Best fitness in generation (Train): 66867.05 | Mean fitness (Train): 66867.05 | Mean fitness (Test): 66867.05
Generation 280 | Best fitness (Train): 66867.05 | Best fitness in generation (Train): 66867.05 | Mean fitness (Train): 66867.05 | Mean fitness (Test): 66867.05
Generation 290 | Best fitness (Train): 66867.05 | Best fitness in generation (Train): 66867.05 | Mean fitness (Train): 66867.05 | Mean fitness (Test): 66867.05
Generation 300 | Best fitness (Train): 66867.05 | Best fitness in generation (Train): 66867.05 | Mean fitness (Train): 66867.05 | Mean fitness (Test): 66867.05
Generation 310 | Best fitness (Train): 66867.05 | Best fitness in generation (Train): 66867.05 | Mean fitness (Train): 66867.05 | Mean fitness (Test): 66867.05
Generation 320 | Best fitness (Train): 66867.05 | Best fitness in generation (Train): 66867.05 | Mean fitness (Train): 66867.05 | Mean fitness (Test): 66867.05
Generation 330 | Best fitness (Train): 66867.05 | Best fitness in generation (Train): 66867.05 | Mean fitness (Train): 66867.05 | Mean fitness (Test): 66867.05
Generation 340 | Best fitness (Train): 66867.05 | Best fitness in generation (Train): 66867.05 | Mean fitness (Train): 66867.05 | Mean fitness (Test): 66867.05
Generation 350 | Best fitness (Train): 66867.05 | Best fitness in generation (Train): 66867.05 | Mean fitness (Train): 66867.05 | Mean fitness (Test): 66867.05
Generation 360 | Best fitness (Train): 66867.05 | Best fitness in generation (Train): 66867.05 | Mean fitness (Train): 66867.05 | Mean fitness (Test): 66867.05
Generation 370 | Best fitness (Train): 66867.05 | Best fitness in generation (Train): 66867.05 | Mean fitness (Train): 66867.05 | Mean fitness (Test): 66867.05
Generation 380 | Best fitness (Train): 66867.05 | Best fitness in generation (Train): 66867.05 | Mean fitness (Train): 66867.05 | Mean fitness (Test): 66867.05
Generation 390 | Best fitness (Train): 66867.05 | Best fitness in generation (Train): 66867.05 | Mean fitness (Train): 66867.05 | Mean fitness (Test): 66867.05
Generation 400 | Best fitness (Train): 66867.05 | Best fitness in generation (Train): 66867.05 | Mean fitness (Train): 66867.05 | Mean fitness (Test): 66867.05
Generation 410 | Best fitness (Train): 66867.05 | Best fitness in generation (Train): 66867.05 | Mean fitness (Train): 66867.05 | Mean fitness (Test): 66867.05
Generation 420 | Best fitness (Train): 66867.05 | Best fitness in generation (Train): 66867.05 | Mean fitness (Train): 66867.05 | Mean fitness (Test): 66867.05
Generation 430 | Best fitness (Train): 66867.05 | Best fitness in generation (Train): 66867.05 | Mean fitness (Train): 66867.05 | Mean fitness (Test): 66867.05
Generation 440 | Best fitness (Train): 66867.05 | Best fitness in generation (Train): 66867.05 | Mean fitness (Train): 66867.05 | Mean fitness (Test): 66867.05
Generation 450 | Best fitness (Train): 66867.05 | Best fitness in generation (Train): 66867.05 | Mean fitness (Train): 66867.05 | Mean fitness (Test): 66867.05
Generation 460 | Best fitness (Train): 66867.05 | Best fitness in generation (Train): 66867.05 | Mean fitness (Train): 66867.05 | Mean fitness (Test): 66867.05
Generation 470 | Best fitness (Train): 66867.05 | Best fitness in generation (Train): 66867.05 | Mean fitness (Train): 66867.05 | Mean fitness (Test): 66867.05
Generation 480 | Best fitness (Train): 66867.05 | Best fitness in generation (Train): 66867.05 | Mean fitness (Train): 66867.05 | Mean fitness (Test): 66867.05
Generation 490 | Best fitness (Train): 66867.05 | Best fitness in generation (Train): 66867.05 | Mean fitness (Train): 66867.05 | Mean fitness (Test): 66867.05
Generation 500 | Best fitness (Train): 66867.05 | Best fitness in generation (Train): 66867.05 | Mean fitness (Train): 66867.05 | Mean fitness (Test): 66867.05
Generation 510 | Best fitness (Train): 66867.05 | Best fitness in generation (Train): 66867.05 | Mean fitness (Train): 66867.05 | Mean fitness (Test): 66867.05
Generation 520 | Best fitness (Train): 66867.05 | Best fitness in generation (Train): 66867.05 | Mean fitness (Train): 66867.05 | Mean fitness (Test): 66867.05
Generation 530 | Best fitness (Train): 66867.05 | Best fitness in generation (Train): 66867.05 | Mean fitness (Train): 66867.05 | Mean fitness (Test): 66867.05
Generation 540 | Best fitness (Train): 66867.05 | Best fitness in generation (Train): 66867.05 | Mean fitness (Train): 66867.05 | Mean fitness (Test): 66867.05
Generation 550 | Best fitness (Train): 66867.05 | Best fitness in generation (Train): 66867.05 | Mean fitness (Train): 66867.05 | Mean fitness (Test): 66867.05
Generation 560 | Best fitness (Train): 66867.05 | Best fitness in generation (Train): 66867.05 | Mean fitness (Train): 66867.05 | Mean fitness (Test): 66867.05
Generation 570 | Best fitness (Train): 66867.05 | Best fitness in generation (Train): 66867.05 | Mean fitness (Train): 66867.05 | Mean fitness (Test): 66867.05
Generation 580 | Best fitness (Train): 66867.05 | Best fitness in generation (Train): 66867.05 | Mean fitness (Train): 66867.05 | Mean fitness (Test): 66867.05
Generation 590 | Best fitness (Train): 66867.05 | Best fitness in generation (Train): 66867.05 | Mean fitness (Train): 66867.05 | Mean fitness (Test): 66867.05
Generation 600 | Best fitness (Train): 66867.05 | Best fitness in generation (Train): 66867.05 | Mean fitness (Train): 66867.05 | Mean fitness (Test): 66867.05
Generation 610 | Best fitness (Train): 66867.05 | Best fitness in generation (Train): 66867.05 | Mean fitness (Train): 66867.05 | Mean fitness (Test): 66867.05
Generation 620 | Best fitness (Train): 66867.05 | Best fitness in generation (Train): 66867.05 | Mean fitness (Train): 66867.05 | Mean fitness (Test): 66867.05
Generation 630 | Best fitness (Train): 66867.05 | Best fitness in generation (Train): 66867.05 | Mean fitness (Train): 66867.05 | Mean fitness (Test): 66867.05
Generation 640 | Best fitness (Train): 66867.05 | Best fitness in generation (Train): 66867.05 | Mean fitness (Train): 66867.05 | Mean fitness (Test): 66867.05
Generation 650 | Best fitness (Train): 66867.05 | Best fitness in generation (Train): 66867.05 | Mean fitness (Train): 66867.05 | Mean fitness (Test): 66867.05
Generation 660 | Best fitness (Train): 66867.05 | Best fitness in generation (Train): 66867.05 | Mean fitness (Train): 66867.05 | Mean fitness (Test): 66867.05
Generation 670 | Best fitness (Train): 66867.05 | Best fitness in generation (Train): 66867.05 | Mean fitness (Train): 66867.05 | Mean fitness (Test): 66867.05
Generation 680 | Best fitness (Train): 66867.05 | Best fitness in generation (Train): 66867.05 | Mean fitness (Train): 66867.05 | Mean fitness (Test): 66867.05
Generation 690 | Best fitness (Train): 66867.05 | Best fitness in generation (Train): 66867.05 | Mean fitness (Train): 66867.05 | Mean fitness (Test): 66867.05
Generation 700 | Best fitness (Train): 66867.05 | Best fitness in generation (Train): 66867.05 | Mean fitness (Train): 66867.05 | Mean fitness (Test): 66867.05
Generation 710 | Best fitness (Train): 66867.05 | Best fitness in generation (Train): 66867.05 | Mean fitness (Train): 66867.05 | Mean fitness (Test): 66867.05
Generation 720 | Best fitness (Train): 66867.05 | Best fitness in generation (Train): 66867.05 | Mean fitness (Train): 66867.05 | Mean fitness (Test): 66867.05
Generation 730 | Best fitness (Train): 66867.05 | Best fitness in generation (Train): 66867.05 | Mean fitness (Train): 66867.05 | Mean fitness (Test): 66867.05
Generation 740 | Best fitness (Train): 66867.05 | Best fitness in generation (Train): 66867.05 | Mean fitness (Train): 66867.05 | Mean fitness (Test): 66867.05
Generation 750 | Best fitness (Train): 66867.05 | Best fitness in generation (Train): 66867.05 | Mean fitness (Train): 66867.05 | Mean fitness (Test): 66867.05
Generation 760 | Best fitness (Train): 66867.05 | Best fitness in generation (Train): 66867.05 | Mean fitness (Train): 66867.05 | Mean fitness (Test): 66867.05
Generation 770 | Best fitness (Train): 66867.05 | Best fitness in generation (Train): 66867.05 | Mean fitness (Train): 66867.05 | Mean fitness (Test): 66867.05
Generation 780 | Best fitness (Train): 66867.05 | Best fitness in generation (Train): 66867.05 | Mean fitness (Train): 66867.05 | Mean fitness (Test): 66867.05
Generation 790 | Best fitness (Train): 66867.05 | Best fitness in generation (Train): 66867.05 | Mean fitness (Train): 66867.05 | Mean fitness (Test): 66867.05
Generation 800 | Best fitness (Train): 66867.05 | Best fitness in generation (Train): 66867.05 | Mean fitness (Train): 66867.05 | Mean fitness (Test): 66867.05
Generation 810 | Best fitness (Train): 66867.05 | Best fitness in generation (Train): 66867.05 | Mean fitness (Train): 66867.05 | Mean fitness (Test): 66867.05
Generation 820 | Best fitness (Train): 66867.05 | Best fitness in generation (Train): 66867.05 | Mean fitness (Train): 66867.05 | Mean fitness (Test): 66867.05
Generation 830 | Best fitness (Train): 66867.05 | Best fitness in generation (Train): 66867.05 | Mean fitness (Train): 66867.05 | Mean fitness (Test): 66867.05
Generation 840 | Best fitness (Train): 66867.05 | Best fitness in generation (Train): 66867.05 | Mean fitness (Train): 66867.05 | Mean fitness (Test): 66867.05
Generation 850 | Best fitness (Train): 66867.05 | Best fitness in generation (Train): 66867.05 | Mean fitness (Train): 66867.05 | Mean fitness (Test): 66867.05
Generation 860 | Best fitness (Train): 66867.05 | Best fitness in generation (Train): 66867.05 | Mean fitness (Train): 66867.05 | Mean fitness (Test): 66867.05
Generation 870 | Best fitness (Train): 66867.05 | Best fitness in generation (Train): 66867.05 | Mean fitness (Train): 66867.05 | Mean fitness (Test): 66867.05
Generation 880 | Best fitness (Train): 66867.05 | Best fitness in generation (Train): 66867.05 | Mean fitness (Train): 66867.05 | Mean fitness (Test): 66867.05
Generation 890 | Best fitness (Train): 66867.05 | Best fitness in generation (Train): 66867.05 | Mean fitness (Train): 66867.05 | Mean fitness (Test): 66867.05
Generation 900 | Best fitness (Train): 66867.05 | Best fitness in generation (Train): 66867.05 | Mean fitness (Train): 66867.05 | Mean fitness (Test): 66867.05
Generation 910 | Best fitness (Train): 66867.05 | Best fitness in generation (Train): 66867.05 | Mean fitness (Train): 66867.05 | Mean fitness (Test): 66867.05
Generation 920 | Best fitness (Train): 66867.05 | Best fitness in generation (Train): 66867.05 | Mean fitness (Train): 66867.05 | Mean fitness (Test): 66867.05
Generation 930 | Best fitness (Train): 66867.05 | Best fitness in generation (Train): 66867.05 | Mean fitness (Train): 66867.05 | Mean fitness (Test): 66867.05
Generation 940 | Best fitness (Train): 66867.05 | Best fitness in generation (Train): 66867.05 | Mean fitness (Train): 66867.05 | Mean fitness (Test): 66867.05
Generation 950 | Best fitness (Train): 66867.05 | Best fitness in generation (Train): 66867.05 | Mean fitness (Train): 66867.05 | Mean fitness (Test): 66867.05
Generation 960 | Best fitness (Train): 66867.05 | Best fitness in generation (Train): 66867.05 | Mean fitness (Train): 66867.05 | Mean fitness (Test): 66867.05
Generation 970 | Best fitness (Train): 66867.05 | Best fitness in generation (Train): 66867.05 | Mean fitness (Train): 66867.05 | Mean fitness (Test): 66867.05
Generation 980 | Best fitness (Train): 66867.05 | Best fitness in generation (Train): 66867.05 | Mean fitness (Train): 66867.05 | Mean fitness (Test): 66867.05
Generation 990 | Best fitness (Train): 66867.05 | Best fitness in generation (Train): 66867.05 | Mean fitness (Train): 66867.05 | Mean fitness (Test): 66867.05
Generation 1000 | Best fitness (Train): 66867.05 | Best fitness in generation (Train): 66867.05 | Mean fitness (Train): 66867.05 | Mean fitness (Test): 66867.05
Failed to generate visualization: 'Fast' object has no attribute 'sys'
running the experiment ... [../../results/BraxProblem/fast/Sep_CMA_ES/1]
Generation 010 | Best fitness (Train): 66867.05 | Best fitness in generation (Train): 66867.05 | Mean fitness (Train): 37305.25 | Mean fitness (Test): 66867.05
Generation 020 | Best fitness (Train): 66867.05 | Best fitness in generation (Train): 66867.05 | Mean fitness (Train): 56001.32 | Mean fitness (Test): 66867.05
Generation 030 | Best fitness (Train): 66867.05 | Best fitness in generation (Train): 66867.05 | Mean fitness (Train): 59783.42 | Mean fitness (Test): 66867.05
Generation 040 | Best fitness (Train): 66867.05 | Best fitness in generation (Train): 66867.05 | Mean fitness (Train): 65061.29 | Mean fitness (Test): 66867.05
Generation 050 | Best fitness (Train): 66867.05 | Best fitness in generation (Train): 66867.05 | Mean fitness (Train): 64526.98 | Mean fitness (Test): 66867.05
Generation 060 | Best fitness (Train): 66867.05 | Best fitness in generation (Train): 66867.05 | Mean fitness (Train): 66528.23 | Mean fitness (Test): 66867.05
Generation 070 | Best fitness (Train): 66867.05 | Best fitness in generation (Train): 66867.05 | Mean fitness (Train): 66300.75 | Mean fitness (Test): 66867.05
Generation 080 | Best fitness (Train): 66867.05 | Best fitness in generation (Train): 66867.05 | Mean fitness (Train): 66861.17 | Mean fitness (Test): 66867.05
Generation 090 | Best fitness (Train): 66867.05 | Best fitness in generation (Train): 66867.05 | Mean fitness (Train): 66867.05 | Mean fitness (Test): 66867.05
Generation 100 | Best fitness (Train): 66867.05 | Best fitness in generation (Train): 66867.05 | Mean fitness (Train): 66867.05 | Mean fitness (Test): 66867.05
Generation 110 | Best fitness (Train): 66867.05 | Best fitness in generation (Train): 66867.05 | Mean fitness (Train): 66867.05 | Mean fitness (Test): 66867.05
Generation 120 | Best fitness (Train): 66867.05 | Best fitness in generation (Train): 66867.05 | Mean fitness (Train): 66867.05 | Mean fitness (Test): 66867.05
Generation 130 | Best fitness (Train): 66867.05 | Best fitness in generation (Train): 66867.05 | Mean fitness (Train): 66867.05 | Mean fitness (Test): 66867.05
Generation 140 | Best fitness (Train): 66867.05 | Best fitness in generation (Train): 66867.05 | Mean fitness (Train): 66867.05 | Mean fitness (Test): 66867.05
Generation 150 | Best fitness (Train): 66867.05 | Best fitness in generation (Train): 66867.05 | Mean fitness (Train): 66867.05 | Mean fitness (Test): 66867.05
Generation 160 | Best fitness (Train): 66867.05 | Best fitness in generation (Train): 66867.05 | Mean fitness (Train): 66867.05 | Mean fitness (Test): 66867.05
Generation 170 | Best fitness (Train): 66867.05 | Best fitness in generation (Train): 66867.05 | Mean fitness (Train): 66867.05 | Mean fitness (Test): 66867.05
Generation 180 | Best fitness (Train): 66867.05 | Best fitness in generation (Train): 66867.05 | Mean fitness (Train): 66867.05 | Mean fitness (Test): 66867.05
Generation 190 | Best fitness (Train): 66867.05 | Best fitness in generation (Train): 66867.05 | Mean fitness (Train): 66867.05 | Mean fitness (Test): 66867.05
Generation 200 | Best fitness (Train): 66867.05 | Best fitness in generation (Train): 66867.05 | Mean fitness (Train): 66867.05 | Mean fitness (Test): 66867.05
Generation 210 | Best fitness (Train): 66867.05 | Best fitness in generation (Train): 66867.05 | Mean fitness (Train): 66867.05 | Mean fitness (Test): 66867.05
Generation 220 | Best fitness (Train): 66867.05 | Best fitness in generation (Train): 66867.05 | Mean fitness (Train): 66867.05 | Mean fitness (Test): 66867.05
Generation 230 | Best fitness (Train): 66867.05 | Best fitness in generation (Train): 66867.05 | Mean fitness (Train): 66867.05 | Mean fitness (Test): 66867.05
Generation 240 | Best fitness (Train): 66867.05 | Best fitness in generation (Train): 66867.05 | Mean fitness (Train): 66867.05 | Mean fitness (Test): 66867.05
Generation 250 | Best fitness (Train): 66867.05 | Best fitness in generation (Train): 66867.05 | Mean fitness (Train): 66867.05 | Mean fitness (Test): 66867.05
Generation 260 | Best fitness (Train): 66867.05 | Best fitness in generation (Train): 66867.05 | Mean fitness (Train): 66867.05 | Mean fitness (Test): 66867.05
Generation 270 | Best fitness (Train): 66867.05 | Best fitness in generation (Train): 66867.05 | Mean fitness (Train): 66867.05 | Mean fitness (Test): 66867.05
Generation 280 | Best fitness (Train): 66867.05 | Best fitness in generation (Train): 66867.05 | Mean fitness (Train): 66867.05 | Mean fitness (Test): 66867.05
Generation 290 | Best fitness (Train): 66867.05 | Best fitness in generation (Train): 66867.05 | Mean fitness (Train): 66867.05 | Mean fitness (Test): 66867.05
Generation 300 | Best fitness (Train): 66867.05 | Best fitness in generation (Train): 66867.05 | Mean fitness (Train): 66867.05 | Mean fitness (Test): 66867.05
Generation 310 | Best fitness (Train): 66867.05 | Best fitness in generation (Train): 66867.05 | Mean fitness (Train): 66867.05 | Mean fitness (Test): 66867.05
Generation 320 | Best fitness (Train): 66867.05 | Best fitness in generation (Train): 66867.05 | Mean fitness (Train): 66867.05 | Mean fitness (Test): 66867.05
Generation 330 | Best fitness (Train): 66867.05 | Best fitness in generation (Train): 66867.05 | Mean fitness (Train): 66867.05 | Mean fitness (Test): 66867.05
Generation 340 | Best fitness (Train): 66867.05 | Best fitness in generation (Train): 66867.05 | Mean fitness (Train): 66867.05 | Mean fitness (Test): 66867.05
Generation 350 | Best fitness (Train): 66867.05 | Best fitness in generation (Train): 66867.05 | Mean fitness (Train): 66867.05 | Mean fitness (Test): 66867.05
Generation 360 | Best fitness (Train): 66867.05 | Best fitness in generation (Train): 66867.05 | Mean fitness (Train): 66867.05 | Mean fitness (Test): 66867.05
Generation 370 | Best fitness (Train): 66867.05 | Best fitness in generation (Train): 66867.05 | Mean fitness (Train): 66867.05 | Mean fitness (Test): 66867.05
Generation 380 | Best fitness (Train): 66867.05 | Best fitness in generation (Train): 66867.05 | Mean fitness (Train): 66867.05 | Mean fitness (Test): 66867.05
Generation 390 | Best fitness (Train): 66867.05 | Best fitness in generation (Train): 66867.05 | Mean fitness (Train): 66867.05 | Mean fitness (Test): 66867.05
Generation 400 | Best fitness (Train): 66867.05 | Best fitness in generation (Train): 66867.05 | Mean fitness (Train): 66867.05 | Mean fitness (Test): 66867.05
Generation 410 | Best fitness (Train): 66867.05 | Best fitness in generation (Train): 66867.05 | Mean fitness (Train): 66867.05 | Mean fitness (Test): 66867.05
Generation 420 | Best fitness (Train): 66867.05 | Best fitness in generation (Train): 66867.05 | Mean fitness (Train): 66867.05 | Mean fitness (Test): 66867.05
Generation 430 | Best fitness (Train): 66867.05 | Best fitness in generation (Train): 66867.05 | Mean fitness (Train): 66867.05 | Mean fitness (Test): 66867.05
Generation 440 | Best fitness (Train): 66867.05 | Best fitness in generation (Train): 66867.05 | Mean fitness (Train): 66867.05 | Mean fitness (Test): 66867.05
Generation 450 | Best fitness (Train): 66867.05 | Best fitness in generation (Train): 66867.05 | Mean fitness (Train): 66867.05 | Mean fitness (Test): 66867.05
Generation 460 | Best fitness (Train): 66867.05 | Best fitness in generation (Train): 66867.05 | Mean fitness (Train): 66867.05 | Mean fitness (Test): 66867.05
Generation 470 | Best fitness (Train): 66867.05 | Best fitness in generation (Train): 66867.05 | Mean fitness (Train): 66867.05 | Mean fitness (Test): 66867.05
Generation 480 | Best fitness (Train): 66867.05 | Best fitness in generation (Train): 66867.05 | Mean fitness (Train): 66867.05 | Mean fitness (Test): 66867.05
Generation 490 | Best fitness (Train): 66867.05 | Best fitness in generation (Train): 66867.05 | Mean fitness (Train): 66867.05 | Mean fitness (Test): 66867.05
Generation 500 | Best fitness (Train): 66867.05 | Best fitness in generation (Train): 66867.05 | Mean fitness (Train): 66867.05 | Mean fitness (Test): 66867.05
Generation 510 | Best fitness (Train): 66867.05 | Best fitness in generation (Train): 66867.05 | Mean fitness (Train): 66867.05 | Mean fitness (Test): 66867.05
Generation 520 | Best fitness (Train): 66867.05 | Best fitness in generation (Train): 66867.05 | Mean fitness (Train): 66867.05 | Mean fitness (Test): 66867.05
Generation 530 | Best fitness (Train): 66867.05 | Best fitness in generation (Train): 66867.05 | Mean fitness (Train): 66867.05 | Mean fitness (Test): 66867.05
Generation 540 | Best fitness (Train): 66867.05 | Best fitness in generation (Train): 66867.05 | Mean fitness (Train): 66867.05 | Mean fitness (Test): 66867.05
Generation 550 | Best fitness (Train): 66867.05 | Best fitness in generation (Train): 66867.05 | Mean fitness (Train): 66867.05 | Mean fitness (Test): 66867.05
Generation 560 | Best fitness (Train): 66867.05 | Best fitness in generation (Train): 66867.05 | Mean fitness (Train): 66867.05 | Mean fitness (Test): 66867.05
Generation 570 | Best fitness (Train): 66867.05 | Best fitness in generation (Train): 66867.05 | Mean fitness (Train): 66867.05 | Mean fitness (Test): 66867.05
Generation 580 | Best fitness (Train): 66867.05 | Best fitness in generation (Train): 66867.05 | Mean fitness (Train): 66867.05 | Mean fitness (Test): 66867.05
Generation 590 | Best fitness (Train): 66867.05 | Best fitness in generation (Train): 66867.05 | Mean fitness (Train): 66867.05 | Mean fitness (Test): 66867.05
Generation 600 | Best fitness (Train): 66867.05 | Best fitness in generation (Train): 66867.05 | Mean fitness (Train): 66867.05 | Mean fitness (Test): 66867.05
Generation 610 | Best fitness (Train): 66867.05 | Best fitness in generation (Train): 66867.05 | Mean fitness (Train): 66867.05 | Mean fitness (Test): 66867.05
Generation 620 | Best fitness (Train): 66867.05 | Best fitness in generation (Train): 66867.05 | Mean fitness (Train): 66867.05 | Mean fitness (Test): 66867.05
Generation 630 | Best fitness (Train): 66867.05 | Best fitness in generation (Train): 66867.05 | Mean fitness (Train): 66867.05 | Mean fitness (Test): 66867.05
Generation 640 | Best fitness (Train): 66867.05 | Best fitness in generation (Train): 66867.05 | Mean fitness (Train): 66867.05 | Mean fitness (Test): 66867.05
Generation 650 | Best fitness (Train): 66867.05 | Best fitness in generation (Train): 66867.05 | Mean fitness (Train): 66867.05 | Mean fitness (Test): 66867.05
Generation 660 | Best fitness (Train): 66867.05 | Best fitness in generation (Train): 66867.05 | Mean fitness (Train): 66867.05 | Mean fitness (Test): 66867.05
Generation 670 | Best fitness (Train): 66867.05 | Best fitness in generation (Train): 66867.05 | Mean fitness (Train): 66867.05 | Mean fitness (Test): 66867.05
Generation 680 | Best fitness (Train): 66867.05 | Best fitness in generation (Train): 66867.05 | Mean fitness (Train): 66867.05 | Mean fitness (Test): 66867.05
Generation 690 | Best fitness (Train): 66867.05 | Best fitness in generation (Train): 66867.05 | Mean fitness (Train): 66867.05 | Mean fitness (Test): 66867.05
Generation 700 | Best fitness (Train): 66867.05 | Best fitness in generation (Train): 66867.05 | Mean fitness (Train): 66867.05 | Mean fitness (Test): 66867.05
Generation 710 | Best fitness (Train): 66867.05 | Best fitness in generation (Train): 66867.05 | Mean fitness (Train): 66867.05 | Mean fitness (Test): 66867.05
Generation 720 | Best fitness (Train): 66867.05 | Best fitness in generation (Train): 66867.05 | Mean fitness (Train): 66867.05 | Mean fitness (Test): 66867.05
Generation 730 | Best fitness (Train): 66867.05 | Best fitness in generation (Train): 66867.05 | Mean fitness (Train): 66867.05 | Mean fitness (Test): 66867.05
Generation 740 | Best fitness (Train): 66867.05 | Best fitness in generation (Train): 66867.05 | Mean fitness (Train): 66867.05 | Mean fitness (Test): 66867.05
Generation 750 | Best fitness (Train): 66867.05 | Best fitness in generation (Train): 66867.05 | Mean fitness (Train): 66867.05 | Mean fitness (Test): 66867.05
Generation 760 | Best fitness (Train): 66867.05 | Best fitness in generation (Train): 66867.05 | Mean fitness (Train): 66867.05 | Mean fitness (Test): 66867.05
Generation 770 | Best fitness (Train): 66867.05 | Best fitness in generation (Train): 66867.05 | Mean fitness (Train): 66867.05 | Mean fitness (Test): 66867.05
Generation 780 | Best fitness (Train): 66867.05 | Best fitness in generation (Train): 66867.05 | Mean fitness (Train): 66867.05 | Mean fitness (Test): 66867.05
Generation 790 | Best fitness (Train): 66867.05 | Best fitness in generation (Train): 66867.05 | Mean fitness (Train): 66867.05 | Mean fitness (Test): 66867.05
Generation 800 | Best fitness (Train): 66867.05 | Best fitness in generation (Train): 66867.05 | Mean fitness (Train): 66867.05 | Mean fitness (Test): 66867.05
Generation 810 | Best fitness (Train): 66867.05 | Best fitness in generation (Train): 66867.05 | Mean fitness (Train): 66867.05 | Mean fitness (Test): 66867.05
Generation 820 | Best fitness (Train): 66867.05 | Best fitness in generation (Train): 66867.05 | Mean fitness (Train): 66867.05 | Mean fitness (Test): 66867.05
Generation 830 | Best fitness (Train): 66867.05 | Best fitness in generation (Train): 66867.05 | Mean fitness (Train): 66867.05 | Mean fitness (Test): 66867.05
Generation 840 | Best fitness (Train): 66867.05 | Best fitness in generation (Train): 66867.05 | Mean fitness (Train): 66867.05 | Mean fitness (Test): 66867.05
Generation 850 | Best fitness (Train): 66867.05 | Best fitness in generation (Train): 66867.05 | Mean fitness (Train): 66867.05 | Mean fitness (Test): 66867.05
Generation 860 | Best fitness (Train): 66867.05 | Best fitness in generation (Train): 66867.05 | Mean fitness (Train): 66867.05 | Mean fitness (Test): 66867.05
Generation 870 | Best fitness (Train): 66867.05 | Best fitness in generation (Train): 66867.05 | Mean fitness (Train): 66867.05 | Mean fitness (Test): 66867.05
Generation 880 | Best fitness (Train): 66867.05 | Best fitness in generation (Train): 66867.05 | Mean fitness (Train): 66867.05 | Mean fitness (Test): 66867.05
Generation 890 | Best fitness (Train): 66867.05 | Best fitness in generation (Train): 66867.05 | Mean fitness (Train): 66867.05 | Mean fitness (Test): 66867.05
Generation 900 | Best fitness (Train): 66867.05 | Best fitness in generation (Train): 66867.05 | Mean fitness (Train): 66867.05 | Mean fitness (Test): 66867.05
Generation 910 | Best fitness (Train): 66867.05 | Best fitness in generation (Train): 66867.05 | Mean fitness (Train): 66867.05 | Mean fitness (Test): 66867.05
Generation 920 | Best fitness (Train): 66867.05 | Best fitness in generation (Train): 66867.05 | Mean fitness (Train): 66867.05 | Mean fitness (Test): 66867.05
Generation 930 | Best fitness (Train): 66867.05 | Best fitness in generation (Train): 66867.05 | Mean fitness (Train): 66867.05 | Mean fitness (Test): 66867.05
Generation 940 | Best fitness (Train): 66867.05 | Best fitness in generation (Train): 66867.05 | Mean fitness (Train): 66867.05 | Mean fitness (Test): 66867.05
Generation 950 | Best fitness (Train): 66867.05 | Best fitness in generation (Train): 66867.05 | Mean fitness (Train): 66867.05 | Mean fitness (Test): 66867.05
Generation 960 | Best fitness (Train): 66867.05 | Best fitness in generation (Train): 66867.05 | Mean fitness (Train): 66867.05 | Mean fitness (Test): 66867.05
Generation 970 | Best fitness (Train): 66867.05 | Best fitness in generation (Train): 66867.05 | Mean fitness (Train): 66867.05 | Mean fitness (Test): 66867.05
Generation 980 | Best fitness (Train): 66867.05 | Best fitness in generation (Train): 66867.05 | Mean fitness (Train): 66867.05 | Mean fitness (Test): 66867.05
Generation 990 | Best fitness (Train): 66867.05 | Best fitness in generation (Train): 66867.05 | Mean fitness (Train): 66867.05 | Mean fitness (Test): 66867.05
Generation 1000 | Best fitness (Train): 66867.05 | Best fitness in generation (Train): 66867.05 | Mean fitness (Train): 66867.05 | Mean fitness (Test): 66867.05
Failed to generate visualization: 'Fast' object has no attribute 'sys'
running the experiment ... [../../results/BraxProblem/fast/Sep_CMA_ES/2]
Generation 010 | Best fitness (Train): 66867.05 | Best fitness in generation (Train): 66867.05 | Mean fitness (Train): 31671.09 | Mean fitness (Test): 66867.05
Generation 020 | Best fitness (Train): 66867.05 | Best fitness in generation (Train): 66867.05 | Mean fitness (Train): 47589.52 | Mean fitness (Test): 66867.05
Generation 030 | Best fitness (Train): 66867.05 | Best fitness in generation (Train): 66867.05 | Mean fitness (Train): 57333.48 | Mean fitness (Test): 66867.05
Generation 040 | Best fitness (Train): 66867.05 | Best fitness in generation (Train): 66867.05 | Mean fitness (Train): 61673.08 | Mean fitness (Test): 66867.05
Generation 050 | Best fitness (Train): 66867.05 | Best fitness in generation (Train): 66867.05 | Mean fitness (Train): 63988.21 | Mean fitness (Test): 66867.05
Generation 060 | Best fitness (Train): 66867.05 | Best fitness in generation (Train): 66867.05 | Mean fitness (Train): 64679.98 | Mean fitness (Test): 66867.05
Generation 070 | Best fitness (Train): 66867.05 | Best fitness in generation (Train): 66867.05 | Mean fitness (Train): 66045.75 | Mean fitness (Test): 66867.05
Generation 080 | Best fitness (Train): 66867.05 | Best fitness in generation (Train): 66867.05 | Mean fitness (Train): 65845.27 | Mean fitness (Test): 66867.05
Generation 090 | Best fitness (Train): 66867.05 | Best fitness in generation (Train): 66867.05 | Mean fitness (Train): 66867.05 | Mean fitness (Test): 66867.05
Generation 100 | Best fitness (Train): 66867.05 | Best fitness in generation (Train): 66867.05 | Mean fitness (Train): 66867.05 | Mean fitness (Test): 66867.05
Generation 110 | Best fitness (Train): 66867.05 | Best fitness in generation (Train): 66867.05 | Mean fitness (Train): 66867.05 | Mean fitness (Test): 66867.05
Generation 120 | Best fitness (Train): 66867.05 | Best fitness in generation (Train): 66867.05 | Mean fitness (Train): 66867.05 | Mean fitness (Test): 66867.05
Generation 130 | Best fitness (Train): 66867.05 | Best fitness in generation (Train): 66867.05 | Mean fitness (Train): 66867.05 | Mean fitness (Test): 66867.05
Generation 140 | Best fitness (Train): 66867.05 | Best fitness in generation (Train): 66867.05 | Mean fitness (Train): 66867.05 | Mean fitness (Test): 66867.05
Generation 150 | Best fitness (Train): 66867.05 | Best fitness in generation (Train): 66867.05 | Mean fitness (Train): 66867.05 | Mean fitness (Test): 66867.05
Generation 160 | Best fitness (Train): 66867.05 | Best fitness in generation (Train): 66867.05 | Mean fitness (Train): 66867.05 | Mean fitness (Test): 66867.05
Generation 170 | Best fitness (Train): 66867.05 | Best fitness in generation (Train): 66867.05 | Mean fitness (Train): 66867.05 | Mean fitness (Test): 66867.05
Generation 180 | Best fitness (Train): 66867.05 | Best fitness in generation (Train): 66867.05 | Mean fitness (Train): 66867.05 | Mean fitness (Test): 66867.05
Generation 190 | Best fitness (Train): 66867.05 | Best fitness in generation (Train): 66867.05 | Mean fitness (Train): 66867.05 | Mean fitness (Test): 66867.05
Generation 200 | Best fitness (Train): 66867.05 | Best fitness in generation (Train): 66867.05 | Mean fitness (Train): 66867.05 | Mean fitness (Test): 66867.05
Generation 210 | Best fitness (Train): 66867.05 | Best fitness in generation (Train): 66867.05 | Mean fitness (Train): 66867.05 | Mean fitness (Test): 66867.05
Generation 220 | Best fitness (Train): 66867.05 | Best fitness in generation (Train): 66867.05 | Mean fitness (Train): 66867.05 | Mean fitness (Test): 66867.05
Generation 230 | Best fitness (Train): 66867.05 | Best fitness in generation (Train): 66867.05 | Mean fitness (Train): 66867.05 | Mean fitness (Test): 66867.05
Generation 240 | Best fitness (Train): 66867.05 | Best fitness in generation (Train): 66867.05 | Mean fitness (Train): 66867.05 | Mean fitness (Test): 66867.05
Generation 250 | Best fitness (Train): 66867.05 | Best fitness in generation (Train): 66867.05 | Mean fitness (Train): 66867.05 | Mean fitness (Test): 66867.05
Generation 260 | Best fitness (Train): 66867.05 | Best fitness in generation (Train): 66867.05 | Mean fitness (Train): 66867.05 | Mean fitness (Test): 66867.05
Generation 270 | Best fitness (Train): 66867.05 | Best fitness in generation (Train): 66867.05 | Mean fitness (Train): 66867.05 | Mean fitness (Test): 66867.05
Generation 280 | Best fitness (Train): 66867.05 | Best fitness in generation (Train): 66867.05 | Mean fitness (Train): 66867.05 | Mean fitness (Test): 66867.05
Generation 290 | Best fitness (Train): 66867.05 | Best fitness in generation (Train): 66867.05 | Mean fitness (Train): 66867.05 | Mean fitness (Test): 66867.05
Generation 300 | Best fitness (Train): 66867.05 | Best fitness in generation (Train): 66867.05 | Mean fitness (Train): 66867.05 | Mean fitness (Test): 66867.05
Generation 310 | Best fitness (Train): 66867.05 | Best fitness in generation (Train): 66867.05 | Mean fitness (Train): 66867.05 | Mean fitness (Test): 66867.05
Generation 320 | Best fitness (Train): 66867.05 | Best fitness in generation (Train): 66867.05 | Mean fitness (Train): 66867.05 | Mean fitness (Test): 66867.05
Generation 330 | Best fitness (Train): 66867.05 | Best fitness in generation (Train): 66867.05 | Mean fitness (Train): 66867.05 | Mean fitness (Test): 66867.05
Generation 340 | Best fitness (Train): 66867.05 | Best fitness in generation (Train): 66867.05 | Mean fitness (Train): 66867.05 | Mean fitness (Test): 66867.05
Generation 350 | Best fitness (Train): 66867.05 | Best fitness in generation (Train): 66867.05 | Mean fitness (Train): 66867.05 | Mean fitness (Test): 66867.05
Generation 360 | Best fitness (Train): 66867.05 | Best fitness in generation (Train): 66867.05 | Mean fitness (Train): 66867.05 | Mean fitness (Test): 66867.05
Generation 370 | Best fitness (Train): 66867.05 | Best fitness in generation (Train): 66867.05 | Mean fitness (Train): 66867.05 | Mean fitness (Test): 66867.05
Generation 380 | Best fitness (Train): 66867.05 | Best fitness in generation (Train): 66867.05 | Mean fitness (Train): 66867.05 | Mean fitness (Test): 66867.05
Generation 390 | Best fitness (Train): 66867.05 | Best fitness in generation (Train): 66867.05 | Mean fitness (Train): 66867.05 | Mean fitness (Test): 66867.05
Generation 400 | Best fitness (Train): 66867.05 | Best fitness in generation (Train): 66867.05 | Mean fitness (Train): 66867.05 | Mean fitness (Test): 66867.05
Generation 410 | Best fitness (Train): 66867.05 | Best fitness in generation (Train): 66867.05 | Mean fitness (Train): 66867.05 | Mean fitness (Test): 66867.05
Generation 420 | Best fitness (Train): 66867.05 | Best fitness in generation (Train): 66867.05 | Mean fitness (Train): 66867.05 | Mean fitness (Test): 66867.05
Generation 430 | Best fitness (Train): 66867.05 | Best fitness in generation (Train): 66867.05 | Mean fitness (Train): 66867.05 | Mean fitness (Test): 66867.05
Generation 440 | Best fitness (Train): 66867.05 | Best fitness in generation (Train): 66867.05 | Mean fitness (Train): 66867.05 | Mean fitness (Test): 66867.05
Generation 450 | Best fitness (Train): 66867.05 | Best fitness in generation (Train): 66867.05 | Mean fitness (Train): 66867.05 | Mean fitness (Test): 66867.05
Generation 460 | Best fitness (Train): 66867.05 | Best fitness in generation (Train): 66867.05 | Mean fitness (Train): 66867.05 | Mean fitness (Test): 66867.05
Generation 470 | Best fitness (Train): 66867.05 | Best fitness in generation (Train): 66867.05 | Mean fitness (Train): 66867.05 | Mean fitness (Test): 66867.05
Generation 480 | Best fitness (Train): 66867.05 | Best fitness in generation (Train): 66867.05 | Mean fitness (Train): 66867.05 | Mean fitness (Test): 66867.05
Generation 490 | Best fitness (Train): 66867.05 | Best fitness in generation (Train): 66867.05 | Mean fitness (Train): 66867.05 | Mean fitness (Test): 66867.05
Generation 500 | Best fitness (Train): 66867.05 | Best fitness in generation (Train): 66867.05 | Mean fitness (Train): 66867.05 | Mean fitness (Test): 66867.05
Generation 510 | Best fitness (Train): 66867.05 | Best fitness in generation (Train): 66867.05 | Mean fitness (Train): 66867.05 | Mean fitness (Test): 66867.05
Generation 520 | Best fitness (Train): 66867.05 | Best fitness in generation (Train): 66867.05 | Mean fitness (Train): 66867.05 | Mean fitness (Test): 66867.05
Generation 530 | Best fitness (Train): 66867.05 | Best fitness in generation (Train): 66867.05 | Mean fitness (Train): 66867.05 | Mean fitness (Test): 66867.05
Generation 540 | Best fitness (Train): 66867.05 | Best fitness in generation (Train): 66867.05 | Mean fitness (Train): 66867.05 | Mean fitness (Test): 66867.05
Generation 550 | Best fitness (Train): 66867.05 | Best fitness in generation (Train): 66867.05 | Mean fitness (Train): 66867.05 | Mean fitness (Test): 66867.05
Generation 560 | Best fitness (Train): 66867.05 | Best fitness in generation (Train): 66867.05 | Mean fitness (Train): 66867.05 | Mean fitness (Test): 66867.05
Generation 570 | Best fitness (Train): 66867.05 | Best fitness in generation (Train): 66867.05 | Mean fitness (Train): 66867.05 | Mean fitness (Test): 66867.05
Generation 580 | Best fitness (Train): 66867.05 | Best fitness in generation (Train): 66867.05 | Mean fitness (Train): 66867.05 | Mean fitness (Test): 66867.05
Generation 590 | Best fitness (Train): 66867.05 | Best fitness in generation (Train): 66867.05 | Mean fitness (Train): 66867.05 | Mean fitness (Test): 66867.05
Generation 600 | Best fitness (Train): 66867.05 | Best fitness in generation (Train): 66867.05 | Mean fitness (Train): 66867.05 | Mean fitness (Test): 66867.05
Generation 610 | Best fitness (Train): 66867.05 | Best fitness in generation (Train): 66867.05 | Mean fitness (Train): 66867.05 | Mean fitness (Test): 66867.05
Generation 620 | Best fitness (Train): 66867.05 | Best fitness in generation (Train): 66867.05 | Mean fitness (Train): 66867.05 | Mean fitness (Test): 66867.05
Generation 630 | Best fitness (Train): 66867.05 | Best fitness in generation (Train): 66867.05 | Mean fitness (Train): 66867.05 | Mean fitness (Test): 66867.05
Generation 640 | Best fitness (Train): 66867.05 | Best fitness in generation (Train): 66867.05 | Mean fitness (Train): 66867.05 | Mean fitness (Test): 66867.05
Generation 650 | Best fitness (Train): 66867.05 | Best fitness in generation (Train): 66867.05 | Mean fitness (Train): 66867.05 | Mean fitness (Test): 66867.05
Generation 660 | Best fitness (Train): 66867.05 | Best fitness in generation (Train): 66867.05 | Mean fitness (Train): 66867.05 | Mean fitness (Test): 66867.05
Generation 670 | Best fitness (Train): 66867.05 | Best fitness in generation (Train): 66867.05 | Mean fitness (Train): 66867.05 | Mean fitness (Test): 66867.05
Generation 680 | Best fitness (Train): 66867.05 | Best fitness in generation (Train): 66867.05 | Mean fitness (Train): 66867.05 | Mean fitness (Test): 66867.05
Generation 690 | Best fitness (Train): 66867.05 | Best fitness in generation (Train): 66867.05 | Mean fitness (Train): 66867.05 | Mean fitness (Test): 66867.05
Generation 700 | Best fitness (Train): 66867.05 | Best fitness in generation (Train): 66867.05 | Mean fitness (Train): 66867.05 | Mean fitness (Test): 66867.05
Generation 710 | Best fitness (Train): 66867.05 | Best fitness in generation (Train): 66867.05 | Mean fitness (Train): 66867.05 | Mean fitness (Test): 66867.05
Generation 720 | Best fitness (Train): 66867.05 | Best fitness in generation (Train): 66867.05 | Mean fitness (Train): 66867.05 | Mean fitness (Test): 66867.05
Generation 730 | Best fitness (Train): 66867.05 | Best fitness in generation (Train): 66867.05 | Mean fitness (Train): 66867.05 | Mean fitness (Test): 66867.05
Generation 740 | Best fitness (Train): 66867.05 | Best fitness in generation (Train): 66867.05 | Mean fitness (Train): 66867.05 | Mean fitness (Test): 66867.05
Generation 750 | Best fitness (Train): 66867.05 | Best fitness in generation (Train): 66867.05 | Mean fitness (Train): 66867.05 | Mean fitness (Test): 66867.05
Generation 760 | Best fitness (Train): 66867.05 | Best fitness in generation (Train): 66867.05 | Mean fitness (Train): 66867.05 | Mean fitness (Test): 66867.05
Generation 770 | Best fitness (Train): 66867.05 | Best fitness in generation (Train): 66867.05 | Mean fitness (Train): 66867.05 | Mean fitness (Test): 66867.05
Generation 780 | Best fitness (Train): 66867.05 | Best fitness in generation (Train): 66867.05 | Mean fitness (Train): 66867.05 | Mean fitness (Test): 66867.05
Generation 790 | Best fitness (Train): 66867.05 | Best fitness in generation (Train): 66867.05 | Mean fitness (Train): 66867.05 | Mean fitness (Test): 66867.05
Generation 800 | Best fitness (Train): 66867.05 | Best fitness in generation (Train): 66867.05 | Mean fitness (Train): 66867.05 | Mean fitness (Test): 66867.05
Generation 810 | Best fitness (Train): 66867.05 | Best fitness in generation (Train): 66867.05 | Mean fitness (Train): 66867.05 | Mean fitness (Test): 66867.05
Generation 820 | Best fitness (Train): 66867.05 | Best fitness in generation (Train): 66867.05 | Mean fitness (Train): 66867.05 | Mean fitness (Test): 66867.05
Generation 830 | Best fitness (Train): 66867.05 | Best fitness in generation (Train): 66867.05 | Mean fitness (Train): 66867.05 | Mean fitness (Test): 66867.05
Generation 840 | Best fitness (Train): 66867.05 | Best fitness in generation (Train): 66867.05 | Mean fitness (Train): 66867.05 | Mean fitness (Test): 66867.05
Generation 850 | Best fitness (Train): 66867.05 | Best fitness in generation (Train): 66867.05 | Mean fitness (Train): 66867.05 | Mean fitness (Test): 66867.05
Generation 860 | Best fitness (Train): 66867.05 | Best fitness in generation (Train): 66867.05 | Mean fitness (Train): 66867.05 | Mean fitness (Test): 66867.05
Generation 870 | Best fitness (Train): 66867.05 | Best fitness in generation (Train): 66867.05 | Mean fitness (Train): 66867.05 | Mean fitness (Test): 66867.05
Generation 880 | Best fitness (Train): 66867.05 | Best fitness in generation (Train): 66867.05 | Mean fitness (Train): 66867.05 | Mean fitness (Test): 66867.05
Generation 890 | Best fitness (Train): 66867.05 | Best fitness in generation (Train): 66867.05 | Mean fitness (Train): 66867.05 | Mean fitness (Test): 66867.05
Generation 900 | Best fitness (Train): 66867.05 | Best fitness in generation (Train): 66867.05 | Mean fitness (Train): 66867.05 | Mean fitness (Test): 66867.05
Generation 910 | Best fitness (Train): 66867.05 | Best fitness in generation (Train): 66867.05 | Mean fitness (Train): 66867.05 | Mean fitness (Test): 66867.05
Generation 920 | Best fitness (Train): 66867.05 | Best fitness in generation (Train): 66867.05 | Mean fitness (Train): 66867.05 | Mean fitness (Test): 66867.05
Generation 930 | Best fitness (Train): 66867.05 | Best fitness in generation (Train): 66867.05 | Mean fitness (Train): 66867.05 | Mean fitness (Test): 66867.05
Generation 940 | Best fitness (Train): 66867.05 | Best fitness in generation (Train): 66867.05 | Mean fitness (Train): 66867.05 | Mean fitness (Test): 66867.05
Generation 950 | Best fitness (Train): 66867.05 | Best fitness in generation (Train): 66867.05 | Mean fitness (Train): 66867.05 | Mean fitness (Test): 66867.05
Generation 960 | Best fitness (Train): 66867.05 | Best fitness in generation (Train): 66867.05 | Mean fitness (Train): 66867.05 | Mean fitness (Test): 66867.05
Generation 970 | Best fitness (Train): 66867.05 | Best fitness in generation (Train): 66867.05 | Mean fitness (Train): 66867.05 | Mean fitness (Test): 66867.05
Generation 980 | Best fitness (Train): 66867.05 | Best fitness in generation (Train): 66867.05 | Mean fitness (Train): 66867.05 | Mean fitness (Test): 66867.05
Generation 990 | Best fitness (Train): 66867.05 | Best fitness in generation (Train): 66867.05 | Mean fitness (Train): 66867.05 | Mean fitness (Test): 66867.05
Generation 1000 | Best fitness (Train): 66867.05 | Best fitness in generation (Train): 66867.05 | Mean fitness (Train): 66867.05 | Mean fitness (Test): 66867.05
Failed to generate visualization: 'Fast' object has no attribute 'sys'
running the experiment ... [../../results/BraxProblem/fast/Sep_CMA_ES/3]
Generation 010 | Best fitness (Train): 66867.05 | Best fitness in generation (Train): 66867.05 | Mean fitness (Train): 29857.12 | Mean fitness (Test): 66867.05
Generation 020 | Best fitness (Train): 66867.05 | Best fitness in generation (Train): 66867.05 | Mean fitness (Train): 46725.39 | Mean fitness (Test): 66867.05
Generation 030 | Best fitness (Train): 66867.05 | Best fitness in generation (Train): 66867.05 | Mean fitness (Train): 56854.87 | Mean fitness (Test): 66867.05
Generation 040 | Best fitness (Train): 66867.05 | Best fitness in generation (Train): 66867.05 | Mean fitness (Train): 63891.39 | Mean fitness (Test): 66867.05
Generation 050 | Best fitness (Train): 66867.05 | Best fitness in generation (Train): 66867.05 | Mean fitness (Train): 63207.13 | Mean fitness (Test): 66867.05
Generation 060 | Best fitness (Train): 66867.05 | Best fitness in generation (Train): 66867.05 | Mean fitness (Train): 65810.70 | Mean fitness (Test): 66867.05
Generation 070 | Best fitness (Train): 66867.05 | Best fitness in generation (Train): 66867.05 | Mean fitness (Train): 66597.77 | Mean fitness (Test): 66867.05
Generation 080 | Best fitness (Train): 66867.05 | Best fitness in generation (Train): 66867.05 | Mean fitness (Train): 66867.05 | Mean fitness (Test): 66867.05
Generation 090 | Best fitness (Train): 66867.05 | Best fitness in generation (Train): 66867.05 | Mean fitness (Train): 66338.88 | Mean fitness (Test): 66867.05
Generation 100 | Best fitness (Train): 66867.05 | Best fitness in generation (Train): 66867.05 | Mean fitness (Train): 66867.05 | Mean fitness (Test): 66867.05
Generation 110 | Best fitness (Train): 66867.05 | Best fitness in generation (Train): 66867.05 | Mean fitness (Train): 66867.05 | Mean fitness (Test): 66867.05
Generation 120 | Best fitness (Train): 66867.05 | Best fitness in generation (Train): 66867.05 | Mean fitness (Train): 66867.05 | Mean fitness (Test): 66867.05
Generation 130 | Best fitness (Train): 66867.05 | Best fitness in generation (Train): 66867.05 | Mean fitness (Train): 66867.05 | Mean fitness (Test): 66867.05
Generation 140 | Best fitness (Train): 66867.05 | Best fitness in generation (Train): 66867.05 | Mean fitness (Train): 66867.05 | Mean fitness (Test): 66867.05
Generation 150 | Best fitness (Train): 66867.05 | Best fitness in generation (Train): 66867.05 | Mean fitness (Train): 66867.05 | Mean fitness (Test): 66867.05
Generation 160 | Best fitness (Train): 66867.05 | Best fitness in generation (Train): 66867.05 | Mean fitness (Train): 66867.05 | Mean fitness (Test): 66867.05
Generation 170 | Best fitness (Train): 66867.05 | Best fitness in generation (Train): 66867.05 | Mean fitness (Train): 66867.05 | Mean fitness (Test): 66867.05
Generation 180 | Best fitness (Train): 66867.05 | Best fitness in generation (Train): 66867.05 | Mean fitness (Train): 66867.05 | Mean fitness (Test): 66867.05
Generation 190 | Best fitness (Train): 66867.05 | Best fitness in generation (Train): 66867.05 | Mean fitness (Train): 66867.05 | Mean fitness (Test): 66867.05
Generation 200 | Best fitness (Train): 66867.05 | Best fitness in generation (Train): 66867.05 | Mean fitness (Train): 66867.05 | Mean fitness (Test): 66867.05
Generation 210 | Best fitness (Train): 66867.05 | Best fitness in generation (Train): 66867.05 | Mean fitness (Train): 66867.05 | Mean fitness (Test): 66867.05
Generation 220 | Best fitness (Train): 66867.05 | Best fitness in generation (Train): 66867.05 | Mean fitness (Train): 66867.05 | Mean fitness (Test): 66867.05
Generation 230 | Best fitness (Train): 66867.05 | Best fitness in generation (Train): 66867.05 | Mean fitness (Train): 66867.05 | Mean fitness (Test): 66867.05
Generation 240 | Best fitness (Train): 66867.05 | Best fitness in generation (Train): 66867.05 | Mean fitness (Train): 66867.05 | Mean fitness (Test): 66867.05
Generation 250 | Best fitness (Train): 66867.05 | Best fitness in generation (Train): 66867.05 | Mean fitness (Train): 66867.05 | Mean fitness (Test): 66867.05
Generation 260 | Best fitness (Train): 66867.05 | Best fitness in generation (Train): 66867.05 | Mean fitness (Train): 66867.05 | Mean fitness (Test): 66867.05
Generation 270 | Best fitness (Train): 66867.05 | Best fitness in generation (Train): 66867.05 | Mean fitness (Train): 66867.05 | Mean fitness (Test): 66867.05
Generation 280 | Best fitness (Train): 66867.05 | Best fitness in generation (Train): 66867.05 | Mean fitness (Train): 66867.05 | Mean fitness (Test): 66867.05
Generation 290 | Best fitness (Train): 66867.05 | Best fitness in generation (Train): 66867.05 | Mean fitness (Train): 66867.05 | Mean fitness (Test): 66867.05
Generation 300 | Best fitness (Train): 66867.05 | Best fitness in generation (Train): 66867.05 | Mean fitness (Train): 66867.05 | Mean fitness (Test): 66867.05
Generation 310 | Best fitness (Train): 66867.05 | Best fitness in generation (Train): 66867.05 | Mean fitness (Train): 66867.05 | Mean fitness (Test): 66867.05
Generation 320 | Best fitness (Train): 66867.05 | Best fitness in generation (Train): 66867.05 | Mean fitness (Train): 66867.05 | Mean fitness (Test): 66867.05
Generation 330 | Best fitness (Train): 66867.05 | Best fitness in generation (Train): 66867.05 | Mean fitness (Train): 66867.05 | Mean fitness (Test): 66867.05
Generation 340 | Best fitness (Train): 66867.05 | Best fitness in generation (Train): 66867.05 | Mean fitness (Train): 66867.05 | Mean fitness (Test): 66867.05
Generation 350 | Best fitness (Train): 66867.05 | Best fitness in generation (Train): 66867.05 | Mean fitness (Train): 66867.05 | Mean fitness (Test): 66867.05
Generation 360 | Best fitness (Train): 66867.05 | Best fitness in generation (Train): 66867.05 | Mean fitness (Train): 66867.05 | Mean fitness (Test): 66867.05
Generation 370 | Best fitness (Train): 66867.05 | Best fitness in generation (Train): 66867.05 | Mean fitness (Train): 66867.05 | Mean fitness (Test): 66867.05
Generation 380 | Best fitness (Train): 66867.05 | Best fitness in generation (Train): 66867.05 | Mean fitness (Train): 66867.05 | Mean fitness (Test): 66867.05
Generation 390 | Best fitness (Train): 66867.05 | Best fitness in generation (Train): 66867.05 | Mean fitness (Train): 66867.05 | Mean fitness (Test): 66867.05
Generation 400 | Best fitness (Train): 66867.05 | Best fitness in generation (Train): 66867.05 | Mean fitness (Train): 66867.05 | Mean fitness (Test): 66867.05
Generation 410 | Best fitness (Train): 66867.05 | Best fitness in generation (Train): 66867.05 | Mean fitness (Train): 66867.05 | Mean fitness (Test): 66867.05
Generation 420 | Best fitness (Train): 66867.05 | Best fitness in generation (Train): 66867.05 | Mean fitness (Train): 66867.05 | Mean fitness (Test): 66867.05
Generation 430 | Best fitness (Train): 66867.05 | Best fitness in generation (Train): 66867.05 | Mean fitness (Train): 66867.05 | Mean fitness (Test): 66867.05
Generation 440 | Best fitness (Train): 66867.05 | Best fitness in generation (Train): 66867.05 | Mean fitness (Train): 66867.05 | Mean fitness (Test): 66867.05
Generation 450 | Best fitness (Train): 66867.05 | Best fitness in generation (Train): 66867.05 | Mean fitness (Train): 66867.05 | Mean fitness (Test): 66867.05
Generation 460 | Best fitness (Train): 66867.05 | Best fitness in generation (Train): 66867.05 | Mean fitness (Train): 66867.05 | Mean fitness (Test): 66867.05
Generation 470 | Best fitness (Train): 66867.05 | Best fitness in generation (Train): 66867.05 | Mean fitness (Train): 66867.05 | Mean fitness (Test): 66867.05
Generation 480 | Best fitness (Train): 66867.05 | Best fitness in generation (Train): 66867.05 | Mean fitness (Train): 66867.05 | Mean fitness (Test): 66867.05
Generation 490 | Best fitness (Train): 66867.05 | Best fitness in generation (Train): 66867.05 | Mean fitness (Train): 66867.05 | Mean fitness (Test): 66867.05
Generation 500 | Best fitness (Train): 66867.05 | Best fitness in generation (Train): 66867.05 | Mean fitness (Train): 66867.05 | Mean fitness (Test): 66867.05
Generation 510 | Best fitness (Train): 66867.05 | Best fitness in generation (Train): 66867.05 | Mean fitness (Train): 66867.05 | Mean fitness (Test): 66867.05
Generation 520 | Best fitness (Train): 66867.05 | Best fitness in generation (Train): 66867.05 | Mean fitness (Train): 66867.05 | Mean fitness (Test): 66867.05
Generation 530 | Best fitness (Train): 66867.05 | Best fitness in generation (Train): 66867.05 | Mean fitness (Train): 66867.05 | Mean fitness (Test): 66867.05
Generation 540 | Best fitness (Train): 66867.05 | Best fitness in generation (Train): 66867.05 | Mean fitness (Train): 66867.05 | Mean fitness (Test): 66867.05
Generation 550 | Best fitness (Train): 66867.05 | Best fitness in generation (Train): 66867.05 | Mean fitness (Train): 66867.05 | Mean fitness (Test): 66867.05
Generation 560 | Best fitness (Train): 66867.05 | Best fitness in generation (Train): 66867.05 | Mean fitness (Train): 66867.05 | Mean fitness (Test): 66867.05
Generation 570 | Best fitness (Train): 66867.05 | Best fitness in generation (Train): 66867.05 | Mean fitness (Train): 66867.05 | Mean fitness (Test): 66867.05
Generation 580 | Best fitness (Train): 66867.05 | Best fitness in generation (Train): 66867.05 | Mean fitness (Train): 66867.05 | Mean fitness (Test): 66867.05
Generation 590 | Best fitness (Train): 66867.05 | Best fitness in generation (Train): 66867.05 | Mean fitness (Train): 66867.05 | Mean fitness (Test): 66867.05
Generation 600 | Best fitness (Train): 66867.05 | Best fitness in generation (Train): 66867.05 | Mean fitness (Train): 66867.05 | Mean fitness (Test): 66867.05
Generation 610 | Best fitness (Train): 66867.05 | Best fitness in generation (Train): 66867.05 | Mean fitness (Train): 66867.05 | Mean fitness (Test): 66867.05
Generation 620 | Best fitness (Train): 66867.05 | Best fitness in generation (Train): 66867.05 | Mean fitness (Train): 66867.05 | Mean fitness (Test): 66867.05
Generation 630 | Best fitness (Train): 66867.05 | Best fitness in generation (Train): 66867.05 | Mean fitness (Train): 66867.05 | Mean fitness (Test): 66867.05
Generation 640 | Best fitness (Train): 66867.05 | Best fitness in generation (Train): 66867.05 | Mean fitness (Train): 66867.05 | Mean fitness (Test): 66867.05
Generation 650 | Best fitness (Train): 66867.05 | Best fitness in generation (Train): 66867.05 | Mean fitness (Train): 66867.05 | Mean fitness (Test): 66867.05
Generation 660 | Best fitness (Train): 66867.05 | Best fitness in generation (Train): 66867.05 | Mean fitness (Train): 66867.05 | Mean fitness (Test): 66867.05
Generation 670 | Best fitness (Train): 66867.05 | Best fitness in generation (Train): 66867.05 | Mean fitness (Train): 66867.05 | Mean fitness (Test): 66867.05
Generation 680 | Best fitness (Train): 66867.05 | Best fitness in generation (Train): 66867.05 | Mean fitness (Train): 66867.05 | Mean fitness (Test): 66867.05
Generation 690 | Best fitness (Train): 66867.05 | Best fitness in generation (Train): 66867.05 | Mean fitness (Train): 66867.05 | Mean fitness (Test): 66867.05
Generation 700 | Best fitness (Train): 66867.05 | Best fitness in generation (Train): 66867.05 | Mean fitness (Train): 66867.05 | Mean fitness (Test): 66867.05
Generation 710 | Best fitness (Train): 66867.05 | Best fitness in generation (Train): 66867.05 | Mean fitness (Train): 66867.05 | Mean fitness (Test): 66867.05
Generation 720 | Best fitness (Train): 66867.05 | Best fitness in generation (Train): 66867.05 | Mean fitness (Train): 66867.05 | Mean fitness (Test): 66867.05
Generation 730 | Best fitness (Train): 66867.05 | Best fitness in generation (Train): 66867.05 | Mean fitness (Train): 66867.05 | Mean fitness (Test): 66867.05
Generation 740 | Best fitness (Train): 66867.05 | Best fitness in generation (Train): 66867.05 | Mean fitness (Train): 66867.05 | Mean fitness (Test): 66867.05
Generation 750 | Best fitness (Train): 66867.05 | Best fitness in generation (Train): 66867.05 | Mean fitness (Train): 66867.05 | Mean fitness (Test): 66867.05
Generation 760 | Best fitness (Train): 66867.05 | Best fitness in generation (Train): 66867.05 | Mean fitness (Train): 66867.05 | Mean fitness (Test): 66867.05
Generation 770 | Best fitness (Train): 66867.05 | Best fitness in generation (Train): 66867.05 | Mean fitness (Train): 66867.05 | Mean fitness (Test): 66867.05
Generation 780 | Best fitness (Train): 66867.05 | Best fitness in generation (Train): 66867.05 | Mean fitness (Train): 66867.05 | Mean fitness (Test): 66867.05
Generation 790 | Best fitness (Train): 66867.05 | Best fitness in generation (Train): 66867.05 | Mean fitness (Train): 66867.05 | Mean fitness (Test): 66867.05
Generation 800 | Best fitness (Train): 66867.05 | Best fitness in generation (Train): 66867.05 | Mean fitness (Train): 66867.05 | Mean fitness (Test): 66867.05
Generation 810 | Best fitness (Train): 66867.05 | Best fitness in generation (Train): 66867.05 | Mean fitness (Train): 66867.05 | Mean fitness (Test): 66867.05
Generation 820 | Best fitness (Train): 66867.05 | Best fitness in generation (Train): 66867.05 | Mean fitness (Train): 66867.05 | Mean fitness (Test): 66867.05
Generation 830 | Best fitness (Train): 66867.05 | Best fitness in generation (Train): 66867.05 | Mean fitness (Train): 66867.05 | Mean fitness (Test): 66867.05
Generation 840 | Best fitness (Train): 66867.05 | Best fitness in generation (Train): 66867.05 | Mean fitness (Train): 66867.05 | Mean fitness (Test): 66867.05
Generation 850 | Best fitness (Train): 66867.05 | Best fitness in generation (Train): 66867.05 | Mean fitness (Train): 66867.05 | Mean fitness (Test): 66867.05
Generation 860 | Best fitness (Train): 66867.05 | Best fitness in generation (Train): 66867.05 | Mean fitness (Train): 66867.05 | Mean fitness (Test): 66867.05
Generation 870 | Best fitness (Train): 66867.05 | Best fitness in generation (Train): 66867.05 | Mean fitness (Train): 66867.05 | Mean fitness (Test): 66867.05
Generation 880 | Best fitness (Train): 66867.05 | Best fitness in generation (Train): 66867.05 | Mean fitness (Train): 66867.05 | Mean fitness (Test): 66867.05
Generation 890 | Best fitness (Train): 66867.05 | Best fitness in generation (Train): 66867.05 | Mean fitness (Train): 66867.05 | Mean fitness (Test): 66867.05
Generation 900 | Best fitness (Train): 66867.05 | Best fitness in generation (Train): 66867.05 | Mean fitness (Train): 66867.05 | Mean fitness (Test): 66867.05
Generation 910 | Best fitness (Train): 66867.05 | Best fitness in generation (Train): 66867.05 | Mean fitness (Train): 66867.05 | Mean fitness (Test): 66867.05
Generation 920 | Best fitness (Train): 66867.05 | Best fitness in generation (Train): 66867.05 | Mean fitness (Train): 66867.05 | Mean fitness (Test): 66867.05
Generation 930 | Best fitness (Train): 66867.05 | Best fitness in generation (Train): 66867.05 | Mean fitness (Train): 66867.05 | Mean fitness (Test): 66867.05
Generation 940 | Best fitness (Train): 66867.05 | Best fitness in generation (Train): 66867.05 | Mean fitness (Train): 66867.05 | Mean fitness (Test): 66867.05
Generation 950 | Best fitness (Train): 66867.05 | Best fitness in generation (Train): 66867.05 | Mean fitness (Train): 66867.05 | Mean fitness (Test): 66867.05
Generation 960 | Best fitness (Train): 66867.05 | Best fitness in generation (Train): 66867.05 | Mean fitness (Train): 66867.05 | Mean fitness (Test): 66867.05
Generation 970 | Best fitness (Train): 66867.05 | Best fitness in generation (Train): 66867.05 | Mean fitness (Train): 66867.05 | Mean fitness (Test): 66867.05
Generation 980 | Best fitness (Train): 66867.05 | Best fitness in generation (Train): 66867.05 | Mean fitness (Train): 66867.05 | Mean fitness (Test): 66867.05
Generation 990 | Best fitness (Train): 66867.05 | Best fitness in generation (Train): 66867.05 | Mean fitness (Train): 66867.05 | Mean fitness (Test): 66867.05
Generation 1000 | Best fitness (Train): 66867.05 | Best fitness in generation (Train): 66867.05 | Mean fitness (Train): 66867.05 | Mean fitness (Test): 66867.05
Failed to generate visualization: 'Fast' object has no attribute 'sys'
running the experiment ... [../../results/BraxProblem/fast/Sep_CMA_ES/4]
Generation 010 | Best fitness (Train): 66867.05 | Best fitness in generation (Train): 66867.05 | Mean fitness (Train): 38040.16 | Mean fitness (Test): 66867.05
Generation 020 | Best fitness (Train): 66867.05 | Best fitness in generation (Train): 66867.05 | Mean fitness (Train): 53544.41 | Mean fitness (Test): 66867.05
Generation 030 | Best fitness (Train): 66867.05 | Best fitness in generation (Train): 66867.05 | Mean fitness (Train): 61412.55 | Mean fitness (Test): 66867.05
Generation 040 | Best fitness (Train): 66867.05 | Best fitness in generation (Train): 66867.05 | Mean fitness (Train): 64656.80 | Mean fitness (Test): 66867.05
Generation 050 | Best fitness (Train): 66867.05 | Best fitness in generation (Train): 66867.05 | Mean fitness (Train): 66014.64 | Mean fitness (Test): 66867.05
Generation 060 | Best fitness (Train): 66867.05 | Best fitness in generation (Train): 66867.05 | Mean fitness (Train): 66215.26 | Mean fitness (Test): 66867.05
Generation 070 | Best fitness (Train): 66867.05 | Best fitness in generation (Train): 66867.05 | Mean fitness (Train): 66827.70 | Mean fitness (Test): 66867.05
Generation 080 | Best fitness (Train): 66867.05 | Best fitness in generation (Train): 66867.05 | Mean fitness (Train): 66596.80 | Mean fitness (Test): 66867.05
Generation 090 | Best fitness (Train): 66867.05 | Best fitness in generation (Train): 66867.05 | Mean fitness (Train): 66867.05 | Mean fitness (Test): 66867.05
Generation 100 | Best fitness (Train): 66867.05 | Best fitness in generation (Train): 66867.05 | Mean fitness (Train): 66867.05 | Mean fitness (Test): 66867.05
Generation 110 | Best fitness (Train): 66867.05 | Best fitness in generation (Train): 66867.05 | Mean fitness (Train): 66867.05 | Mean fitness (Test): 66867.05
Generation 120 | Best fitness (Train): 66867.05 | Best fitness in generation (Train): 66867.05 | Mean fitness (Train): 66867.05 | Mean fitness (Test): 66867.05
Generation 130 | Best fitness (Train): 66867.05 | Best fitness in generation (Train): 66867.05 | Mean fitness (Train): 66867.05 | Mean fitness (Test): 66867.05
Generation 140 | Best fitness (Train): 66867.05 | Best fitness in generation (Train): 66867.05 | Mean fitness (Train): 66867.05 | Mean fitness (Test): 66867.05
Generation 150 | Best fitness (Train): 66867.05 | Best fitness in generation (Train): 66867.05 | Mean fitness (Train): 66867.05 | Mean fitness (Test): 66867.05
Generation 160 | Best fitness (Train): 66867.05 | Best fitness in generation (Train): 66867.05 | Mean fitness (Train): 66867.05 | Mean fitness (Test): 66867.05
Generation 170 | Best fitness (Train): 66867.05 | Best fitness in generation (Train): 66867.05 | Mean fitness (Train): 66867.05 | Mean fitness (Test): 66867.05
Generation 180 | Best fitness (Train): 66867.05 | Best fitness in generation (Train): 66867.05 | Mean fitness (Train): 66867.05 | Mean fitness (Test): 66867.05
Generation 190 | Best fitness (Train): 66867.05 | Best fitness in generation (Train): 66867.05 | Mean fitness (Train): 66867.05 | Mean fitness (Test): 66867.05
Generation 200 | Best fitness (Train): 66867.05 | Best fitness in generation (Train): 66867.05 | Mean fitness (Train): 66867.05 | Mean fitness (Test): 66867.05
Generation 210 | Best fitness (Train): 66867.05 | Best fitness in generation (Train): 66867.05 | Mean fitness (Train): 66867.05 | Mean fitness (Test): 66867.05
Generation 220 | Best fitness (Train): 66867.05 | Best fitness in generation (Train): 66867.05 | Mean fitness (Train): 66867.05 | Mean fitness (Test): 66867.05
Generation 230 | Best fitness (Train): 66867.05 | Best fitness in generation (Train): 66867.05 | Mean fitness (Train): 66867.05 | Mean fitness (Test): 66867.05
Generation 240 | Best fitness (Train): 66867.05 | Best fitness in generation (Train): 66867.05 | Mean fitness (Train): 66867.05 | Mean fitness (Test): 66867.05
Generation 250 | Best fitness (Train): 66867.05 | Best fitness in generation (Train): 66867.05 | Mean fitness (Train): 66867.05 | Mean fitness (Test): 66867.05
Generation 260 | Best fitness (Train): 66867.05 | Best fitness in generation (Train): 66867.05 | Mean fitness (Train): 66867.05 | Mean fitness (Test): 66867.05
Generation 270 | Best fitness (Train): 66867.05 | Best fitness in generation (Train): 66867.05 | Mean fitness (Train): 66867.05 | Mean fitness (Test): 66867.05
Generation 280 | Best fitness (Train): 66867.05 | Best fitness in generation (Train): 66867.05 | Mean fitness (Train): 66867.05 | Mean fitness (Test): 66867.05
Generation 290 | Best fitness (Train): 66867.05 | Best fitness in generation (Train): 66867.05 | Mean fitness (Train): 66867.05 | Mean fitness (Test): 66867.05
Generation 300 | Best fitness (Train): 66867.05 | Best fitness in generation (Train): 66867.05 | Mean fitness (Train): 66867.05 | Mean fitness (Test): 66867.05
Generation 310 | Best fitness (Train): 66867.05 | Best fitness in generation (Train): 66867.05 | Mean fitness (Train): 66867.05 | Mean fitness (Test): 66867.05
Generation 320 | Best fitness (Train): 66867.05 | Best fitness in generation (Train): 66867.05 | Mean fitness (Train): 66867.05 | Mean fitness (Test): 66867.05
Generation 330 | Best fitness (Train): 66867.05 | Best fitness in generation (Train): 66867.05 | Mean fitness (Train): 66867.05 | Mean fitness (Test): 66867.05
Generation 340 | Best fitness (Train): 66867.05 | Best fitness in generation (Train): 66867.05 | Mean fitness (Train): 66867.05 | Mean fitness (Test): 66867.05
Generation 350 | Best fitness (Train): 66867.05 | Best fitness in generation (Train): 66867.05 | Mean fitness (Train): 66867.05 | Mean fitness (Test): 66867.05
Generation 360 | Best fitness (Train): 66867.05 | Best fitness in generation (Train): 66867.05 | Mean fitness (Train): 66867.05 | Mean fitness (Test): 66867.05
Generation 370 | Best fitness (Train): 66867.05 | Best fitness in generation (Train): 66867.05 | Mean fitness (Train): 66867.05 | Mean fitness (Test): 66867.05
Generation 380 | Best fitness (Train): 66867.05 | Best fitness in generation (Train): 66867.05 | Mean fitness (Train): 66867.05 | Mean fitness (Test): 66867.05
Generation 390 | Best fitness (Train): 66867.05 | Best fitness in generation (Train): 66867.05 | Mean fitness (Train): 66867.05 | Mean fitness (Test): 66867.05
Generation 400 | Best fitness (Train): 66867.05 | Best fitness in generation (Train): 66867.05 | Mean fitness (Train): 66867.05 | Mean fitness (Test): 66867.05
Generation 410 | Best fitness (Train): 66867.05 | Best fitness in generation (Train): 66867.05 | Mean fitness (Train): 66867.05 | Mean fitness (Test): 66867.05
Generation 420 | Best fitness (Train): 66867.05 | Best fitness in generation (Train): 66867.05 | Mean fitness (Train): 66867.05 | Mean fitness (Test): 66867.05
Generation 430 | Best fitness (Train): 66867.05 | Best fitness in generation (Train): 66867.05 | Mean fitness (Train): 66867.05 | Mean fitness (Test): 66867.05
Generation 440 | Best fitness (Train): 66867.05 | Best fitness in generation (Train): 66867.05 | Mean fitness (Train): 66867.05 | Mean fitness (Test): 66867.05
Generation 450 | Best fitness (Train): 66867.05 | Best fitness in generation (Train): 66867.05 | Mean fitness (Train): 66867.05 | Mean fitness (Test): 66867.05
Generation 460 | Best fitness (Train): 66867.05 | Best fitness in generation (Train): 66867.05 | Mean fitness (Train): 66867.05 | Mean fitness (Test): 66867.05
Generation 470 | Best fitness (Train): 66867.05 | Best fitness in generation (Train): 66867.05 | Mean fitness (Train): 66867.05 | Mean fitness (Test): 66867.05
Generation 480 | Best fitness (Train): 66867.05 | Best fitness in generation (Train): 66867.05 | Mean fitness (Train): 66867.05 | Mean fitness (Test): 66867.05
Generation 490 | Best fitness (Train): 66867.05 | Best fitness in generation (Train): 66867.05 | Mean fitness (Train): 66867.05 | Mean fitness (Test): 66867.05
Generation 500 | Best fitness (Train): 66867.05 | Best fitness in generation (Train): 66867.05 | Mean fitness (Train): 66867.05 | Mean fitness (Test): 66867.05
Generation 510 | Best fitness (Train): 66867.05 | Best fitness in generation (Train): 66867.05 | Mean fitness (Train): 66867.05 | Mean fitness (Test): 66867.05
Generation 520 | Best fitness (Train): 66867.05 | Best fitness in generation (Train): 66867.05 | Mean fitness (Train): 66867.05 | Mean fitness (Test): 66867.05
Generation 530 | Best fitness (Train): 66867.05 | Best fitness in generation (Train): 66867.05 | Mean fitness (Train): 66867.05 | Mean fitness (Test): 66867.05
Generation 540 | Best fitness (Train): 66867.05 | Best fitness in generation (Train): 66867.05 | Mean fitness (Train): 66867.05 | Mean fitness (Test): 66867.05
Generation 550 | Best fitness (Train): 66867.05 | Best fitness in generation (Train): 66867.05 | Mean fitness (Train): 66867.05 | Mean fitness (Test): 66867.05
Generation 560 | Best fitness (Train): 66867.05 | Best fitness in generation (Train): 66867.05 | Mean fitness (Train): 66867.05 | Mean fitness (Test): 66867.05
Generation 570 | Best fitness (Train): 66867.05 | Best fitness in generation (Train): 66867.05 | Mean fitness (Train): 66867.05 | Mean fitness (Test): 66867.05
Generation 580 | Best fitness (Train): 66867.05 | Best fitness in generation (Train): 66867.05 | Mean fitness (Train): 66867.05 | Mean fitness (Test): 66867.05
Generation 590 | Best fitness (Train): 66867.05 | Best fitness in generation (Train): 66867.05 | Mean fitness (Train): 66867.05 | Mean fitness (Test): 66867.05
Generation 600 | Best fitness (Train): 66867.05 | Best fitness in generation (Train): 66867.05 | Mean fitness (Train): 66867.05 | Mean fitness (Test): 66867.05
Generation 610 | Best fitness (Train): 66867.05 | Best fitness in generation (Train): 66867.05 | Mean fitness (Train): 66867.05 | Mean fitness (Test): 66867.05
Generation 620 | Best fitness (Train): 66867.05 | Best fitness in generation (Train): 66867.05 | Mean fitness (Train): 66867.05 | Mean fitness (Test): 66867.05
Generation 630 | Best fitness (Train): 66867.05 | Best fitness in generation (Train): 66867.05 | Mean fitness (Train): 66867.05 | Mean fitness (Test): 66867.05
Generation 640 | Best fitness (Train): 66867.05 | Best fitness in generation (Train): 66867.05 | Mean fitness (Train): 66867.05 | Mean fitness (Test): 66867.05
Generation 650 | Best fitness (Train): 66867.05 | Best fitness in generation (Train): 66867.05 | Mean fitness (Train): 66867.05 | Mean fitness (Test): 66867.05
Generation 660 | Best fitness (Train): 66867.05 | Best fitness in generation (Train): 66867.05 | Mean fitness (Train): 66867.05 | Mean fitness (Test): 66867.05
Generation 670 | Best fitness (Train): 66867.05 | Best fitness in generation (Train): 66867.05 | Mean fitness (Train): 66867.05 | Mean fitness (Test): 66867.05
Generation 680 | Best fitness (Train): 66867.05 | Best fitness in generation (Train): 66867.05 | Mean fitness (Train): 66867.05 | Mean fitness (Test): 66867.05
Generation 690 | Best fitness (Train): 66867.05 | Best fitness in generation (Train): 66867.05 | Mean fitness (Train): 66867.05 | Mean fitness (Test): 66867.05
Generation 700 | Best fitness (Train): 66867.05 | Best fitness in generation (Train): 66867.05 | Mean fitness (Train): 66867.05 | Mean fitness (Test): 66867.05
Generation 710 | Best fitness (Train): 66867.05 | Best fitness in generation (Train): 66867.05 | Mean fitness (Train): 66867.05 | Mean fitness (Test): 66867.05
Generation 720 | Best fitness (Train): 66867.05 | Best fitness in generation (Train): 66867.05 | Mean fitness (Train): 66867.05 | Mean fitness (Test): 66867.05
Generation 730 | Best fitness (Train): 66867.05 | Best fitness in generation (Train): 66867.05 | Mean fitness (Train): 66867.05 | Mean fitness (Test): 66867.05
Generation 740 | Best fitness (Train): 66867.05 | Best fitness in generation (Train): 66867.05 | Mean fitness (Train): 66867.05 | Mean fitness (Test): 66867.05
Generation 750 | Best fitness (Train): 66867.05 | Best fitness in generation (Train): 66867.05 | Mean fitness (Train): 66867.05 | Mean fitness (Test): 66867.05
Generation 760 | Best fitness (Train): 66867.05 | Best fitness in generation (Train): 66867.05 | Mean fitness (Train): 66867.05 | Mean fitness (Test): 66867.05
Generation 770 | Best fitness (Train): 66867.05 | Best fitness in generation (Train): 66867.05 | Mean fitness (Train): 66867.05 | Mean fitness (Test): 66867.05
Generation 780 | Best fitness (Train): 66867.05 | Best fitness in generation (Train): 66867.05 | Mean fitness (Train): 66867.05 | Mean fitness (Test): 66867.05
Generation 790 | Best fitness (Train): 66867.05 | Best fitness in generation (Train): 66867.05 | Mean fitness (Train): 66867.05 | Mean fitness (Test): 66867.05
Generation 800 | Best fitness (Train): 66867.05 | Best fitness in generation (Train): 66867.05 | Mean fitness (Train): 66867.05 | Mean fitness (Test): 66867.05
Generation 810 | Best fitness (Train): 66867.05 | Best fitness in generation (Train): 66867.05 | Mean fitness (Train): 66867.05 | Mean fitness (Test): 66867.05
Generation 820 | Best fitness (Train): 66867.05 | Best fitness in generation (Train): 66867.05 | Mean fitness (Train): 66867.05 | Mean fitness (Test): 66867.05
Generation 830 | Best fitness (Train): 66867.05 | Best fitness in generation (Train): 66867.05 | Mean fitness (Train): 66867.05 | Mean fitness (Test): 66867.05
Generation 840 | Best fitness (Train): 66867.05 | Best fitness in generation (Train): 66867.05 | Mean fitness (Train): 66867.05 | Mean fitness (Test): 66867.05
Generation 850 | Best fitness (Train): 66867.05 | Best fitness in generation (Train): 66867.05 | Mean fitness (Train): 66867.05 | Mean fitness (Test): 66867.05
Generation 860 | Best fitness (Train): 66867.05 | Best fitness in generation (Train): 66867.05 | Mean fitness (Train): 66867.05 | Mean fitness (Test): 66867.05
Generation 870 | Best fitness (Train): 66867.05 | Best fitness in generation (Train): 66867.05 | Mean fitness (Train): 66867.05 | Mean fitness (Test): 66867.05
Generation 880 | Best fitness (Train): 66867.05 | Best fitness in generation (Train): 66867.05 | Mean fitness (Train): 66867.05 | Mean fitness (Test): 66867.05
Generation 890 | Best fitness (Train): 66867.05 | Best fitness in generation (Train): 66867.05 | Mean fitness (Train): 66867.05 | Mean fitness (Test): 66867.05
Generation 900 | Best fitness (Train): 66867.05 | Best fitness in generation (Train): 66867.05 | Mean fitness (Train): 66867.05 | Mean fitness (Test): 66867.05
Generation 910 | Best fitness (Train): 66867.05 | Best fitness in generation (Train): 66867.05 | Mean fitness (Train): 66867.05 | Mean fitness (Test): 66867.05
Generation 920 | Best fitness (Train): 66867.05 | Best fitness in generation (Train): 66867.05 | Mean fitness (Train): 66867.05 | Mean fitness (Test): 66867.05
Generation 930 | Best fitness (Train): 66867.05 | Best fitness in generation (Train): 66867.05 | Mean fitness (Train): 66867.05 | Mean fitness (Test): 66867.05
Generation 940 | Best fitness (Train): 66867.05 | Best fitness in generation (Train): 66867.05 | Mean fitness (Train): 66867.05 | Mean fitness (Test): 66867.05
Generation 950 | Best fitness (Train): 66867.05 | Best fitness in generation (Train): 66867.05 | Mean fitness (Train): 66867.05 | Mean fitness (Test): 66867.05
Generation 960 | Best fitness (Train): 66867.05 | Best fitness in generation (Train): 66867.05 | Mean fitness (Train): 66867.05 | Mean fitness (Test): 66867.05
Generation 970 | Best fitness (Train): 66867.05 | Best fitness in generation (Train): 66867.05 | Mean fitness (Train): 66867.05 | Mean fitness (Test): 66867.05
Generation 980 | Best fitness (Train): 66867.05 | Best fitness in generation (Train): 66867.05 | Mean fitness (Train): 66867.05 | Mean fitness (Test): 66867.05
Generation 990 | Best fitness (Train): 66867.05 | Best fitness in generation (Train): 66867.05 | Mean fitness (Train): 66867.05 | Mean fitness (Test): 66867.05
Generation 1000 | Best fitness (Train): 66867.05 | Best fitness in generation (Train): 66867.05 | Mean fitness (Train): 66867.05 | Mean fitness (Test): 66867.05
Failed to generate visualization: 'Fast' object has no attribute 'sys'
Running ES algorithms:   0%|                                                             | 0/1 [00:00<?, ?it/s][A
Running ES algorithms: 100%|███████████████████████████████████████████████████| 1/1 [29:05<00:00, 1745.60s/it][ARunning ES algorithms: 100%|███████████████████████████████████████████████████| 1/1 [29:05<00:00, 1745.61s/it]
Successfully loaded: halfcheetah
Loading Problems ..:  17%|███████▌                                     | 2/12 [21:28:06<89:15:22, 32132.24s/it]
running the experiment ... [../../results/BraxProblem/halfcheetah/Sep_CMA_ES/0]
Generation 010 | Best fitness (Train): -108.15 | Best fitness in generation (Train): -121.39 | Mean fitness (Train): -518.91 | Mean fitness (Test): -905.21
Generation 020 | Best fitness (Train): -108.15 | Best fitness in generation (Train): -259.21 | Mean fitness (Train): -533.57 | Mean fitness (Test): -311.62
Generation 030 | Best fitness (Train): -88.04 | Best fitness in generation (Train): -160.48 | Mean fitness (Train): -494.95 | Mean fitness (Test): -332.71
Generation 040 | Best fitness (Train): 30.50 | Best fitness in generation (Train): 30.50 | Mean fitness (Train): -479.78 | Mean fitness (Test): -397.70
Generation 050 | Best fitness (Train): 376.32 | Best fitness in generation (Train): 252.58 | Mean fitness (Train): -377.61 | Mean fitness (Test): -139.74
Generation 060 | Best fitness (Train): 521.26 | Best fitness in generation (Train): 483.28 | Mean fitness (Train): -282.06 | Mean fitness (Test): -46.08
Generation 070 | Best fitness (Train): 608.43 | Best fitness in generation (Train): 375.63 | Mean fitness (Train): -174.81 | Mean fitness (Test): -541.68
srun: Job step aborted: Waiting up to 302 seconds for job step to finish.
[2025-11-09T22:44:45.966] error: *** JOB 8041822 ON ise-3090-02 CANCELLED AT 2025-11-09T22:44:45 DUE to SIGNAL Terminated ***
Running ES algorithms:   0%|                                                             | 0/1 [00:00<?, ?it/s][A[2025-11-09T22:44:45.967] error: *** STEP 8041822.0 ON ise-3090-02 CANCELLED AT 2025-11-09T22:44:45 DUE to SIGNAL Terminated ***
