Tue 02 Dec 2025 23:58:37 IST

SLURM_JOBID:		 8587239
SLURM_JOB_NODELIST:	 ise-6000-07 

configuration parmas running: problem_type=bbob es_algorithms=PGPE,ASEBO,Open_ES,SNES,Sep_CMA_ES,CMA_ES,LES,DES
Successfully loaded: sphere
Loading Problems ..:   0%|                                                                                                                                              | 0/24 [00:00<?, ?it/s]
there is experiment results. [../../results/BBOBProblem/sphere/PGPE_500_10000/0]
there is experiment results. [../../results/BBOBProblem/sphere/PGPE_500_10000/1]
there is experiment results. [../../results/BBOBProblem/sphere/PGPE_500_10000/2]
there is experiment results. [../../results/BBOBProblem/sphere/PGPE_500_10000/3]
there is experiment results. [../../results/BBOBProblem/sphere/PGPE_500_10000/4]
Running ES algorithms:   0%|                                                                                                                                             | 0/7 [00:00<?, ?it/s][A
there is experiment results. [../../results/BBOBProblem/sphere/Open_ES_500_10000/0]
there is experiment results. [../../results/BBOBProblem/sphere/Open_ES_500_10000/1]
there is experiment results. [../../results/BBOBProblem/sphere/Open_ES_500_10000/2]
there is experiment results. [../../results/BBOBProblem/sphere/Open_ES_500_10000/3]
there is experiment results. [../../results/BBOBProblem/sphere/Open_ES_500_10000/4]
there is experiment results. [../../results/BBOBProblem/sphere/SNES_500_10000/0]
there is experiment results. [../../results/BBOBProblem/sphere/SNES_500_10000/1]
there is experiment results. [../../results/BBOBProblem/sphere/SNES_500_10000/2]
there is experiment results. [../../results/BBOBProblem/sphere/SNES_500_10000/3]
there is experiment results. [../../results/BBOBProblem/sphere/SNES_500_10000/4]
there is experiment results. [../../results/BBOBProblem/sphere/Sep_CMA_ES_500_10000/0]
there is experiment results. [../../results/BBOBProblem/sphere/Sep_CMA_ES_500_10000/1]
there is experiment results. [../../results/BBOBProblem/sphere/Sep_CMA_ES_500_10000/2]
there is experiment results. [../../results/BBOBProblem/sphere/Sep_CMA_ES_500_10000/3]
there is experiment results. [../../results/BBOBProblem/sphere/Sep_CMA_ES_500_10000/4]
there is experiment results. [../../results/BBOBProblem/sphere/CMA_ES_500_10000/0]
there is experiment results. [../../results/BBOBProblem/sphere/CMA_ES_500_10000/1]
there is experiment results. [../../results/BBOBProblem/sphere/CMA_ES_500_10000/2]
there is experiment results. [../../results/BBOBProblem/sphere/CMA_ES_500_10000/3]
there is experiment results. [../../results/BBOBProblem/sphere/CMA_ES_500_10000/4]
there is experiment results. [../../results/BBOBProblem/sphere/LearnedES_500_10000/0]
there is experiment results. [../../results/BBOBProblem/sphere/LearnedES_500_10000/1]
there is experiment results. [../../results/BBOBProblem/sphere/LearnedES_500_10000/2]
there is experiment results. [../../results/BBOBProblem/sphere/LearnedES_500_10000/3]
there is experiment results. [../../results/BBOBProblem/sphere/LearnedES_500_10000/4]
there is experiment results. [../../results/BBOBProblem/sphere/DiscoveredES_500_10000/0]
there is experiment results. [../../results/BBOBProblem/sphere/DiscoveredES_500_10000/1]
there is experiment results. [../../results/BBOBProblem/sphere/DiscoveredES_500_10000/2]
there is experiment results. [../../results/BBOBProblem/sphere/DiscoveredES_500_10000/3]
there is experiment results. [../../results/BBOBProblem/sphere/DiscoveredES_500_10000/4]
Running ES algorithms:  14%|███████████████████                                                                                                                  | 1/7 [00:00<00:01,  4.56it/s][ARunning ES algorithms: 100%|█████████████████████████████████████████████████████████████████████████████████████████████████████████████████████████████████████| 7/7 [00:00<00:00, 24.05it/s]
Successfully loaded: ellipsoidal
Loading Problems ..:   4%|█████▌                                                                                                                                | 1/24 [00:05<02:07,  5.54s/it]
running the experiment ... [../../results/BBOBProblem/ellipsoidal/PGPE_500_10000/0]
Generation 100 | Best fitness (Train): 6962502656.00 | Best fitness in generation (Train): 6962502656.00 | Mean fitness (Train): 6996080640.00 | Mean fitness (Test): 6960404480.00
Generation 200 | Best fitness (Train): 4662609920.00 | Best fitness in generation (Train): 4662609920.00 | Mean fitness (Train): 4689592320.00 | Mean fitness (Test): 4661709824.00
Generation 300 | Best fitness (Train): 2995766272.00 | Best fitness in generation (Train): 2995766272.00 | Mean fitness (Train): 3010368000.00 | Mean fitness (Test): 2990216192.00
Generation 400 | Best fitness (Train): 1813647744.00 | Best fitness in generation (Train): 1813647744.00 | Mean fitness (Train): 1823641216.00 | Mean fitness (Test): 1808018816.00
Generation 500 | Best fitness (Train): 1073156736.00 | Best fitness in generation (Train): 1073156736.00 | Mean fitness (Train): 1078986496.00 | Mean fitness (Test): 1066578112.00
Generation 600 | Best fitness (Train): 628923200.00 | Best fitness in generation (Train): 628923200.00 | Mean fitness (Train): 632635904.00 | Mean fitness (Test): 622741824.00
Generation 700 | Best fitness (Train): 376229792.00 | Best fitness in generation (Train): 376229792.00 | Mean fitness (Train): 378338912.00 | Mean fitness (Test): 370122976.00
Generation 800 | Best fitness (Train): 230863936.00 | Best fitness in generation (Train): 230863936.00 | Mean fitness (Train): 232485280.00 | Mean fitness (Test): 225319952.00
Generation 900 | Best fitness (Train): 147545712.00 | Best fitness in generation (Train): 147545712.00 | Mean fitness (Train): 148586640.00 | Mean fitness (Test): 142422400.00
Generation 1000 | Best fitness (Train): 97946032.00 | Best fitness in generation (Train): 97946032.00 | Mean fitness (Train): 98792992.00 | Mean fitness (Test): 93529840.00
Generation 1100 | Best fitness (Train): 68229200.00 | Best fitness in generation (Train): 68229200.00 | Mean fitness (Train): 68985984.00 | Mean fitness (Test): 64382916.00
Generation 1200 | Best fitness (Train): 49110628.00 | Best fitness in generation (Train): 49110628.00 | Mean fitness (Train): 49593756.00 | Mean fitness (Test): 45604784.00
Generation 1300 | Best fitness (Train): 36857804.00 | Best fitness in generation (Train): 36857804.00 | Mean fitness (Train): 37239376.00 | Mean fitness (Test): 33786860.00
Generation 1400 | Best fitness (Train): 27690380.00 | Best fitness in generation (Train): 27690380.00 | Mean fitness (Train): 28122186.00 | Mean fitness (Test): 25135116.00
Generation 1500 | Best fitness (Train): 21376876.00 | Best fitness in generation (Train): 21376876.00 | Mean fitness (Train): 21632766.00 | Mean fitness (Test): 19034592.00
Generation 1600 | Best fitness (Train): 16595029.00 | Best fitness in generation (Train): 16595029.00 | Mean fitness (Train): 16813614.00 | Mean fitness (Test): 14542611.00
Generation 1700 | Best fitness (Train): 13137615.00 | Best fitness in generation (Train): 13150697.00 | Mean fitness (Train): 13327649.00 | Mean fitness (Test): 11326394.00
Generation 1800 | Best fitness (Train): 10512170.00 | Best fitness in generation (Train): 10512232.00 | Mean fitness (Train): 10645509.00 | Mean fitness (Test): 8896558.00
Generation 1900 | Best fitness (Train): 8538880.00 | Best fitness in generation (Train): 8538880.00 | Mean fitness (Train): 8662983.00 | Mean fitness (Test): 7123757.00
Generation 2000 | Best fitness (Train): 6972157.50 | Best fitness in generation (Train): 6972157.50 | Mean fitness (Train): 7120799.50 | Mean fitness (Test): 5759088.50
Generation 2100 | Best fitness (Train): 5790124.50 | Best fitness in generation (Train): 5811487.50 | Mean fitness (Train): 5906144.50 | Mean fitness (Test): 4700722.00
Generation 2200 | Best fitness (Train): 4868357.50 | Best fitness in generation (Train): 4888037.00 | Mean fitness (Train): 4974818.50 | Mean fitness (Test): 3901868.00
Generation 2300 | Best fitness (Train): 4131681.00 | Best fitness in generation (Train): 4131681.00 | Mean fitness (Train): 4231195.50 | Mean fitness (Test): 3276183.50
Generation 2400 | Best fitness (Train): 3565258.50 | Best fitness in generation (Train): 3593804.50 | Mean fitness (Train): 3659715.25 | Mean fitness (Test): 2802020.50
Generation 2500 | Best fitness (Train): 3111866.50 | Best fitness in generation (Train): 3111866.50 | Mean fitness (Train): 3175335.75 | Mean fitness (Test): 2410328.25
Generation 2600 | Best fitness (Train): 2731407.75 | Best fitness in generation (Train): 2731407.75 | Mean fitness (Train): 2793658.25 | Mean fitness (Test): 2100633.50
Generation 2700 | Best fitness (Train): 2414676.75 | Best fitness in generation (Train): 2423803.00 | Mean fitness (Train): 2475939.50 | Mean fitness (Test): 1851073.50
Generation 2800 | Best fitness (Train): 2162371.50 | Best fitness in generation (Train): 2171450.50 | Mean fitness (Train): 2214940.25 | Mean fitness (Test): 1650340.88
Generation 2900 | Best fitness (Train): 1955292.50 | Best fitness in generation (Train): 1955292.50 | Mean fitness (Train): 2006665.25 | Mean fitness (Test): 1494416.38
Generation 3000 | Best fitness (Train): 1787649.00 | Best fitness in generation (Train): 1789999.75 | Mean fitness (Train): 1833174.38 | Mean fitness (Test): 1365705.25
Generation 3100 | Best fitness (Train): 1629213.88 | Best fitness in generation (Train): 1644447.62 | Mean fitness (Train): 1686801.62 | Mean fitness (Test): 1258130.12
Generation 3200 | Best fitness (Train): 1506831.12 | Best fitness in generation (Train): 1530379.88 | Mean fitness (Train): 1560183.50 | Mean fitness (Test): 1165995.25
Generation 3300 | Best fitness (Train): 1408891.75 | Best fitness in generation (Train): 1411427.38 | Mean fitness (Train): 1446897.25 | Mean fitness (Test): 1085526.88
Generation 3400 | Best fitness (Train): 1315969.62 | Best fitness in generation (Train): 1316252.38 | Mean fitness (Train): 1360298.00 | Mean fitness (Test): 1023980.00
Generation 3500 | Best fitness (Train): 1218400.88 | Best fitness in generation (Train): 1218400.88 | Mean fitness (Train): 1260426.50 | Mean fitness (Test): 949217.56
Generation 3600 | Best fitness (Train): 1158662.25 | Best fitness in generation (Train): 1158662.25 | Mean fitness (Train): 1188179.00 | Mean fitness (Test): 900174.69
Generation 3700 | Best fitness (Train): 1077236.12 | Best fitness in generation (Train): 1077236.12 | Mean fitness (Train): 1116146.75 | Mean fitness (Test): 844860.88
Generation 3800 | Best fitness (Train): 1018304.38 | Best fitness in generation (Train): 1019364.06 | Mean fitness (Train): 1047187.00 | Mean fitness (Test): 794506.06
Generation 3900 | Best fitness (Train): 986878.06 | Best fitness in generation (Train): 995644.81 | Mean fitness (Train): 1020463.81 | Mean fitness (Test): 784728.12
Generation 4000 | Best fitness (Train): 939025.31 | Best fitness in generation (Train): 942238.88 | Mean fitness (Train): 968673.56 | Mean fitness (Test): 748078.81
running the experiment ... [../../results/BBOBProblem/ellipsoidal/PGPE_500_10000/1]
Generation 100 | Best fitness (Train): 6736314880.00 | Best fitness in generation (Train): 6736314880.00 | Mean fitness (Train): 6766039552.00 | Mean fitness (Test): 6732301312.00
Generation 200 | Best fitness (Train): 4507710464.00 | Best fitness in generation (Train): 4507710464.00 | Mean fitness (Train): 4528131584.00 | Mean fitness (Test): 4502205440.00
Generation 300 | Best fitness (Train): 2874980608.00 | Best fitness in generation (Train): 2874980608.00 | Mean fitness (Train): 2889890304.00 | Mean fitness (Test): 2869494784.00
Generation 400 | Best fitness (Train): 1760622208.00 | Best fitness in generation (Train): 1760622208.00 | Mean fitness (Train): 1775192192.00 | Mean fitness (Test): 1760388864.00
Generation 500 | Best fitness (Train): 1053920576.00 | Best fitness in generation (Train): 1053920576.00 | Mean fitness (Train): 1059172352.00 | Mean fitness (Test): 1047698240.00
Generation 600 | Best fitness (Train): 624878656.00 | Best fitness in generation (Train): 624878656.00 | Mean fitness (Train): 628745472.00 | Mean fitness (Test): 619102272.00
Generation 700 | Best fitness (Train): 376588864.00 | Best fitness in generation (Train): 376588864.00 | Mean fitness (Train): 379671232.00 | Mean fitness (Test): 371489440.00
Generation 800 | Best fitness (Train): 234104704.00 | Best fitness in generation (Train): 234104704.00 | Mean fitness (Train): 235345504.00 | Mean fitness (Test): 228360880.00
Generation 900 | Best fitness (Train): 149952688.00 | Best fitness in generation (Train): 149952688.00 | Mean fitness (Train): 151014560.00 | Mean fitness (Test): 144877744.00
Generation 1000 | Best fitness (Train): 99875072.00 | Best fitness in generation (Train): 99875072.00 | Mean fitness (Train): 100570824.00 | Mean fitness (Test): 95245608.00
Generation 1100 | Best fitness (Train): 69328832.00 | Best fitness in generation (Train): 69328832.00 | Mean fitness (Train): 69931128.00 | Mean fitness (Test): 65349716.00
Generation 1200 | Best fitness (Train): 49307068.00 | Best fitness in generation (Train): 49307068.00 | Mean fitness (Train): 49773164.00 | Mean fitness (Test): 45796812.00
Generation 1300 | Best fitness (Train): 35971836.00 | Best fitness in generation (Train): 35971836.00 | Mean fitness (Train): 36358892.00 | Mean fitness (Test): 32915744.00
Generation 1400 | Best fitness (Train): 27088670.00 | Best fitness in generation (Train): 27088670.00 | Mean fitness (Train): 27353244.00 | Mean fitness (Test): 24367010.00
Generation 1500 | Best fitness (Train): 20910772.00 | Best fitness in generation (Train): 20913112.00 | Mean fitness (Train): 21167984.00 | Mean fitness (Test): 18566224.00
Generation 1600 | Best fitness (Train): 16307324.00 | Best fitness in generation (Train): 16307324.00 | Mean fitness (Train): 16537083.00 | Mean fitness (Test): 14262519.00
Generation 1700 | Best fitness (Train): 12898844.00 | Best fitness in generation (Train): 12898844.00 | Mean fitness (Train): 13092258.00 | Mean fitness (Test): 11097547.00
Generation 1800 | Best fitness (Train): 10428512.00 | Best fitness in generation (Train): 10428512.00 | Mean fitness (Train): 10580732.00 | Mean fitness (Test): 8829924.00
Generation 1900 | Best fitness (Train): 8498018.00 | Best fitness in generation (Train): 8498018.00 | Mean fitness (Train): 8647576.00 | Mean fitness (Test): 7103603.50
Generation 2000 | Best fitness (Train): 7053300.50 | Best fitness in generation (Train): 7054101.50 | Mean fitness (Train): 7161652.50 | Mean fitness (Test): 5800138.50
Generation 2100 | Best fitness (Train): 5866640.50 | Best fitness in generation (Train): 5866640.50 | Mean fitness (Train): 5979632.00 | Mean fitness (Test): 4774814.50
Generation 2200 | Best fitness (Train): 4938911.00 | Best fitness in generation (Train): 4938911.00 | Mean fitness (Train): 5040075.00 | Mean fitness (Test): 3968486.25
Generation 2300 | Best fitness (Train): 4185306.00 | Best fitness in generation (Train): 4185306.00 | Mean fitness (Train): 4294001.50 | Mean fitness (Test): 3336905.75
Generation 2400 | Best fitness (Train): 3637337.75 | Best fitness in generation (Train): 3652563.75 | Mean fitness (Train): 3719817.00 | Mean fitness (Test): 2863457.50
Generation 2500 | Best fitness (Train): 3149166.25 | Best fitness in generation (Train): 3149166.25 | Mean fitness (Train): 3212464.25 | Mean fitness (Test): 2447404.00
Generation 2600 | Best fitness (Train): 2781351.50 | Best fitness in generation (Train): 2781351.50 | Mean fitness (Train): 2852344.50 | Mean fitness (Test): 2161030.50
Generation 2700 | Best fitness (Train): 2480946.00 | Best fitness in generation (Train): 2483458.50 | Mean fitness (Train): 2535718.50 | Mean fitness (Test): 1913997.12
Generation 2800 | Best fitness (Train): 2212542.00 | Best fitness in generation (Train): 2212542.00 | Mean fitness (Train): 2270728.25 | Mean fitness (Test): 1705086.38
Generation 2900 | Best fitness (Train): 1994787.38 | Best fitness in generation (Train): 2000182.38 | Mean fitness (Train): 2047246.12 | Mean fitness (Test): 1533299.50
Generation 3000 | Best fitness (Train): 1806533.25 | Best fitness in generation (Train): 1810392.62 | Mean fitness (Train): 1849548.12 | Mean fitness (Test): 1380454.75
Generation 3100 | Best fitness (Train): 1662092.88 | Best fitness in generation (Train): 1670356.88 | Mean fitness (Train): 1709849.88 | Mean fitness (Test): 1281176.12
Generation 3200 | Best fitness (Train): 1516692.12 | Best fitness in generation (Train): 1519550.88 | Mean fitness (Train): 1556447.25 | Mean fitness (Test): 1161407.75
Generation 3300 | Best fitness (Train): 1406754.88 | Best fitness in generation (Train): 1417901.88 | Mean fitness (Train): 1456482.38 | Mean fitness (Test): 1091912.12
Generation 3400 | Best fitness (Train): 1324880.12 | Best fitness in generation (Train): 1326798.00 | Mean fitness (Train): 1361352.38 | Mean fitness (Test): 1026472.44
Generation 3500 | Best fitness (Train): 1234587.62 | Best fitness in generation (Train): 1235415.25 | Mean fitness (Train): 1266359.25 | Mean fitness (Test): 954049.31
Generation 3600 | Best fitness (Train): 1155551.50 | Best fitness in generation (Train): 1155551.50 | Mean fitness (Train): 1187919.12 | Mean fitness (Test): 896612.25
Generation 3700 | Best fitness (Train): 1095821.62 | Best fitness in generation (Train): 1097256.12 | Mean fitness (Train): 1129423.75 | Mean fitness (Test): 859179.94
Generation 3800 | Best fitness (Train): 1040987.81 | Best fitness in generation (Train): 1044370.94 | Mean fitness (Train): 1076780.88 | Mean fitness (Test): 825301.88
Generation 3900 | Best fitness (Train): 991345.12 | Best fitness in generation (Train): 996928.25 | Mean fitness (Train): 1024397.38 | Mean fitness (Test): 787665.06
Generation 4000 | Best fitness (Train): 948701.94 | Best fitness in generation (Train): 950603.25 | Mean fitness (Train): 973954.81 | Mean fitness (Test): 751619.06
running the experiment ... [../../results/BBOBProblem/ellipsoidal/PGPE_500_10000/2]
Generation 100 | Best fitness (Train): 6586134528.00 | Best fitness in generation (Train): 6586134528.00 | Mean fitness (Train): 6614943232.00 | Mean fitness (Test): 6582069248.00
Generation 200 | Best fitness (Train): 4420451840.00 | Best fitness in generation (Train): 4420451840.00 | Mean fitness (Train): 4438553600.00 | Mean fitness (Test): 4412554752.00
Generation 300 | Best fitness (Train): 2832491008.00 | Best fitness in generation (Train): 2832491008.00 | Mean fitness (Train): 2849071872.00 | Mean fitness (Test): 2829579520.00
Generation 400 | Best fitness (Train): 1741438976.00 | Best fitness in generation (Train): 1741438976.00 | Mean fitness (Train): 1751884288.00 | Mean fitness (Test): 1736909952.00
Generation 500 | Best fitness (Train): 1038644800.00 | Best fitness in generation (Train): 1038644800.00 | Mean fitness (Train): 1046440576.00 | Mean fitness (Test): 1034568320.00
Generation 600 | Best fitness (Train): 620589184.00 | Best fitness in generation (Train): 620589184.00 | Mean fitness (Train): 624318912.00 | Mean fitness (Test): 614868864.00
Generation 700 | Best fitness (Train): 377009184.00 | Best fitness in generation (Train): 377009184.00 | Mean fitness (Train): 379813696.00 | Mean fitness (Test): 371691296.00
Generation 800 | Best fitness (Train): 234863888.00 | Best fitness in generation (Train): 234863888.00 | Mean fitness (Train): 236658624.00 | Mean fitness (Test): 229550896.00
Generation 900 | Best fitness (Train): 152172736.00 | Best fitness in generation (Train): 152172736.00 | Mean fitness (Train): 153139520.00 | Mean fitness (Test): 147001184.00
Generation 1000 | Best fitness (Train): 101010328.00 | Best fitness in generation (Train): 101010328.00 | Mean fitness (Train): 101786520.00 | Mean fitness (Test): 96467856.00
Generation 1100 | Best fitness (Train): 69777824.00 | Best fitness in generation (Train): 69777824.00 | Mean fitness (Train): 70353256.00 | Mean fitness (Test): 65729228.00
Generation 1200 | Best fitness (Train): 49722900.00 | Best fitness in generation (Train): 49722900.00 | Mean fitness (Train): 50214692.00 | Mean fitness (Test): 46217556.00
Generation 1300 | Best fitness (Train): 36809940.00 | Best fitness in generation (Train): 36809940.00 | Mean fitness (Train): 37189108.00 | Mean fitness (Test): 33739984.00
Generation 1400 | Best fitness (Train): 27752910.00 | Best fitness in generation (Train): 27752910.00 | Mean fitness (Train): 28125692.00 | Mean fitness (Test): 25117112.00
Generation 1500 | Best fitness (Train): 21349792.00 | Best fitness in generation (Train): 21349792.00 | Mean fitness (Train): 21592824.00 | Mean fitness (Test): 18985328.00
Generation 1600 | Best fitness (Train): 16708074.00 | Best fitness in generation (Train): 16708074.00 | Mean fitness (Train): 16949956.00 | Mean fitness (Test): 14660442.00
Generation 1700 | Best fitness (Train): 13404764.00 | Best fitness in generation (Train): 13404764.00 | Mean fitness (Train): 13566635.00 | Mean fitness (Test): 11571536.00
Generation 1800 | Best fitness (Train): 10804562.00 | Best fitness in generation (Train): 10804562.00 | Mean fitness (Train): 10977498.00 | Mean fitness (Test): 9225370.00
Generation 1900 | Best fitness (Train): 8754366.00 | Best fitness in generation (Train): 8754366.00 | Mean fitness (Train): 8914805.00 | Mean fitness (Test): 7369170.50
Generation 2000 | Best fitness (Train): 7188680.00 | Best fitness in generation (Train): 7188680.00 | Mean fitness (Train): 7323638.50 | Mean fitness (Test): 5951175.50
Generation 2100 | Best fitness (Train): 6020006.50 | Best fitness in generation (Train): 6025210.50 | Mean fitness (Train): 6116887.00 | Mean fitness (Test): 4900609.50
Generation 2200 | Best fitness (Train): 5059142.50 | Best fitness in generation (Train): 5059142.50 | Mean fitness (Train): 5149587.00 | Mean fitness (Test): 4065802.00
Generation 2300 | Best fitness (Train): 4307870.50 | Best fitness in generation (Train): 4307870.50 | Mean fitness (Train): 4398251.00 | Mean fitness (Test): 3436119.00
Generation 2400 | Best fitness (Train): 3698233.25 | Best fitness in generation (Train): 3698233.25 | Mean fitness (Train): 3780490.50 | Mean fitness (Test): 2920124.50
Generation 2500 | Best fitness (Train): 3230532.75 | Best fitness in generation (Train): 3232294.50 | Mean fitness (Train): 3290610.75 | Mean fitness (Test): 2514222.75
Generation 2600 | Best fitness (Train): 2835370.00 | Best fitness in generation (Train): 2835370.00 | Mean fitness (Train): 2891738.25 | Mean fitness (Test): 2196113.50
Generation 2700 | Best fitness (Train): 2520334.50 | Best fitness in generation (Train): 2520334.50 | Mean fitness (Train): 2578053.75 | Mean fitness (Test): 1950774.50
Generation 2800 | Best fitness (Train): 2218877.50 | Best fitness in generation (Train): 2239097.25 | Mean fitness (Train): 2290195.00 | Mean fitness (Test): 1721014.38
Generation 2900 | Best fitness (Train): 2019846.38 | Best fitness in generation (Train): 2027385.25 | Mean fitness (Train): 2078291.00 | Mean fitness (Test): 1560338.12
Generation 3000 | Best fitness (Train): 1839101.38 | Best fitness in generation (Train): 1848629.38 | Mean fitness (Train): 1888203.62 | Mean fitness (Test): 1416762.62
Generation 3100 | Best fitness (Train): 1688020.88 | Best fitness in generation (Train): 1688020.88 | Mean fitness (Train): 1730837.12 | Mean fitness (Test): 1299549.38
Generation 3200 | Best fitness (Train): 1551033.12 | Best fitness in generation (Train): 1555699.00 | Mean fitness (Train): 1593842.00 | Mean fitness (Test): 1196123.75
Generation 3300 | Best fitness (Train): 1421630.88 | Best fitness in generation (Train): 1423976.50 | Mean fitness (Train): 1464249.75 | Mean fitness (Test): 1098355.62
Generation 3400 | Best fitness (Train): 1338520.75 | Best fitness in generation (Train): 1341199.12 | Mean fitness (Train): 1375476.38 | Mean fitness (Test): 1035711.81
Generation 3500 | Best fitness (Train): 1259174.00 | Best fitness in generation (Train): 1261182.25 | Mean fitness (Train): 1300291.75 | Mean fitness (Test): 985278.81
Generation 3600 | Best fitness (Train): 1161878.88 | Best fitness in generation (Train): 1167263.12 | Mean fitness (Train): 1197033.50 | Mean fitness (Test): 906156.19
Generation 3700 | Best fitness (Train): 1091087.88 | Best fitness in generation (Train): 1100896.88 | Mean fitness (Train): 1128137.00 | Mean fitness (Test): 854884.50
Generation 3800 | Best fitness (Train): 1044550.06 | Best fitness in generation (Train): 1049829.62 | Mean fitness (Train): 1079949.62 | Mean fitness (Test): 826397.62
Generation 3900 | Best fitness (Train): 1001599.56 | Best fitness in generation (Train): 1001599.56 | Mean fitness (Train): 1033334.56 | Mean fitness (Test): 796432.31
Generation 4000 | Best fitness (Train): 947392.38 | Best fitness in generation (Train): 953581.06 | Mean fitness (Train): 978866.75 | Mean fitness (Test): 754271.06
running the experiment ... [../../results/BBOBProblem/ellipsoidal/PGPE_500_10000/3]
Generation 100 | Best fitness (Train): 6922079232.00 | Best fitness in generation (Train): 6922079232.00 | Mean fitness (Train): 6952803840.00 | Mean fitness (Test): 6918247936.00
Generation 200 | Best fitness (Train): 4695411712.00 | Best fitness in generation (Train): 4695411712.00 | Mean fitness (Train): 4715558912.00 | Mean fitness (Test): 4688689152.00
Generation 300 | Best fitness (Train): 3018042368.00 | Best fitness in generation (Train): 3018042368.00 | Mean fitness (Train): 3037137152.00 | Mean fitness (Test): 3017351168.00
Generation 400 | Best fitness (Train): 1854274944.00 | Best fitness in generation (Train): 1854274944.00 | Mean fitness (Train): 1865254272.00 | Mean fitness (Test): 1849548672.00
Generation 500 | Best fitness (Train): 1099779712.00 | Best fitness in generation (Train): 1099779712.00 | Mean fitness (Train): 1106580608.00 | Mean fitness (Test): 1094458880.00
Generation 600 | Best fitness (Train): 657505216.00 | Best fitness in generation (Train): 657505216.00 | Mean fitness (Train): 661281024.00 | Mean fitness (Test): 651395904.00
Generation 700 | Best fitness (Train): 398716320.00 | Best fitness in generation (Train): 398716320.00 | Mean fitness (Train): 400952928.00 | Mean fitness (Test): 392636128.00
Generation 800 | Best fitness (Train): 246902384.00 | Best fitness in generation (Train): 246902384.00 | Mean fitness (Train): 248509184.00 | Mean fitness (Test): 241334096.00
Generation 900 | Best fitness (Train): 157778800.00 | Best fitness in generation (Train): 157778800.00 | Mean fitness (Train): 158683408.00 | Mean fitness (Test): 152506992.00
Generation 1000 | Best fitness (Train): 104533008.00 | Best fitness in generation (Train): 104533008.00 | Mean fitness (Train): 105280520.00 | Mean fitness (Test): 99925152.00
Generation 1100 | Best fitness (Train): 71613472.00 | Best fitness in generation (Train): 71617808.00 | Mean fitness (Train): 72199688.00 | Mean fitness (Test): 67518392.00
Generation 1200 | Best fitness (Train): 51498708.00 | Best fitness in generation (Train): 51498708.00 | Mean fitness (Train): 52048040.00 | Mean fitness (Test): 48015664.00
Generation 1300 | Best fitness (Train): 37907924.00 | Best fitness in generation (Train): 37907924.00 | Mean fitness (Train): 38261360.00 | Mean fitness (Test): 34742996.00
Generation 1400 | Best fitness (Train): 28544790.00 | Best fitness in generation (Train): 28544790.00 | Mean fitness (Train): 28828442.00 | Mean fitness (Test): 25778592.00
Generation 1500 | Best fitness (Train): 21955258.00 | Best fitness in generation (Train): 21955258.00 | Mean fitness (Train): 22228030.00 | Mean fitness (Test): 19562608.00
Generation 1600 | Best fitness (Train): 17054524.00 | Best fitness in generation (Train): 17054524.00 | Mean fitness (Train): 17268090.00 | Mean fitness (Test): 14942512.00
Generation 1700 | Best fitness (Train): 13532335.00 | Best fitness in generation (Train): 13532335.00 | Mean fitness (Train): 13721244.00 | Mean fitness (Test): 11692863.00
Generation 1800 | Best fitness (Train): 10946178.00 | Best fitness in generation (Train): 10958356.00 | Mean fitness (Train): 11101073.00 | Mean fitness (Test): 9321909.00
Generation 1900 | Best fitness (Train): 8958784.00 | Best fitness in generation (Train): 8958784.00 | Mean fitness (Train): 9084738.00 | Mean fitness (Test): 7519260.50
Generation 2000 | Best fitness (Train): 7429777.50 | Best fitness in generation (Train): 7429777.50 | Mean fitness (Train): 7548330.00 | Mean fitness (Test): 6168574.50
Generation 2100 | Best fitness (Train): 6221258.50 | Best fitness in generation (Train): 6221258.50 | Mean fitness (Train): 6322116.00 | Mean fitness (Test): 5093582.50
Generation 2200 | Best fitness (Train): 5234378.50 | Best fitness in generation (Train): 5234378.50 | Mean fitness (Train): 5322993.00 | Mean fitness (Test): 4234139.50
Generation 2300 | Best fitness (Train): 4432838.50 | Best fitness in generation (Train): 4432838.50 | Mean fitness (Train): 4521808.00 | Mean fitness (Test): 3549145.00
Generation 2400 | Best fitness (Train): 3801675.50 | Best fitness in generation (Train): 3801675.50 | Mean fitness (Train): 3893374.00 | Mean fitness (Test): 3020408.50
Generation 2500 | Best fitness (Train): 3290869.50 | Best fitness in generation (Train): 3290869.50 | Mean fitness (Train): 3365425.00 | Mean fitness (Test): 2584004.75
Generation 2600 | Best fitness (Train): 2883876.50 | Best fitness in generation (Train): 2885841.50 | Mean fitness (Train): 2949882.75 | Mean fitness (Test): 2245752.75
Generation 2700 | Best fitness (Train): 2560274.75 | Best fitness in generation (Train): 2577959.50 | Mean fitness (Train): 2625795.50 | Mean fitness (Test): 1991627.12
Generation 2800 | Best fitness (Train): 2299248.25 | Best fitness in generation (Train): 2299248.25 | Mean fitness (Train): 2346328.25 | Mean fitness (Test): 1772768.12
Generation 2900 | Best fitness (Train): 2063467.12 | Best fitness in generation (Train): 2063467.12 | Mean fitness (Train): 2114801.50 | Mean fitness (Test): 1590242.00
Generation 3000 | Best fitness (Train): 1863580.75 | Best fitness in generation (Train): 1863580.75 | Mean fitness (Train): 1908256.88 | Mean fitness (Test): 1431920.62
Generation 3100 | Best fitness (Train): 1696921.00 | Best fitness in generation (Train): 1697677.50 | Mean fitness (Train): 1748322.38 | Mean fitness (Test): 1310686.12
Generation 3200 | Best fitness (Train): 1547614.38 | Best fitness in generation (Train): 1559431.88 | Mean fitness (Train): 1594739.00 | Mean fitness (Test): 1193456.50
Generation 3300 | Best fitness (Train): 1450642.88 | Best fitness in generation (Train): 1455356.62 | Mean fitness (Train): 1490649.00 | Mean fitness (Test): 1119736.62
Generation 3400 | Best fitness (Train): 1328758.50 | Best fitness in generation (Train): 1344538.50 | Mean fitness (Train): 1377559.75 | Mean fitness (Test): 1034803.06
Generation 3500 | Best fitness (Train): 1260541.38 | Best fitness in generation (Train): 1267297.25 | Mean fitness (Train): 1300689.75 | Mean fitness (Test): 983166.69
Generation 3600 | Best fitness (Train): 1177674.38 | Best fitness in generation (Train): 1178963.38 | Mean fitness (Train): 1212983.62 | Mean fitness (Test): 919892.56
Generation 3700 | Best fitness (Train): 1117663.38 | Best fitness in generation (Train): 1124393.62 | Mean fitness (Train): 1152247.12 | Mean fitness (Test): 878326.88
Generation 3800 | Best fitness (Train): 1063609.62 | Best fitness in generation (Train): 1074024.62 | Mean fitness (Train): 1103473.75 | Mean fitness (Test): 848317.06
Generation 3900 | Best fitness (Train): 1011879.62 | Best fitness in generation (Train): 1019482.31 | Mean fitness (Train): 1046313.88 | Mean fitness (Test): 807620.94
Generation 4000 | Best fitness (Train): 973075.19 | Best fitness in generation (Train): 973075.19 | Mean fitness (Train): 1000313.94 | Mean fitness (Test): 775300.44
running the experiment ... [../../results/BBOBProblem/ellipsoidal/PGPE_500_10000/4]
Generation 100 | Best fitness (Train): 6539463680.00 | Best fitness in generation (Train): 6539463680.00 | Mean fitness (Train): 6576884224.00 | Mean fitness (Test): 6544124928.00
Generation 200 | Best fitness (Train): 4376966656.00 | Best fitness in generation (Train): 4376966656.00 | Mean fitness (Train): 4402160128.00 | Mean fitness (Test): 4376425472.00
Generation 300 | Best fitness (Train): 2764093440.00 | Best fitness in generation (Train): 2764093440.00 | Mean fitness (Train): 2777320960.00 | Mean fitness (Test): 2757539584.00
Generation 400 | Best fitness (Train): 1671012992.00 | Best fitness in generation (Train): 1671012992.00 | Mean fitness (Train): 1680003584.00 | Mean fitness (Test): 1665511424.00
Generation 500 | Best fitness (Train): 989081280.00 | Best fitness in generation (Train): 989081280.00 | Mean fitness (Train): 994656960.00 | Mean fitness (Test): 983196608.00
Generation 600 | Best fitness (Train): 581113280.00 | Best fitness in generation (Train): 581113280.00 | Mean fitness (Train): 585153408.00 | Mean fitness (Test): 575628416.00
Generation 700 | Best fitness (Train): 349236832.00 | Best fitness in generation (Train): 349236832.00 | Mean fitness (Train): 351280640.00 | Mean fitness (Test): 343443360.00
Generation 800 | Best fitness (Train): 217901344.00 | Best fitness in generation (Train): 217901344.00 | Mean fitness (Train): 219183456.00 | Mean fitness (Test): 212300896.00
Generation 900 | Best fitness (Train): 141430640.00 | Best fitness in generation (Train): 141430640.00 | Mean fitness (Train): 142430304.00 | Mean fitness (Test): 136464592.00
Generation 1000 | Best fitness (Train): 94815600.00 | Best fitness in generation (Train): 94815600.00 | Mean fitness (Train): 95639832.00 | Mean fitness (Test): 90445488.00
Generation 1100 | Best fitness (Train): 66251576.00 | Best fitness in generation (Train): 66251576.00 | Mean fitness (Train): 66901112.00 | Mean fitness (Test): 62400796.00
Generation 1200 | Best fitness (Train): 47834028.00 | Best fitness in generation (Train): 47834028.00 | Mean fitness (Train): 48309636.00 | Mean fitness (Test): 44387908.00
Generation 1300 | Best fitness (Train): 35478060.00 | Best fitness in generation (Train): 35478060.00 | Mean fitness (Train): 35874880.00 | Mean fitness (Test): 32492944.00
Generation 1400 | Best fitness (Train): 26826678.00 | Best fitness in generation (Train): 26826678.00 | Mean fitness (Train): 27137292.00 | Mean fitness (Test): 24190412.00
Generation 1500 | Best fitness (Train): 20569868.00 | Best fitness in generation (Train): 20569868.00 | Mean fitness (Train): 20820600.00 | Mean fitness (Test): 18258408.00
Generation 1600 | Best fitness (Train): 16181722.00 | Best fitness in generation (Train): 16201164.00 | Mean fitness (Train): 16430894.00 | Mean fitness (Test): 14200564.00
Generation 1700 | Best fitness (Train): 12889781.00 | Best fitness in generation (Train): 12889781.00 | Mean fitness (Train): 13100353.00 | Mean fitness (Test): 11144398.00
Generation 1800 | Best fitness (Train): 10370192.00 | Best fitness in generation (Train): 10370192.00 | Mean fitness (Train): 10532252.00 | Mean fitness (Test): 8808506.00
Generation 1900 | Best fitness (Train): 8492977.00 | Best fitness in generation (Train): 8493646.00 | Mean fitness (Train): 8625195.00 | Mean fitness (Test): 7106121.50
Generation 2000 | Best fitness (Train): 6997824.50 | Best fitness in generation (Train): 6997824.50 | Mean fitness (Train): 7112133.00 | Mean fitness (Test): 5768187.50
Generation 2100 | Best fitness (Train): 5835652.50 | Best fitness in generation (Train): 5840575.50 | Mean fitness (Train): 5937216.00 | Mean fitness (Test): 4748253.50
Generation 2200 | Best fitness (Train): 4896902.50 | Best fitness in generation (Train): 4918671.50 | Mean fitness (Train): 5006743.00 | Mean fitness (Test): 3948784.25
Generation 2300 | Best fitness (Train): 4185394.00 | Best fitness in generation (Train): 4185394.00 | Mean fitness (Train): 4279905.50 | Mean fitness (Test): 3333059.00
Generation 2400 | Best fitness (Train): 3596369.75 | Best fitness in generation (Train): 3598167.75 | Mean fitness (Train): 3672777.25 | Mean fitness (Test): 2825325.50
Generation 2500 | Best fitness (Train): 3134198.50 | Best fitness in generation (Train): 3134198.50 | Mean fitness (Train): 3202326.75 | Mean fitness (Test): 2444719.50
Generation 2600 | Best fitness (Train): 2737647.00 | Best fitness in generation (Train): 2737647.00 | Mean fitness (Train): 2818034.25 | Mean fitness (Test): 2136605.50
Generation 2700 | Best fitness (Train): 2440886.00 | Best fitness in generation (Train): 2446373.00 | Mean fitness (Train): 2494454.00 | Mean fitness (Test): 1876854.00
Generation 2800 | Best fitness (Train): 2166348.25 | Best fitness in generation (Train): 2166348.25 | Mean fitness (Train): 2217726.50 | Mean fitness (Test): 1658501.88
Generation 2900 | Best fitness (Train): 1962993.75 | Best fitness in generation (Train): 1962993.75 | Mean fitness (Train): 2014762.50 | Mean fitness (Test): 1504732.25
Generation 3000 | Best fitness (Train): 1771910.12 | Best fitness in generation (Train): 1771910.12 | Mean fitness (Train): 1819890.75 | Mean fitness (Test): 1356315.88
Generation 3100 | Best fitness (Train): 1640867.88 | Best fitness in generation (Train): 1644684.88 | Mean fitness (Train): 1684283.88 | Mean fitness (Test): 1260017.12
Generation 3200 | Best fitness (Train): 1511497.62 | Best fitness in generation (Train): 1515463.62 | Mean fitness (Train): 1550012.62 | Mean fitness (Test): 1161431.88
Generation 3300 | Best fitness (Train): 1401041.75 | Best fitness in generation (Train): 1401041.75 | Mean fitness (Train): 1437535.00 | Mean fitness (Test): 1073902.12
Generation 3400 | Best fitness (Train): 1310073.50 | Best fitness in generation (Train): 1314271.62 | Mean fitness (Train): 1342245.12 | Mean fitness (Test): 1008619.75
Generation 3500 | Best fitness (Train): 1220187.00 | Best fitness in generation (Train): 1226733.88 | Mean fitness (Train): 1257944.75 | Mean fitness (Test): 946719.06
Generation 3600 | Best fitness (Train): 1151265.38 | Best fitness in generation (Train): 1151265.38 | Mean fitness (Train): 1187257.38 | Mean fitness (Test): 898526.31
Generation 3700 | Best fitness (Train): 1092982.25 | Best fitness in generation (Train): 1095628.88 | Mean fitness (Train): 1126001.12 | Mean fitness (Test): 857095.19
Generation 3800 | Best fitness (Train): 1012501.56 | Best fitness in generation (Train): 1015420.06 | Mean fitness (Train): 1041012.50 | Mean fitness (Test): 789514.31
Generation 3900 | Best fitness (Train): 976692.94 | Best fitness in generation (Train): 977682.06 | Mean fitness (Train): 1005545.25 | Mean fitness (Test): 769265.06
Generation 4000 | Best fitness (Train): 928311.94 | Best fitness in generation (Train): 931267.25 | Mean fitness (Train): 959399.19 | Mean fitness (Test): 739469.62
Running ES algorithms:   0%|                                                                                                                                             | 0/7 [00:00<?, ?it/s][A
running the experiment ... [../../results/BBOBProblem/ellipsoidal/Open_ES_500_10000/0]
Generation 100 | Best fitness (Train): 8397601792.00 | Best fitness in generation (Train): 8397601792.00 | Mean fitness (Train): 8416325632.00 | Mean fitness (Test): 8399298560.00
Generation 200 | Best fitness (Train): 7046100992.00 | Best fitness in generation (Train): 7046100992.00 | Mean fitness (Train): 7062711808.00 | Mean fitness (Test): 7048041472.00
Generation 300 | Best fitness (Train): 5930380288.00 | Best fitness in generation (Train): 5930380288.00 | Mean fitness (Train): 5942135808.00 | Mean fitness (Test): 5930277888.00
Generation 400 | Best fitness (Train): 4963340800.00 | Best fitness in generation (Train): 4963340800.00 | Mean fitness (Train): 4973295616.00 | Mean fitness (Test): 4963051520.00
Generation 500 | Best fitness (Train): 4137869568.00 | Best fitness in generation (Train): 4137869568.00 | Mean fitness (Train): 4148334336.00 | Mean fitness (Test): 4139548160.00
Generation 600 | Best fitness (Train): 3446387968.00 | Best fitness in generation (Train): 3446387968.00 | Mean fitness (Train): 3454606592.00 | Mean fitness (Test): 3447061504.00
Generation 700 | Best fitness (Train): 2873766144.00 | Best fitness in generation (Train): 2873766144.00 | Mean fitness (Train): 2882519296.00 | Mean fitness (Test): 2876327936.00
Generation 800 | Best fitness (Train): 2402689280.00 | Best fitness in generation (Train): 2402689280.00 | Mean fitness (Train): 2407302144.00 | Mean fitness (Test): 2401920512.00
Generation 900 | Best fitness (Train): 2004732800.00 | Best fitness in generation (Train): 2004732800.00 | Mean fitness (Train): 2008581760.00 | Mean fitness (Test): 2004134400.00
Generation 1000 | Best fitness (Train): 1683832960.00 | Best fitness in generation (Train): 1683832960.00 | Mean fitness (Train): 1686941824.00 | Mean fitness (Test): 1683294592.00
Generation 1100 | Best fitness (Train): 1419497472.00 | Best fitness in generation (Train): 1419497472.00 | Mean fitness (Train): 1422552448.00 | Mean fitness (Test): 1419534080.00
Generation 1200 | Best fitness (Train): 1201785856.00 | Best fitness in generation (Train): 1201785856.00 | Mean fitness (Train): 1204625664.00 | Mean fitness (Test): 1202007936.00
Generation 1300 | Best fitness (Train): 1026509376.00 | Best fitness in generation (Train): 1026509376.00 | Mean fitness (Train): 1028189568.00 | Mean fitness (Test): 1026036736.00
Generation 1400 | Best fitness (Train): 881461056.00 | Best fitness in generation (Train): 881461056.00 | Mean fitness (Train): 883197888.00 | Mean fitness (Test): 881328576.00
Generation 1500 | Best fitness (Train): 764300992.00 | Best fitness in generation (Train): 764300992.00 | Mean fitness (Train): 765936704.00 | Mean fitness (Test): 764361408.00
Generation 1600 | Best fitness (Train): 667497152.00 | Best fitness in generation (Train): 667497152.00 | Mean fitness (Train): 668614528.00 | Mean fitness (Test): 667238464.00
Generation 1700 | Best fitness (Train): 584673856.00 | Best fitness in generation (Train): 584673856.00 | Mean fitness (Train): 585548096.00 | Mean fitness (Test): 584360128.00
Generation 1800 | Best fitness (Train): 515948544.00 | Best fitness in generation (Train): 515948544.00 | Mean fitness (Train): 516613696.00 | Mean fitness (Test): 515581664.00
Generation 1900 | Best fitness (Train): 459413408.00 | Best fitness in generation (Train): 459413408.00 | Mean fitness (Train): 460137696.00 | Mean fitness (Test): 459254624.00
Generation 2000 | Best fitness (Train): 411487392.00 | Best fitness in generation (Train): 411487392.00 | Mean fitness (Train): 412030080.00 | Mean fitness (Test): 411239168.00
Generation 2100 | Best fitness (Train): 369959648.00 | Best fitness in generation (Train): 369959648.00 | Mean fitness (Train): 370452096.00 | Mean fitness (Test): 369755296.00
Generation 2200 | Best fitness (Train): 334310784.00 | Best fitness in generation (Train): 334310784.00 | Mean fitness (Train): 334692192.00 | Mean fitness (Test): 334066272.00
Generation 2300 | Best fitness (Train): 304755744.00 | Best fitness in generation (Train): 304755744.00 | Mean fitness (Train): 305120576.00 | Mean fitness (Test): 304561824.00
Generation 2400 | Best fitness (Train): 279151648.00 | Best fitness in generation (Train): 279151648.00 | Mean fitness (Train): 279539360.00 | Mean fitness (Test): 279046560.00
Generation 2500 | Best fitness (Train): 257083984.00 | Best fitness in generation (Train): 257083984.00 | Mean fitness (Train): 257337760.00 | Mean fitness (Test): 256886432.00
Generation 2600 | Best fitness (Train): 237433456.00 | Best fitness in generation (Train): 237433456.00 | Mean fitness (Train): 237658816.00 | Mean fitness (Test): 237256864.00
Generation 2700 | Best fitness (Train): 220355664.00 | Best fitness in generation (Train): 220355664.00 | Mean fitness (Train): 220611744.00 | Mean fitness (Test): 220246448.00
Generation 2800 | Best fitness (Train): 205217808.00 | Best fitness in generation (Train): 205217808.00 | Mean fitness (Train): 205400912.00 | Mean fitness (Test): 205065536.00
Generation 2900 | Best fitness (Train): 191774480.00 | Best fitness in generation (Train): 191774480.00 | Mean fitness (Train): 191922848.00 | Mean fitness (Test): 191621104.00
Generation 3000 | Best fitness (Train): 179775632.00 | Best fitness in generation (Train): 179775632.00 | Mean fitness (Train): 179989984.00 | Mean fitness (Test): 179715312.00
Generation 3100 | Best fitness (Train): 169118160.00 | Best fitness in generation (Train): 169118160.00 | Mean fitness (Train): 169295216.00 | Mean fitness (Test): 169043664.00
Generation 3200 | Best fitness (Train): 159787024.00 | Best fitness in generation (Train): 159787024.00 | Mean fitness (Train): 159936976.00 | Mean fitness (Test): 159706288.00
Generation 3300 | Best fitness (Train): 151618496.00 | Best fitness in generation (Train): 151618496.00 | Mean fitness (Train): 151749152.00 | Mean fitness (Test): 151539472.00
Generation 3400 | Best fitness (Train): 144057296.00 | Best fitness in generation (Train): 144057296.00 | Mean fitness (Train): 144194448.00 | Mean fitness (Test): 144001312.00
Generation 3500 | Best fitness (Train): 137392592.00 | Best fitness in generation (Train): 137392592.00 | Mean fitness (Train): 137494064.00 | Mean fitness (Test): 137319184.00
Generation 3600 | Best fitness (Train): 131392888.00 | Best fitness in generation (Train): 131392888.00 | Mean fitness (Train): 131482336.00 | Mean fitness (Test): 131322016.00
Generation 3700 | Best fitness (Train): 125908184.00 | Best fitness in generation (Train): 125908184.00 | Mean fitness (Train): 125983120.00 | Mean fitness (Test): 125837360.00
Generation 3800 | Best fitness (Train): 120944800.00 | Best fitness in generation (Train): 120944800.00 | Mean fitness (Train): 121015272.00 | Mean fitness (Test): 120880936.00
Generation 3900 | Best fitness (Train): 116434728.00 | Best fitness in generation (Train): 116434728.00 | Mean fitness (Train): 116509200.00 | Mean fitness (Test): 116386688.00
Generation 4000 | Best fitness (Train): 112352808.00 | Best fitness in generation (Train): 112352808.00 | Mean fitness (Train): 112437616.00 | Mean fitness (Test): 112325840.00
running the experiment ... [../../results/BBOBProblem/ellipsoidal/Open_ES_500_10000/1]
Generation 100 | Best fitness (Train): 8108479488.00 | Best fitness in generation (Train): 8108479488.00 | Mean fitness (Train): 8124379136.00 | Mean fitness (Test): 8108033536.00
Generation 200 | Best fitness (Train): 6821931520.00 | Best fitness in generation (Train): 6821931520.00 | Mean fitness (Train): 6834457088.00 | Mean fitness (Test): 6820679168.00
Generation 300 | Best fitness (Train): 5721610240.00 | Best fitness in generation (Train): 5721610240.00 | Mean fitness (Train): 5733544448.00 | Mean fitness (Test): 5721745408.00
Generation 400 | Best fitness (Train): 4787115520.00 | Best fitness in generation (Train): 4787115520.00 | Mean fitness (Train): 4799725568.00 | Mean fitness (Test): 4789680640.00
Generation 500 | Best fitness (Train): 3999533568.00 | Best fitness in generation (Train): 3999533568.00 | Mean fitness (Train): 4007441920.00 | Mean fitness (Test): 3998968064.00
Generation 600 | Best fitness (Train): 3333575936.00 | Best fitness in generation (Train): 3333575936.00 | Mean fitness (Train): 3341470976.00 | Mean fitness (Test): 3334158848.00
Generation 700 | Best fitness (Train): 2794718464.00 | Best fitness in generation (Train): 2794718464.00 | Mean fitness (Train): 2800427520.00 | Mean fitness (Test): 2794553600.00
Generation 800 | Best fitness (Train): 2335996672.00 | Best fitness in generation (Train): 2335996672.00 | Mean fitness (Train): 2341612288.00 | Mean fitness (Test): 2336412928.00
Generation 900 | Best fitness (Train): 1959303936.00 | Best fitness in generation (Train): 1959303936.00 | Mean fitness (Train): 1963348992.00 | Mean fitness (Test): 1959124736.00
Generation 1000 | Best fitness (Train): 1647048576.00 | Best fitness in generation (Train): 1647048576.00 | Mean fitness (Train): 1651377280.00 | Mean fitness (Test): 1647785728.00
Generation 1100 | Best fitness (Train): 1393014400.00 | Best fitness in generation (Train): 1393014400.00 | Mean fitness (Train): 1395601536.00 | Mean fitness (Test): 1392590848.00
Generation 1200 | Best fitness (Train): 1185726720.00 | Best fitness in generation (Train): 1185726720.00 | Mean fitness (Train): 1188009600.00 | Mean fitness (Test): 1185493504.00
Generation 1300 | Best fitness (Train): 1016847168.00 | Best fitness in generation (Train): 1016847168.00 | Mean fitness (Train): 1018537088.00 | Mean fitness (Test): 1016494080.00
Generation 1400 | Best fitness (Train): 875623744.00 | Best fitness in generation (Train): 875623744.00 | Mean fitness (Train): 877001216.00 | Mean fitness (Test): 875187776.00
Generation 1500 | Best fitness (Train): 758285120.00 | Best fitness in generation (Train): 758285120.00 | Mean fitness (Train): 759542656.00 | Mean fitness (Test): 757969344.00
Generation 1600 | Best fitness (Train): 662338752.00 | Best fitness in generation (Train): 662338752.00 | Mean fitness (Train): 663235904.00 | Mean fitness (Test): 661876928.00
Generation 1700 | Best fitness (Train): 582696384.00 | Best fitness in generation (Train): 582696384.00 | Mean fitness (Train): 583873984.00 | Mean fitness (Test): 582691392.00
Generation 1800 | Best fitness (Train): 515663072.00 | Best fitness in generation (Train): 515663072.00 | Mean fitness (Train): 516627072.00 | Mean fitness (Test): 515601376.00
Generation 1900 | Best fitness (Train): 460426496.00 | Best fitness in generation (Train): 460426496.00 | Mean fitness (Train): 460987552.00 | Mean fitness (Test): 460114784.00
Generation 2000 | Best fitness (Train): 413073312.00 | Best fitness in generation (Train): 413073312.00 | Mean fitness (Train): 413715264.00 | Mean fitness (Test): 412935904.00
Generation 2100 | Best fitness (Train): 372682080.00 | Best fitness in generation (Train): 372682080.00 | Mean fitness (Train): 373171968.00 | Mean fitness (Test): 372473408.00
Generation 2200 | Best fitness (Train): 338044640.00 | Best fitness in generation (Train): 338044640.00 | Mean fitness (Train): 338421632.00 | Mean fitness (Test): 337805408.00
Generation 2300 | Best fitness (Train): 308317504.00 | Best fitness in generation (Train): 308317504.00 | Mean fitness (Train): 308653408.00 | Mean fitness (Test): 308098240.00
Generation 2400 | Best fitness (Train): 282382688.00 | Best fitness in generation (Train): 282382688.00 | Mean fitness (Train): 282746144.00 | Mean fitness (Test): 282253024.00
Generation 2500 | Best fitness (Train): 259881424.00 | Best fitness in generation (Train): 259881424.00 | Mean fitness (Train): 260134160.00 | Mean fitness (Test): 259692080.00
Generation 2600 | Best fitness (Train): 240329856.00 | Best fitness in generation (Train): 240329856.00 | Mean fitness (Train): 240592544.00 | Mean fitness (Test): 240193136.00
Generation 2700 | Best fitness (Train): 223339600.00 | Best fitness in generation (Train): 223339600.00 | Mean fitness (Train): 223531216.00 | Mean fitness (Test): 223173808.00
Generation 2800 | Best fitness (Train): 208121456.00 | Best fitness in generation (Train): 208121456.00 | Mean fitness (Train): 208298624.00 | Mean fitness (Test): 207967952.00
Generation 2900 | Best fitness (Train): 194758576.00 | Best fitness in generation (Train): 194758576.00 | Mean fitness (Train): 194895136.00 | Mean fitness (Test): 194595856.00
Generation 3000 | Best fitness (Train): 182822352.00 | Best fitness in generation (Train): 182822352.00 | Mean fitness (Train): 182998272.00 | Mean fitness (Test): 182719248.00
Generation 3100 | Best fitness (Train): 172306208.00 | Best fitness in generation (Train): 172306208.00 | Mean fitness (Train): 172448704.00 | Mean fitness (Test): 172196112.00
Generation 3200 | Best fitness (Train): 163014576.00 | Best fitness in generation (Train): 163014576.00 | Mean fitness (Train): 163113632.00 | Mean fitness (Test): 162886064.00
Generation 3300 | Best fitness (Train): 154566320.00 | Best fitness in generation (Train): 154566320.00 | Mean fitness (Train): 154700352.00 | Mean fitness (Test): 154491920.00
Generation 3400 | Best fitness (Train): 147047008.00 | Best fitness in generation (Train): 147047008.00 | Mean fitness (Train): 147151008.00 | Mean fitness (Test): 146961408.00
Generation 3500 | Best fitness (Train): 140296944.00 | Best fitness in generation (Train): 140296944.00 | Mean fitness (Train): 140408848.00 | Mean fitness (Test): 140232720.00
Generation 3600 | Best fitness (Train): 134131120.00 | Best fitness in generation (Train): 134131120.00 | Mean fitness (Train): 134248736.00 | Mean fitness (Test): 134088128.00
Generation 3700 | Best fitness (Train): 128552544.00 | Best fitness in generation (Train): 128552544.00 | Mean fitness (Train): 128647248.00 | Mean fitness (Test): 128498032.00
Generation 3800 | Best fitness (Train): 123460944.00 | Best fitness in generation (Train): 123460944.00 | Mean fitness (Train): 123542120.00 | Mean fitness (Test): 123406160.00
Generation 3900 | Best fitness (Train): 118890944.00 | Best fitness in generation (Train): 118890944.00 | Mean fitness (Train): 118954776.00 | Mean fitness (Test): 118831448.00
Generation 4000 | Best fitness (Train): 114708952.00 | Best fitness in generation (Train): 114708952.00 | Mean fitness (Train): 114777400.00 | Mean fitness (Test): 114662928.00
running the experiment ... [../../results/BBOBProblem/ellipsoidal/Open_ES_500_10000/2]
Generation 100 | Best fitness (Train): 7911150592.00 | Best fitness in generation (Train): 7911150592.00 | Mean fitness (Train): 7927525376.00 | Mean fitness (Test): 7911579648.00
Generation 200 | Best fitness (Train): 6651012608.00 | Best fitness in generation (Train): 6651012608.00 | Mean fitness (Train): 6663304192.00 | Mean fitness (Test): 6649838592.00
Generation 300 | Best fitness (Train): 5589212160.00 | Best fitness in generation (Train): 5589212160.00 | Mean fitness (Train): 5601304576.00 | Mean fitness (Test): 5589901312.00
Generation 400 | Best fitness (Train): 4686788608.00 | Best fitness in generation (Train): 4686788608.00 | Mean fitness (Train): 4697602048.00 | Mean fitness (Test): 4687718400.00
Generation 500 | Best fitness (Train): 3922021376.00 | Best fitness in generation (Train): 3922021376.00 | Mean fitness (Train): 3931006720.00 | Mean fitness (Test): 3922665472.00
Generation 600 | Best fitness (Train): 3285697024.00 | Best fitness in generation (Train): 3285697024.00 | Mean fitness (Train): 3293277184.00 | Mean fitness (Test): 3286266368.00
Generation 700 | Best fitness (Train): 2749954560.00 | Best fitness in generation (Train): 2749954560.00 | Mean fitness (Train): 2755757312.00 | Mean fitness (Test): 2749719040.00
Generation 800 | Best fitness (Train): 2304674560.00 | Best fitness in generation (Train): 2304674560.00 | Mean fitness (Train): 2310856192.00 | Mean fitness (Test): 2305915904.00
Generation 900 | Best fitness (Train): 1936038144.00 | Best fitness in generation (Train): 1936038144.00 | Mean fitness (Train): 1940177280.00 | Mean fitness (Test): 1935923968.00
Generation 1000 | Best fitness (Train): 1633715200.00 | Best fitness in generation (Train): 1633715200.00 | Mean fitness (Train): 1637080320.00 | Mean fitness (Test): 1633572864.00
Generation 1100 | Best fitness (Train): 1389428224.00 | Best fitness in generation (Train): 1389428224.00 | Mean fitness (Train): 1392416512.00 | Mean fitness (Test): 1389502976.00
Generation 1200 | Best fitness (Train): 1181573376.00 | Best fitness in generation (Train): 1181573376.00 | Mean fitness (Train): 1183696128.00 | Mean fitness (Test): 1181050240.00
Generation 1300 | Best fitness (Train): 1010222016.00 | Best fitness in generation (Train): 1010222016.00 | Mean fitness (Train): 1012564608.00 | Mean fitness (Test): 1010433664.00
Generation 1400 | Best fitness (Train): 871660608.00 | Best fitness in generation (Train): 871660608.00 | Mean fitness (Train): 873150464.00 | Mean fitness (Test): 871346432.00
Generation 1500 | Best fitness (Train): 756705408.00 | Best fitness in generation (Train): 756705408.00 | Mean fitness (Train): 758215104.00 | Mean fitness (Test): 756665344.00
Generation 1600 | Best fitness (Train): 664615424.00 | Best fitness in generation (Train): 664615424.00 | Mean fitness (Train): 665680000.00 | Mean fitness (Test): 664369472.00
Generation 1700 | Best fitness (Train): 585858304.00 | Best fitness in generation (Train): 585858304.00 | Mean fitness (Train): 586800512.00 | Mean fitness (Test): 585657600.00
Generation 1800 | Best fitness (Train): 519140832.00 | Best fitness in generation (Train): 519140832.00 | Mean fitness (Train): 519872416.00 | Mean fitness (Test): 518856224.00
Generation 1900 | Best fitness (Train): 462730368.00 | Best fitness in generation (Train): 462730368.00 | Mean fitness (Train): 463271776.00 | Mean fitness (Test): 462379360.00
Generation 2000 | Best fitness (Train): 415700320.00 | Best fitness in generation (Train): 415700320.00 | Mean fitness (Train): 416233056.00 | Mean fitness (Test): 415458176.00
Generation 2100 | Best fitness (Train): 375313504.00 | Best fitness in generation (Train): 375313504.00 | Mean fitness (Train): 375707456.00 | Mean fitness (Test): 375020000.00
Generation 2200 | Best fitness (Train): 340167424.00 | Best fitness in generation (Train): 340167424.00 | Mean fitness (Train): 340707648.00 | Mean fitness (Test): 340082784.00
Generation 2300 | Best fitness (Train): 310048000.00 | Best fitness in generation (Train): 310048000.00 | Mean fitness (Train): 310351808.00 | Mean fitness (Test): 309801504.00
Generation 2400 | Best fitness (Train): 283901472.00 | Best fitness in generation (Train): 283901472.00 | Mean fitness (Train): 284206144.00 | Mean fitness (Test): 283703520.00
Generation 2500 | Best fitness (Train): 261415472.00 | Best fitness in generation (Train): 261415472.00 | Mean fitness (Train): 261640384.00 | Mean fitness (Test): 261198928.00
Generation 2600 | Best fitness (Train): 241669520.00 | Best fitness in generation (Train): 241669520.00 | Mean fitness (Train): 241942640.00 | Mean fitness (Test): 241542352.00
Generation 2700 | Best fitness (Train): 224600768.00 | Best fitness in generation (Train): 224600768.00 | Mean fitness (Train): 224799792.00 | Mean fitness (Test): 224436768.00
Generation 2800 | Best fitness (Train): 209322960.00 | Best fitness in generation (Train): 209322960.00 | Mean fitness (Train): 209540288.00 | Mean fitness (Test): 209206896.00
Generation 2900 | Best fitness (Train): 195903840.00 | Best fitness in generation (Train): 195903840.00 | Mean fitness (Train): 196106368.00 | Mean fitness (Test): 195804496.00
Generation 3000 | Best fitness (Train): 184064848.00 | Best fitness in generation (Train): 184064848.00 | Mean fitness (Train): 184201744.00 | Mean fitness (Test): 183927632.00
Generation 3100 | Best fitness (Train): 173701952.00 | Best fitness in generation (Train): 173701952.00 | Mean fitness (Train): 173871152.00 | Mean fitness (Test): 173620576.00
Generation 3200 | Best fitness (Train): 164547504.00 | Best fitness in generation (Train): 164547504.00 | Mean fitness (Train): 164683424.00 | Mean fitness (Test): 164457280.00
Generation 3300 | Best fitness (Train): 156244528.00 | Best fitness in generation (Train): 156244528.00 | Mean fitness (Train): 156372688.00 | Mean fitness (Test): 156166000.00
Generation 3400 | Best fitness (Train): 148707776.00 | Best fitness in generation (Train): 148707776.00 | Mean fitness (Train): 148834064.00 | Mean fitness (Test): 148643024.00
Generation 3500 | Best fitness (Train): 141876144.00 | Best fitness in generation (Train): 141876144.00 | Mean fitness (Train): 141985232.00 | Mean fitness (Test): 141810528.00
Generation 3600 | Best fitness (Train): 135672928.00 | Best fitness in generation (Train): 135672928.00 | Mean fitness (Train): 135773120.00 | Mean fitness (Test): 135613552.00
Generation 3700 | Best fitness (Train): 130033432.00 | Best fitness in generation (Train): 130033432.00 | Mean fitness (Train): 130129696.00 | Mean fitness (Test): 129980768.00
Generation 3800 | Best fitness (Train): 124887760.00 | Best fitness in generation (Train): 124887760.00 | Mean fitness (Train): 124969248.00 | Mean fitness (Test): 124832352.00
Generation 3900 | Best fitness (Train): 120276016.00 | Best fitness in generation (Train): 120276016.00 | Mean fitness (Train): 120349664.00 | Mean fitness (Test): 120225824.00
Generation 4000 | Best fitness (Train): 116090336.00 | Best fitness in generation (Train): 116090336.00 | Mean fitness (Train): 116158608.00 | Mean fitness (Test): 116046256.00
running the experiment ... [../../results/BBOBProblem/ellipsoidal/Open_ES_500_10000/3]
Generation 100 | Best fitness (Train): 8328892416.00 | Best fitness in generation (Train): 8328892416.00 | Mean fitness (Train): 8348567040.00 | Mean fitness (Test): 8331860480.00
Generation 200 | Best fitness (Train): 7016283648.00 | Best fitness in generation (Train): 7016283648.00 | Mean fitness (Train): 7027782144.00 | Mean fitness (Test): 7013838848.00
Generation 300 | Best fitness (Train): 5921418752.00 | Best fitness in generation (Train): 5921418752.00 | Mean fitness (Train): 5935802368.00 | Mean fitness (Test): 5924204544.00
Generation 400 | Best fitness (Train): 4989578240.00 | Best fitness in generation (Train): 4989578240.00 | Mean fitness (Train): 4999687680.00 | Mean fitness (Test): 4989446144.00
Generation 500 | Best fitness (Train): 4169517056.00 | Best fitness in generation (Train): 4169517056.00 | Mean fitness (Train): 4180482816.00 | Mean fitness (Test): 4171819520.00
Generation 600 | Best fitness (Train): 3492142592.00 | Best fitness in generation (Train): 3492142592.00 | Mean fitness (Train): 3501409280.00 | Mean fitness (Test): 3493975552.00
Generation 700 | Best fitness (Train): 2925362944.00 | Best fitness in generation (Train): 2925362944.00 | Mean fitness (Train): 2931435520.00 | Mean fitness (Test): 2925361152.00
Generation 800 | Best fitness (Train): 2453017088.00 | Best fitness in generation (Train): 2453017088.00 | Mean fitness (Train): 2459138304.00 | Mean fitness (Test): 2453900800.00
Generation 900 | Best fitness (Train): 2060663040.00 | Best fitness in generation (Train): 2060663040.00 | Mean fitness (Train): 2064662400.00 | Mean fitness (Test): 2060320768.00
Generation 1000 | Best fitness (Train): 1740390400.00 | Best fitness in generation (Train): 1740390400.00 | Mean fitness (Train): 1743780608.00 | Mean fitness (Test): 1740116992.00
Generation 1100 | Best fitness (Train): 1472311040.00 | Best fitness in generation (Train): 1472311040.00 | Mean fitness (Train): 1475603200.00 | Mean fitness (Test): 1472529024.00
Generation 1200 | Best fitness (Train): 1253183104.00 | Best fitness in generation (Train): 1253183104.00 | Mean fitness (Train): 1256200064.00 | Mean fitness (Test): 1253619968.00
Generation 1300 | Best fitness (Train): 1074072704.00 | Best fitness in generation (Train): 1074072704.00 | Mean fitness (Train): 1076112384.00 | Mean fitness (Test): 1073929600.00
Generation 1400 | Best fitness (Train): 926312896.00 | Best fitness in generation (Train): 926312896.00 | Mean fitness (Train): 928114048.00 | Mean fitness (Test): 926226880.00
Generation 1500 | Best fitness (Train): 804273600.00 | Best fitness in generation (Train): 804273600.00 | Mean fitness (Train): 805584384.00 | Mean fitness (Test): 803956480.00
Generation 1600 | Best fitness (Train): 704042688.00 | Best fitness in generation (Train): 704042688.00 | Mean fitness (Train): 705072832.00 | Mean fitness (Test): 703684224.00
Generation 1700 | Best fitness (Train): 619673472.00 | Best fitness in generation (Train): 619673472.00 | Mean fitness (Train): 620716608.00 | Mean fitness (Test): 619475776.00
Generation 1800 | Best fitness (Train): 549677952.00 | Best fitness in generation (Train): 549677952.00 | Mean fitness (Train): 550882368.00 | Mean fitness (Test): 549831360.00
Generation 1900 | Best fitness (Train): 491447328.00 | Best fitness in generation (Train): 491447328.00 | Mean fitness (Train): 492038624.00 | Mean fitness (Test): 491138432.00
Generation 2000 | Best fitness (Train): 441280352.00 | Best fitness in generation (Train): 441280352.00 | Mean fitness (Train): 441736160.00 | Mean fitness (Test): 440934624.00
Generation 2100 | Best fitness (Train): 397926176.00 | Best fitness in generation (Train): 397926176.00 | Mean fitness (Train): 398528800.00 | Mean fitness (Test): 397809312.00
Generation 2200 | Best fitness (Train): 360833216.00 | Best fitness in generation (Train): 360833216.00 | Mean fitness (Train): 361329728.00 | Mean fitness (Test): 360688992.00
Generation 2300 | Best fitness (Train): 328993056.00 | Best fitness in generation (Train): 328993056.00 | Mean fitness (Train): 329416384.00 | Mean fitness (Test): 328840960.00
Generation 2400 | Best fitness (Train): 301625184.00 | Best fitness in generation (Train): 301625184.00 | Mean fitness (Train): 301957632.00 | Mean fitness (Test): 301448480.00
Generation 2500 | Best fitness (Train): 278285216.00 | Best fitness in generation (Train): 278285216.00 | Mean fitness (Train): 278613728.00 | Mean fitness (Test): 278160416.00
Generation 2600 | Best fitness (Train): 257588352.00 | Best fitness in generation (Train): 257588352.00 | Mean fitness (Train): 257863552.00 | Mean fitness (Test): 257453488.00
Generation 2700 | Best fitness (Train): 239440640.00 | Best fitness in generation (Train): 239440640.00 | Mean fitness (Train): 239654720.00 | Mean fitness (Test): 239279648.00
Generation 2800 | Best fitness (Train): 223212496.00 | Best fitness in generation (Train): 223212496.00 | Mean fitness (Train): 223427280.00 | Mean fitness (Test): 223091696.00
Generation 2900 | Best fitness (Train): 208621264.00 | Best fitness in generation (Train): 208621264.00 | Mean fitness (Train): 208869440.00 | Mean fitness (Test): 208559440.00
Generation 3000 | Best fitness (Train): 195732048.00 | Best fitness in generation (Train): 195732048.00 | Mean fitness (Train): 195937152.00 | Mean fitness (Test): 195649584.00
Generation 3100 | Best fitness (Train): 184387088.00 | Best fitness in generation (Train): 184387088.00 | Mean fitness (Train): 184538304.00 | Mean fitness (Test): 184281504.00
Generation 3200 | Best fitness (Train): 174480384.00 | Best fitness in generation (Train): 174480384.00 | Mean fitness (Train): 174605728.00 | Mean fitness (Test): 174373328.00
Generation 3300 | Best fitness (Train): 165525552.00 | Best fitness in generation (Train): 165525552.00 | Mean fitness (Train): 165670592.00 | Mean fitness (Test): 165454624.00
Generation 3400 | Best fitness (Train): 157412528.00 | Best fitness in generation (Train): 157412528.00 | Mean fitness (Train): 157528144.00 | Mean fitness (Test): 157331360.00
Generation 3500 | Best fitness (Train): 150129632.00 | Best fitness in generation (Train): 150129632.00 | Mean fitness (Train): 150253712.00 | Mean fitness (Test): 150074000.00
Generation 3600 | Best fitness (Train): 143708720.00 | Best fitness in generation (Train): 143708720.00 | Mean fitness (Train): 143807952.00 | Mean fitness (Test): 143645856.00
Generation 3700 | Best fitness (Train): 137895120.00 | Best fitness in generation (Train): 137895120.00 | Mean fitness (Train): 137997712.00 | Mean fitness (Test): 137848464.00
Generation 3800 | Best fitness (Train): 132551488.00 | Best fitness in generation (Train): 132551488.00 | Mean fitness (Train): 132638680.00 | Mean fitness (Test): 132501824.00
Generation 3900 | Best fitness (Train): 127623112.00 | Best fitness in generation (Train): 127623112.00 | Mean fitness (Train): 127696168.00 | Mean fitness (Test): 127567680.00
Generation 4000 | Best fitness (Train): 123057728.00 | Best fitness in generation (Train): 123057728.00 | Mean fitness (Train): 123133400.00 | Mean fitness (Test): 123014848.00
running the experiment ... [../../results/BBOBProblem/ellipsoidal/Open_ES_500_10000/4]
Generation 100 | Best fitness (Train): 7889135616.00 | Best fitness in generation (Train): 7889135616.00 | Mean fitness (Train): 7909509632.00 | Mean fitness (Test): 7893384192.00
Generation 200 | Best fitness (Train): 6623564288.00 | Best fitness in generation (Train): 6623564288.00 | Mean fitness (Train): 6637576704.00 | Mean fitness (Test): 6623887872.00
Generation 300 | Best fitness (Train): 5552045056.00 | Best fitness in generation (Train): 5552045056.00 | Mean fitness (Train): 5563531776.00 | Mean fitness (Test): 5551959040.00
Generation 400 | Best fitness (Train): 4644306432.00 | Best fitness in generation (Train): 4644306432.00 | Mean fitness (Train): 4654775808.00 | Mean fitness (Test): 4645134336.00
Generation 500 | Best fitness (Train): 3878945792.00 | Best fitness in generation (Train): 3878945792.00 | Mean fitness (Train): 3888031232.00 | Mean fitness (Test): 3879742208.00
Generation 600 | Best fitness (Train): 3227607040.00 | Best fitness in generation (Train): 3227607040.00 | Mean fitness (Train): 3234197504.00 | Mean fitness (Test): 3226847232.00
Generation 700 | Best fitness (Train): 2684454144.00 | Best fitness in generation (Train): 2684454144.00 | Mean fitness (Train): 2689385984.00 | Mean fitness (Test): 2683554304.00
Generation 800 | Best fitness (Train): 2229711360.00 | Best fitness in generation (Train): 2229711360.00 | Mean fitness (Train): 2235227648.00 | Mean fitness (Test): 2230211840.00
Generation 900 | Best fitness (Train): 1867915008.00 | Best fitness in generation (Train): 1867915008.00 | Mean fitness (Train): 1873000832.00 | Mean fitness (Test): 1868937472.00
Generation 1000 | Best fitness (Train): 1568301312.00 | Best fitness in generation (Train): 1568301312.00 | Mean fitness (Train): 1571519232.00 | Mean fitness (Test): 1568063744.00
Generation 1100 | Best fitness (Train): 1324848640.00 | Best fitness in generation (Train): 1324848640.00 | Mean fitness (Train): 1327186688.00 | Mean fitness (Test): 1324334592.00
Generation 1200 | Best fitness (Train): 1120583552.00 | Best fitness in generation (Train): 1120583552.00 | Mean fitness (Train): 1122947072.00 | Mean fitness (Test): 1120452096.00
Generation 1300 | Best fitness (Train): 956303808.00 | Best fitness in generation (Train): 956303808.00 | Mean fitness (Train): 957902656.00 | Mean fitness (Test): 955833152.00
Generation 1400 | Best fitness (Train): 822502208.00 | Best fitness in generation (Train): 822502208.00 | Mean fitness (Train): 823864000.00 | Mean fitness (Test): 822100288.00
Generation 1500 | Best fitness (Train): 712750912.00 | Best fitness in generation (Train): 712750912.00 | Mean fitness (Train): 713765120.00 | Mean fitness (Test): 712286528.00
Generation 1600 | Best fitness (Train): 619749184.00 | Best fitness in generation (Train): 619749184.00 | Mean fitness (Train): 620758976.00 | Mean fitness (Test): 619444608.00
Generation 1700 | Best fitness (Train): 543662464.00 | Best fitness in generation (Train): 543662464.00 | Mean fitness (Train): 544565440.00 | Mean fitness (Test): 543451072.00
Generation 1800 | Best fitness (Train): 479650240.00 | Best fitness in generation (Train): 479650240.00 | Mean fitness (Train): 480456960.00 | Mean fitness (Test): 479480352.00
Generation 1900 | Best fitness (Train): 426953472.00 | Best fitness in generation (Train): 426953472.00 | Mean fitness (Train): 427460512.00 | Mean fitness (Test): 426604704.00
Generation 2000 | Best fitness (Train): 382431840.00 | Best fitness in generation (Train): 382431840.00 | Mean fitness (Train): 382959424.00 | Mean fitness (Test): 382190432.00
Generation 2100 | Best fitness (Train): 344401120.00 | Best fitness in generation (Train): 344401120.00 | Mean fitness (Train): 344780576.00 | Mean fitness (Test): 344118464.00
Generation 2200 | Best fitness (Train): 312080224.00 | Best fitness in generation (Train): 312080224.00 | Mean fitness (Train): 312451776.00 | Mean fitness (Test): 311858112.00
Generation 2300 | Best fitness (Train): 284106016.00 | Best fitness in generation (Train): 284106016.00 | Mean fitness (Train): 284487904.00 | Mean fitness (Test): 283955264.00
Generation 2400 | Best fitness (Train): 259458656.00 | Best fitness in generation (Train): 259458656.00 | Mean fitness (Train): 259747024.00 | Mean fitness (Test): 259248976.00
Generation 2500 | Best fitness (Train): 238864048.00 | Best fitness in generation (Train): 238864048.00 | Mean fitness (Train): 239094544.00 | Mean fitness (Test): 238663360.00
Generation 2600 | Best fitness (Train): 221211888.00 | Best fitness in generation (Train): 221211888.00 | Mean fitness (Train): 221437776.00 | Mean fitness (Test): 221056976.00
Generation 2700 | Best fitness (Train): 205680656.00 | Best fitness in generation (Train): 205680656.00 | Mean fitness (Train): 205907984.00 | Mean fitness (Test): 205558816.00
Generation 2800 | Best fitness (Train): 192105312.00 | Best fitness in generation (Train): 192105312.00 | Mean fitness (Train): 192285264.00 | Mean fitness (Test): 191968944.00
Generation 2900 | Best fitness (Train): 179923776.00 | Best fitness in generation (Train): 179923776.00 | Mean fitness (Train): 180065840.00 | Mean fitness (Test): 179774480.00
Generation 3000 | Best fitness (Train): 168961248.00 | Best fitness in generation (Train): 168961248.00 | Mean fitness (Train): 169150784.00 | Mean fitness (Test): 168886768.00
Generation 3100 | Best fitness (Train): 159389168.00 | Best fitness in generation (Train): 159389168.00 | Mean fitness (Train): 159532192.00 | Mean fitness (Test): 159291984.00
Generation 3200 | Best fitness (Train): 150804656.00 | Best fitness in generation (Train): 150804656.00 | Mean fitness (Train): 150903792.00 | Mean fitness (Test): 150685488.00
Generation 3300 | Best fitness (Train): 142930448.00 | Best fitness in generation (Train): 142930448.00 | Mean fitness (Train): 143054880.00 | Mean fitness (Test): 142850416.00
Generation 3400 | Best fitness (Train): 135980656.00 | Best fitness in generation (Train): 135980656.00 | Mean fitness (Train): 136086720.00 | Mean fitness (Test): 135903504.00
Generation 3500 | Best fitness (Train): 129614584.00 | Best fitness in generation (Train): 129614584.00 | Mean fitness (Train): 129719864.00 | Mean fitness (Test): 129547536.00
Generation 3600 | Best fitness (Train): 123925440.00 | Best fitness in generation (Train): 123925440.00 | Mean fitness (Train): 124019176.00 | Mean fitness (Test): 123862272.00
Generation 3700 | Best fitness (Train): 118848408.00 | Best fitness in generation (Train): 118848408.00 | Mean fitness (Train): 118924448.00 | Mean fitness (Test): 118782712.00
Generation 3800 | Best fitness (Train): 114235520.00 | Best fitness in generation (Train): 114235520.00 | Mean fitness (Train): 114304216.00 | Mean fitness (Test): 114172960.00
Generation 3900 | Best fitness (Train): 110031376.00 | Best fitness in generation (Train): 110031376.00 | Mean fitness (Train): 110098440.00 | Mean fitness (Test): 109977856.00
Generation 4000 | Best fitness (Train): 106251232.00 | Best fitness in generation (Train): 106251232.00 | Mean fitness (Train): 106326536.00 | Mean fitness (Test): 106216776.00
Running ES algorithms:  14%|███████████████████                                                                                                                  | 1/7 [00:31<03:11, 31.87s/it][A
running the experiment ... [../../results/BBOBProblem/ellipsoidal/SNES_500_10000/0]
Generation 100 | Best fitness (Train): 8144409600.00 | Best fitness in generation (Train): 8144409600.00 | Mean fitness (Train): 8181113344.00 | Mean fitness (Test): 8155047424.00
Generation 200 | Best fitness (Train): 6613290496.00 | Best fitness in generation (Train): 6613290496.00 | Mean fitness (Train): 6646714368.00 | Mean fitness (Test): 6623475712.00
Generation 300 | Best fitness (Train): 5331575808.00 | Best fitness in generation (Train): 5331575808.00 | Mean fitness (Train): 5356360192.00 | Mean fitness (Test): 5338136064.00
Generation 400 | Best fitness (Train): 4231551488.00 | Best fitness in generation (Train): 4231551488.00 | Mean fitness (Train): 4256330496.00 | Mean fitness (Test): 4237595136.00
Generation 500 | Best fitness (Train): 3323993600.00 | Best fitness in generation (Train): 3323993600.00 | Mean fitness (Train): 3340813056.00 | Mean fitness (Test): 3324513536.00
Generation 600 | Best fitness (Train): 2586262272.00 | Best fitness in generation (Train): 2586262272.00 | Mean fitness (Train): 2604287488.00 | Mean fitness (Test): 2590139136.00
Generation 700 | Best fitness (Train): 1997106432.00 | Best fitness in generation (Train): 1997106432.00 | Mean fitness (Train): 2014389632.00 | Mean fitness (Test): 2002600704.00
Generation 800 | Best fitness (Train): 1539704192.00 | Best fitness in generation (Train): 1539704192.00 | Mean fitness (Train): 1548934400.00 | Mean fitness (Test): 1537588352.00
Generation 900 | Best fitness (Train): 1189014272.00 | Best fitness in generation (Train): 1189014272.00 | Mean fitness (Train): 1195433600.00 | Mean fitness (Test): 1185657088.00
Generation 1000 | Best fitness (Train): 916599040.00 | Best fitness in generation (Train): 916599040.00 | Mean fitness (Train): 923435968.00 | Mean fitness (Test): 914302400.00
Generation 1100 | Best fitness (Train): 710672064.00 | Best fitness in generation (Train): 710672064.00 | Mean fitness (Train): 714861056.00 | Mean fitness (Test): 706233024.00
Generation 1200 | Best fitness (Train): 552492736.00 | Best fitness in generation (Train): 552605760.00 | Mean fitness (Train): 555575168.00 | Mean fitness (Test): 547609216.00
Generation 1300 | Best fitness (Train): 429694016.00 | Best fitness in generation (Train): 429694016.00 | Mean fitness (Train): 432839232.00 | Mean fitness (Test): 425099744.00
Generation 1400 | Best fitness (Train): 337885984.00 | Best fitness in generation (Train): 337885984.00 | Mean fitness (Train): 339887296.00 | Mean fitness (Test): 332657984.00
Generation 1500 | Best fitness (Train): 267802496.00 | Best fitness in generation (Train): 267802496.00 | Mean fitness (Train): 269605440.00 | Mean fitness (Test): 262975424.00
Generation 1600 | Best fitness (Train): 212084080.00 | Best fitness in generation (Train): 212084080.00 | Mean fitness (Train): 213397840.00 | Mean fitness (Test): 207076704.00
Generation 1700 | Best fitness (Train): 170081744.00 | Best fitness in generation (Train): 170081744.00 | Mean fitness (Train): 171136064.00 | Mean fitness (Test): 165262352.00
Generation 1800 | Best fitness (Train): 138215232.00 | Best fitness in generation (Train): 138215232.00 | Mean fitness (Train): 139161968.00 | Mean fitness (Test): 133703736.00
Generation 1900 | Best fitness (Train): 113589296.00 | Best fitness in generation (Train): 113589296.00 | Mean fitness (Train): 114466392.00 | Mean fitness (Test): 109324712.00
Generation 2000 | Best fitness (Train): 94343608.00 | Best fitness in generation (Train): 94343608.00 | Mean fitness (Train): 95062288.00 | Mean fitness (Test): 90346008.00
Generation 2100 | Best fitness (Train): 78950248.00 | Best fitness in generation (Train): 78950248.00 | Mean fitness (Train): 79522696.00 | Mean fitness (Test): 75102864.00
Generation 2200 | Best fitness (Train): 67001548.00 | Best fitness in generation (Train): 67001548.00 | Mean fitness (Train): 67533944.00 | Mean fitness (Test): 63448376.00
Generation 2300 | Best fitness (Train): 57187820.00 | Best fitness in generation (Train): 57235492.00 | Mean fitness (Train): 57670540.00 | Mean fitness (Test): 53893856.00
Generation 2400 | Best fitness (Train): 49281916.00 | Best fitness in generation (Train): 49361700.00 | Mean fitness (Train): 49662916.00 | Mean fitness (Test): 46163892.00
Generation 2500 | Best fitness (Train): 42481124.00 | Best fitness in generation (Train): 42481124.00 | Mean fitness (Train): 42919120.00 | Mean fitness (Test): 39661852.00
Generation 2600 | Best fitness (Train): 36855164.00 | Best fitness in generation (Train): 36855164.00 | Mean fitness (Train): 37208064.00 | Mean fitness (Test): 34197436.00
Generation 2700 | Best fitness (Train): 32282318.00 | Best fitness in generation (Train): 32282318.00 | Mean fitness (Train): 32562150.00 | Mean fitness (Test): 29771180.00
Generation 2800 | Best fitness (Train): 28284350.00 | Best fitness in generation (Train): 28284350.00 | Mean fitness (Train): 28523582.00 | Mean fitness (Test): 25925884.00
Generation 2900 | Best fitness (Train): 24843752.00 | Best fitness in generation (Train): 24876616.00 | Mean fitness (Train): 25104090.00 | Mean fitness (Test): 22700374.00
Generation 3000 | Best fitness (Train): 21908704.00 | Best fitness in generation (Train): 21908704.00 | Mean fitness (Train): 22150362.00 | Mean fitness (Test): 19914088.00
Generation 3100 | Best fitness (Train): 19443162.00 | Best fitness in generation (Train): 19444920.00 | Mean fitness (Train): 19629396.00 | Mean fitness (Test): 17555748.00
Generation 3200 | Best fitness (Train): 17263274.00 | Best fitness in generation (Train): 17263274.00 | Mean fitness (Train): 17470932.00 | Mean fitness (Test): 15547497.00
Generation 3300 | Best fitness (Train): 15419440.00 | Best fitness in generation (Train): 15419440.00 | Mean fitness (Train): 15590294.00 | Mean fitness (Test): 13791669.00
Generation 3400 | Best fitness (Train): 13784038.00 | Best fitness in generation (Train): 13784038.00 | Mean fitness (Train): 13928043.00 | Mean fitness (Test): 12251290.00
Generation 3500 | Best fitness (Train): 12373272.00 | Best fitness in generation (Train): 12373272.00 | Mean fitness (Train): 12521350.00 | Mean fitness (Test): 10969294.00
Generation 3600 | Best fitness (Train): 11143424.00 | Best fitness in generation (Train): 11143424.00 | Mean fitness (Train): 11278375.00 | Mean fitness (Test): 9829540.00
Generation 3700 | Best fitness (Train): 10014104.00 | Best fitness in generation (Train): 10014104.00 | Mean fitness (Train): 10152999.00 | Mean fitness (Test): 8801708.00
Generation 3800 | Best fitness (Train): 9049414.00 | Best fitness in generation (Train): 9049414.00 | Mean fitness (Train): 9172372.00 | Mean fitness (Test): 7913293.00
Generation 3900 | Best fitness (Train): 8210370.50 | Best fitness in generation (Train): 8210370.50 | Mean fitness (Train): 8332452.00 | Mean fitness (Test): 7158737.50
Generation 4000 | Best fitness (Train): 7461082.50 | Best fitness in generation (Train): 7461082.50 | Mean fitness (Train): 7558618.50 | Mean fitness (Test): 6462010.50
running the experiment ... [../../results/BBOBProblem/ellipsoidal/SNES_500_10000/1]
Generation 100 | Best fitness (Train): 7863030272.00 | Best fitness in generation (Train): 7863030272.00 | Mean fitness (Train): 7893657600.00 | Mean fitness (Test): 7867874304.00
Generation 200 | Best fitness (Train): 6379194368.00 | Best fitness in generation (Train): 6379194368.00 | Mean fitness (Train): 6411508736.00 | Mean fitness (Test): 6389031424.00
Generation 300 | Best fitness (Train): 5122584576.00 | Best fitness in generation (Train): 5122584576.00 | Mean fitness (Train): 5144538624.00 | Mean fitness (Test): 5124681728.00
Generation 400 | Best fitness (Train): 4071222016.00 | Best fitness in generation (Train): 4071222016.00 | Mean fitness (Train): 4096137984.00 | Mean fitness (Test): 4079416320.00
Generation 500 | Best fitness (Train): 3199164928.00 | Best fitness in generation (Train): 3199164928.00 | Mean fitness (Train): 3217994240.00 | Mean fitness (Test): 3203026944.00
Generation 600 | Best fitness (Train): 2506710528.00 | Best fitness in generation (Train): 2506710528.00 | Mean fitness (Train): 2521733632.00 | Mean fitness (Test): 2508044800.00
Generation 700 | Best fitness (Train): 1959923072.00 | Best fitness in generation (Train): 1959923072.00 | Mean fitness (Train): 1970111872.00 | Mean fitness (Test): 1959489024.00
Generation 800 | Best fitness (Train): 1514298368.00 | Best fitness in generation (Train): 1514298368.00 | Mean fitness (Train): 1524216960.00 | Mean fitness (Test): 1513411840.00
Generation 900 | Best fitness (Train): 1182054912.00 | Best fitness in generation (Train): 1182054912.00 | Mean fitness (Train): 1188287232.00 | Mean fitness (Test): 1178854656.00
Generation 1000 | Best fitness (Train): 921012352.00 | Best fitness in generation (Train): 921012352.00 | Mean fitness (Train): 926933952.00 | Mean fitness (Test): 917685248.00
Generation 1100 | Best fitness (Train): 718114240.00 | Best fitness in generation (Train): 718114240.00 | Mean fitness (Train): 722879808.00 | Mean fitness (Test): 714390784.00
Generation 1200 | Best fitness (Train): 559436224.00 | Best fitness in generation (Train): 559436224.00 | Mean fitness (Train): 562689984.00 | Mean fitness (Test): 554537600.00
Generation 1300 | Best fitness (Train): 437274784.00 | Best fitness in generation (Train): 437274784.00 | Mean fitness (Train): 439810400.00 | Mean fitness (Test): 432213184.00
Generation 1400 | Best fitness (Train): 344102368.00 | Best fitness in generation (Train): 344102368.00 | Mean fitness (Train): 346531296.00 | Mean fitness (Test): 339468320.00
Generation 1500 | Best fitness (Train): 272880352.00 | Best fitness in generation (Train): 272880352.00 | Mean fitness (Train): 274949312.00 | Mean fitness (Test): 268404816.00
Generation 1600 | Best fitness (Train): 217727168.00 | Best fitness in generation (Train): 217727168.00 | Mean fitness (Train): 219041808.00 | Mean fitness (Test): 212749280.00
Generation 1700 | Best fitness (Train): 175159696.00 | Best fitness in generation (Train): 175159696.00 | Mean fitness (Train): 176368368.00 | Mean fitness (Test): 170574096.00
Generation 1800 | Best fitness (Train): 141983024.00 | Best fitness in generation (Train): 141983024.00 | Mean fitness (Train): 143063728.00 | Mean fitness (Test): 137572560.00
Generation 1900 | Best fitness (Train): 115876832.00 | Best fitness in generation (Train): 115876832.00 | Mean fitness (Train): 116906816.00 | Mean fitness (Test): 111741080.00
Generation 2000 | Best fitness (Train): 96290256.00 | Best fitness in generation (Train): 96290256.00 | Mean fitness (Train): 96938768.00 | Mean fitness (Test): 92150432.00
Generation 2100 | Best fitness (Train): 80922992.00 | Best fitness in generation (Train): 80922992.00 | Mean fitness (Train): 81589296.00 | Mean fitness (Test): 77218896.00
Generation 2200 | Best fitness (Train): 68451840.00 | Best fitness in generation (Train): 68451840.00 | Mean fitness (Train): 69100656.00 | Mean fitness (Test): 65000372.00
Generation 2300 | Best fitness (Train): 58107812.00 | Best fitness in generation (Train): 58107812.00 | Mean fitness (Train): 58542308.00 | Mean fitness (Test): 54745028.00
Generation 2400 | Best fitness (Train): 49620368.00 | Best fitness in generation (Train): 49620368.00 | Mean fitness (Train): 50052532.00 | Mean fitness (Test): 46508920.00
Generation 2500 | Best fitness (Train): 42680884.00 | Best fitness in generation (Train): 42680884.00 | Mean fitness (Train): 43032092.00 | Mean fitness (Test): 39783640.00
Generation 2600 | Best fitness (Train): 37011076.00 | Best fitness in generation (Train): 37011076.00 | Mean fitness (Train): 37333540.00 | Mean fitness (Test): 34303508.00
Generation 2700 | Best fitness (Train): 32211352.00 | Best fitness in generation (Train): 32211352.00 | Mean fitness (Train): 32494896.00 | Mean fitness (Test): 29687692.00
Generation 2800 | Best fitness (Train): 28186842.00 | Best fitness in generation (Train): 28186842.00 | Mean fitness (Train): 28434416.00 | Mean fitness (Test): 25830702.00
Generation 2900 | Best fitness (Train): 24774942.00 | Best fitness in generation (Train): 24774942.00 | Mean fitness (Train): 25059022.00 | Mean fitness (Test): 22651640.00
Generation 3000 | Best fitness (Train): 21952668.00 | Best fitness in generation (Train): 21952668.00 | Mean fitness (Train): 22146080.00 | Mean fitness (Test): 19905404.00
Generation 3100 | Best fitness (Train): 19403396.00 | Best fitness in generation (Train): 19425376.00 | Mean fitness (Train): 19612290.00 | Mean fitness (Test): 17525512.00
Generation 3200 | Best fitness (Train): 17290264.00 | Best fitness in generation (Train): 17300654.00 | Mean fitness (Train): 17491766.00 | Mean fitness (Test): 15563958.00
Generation 3300 | Best fitness (Train): 15445756.00 | Best fitness in generation (Train): 15459692.00 | Mean fitness (Train): 15630656.00 | Mean fitness (Test): 13833404.00
Generation 3400 | Best fitness (Train): 13812520.00 | Best fitness in generation (Train): 13853690.00 | Mean fitness (Train): 14006653.00 | Mean fitness (Test): 12329413.00
Generation 3500 | Best fitness (Train): 12380657.00 | Best fitness in generation (Train): 12380657.00 | Mean fitness (Train): 12551486.00 | Mean fitness (Test): 10993278.00
Generation 3600 | Best fitness (Train): 11126304.00 | Best fitness in generation (Train): 11126304.00 | Mean fitness (Train): 11280051.00 | Mean fitness (Test): 9823705.00
Generation 3700 | Best fitness (Train): 10064088.00 | Best fitness in generation (Train): 10064088.00 | Mean fitness (Train): 10216829.00 | Mean fitness (Test): 8861129.00
Generation 3800 | Best fitness (Train): 9138817.00 | Best fitness in generation (Train): 9149622.00 | Mean fitness (Train): 9257160.00 | Mean fitness (Test): 7999765.50
Generation 3900 | Best fitness (Train): 8299838.50 | Best fitness in generation (Train): 8299838.50 | Mean fitness (Train): 8424158.00 | Mean fitness (Test): 7246499.50
Generation 4000 | Best fitness (Train): 7557433.50 | Best fitness in generation (Train): 7572241.50 | Mean fitness (Train): 7652844.00 | Mean fitness (Test): 6551421.50
running the experiment ... [../../results/BBOBProblem/ellipsoidal/SNES_500_10000/2]
Generation 100 | Best fitness (Train): 7657877504.00 | Best fitness in generation (Train): 7657877504.00 | Mean fitness (Train): 7690687488.00 | Mean fitness (Test): 7665850368.00
Generation 200 | Best fitness (Train): 6225998336.00 | Best fitness in generation (Train): 6225998336.00 | Mean fitness (Train): 6256068096.00 | Mean fitness (Test): 6235747328.00
Generation 300 | Best fitness (Train): 5013443584.00 | Best fitness in generation (Train): 5013443584.00 | Mean fitness (Train): 5039247872.00 | Mean fitness (Test): 5019715584.00
Generation 400 | Best fitness (Train): 3996388864.00 | Best fitness in generation (Train): 3996388864.00 | Mean fitness (Train): 4018917632.00 | Mean fitness (Test): 4000675840.00
Generation 500 | Best fitness (Train): 3155412480.00 | Best fitness in generation (Train): 3155412480.00 | Mean fitness (Train): 3175468800.00 | Mean fitness (Test): 3160499456.00
Generation 600 | Best fitness (Train): 2477405696.00 | Best fitness in generation (Train): 2477405696.00 | Mean fitness (Train): 2491102464.00 | Mean fitness (Test): 2478090752.00
Generation 700 | Best fitness (Train): 1940551296.00 | Best fitness in generation (Train): 1940551296.00 | Mean fitness (Train): 1951448320.00 | Mean fitness (Test): 1940338688.00
Generation 800 | Best fitness (Train): 1514886400.00 | Best fitness in generation (Train): 1514886400.00 | Mean fitness (Train): 1523538816.00 | Mean fitness (Test): 1512951552.00
Generation 900 | Best fitness (Train): 1174437120.00 | Best fitness in generation (Train): 1174437120.00 | Mean fitness (Train): 1181677568.00 | Mean fitness (Test): 1171637248.00
Generation 1000 | Best fitness (Train): 912357568.00 | Best fitness in generation (Train): 912357568.00 | Mean fitness (Train): 917288128.00 | Mean fitness (Test): 908012224.00
Generation 1100 | Best fitness (Train): 713026432.00 | Best fitness in generation (Train): 713026432.00 | Mean fitness (Train): 717891200.00 | Mean fitness (Test): 709301184.00
Generation 1200 | Best fitness (Train): 557582848.00 | Best fitness in generation (Train): 557582848.00 | Mean fitness (Train): 561016256.00 | Mean fitness (Test): 553186240.00
Generation 1300 | Best fitness (Train): 438180992.00 | Best fitness in generation (Train): 438180992.00 | Mean fitness (Train): 440574560.00 | Mean fitness (Test): 433172960.00
Generation 1400 | Best fitness (Train): 344794880.00 | Best fitness in generation (Train): 344794880.00 | Mean fitness (Train): 346748704.00 | Mean fitness (Test): 339697952.00
Generation 1500 | Best fitness (Train): 272303936.00 | Best fitness in generation (Train): 272303936.00 | Mean fitness (Train): 274228000.00 | Mean fitness (Test): 267487520.00
Generation 1600 | Best fitness (Train): 217884496.00 | Best fitness in generation (Train): 217884496.00 | Mean fitness (Train): 219351888.00 | Mean fitness (Test): 213054064.00
Generation 1700 | Best fitness (Train): 175577968.00 | Best fitness in generation (Train): 175577968.00 | Mean fitness (Train): 176643872.00 | Mean fitness (Test): 170795488.00
Generation 1800 | Best fitness (Train): 142788064.00 | Best fitness in generation (Train): 142788064.00 | Mean fitness (Train): 143786608.00 | Mean fitness (Test): 138345664.00
Generation 1900 | Best fitness (Train): 116873760.00 | Best fitness in generation (Train): 116873760.00 | Mean fitness (Train): 117617384.00 | Mean fitness (Test): 112514592.00
Generation 2000 | Best fitness (Train): 96225200.00 | Best fitness in generation (Train): 96225200.00 | Mean fitness (Train): 96869232.00 | Mean fitness (Test): 92070408.00
Generation 2100 | Best fitness (Train): 80560680.00 | Best fitness in generation (Train): 80560680.00 | Mean fitness (Train): 81152528.00 | Mean fitness (Test): 76743200.00
Generation 2200 | Best fitness (Train): 68051520.00 | Best fitness in generation (Train): 68051520.00 | Mean fitness (Train): 68556256.00 | Mean fitness (Test): 64467468.00
Generation 2300 | Best fitness (Train): 57578028.00 | Best fitness in generation (Train): 57622260.00 | Mean fitness (Train): 58032652.00 | Mean fitness (Test): 54251348.00
Generation 2400 | Best fitness (Train): 49293508.00 | Best fitness in generation (Train): 49293508.00 | Mean fitness (Train): 49697344.00 | Mean fitness (Test): 46162668.00
Generation 2500 | Best fitness (Train): 42390024.00 | Best fitness in generation (Train): 42390024.00 | Mean fitness (Train): 42765552.00 | Mean fitness (Test): 39496460.00
Generation 2600 | Best fitness (Train): 36868860.00 | Best fitness in generation (Train): 36868860.00 | Mean fitness (Train): 37206060.00 | Mean fitness (Test): 34181388.00
Generation 2700 | Best fitness (Train): 32340624.00 | Best fitness in generation (Train): 32394230.00 | Mean fitness (Train): 32680402.00 | Mean fitness (Test): 29882696.00
Generation 2800 | Best fitness (Train): 28427500.00 | Best fitness in generation (Train): 28434496.00 | Mean fitness (Train): 28720578.00 | Mean fitness (Test): 26118004.00
Generation 2900 | Best fitness (Train): 25120324.00 | Best fitness in generation (Train): 25129998.00 | Mean fitness (Train): 25351408.00 | Mean fitness (Test): 22949980.00
Generation 3000 | Best fitness (Train): 22152408.00 | Best fitness in generation (Train): 22152408.00 | Mean fitness (Train): 22442636.00 | Mean fitness (Test): 20186164.00
Generation 3100 | Best fitness (Train): 19722854.00 | Best fitness in generation (Train): 19737034.00 | Mean fitness (Train): 19928604.00 | Mean fitness (Test): 17840896.00
Generation 3200 | Best fitness (Train): 17552204.00 | Best fitness in generation (Train): 17552204.00 | Mean fitness (Train): 17767812.00 | Mean fitness (Test): 15836410.00
Generation 3300 | Best fitness (Train): 15697502.00 | Best fitness in generation (Train): 15697502.00 | Mean fitness (Train): 15882233.00 | Mean fitness (Test): 14078240.00
Generation 3400 | Best fitness (Train): 14088076.00 | Best fitness in generation (Train): 14088076.00 | Mean fitness (Train): 14238375.00 | Mean fitness (Test): 12561614.00
Generation 3500 | Best fitness (Train): 12654826.00 | Best fitness in generation (Train): 12654826.00 | Mean fitness (Train): 12814656.00 | Mean fitness (Test): 11252822.00
Generation 3600 | Best fitness (Train): 11415798.00 | Best fitness in generation (Train): 11415798.00 | Mean fitness (Train): 11558534.00 | Mean fitness (Test): 10103286.00
Generation 3700 | Best fitness (Train): 10322308.00 | Best fitness in generation (Train): 10334998.00 | Mean fitness (Train): 10439486.00 | Mean fitness (Test): 9078937.00
Generation 3800 | Best fitness (Train): 9345244.00 | Best fitness in generation (Train): 9345244.00 | Mean fitness (Train): 9460687.00 | Mean fitness (Test): 8198080.50
Generation 3900 | Best fitness (Train): 8479626.00 | Best fitness in generation (Train): 8479626.00 | Mean fitness (Train): 8596444.00 | Mean fitness (Test): 7412464.50
Generation 4000 | Best fitness (Train): 7721565.50 | Best fitness in generation (Train): 7724364.50 | Mean fitness (Train): 7817557.50 | Mean fitness (Test): 6712827.00
running the experiment ... [../../results/BBOBProblem/ellipsoidal/SNES_500_10000/3]
Generation 100 | Best fitness (Train): 8074927104.00 | Best fitness in generation (Train): 8074927104.00 | Mean fitness (Train): 8113869824.00 | Mean fitness (Test): 8087133184.00
Generation 200 | Best fitness (Train): 6578996736.00 | Best fitness in generation (Train): 6578996736.00 | Mean fitness (Train): 6604623360.00 | Mean fitness (Test): 6584198656.00
Generation 300 | Best fitness (Train): 5319581696.00 | Best fitness in generation (Train): 5319581696.00 | Mean fitness (Train): 5348511232.00 | Mean fitness (Test): 5328826368.00
Generation 400 | Best fitness (Train): 4243751424.00 | Best fitness in generation (Train): 4243751424.00 | Mean fitness (Train): 4267401216.00 | Mean fitness (Test): 4249554176.00
Generation 500 | Best fitness (Train): 3352481792.00 | Best fitness in generation (Train): 3352481792.00 | Mean fitness (Train): 3371795968.00 | Mean fitness (Test): 3355941376.00
Generation 600 | Best fitness (Train): 2620413952.00 | Best fitness in generation (Train): 2620413952.00 | Mean fitness (Train): 2634989824.00 | Mean fitness (Test): 2620527360.00
Generation 700 | Best fitness (Train): 2051481088.00 | Best fitness in generation (Train): 2051481088.00 | Mean fitness (Train): 2061542400.00 | Mean fitness (Test): 2049615104.00
Generation 800 | Best fitness (Train): 1592608000.00 | Best fitness in generation (Train): 1592608000.00 | Mean fitness (Train): 1601327616.00 | Mean fitness (Test): 1590282496.00
Generation 900 | Best fitness (Train): 1239666560.00 | Best fitness in generation (Train): 1239666560.00 | Mean fitness (Train): 1246320128.00 | Mean fitness (Test): 1236162816.00
Generation 1000 | Best fitness (Train): 967385920.00 | Best fitness in generation (Train): 967385920.00 | Mean fitness (Train): 973478720.00 | Mean fitness (Test): 964469632.00
Generation 1100 | Best fitness (Train): 755253440.00 | Best fitness in generation (Train): 755253440.00 | Mean fitness (Train): 759364224.00 | Mean fitness (Test): 750557376.00
Generation 1200 | Best fitness (Train): 590778880.00 | Best fitness in generation (Train): 590778880.00 | Mean fitness (Train): 594453696.00 | Mean fitness (Test): 586141824.00
Generation 1300 | Best fitness (Train): 464743680.00 | Best fitness in generation (Train): 464743680.00 | Mean fitness (Train): 467412352.00 | Mean fitness (Test): 460018272.00
Generation 1400 | Best fitness (Train): 365892896.00 | Best fitness in generation (Train): 365892896.00 | Mean fitness (Train): 368238464.00 | Mean fitness (Test): 361063264.00
Generation 1500 | Best fitness (Train): 290858208.00 | Best fitness in generation (Train): 290858208.00 | Mean fitness (Train): 292635488.00 | Mean fitness (Test): 285933344.00
Generation 1600 | Best fitness (Train): 232159088.00 | Best fitness in generation (Train): 232159088.00 | Mean fitness (Train): 233546464.00 | Mean fitness (Test): 227248032.00
Generation 1700 | Best fitness (Train): 187336688.00 | Best fitness in generation (Train): 187336688.00 | Mean fitness (Train): 188325504.00 | Mean fitness (Test): 182461968.00
Generation 1800 | Best fitness (Train): 150840112.00 | Best fitness in generation (Train): 150840112.00 | Mean fitness (Train): 151994064.00 | Mean fitness (Test): 146388448.00
Generation 1900 | Best fitness (Train): 123384016.00 | Best fitness in generation (Train): 123384016.00 | Mean fitness (Train): 124433504.00 | Mean fitness (Test): 119208848.00
Generation 2000 | Best fitness (Train): 102497488.00 | Best fitness in generation (Train): 102497488.00 | Mean fitness (Train): 103163168.00 | Mean fitness (Test): 98320456.00
Generation 2100 | Best fitness (Train): 85118272.00 | Best fitness in generation (Train): 85118272.00 | Mean fitness (Train): 85832648.00 | Mean fitness (Test): 81316024.00
Generation 2200 | Best fitness (Train): 71574104.00 | Best fitness in generation (Train): 71574104.00 | Mean fitness (Train): 72131440.00 | Mean fitness (Test): 67959504.00
Generation 2300 | Best fitness (Train): 60938164.00 | Best fitness in generation (Train): 61005556.00 | Mean fitness (Train): 61458156.00 | Mean fitness (Test): 57589716.00
Generation 2400 | Best fitness (Train): 51824860.00 | Best fitness in generation (Train): 51824860.00 | Mean fitness (Train): 52331424.00 | Mean fitness (Test): 48744044.00
Generation 2500 | Best fitness (Train): 44569668.00 | Best fitness in generation (Train): 44569668.00 | Mean fitness (Train): 44960640.00 | Mean fitness (Test): 41634940.00
Generation 2600 | Best fitness (Train): 38662352.00 | Best fitness in generation (Train): 38662352.00 | Mean fitness (Train): 39003736.00 | Mean fitness (Test): 35916860.00
Generation 2700 | Best fitness (Train): 33644104.00 | Best fitness in generation (Train): 33644104.00 | Mean fitness (Train): 33955148.00 | Mean fitness (Test): 31077436.00
Generation 2800 | Best fitness (Train): 29533318.00 | Best fitness in generation (Train): 29533318.00 | Mean fitness (Train): 29833316.00 | Mean fitness (Test): 27192714.00
Generation 2900 | Best fitness (Train): 26059464.00 | Best fitness in generation (Train): 26076326.00 | Mean fitness (Train): 26330096.00 | Mean fitness (Test): 23875724.00
Generation 3000 | Best fitness (Train): 22966530.00 | Best fitness in generation (Train): 22966530.00 | Mean fitness (Train): 23194350.00 | Mean fitness (Test): 20912710.00
Generation 3100 | Best fitness (Train): 20314448.00 | Best fitness in generation (Train): 20314448.00 | Mean fitness (Train): 20531848.00 | Mean fitness (Test): 18420676.00
Generation 3200 | Best fitness (Train): 18069520.00 | Best fitness in generation (Train): 18070364.00 | Mean fitness (Train): 18239690.00 | Mean fitness (Test): 16276197.00
Generation 3300 | Best fitness (Train): 16048288.00 | Best fitness in generation (Train): 16051233.00 | Mean fitness (Train): 16240385.00 | Mean fitness (Test): 14401268.00
Generation 3400 | Best fitness (Train): 14384850.00 | Best fitness in generation (Train): 14384850.00 | Mean fitness (Train): 14574986.00 | Mean fitness (Test): 12868578.00
Generation 3500 | Best fitness (Train): 12973517.00 | Best fitness in generation (Train): 12973517.00 | Mean fitness (Train): 13143226.00 | Mean fitness (Test): 11555264.00
Generation 3600 | Best fitness (Train): 11713488.00 | Best fitness in generation (Train): 11740433.00 | Mean fitness (Train): 11851760.00 | Mean fitness (Test): 10370059.00
Generation 3700 | Best fitness (Train): 10565688.00 | Best fitness in generation (Train): 10565688.00 | Mean fitness (Train): 10712505.00 | Mean fitness (Test): 9335987.00
Generation 3800 | Best fitness (Train): 9543075.00 | Best fitness in generation (Train): 9543075.00 | Mean fitness (Train): 9691663.00 | Mean fitness (Test): 8408929.00
Generation 3900 | Best fitness (Train): 8696276.00 | Best fitness in generation (Train): 8696276.00 | Mean fitness (Train): 8798240.00 | Mean fitness (Test): 7596765.50
Generation 4000 | Best fitness (Train): 7925597.50 | Best fitness in generation (Train): 7925597.50 | Mean fitness (Train): 8014287.00 | Mean fitness (Test): 6894183.50
running the experiment ... [../../results/BBOBProblem/ellipsoidal/SNES_500_10000/4]
Generation 100 | Best fitness (Train): 7661031936.00 | Best fitness in generation (Train): 7661031936.00 | Mean fitness (Train): 7702123520.00 | Mean fitness (Test): 7676618752.00
Generation 200 | Best fitness (Train): 6224143872.00 | Best fitness in generation (Train): 6224143872.00 | Mean fitness (Train): 6253633024.00 | Mean fitness (Test): 6230798336.00
Generation 300 | Best fitness (Train): 4998247424.00 | Best fitness in generation (Train): 4998247424.00 | Mean fitness (Train): 5024848896.00 | Mean fitness (Test): 5006131712.00
Generation 400 | Best fitness (Train): 3972740864.00 | Best fitness in generation (Train): 3972740864.00 | Mean fitness (Train): 3992551424.00 | Mean fitness (Test): 3975529984.00
Generation 500 | Best fitness (Train): 3131236864.00 | Best fitness in generation (Train): 3131236864.00 | Mean fitness (Train): 3145994496.00 | Mean fitness (Test): 3131144960.00
Generation 600 | Best fitness (Train): 2437355008.00 | Best fitness in generation (Train): 2437355008.00 | Mean fitness (Train): 2451010048.00 | Mean fitness (Test): 2438063872.00
Generation 700 | Best fitness (Train): 1887153920.00 | Best fitness in generation (Train): 1887153920.00 | Mean fitness (Train): 1898027008.00 | Mean fitness (Test): 1886786304.00
Generation 800 | Best fitness (Train): 1454092032.00 | Best fitness in generation (Train): 1454092032.00 | Mean fitness (Train): 1462102784.00 | Mean fitness (Test): 1450995200.00
Generation 900 | Best fitness (Train): 1122696448.00 | Best fitness in generation (Train): 1122696448.00 | Mean fitness (Train): 1130042624.00 | Mean fitness (Test): 1120434560.00
Generation 1000 | Best fitness (Train): 868877632.00 | Best fitness in generation (Train): 868877632.00 | Mean fitness (Train): 873665728.00 | Mean fitness (Test): 864687232.00
Generation 1100 | Best fitness (Train): 672313152.00 | Best fitness in generation (Train): 672313152.00 | Mean fitness (Train): 676648640.00 | Mean fitness (Test): 668093888.00
Generation 1200 | Best fitness (Train): 519572224.00 | Best fitness in generation (Train): 519572224.00 | Mean fitness (Train): 523671776.00 | Mean fitness (Test): 515668480.00
Generation 1300 | Best fitness (Train): 406480192.00 | Best fitness in generation (Train): 406480192.00 | Mean fitness (Train): 408898400.00 | Mean fitness (Test): 401464864.00
Generation 1400 | Best fitness (Train): 319326560.00 | Best fitness in generation (Train): 319326560.00 | Mean fitness (Train): 321409856.00 | Mean fitness (Test): 314390688.00
Generation 1500 | Best fitness (Train): 252818640.00 | Best fitness in generation (Train): 252818640.00 | Mean fitness (Train): 254257728.00 | Mean fitness (Test): 247795088.00
Generation 1600 | Best fitness (Train): 202558352.00 | Best fitness in generation (Train): 202558352.00 | Mean fitness (Train): 203676000.00 | Mean fitness (Test): 197467920.00
Generation 1700 | Best fitness (Train): 164453472.00 | Best fitness in generation (Train): 164453472.00 | Mean fitness (Train): 165729440.00 | Mean fitness (Test): 160026272.00
Generation 1800 | Best fitness (Train): 134477216.00 | Best fitness in generation (Train): 134477216.00 | Mean fitness (Train): 135300288.00 | Mean fitness (Test): 129876696.00
Generation 1900 | Best fitness (Train): 111280224.00 | Best fitness in generation (Train): 111280224.00 | Mean fitness (Train): 112093360.00 | Mean fitness (Test): 107032432.00
Generation 2000 | Best fitness (Train): 92880992.00 | Best fitness in generation (Train): 92880992.00 | Mean fitness (Train): 93634800.00 | Mean fitness (Test): 88999576.00
Generation 2100 | Best fitness (Train): 78056400.00 | Best fitness in generation (Train): 78056400.00 | Mean fitness (Train): 78725368.00 | Mean fitness (Test): 74349392.00
Generation 2200 | Best fitness (Train): 66249940.00 | Best fitness in generation (Train): 66249940.00 | Mean fitness (Train): 66723824.00 | Mean fitness (Test): 62699676.00
Generation 2300 | Best fitness (Train): 56610688.00 | Best fitness in generation (Train): 56610688.00 | Mean fitness (Train): 57047544.00 | Mean fitness (Test): 53348508.00
Generation 2400 | Best fitness (Train): 48592368.00 | Best fitness in generation (Train): 48592368.00 | Mean fitness (Train): 49054236.00 | Mean fitness (Test): 45584084.00
Generation 2500 | Best fitness (Train): 41961480.00 | Best fitness in generation (Train): 41961480.00 | Mean fitness (Train): 42309820.00 | Mean fitness (Test): 39088860.00
Generation 2600 | Best fitness (Train): 36407760.00 | Best fitness in generation (Train): 36407760.00 | Mean fitness (Train): 36750848.00 | Mean fitness (Test): 33790564.00
Generation 2700 | Best fitness (Train): 31790882.00 | Best fitness in generation (Train): 31790882.00 | Mean fitness (Train): 32119744.00 | Mean fitness (Test): 29363774.00
Generation 2800 | Best fitness (Train): 27924284.00 | Best fitness in generation (Train): 27924284.00 | Mean fitness (Train): 28191032.00 | Mean fitness (Test): 25642610.00
Generation 2900 | Best fitness (Train): 24536502.00 | Best fitness in generation (Train): 24536502.00 | Mean fitness (Train): 24807970.00 | Mean fitness (Test): 22442124.00
Generation 3000 | Best fitness (Train): 21753504.00 | Best fitness in generation (Train): 21753504.00 | Mean fitness (Train): 21955752.00 | Mean fitness (Test): 19765104.00
Generation 3100 | Best fitness (Train): 19283078.00 | Best fitness in generation (Train): 19323152.00 | Mean fitness (Train): 19495626.00 | Mean fitness (Test): 17461088.00
Generation 3200 | Best fitness (Train): 17201768.00 | Best fitness in generation (Train): 17245660.00 | Mean fitness (Train): 17412012.00 | Mean fitness (Test): 15519882.00
Generation 3300 | Best fitness (Train): 15400508.00 | Best fitness in generation (Train): 15406912.00 | Mean fitness (Train): 15577519.00 | Mean fitness (Test): 13807389.00
Generation 3400 | Best fitness (Train): 13816778.00 | Best fitness in generation (Train): 13816778.00 | Mean fitness (Train): 13984064.00 | Mean fitness (Test): 12341624.00
Generation 3500 | Best fitness (Train): 12447113.00 | Best fitness in generation (Train): 12455637.00 | Mean fitness (Train): 12592616.00 | Mean fitness (Test): 11059244.00
Generation 3600 | Best fitness (Train): 11268917.00 | Best fitness in generation (Train): 11268917.00 | Mean fitness (Train): 11402503.00 | Mean fitness (Test): 9978142.00
Generation 3700 | Best fitness (Train): 10216143.00 | Best fitness in generation (Train): 10216143.00 | Mean fitness (Train): 10343814.00 | Mean fitness (Test): 9011335.00
Generation 3800 | Best fitness (Train): 9258414.00 | Best fitness in generation (Train): 9258414.00 | Mean fitness (Train): 9372613.00 | Mean fitness (Test): 8131332.00
Generation 3900 | Best fitness (Train): 8410776.00 | Best fitness in generation (Train): 8410776.00 | Mean fitness (Train): 8522247.00 | Mean fitness (Test): 7361441.50
Generation 4000 | Best fitness (Train): 7630052.50 | Best fitness in generation (Train): 7630052.50 | Mean fitness (Train): 7743894.00 | Mean fitness (Test): 6658671.00
Running ES algorithms:  29%|██████████████████████████████████████                                                                                               | 2/7 [01:03<02:37, 31.44s/it][A
running the experiment ... [../../results/BBOBProblem/ellipsoidal/Sep_CMA_ES_500_10000/0]
Generation 100 | Best fitness (Train): 8193515520.00 | Best fitness in generation (Train): 8193515520.00 | Mean fitness (Train): 8238763008.00 | Mean fitness (Test): 8205914112.00
Generation 200 | Best fitness (Train): 5154723840.00 | Best fitness in generation (Train): 5154723840.00 | Mean fitness (Train): 5276057600.00 | Mean fitness (Test): 5137647104.00
Generation 300 | Best fitness (Train): 2188731904.00 | Best fitness in generation (Train): 2280618496.00 | Mean fitness (Train): 2448876032.00 | Mean fitness (Test): 1158711808.00
Generation 400 | Best fitness (Train): 2188731904.00 | Best fitness in generation (Train): 3722817024.00 | Mean fitness (Train): 4167537408.00 | Mean fitness (Test): 796997184.00
Generation 500 | Best fitness (Train): 2188731904.00 | Best fitness in generation (Train): 3791901184.00 | Mean fitness (Train): 4148897280.00 | Mean fitness (Test): 766438336.00
Generation 600 | Best fitness (Train): 2188731904.00 | Best fitness in generation (Train): 3149732608.00 | Mean fitness (Train): 3585690624.00 | Mean fitness (Test): 719050432.00
Generation 700 | Best fitness (Train): 2188731904.00 | Best fitness in generation (Train): 2742557952.00 | Mean fitness (Train): 2966552320.00 | Mean fitness (Test): 630964416.00
Generation 800 | Best fitness (Train): 2188731904.00 | Best fitness in generation (Train): 2209818624.00 | Mean fitness (Train): 2465952256.00 | Mean fitness (Test): 558103232.00
Generation 900 | Best fitness (Train): 1891091712.00 | Best fitness in generation (Train): 1906580224.00 | Mean fitness (Train): 2090521472.00 | Mean fitness (Test): 503409984.00
Generation 1000 | Best fitness (Train): 1543259392.00 | Best fitness in generation (Train): 1582812416.00 | Mean fitness (Train): 1728484864.00 | Mean fitness (Test): 441434304.00
Generation 1100 | Best fitness (Train): 1313745920.00 | Best fitness in generation (Train): 1357652736.00 | Mean fitness (Train): 1469143680.00 | Mean fitness (Test): 396791712.00
Generation 1200 | Best fitness (Train): 1119739520.00 | Best fitness in generation (Train): 1166297984.00 | Mean fitness (Train): 1257995392.00 | Mean fitness (Test): 356356768.00
Generation 1300 | Best fitness (Train): 977975872.00 | Best fitness in generation (Train): 980584704.00 | Mean fitness (Train): 1071863744.00 | Mean fitness (Test): 311549216.00
Generation 1400 | Best fitness (Train): 822769536.00 | Best fitness in generation (Train): 822769536.00 | Mean fitness (Train): 914625728.00 | Mean fitness (Test): 278063008.00
Generation 1500 | Best fitness (Train): 707256000.00 | Best fitness in generation (Train): 721620416.00 | Mean fitness (Train): 789565568.00 | Mean fitness (Test): 254303216.00
Generation 1600 | Best fitness (Train): 606246080.00 | Best fitness in generation (Train): 630105408.00 | Mean fitness (Train): 674632768.00 | Mean fitness (Test): 232184816.00
Generation 1700 | Best fitness (Train): 530142752.00 | Best fitness in generation (Train): 541874688.00 | Mean fitness (Train): 579464640.00 | Mean fitness (Test): 209078768.00
Generation 1800 | Best fitness (Train): 452564000.00 | Best fitness in generation (Train): 461570752.00 | Mean fitness (Train): 493155808.00 | Mean fitness (Test): 190076816.00
Generation 1900 | Best fitness (Train): 396451264.00 | Best fitness in generation (Train): 402849056.00 | Mean fitness (Train): 430194112.00 | Mean fitness (Test): 175395472.00
Generation 2000 | Best fitness (Train): 350654048.00 | Best fitness in generation (Train): 354746720.00 | Mean fitness (Train): 380812864.00 | Mean fitness (Test): 161123568.00
Generation 2100 | Best fitness (Train): 303259872.00 | Best fitness in generation (Train): 303259872.00 | Mean fitness (Train): 330816384.00 | Mean fitness (Test): 145940128.00
Generation 2200 | Best fitness (Train): 266095008.00 | Best fitness in generation (Train): 272066208.00 | Mean fitness (Train): 290106048.00 | Mean fitness (Test): 133939504.00
Generation 2300 | Best fitness (Train): 238702304.00 | Best fitness in generation (Train): 242488768.00 | Mean fitness (Train): 255820800.00 | Mean fitness (Test): 124043056.00
Generation 2400 | Best fitness (Train): 210199536.00 | Best fitness in generation (Train): 212918752.00 | Mean fitness (Train): 226493392.00 | Mean fitness (Test): 114354448.00
Generation 2500 | Best fitness (Train): 193241392.00 | Best fitness in generation (Train): 194137552.00 | Mean fitness (Train): 205772448.00 | Mean fitness (Test): 108251584.00
Generation 2600 | Best fitness (Train): 174637136.00 | Best fitness in generation (Train): 175516080.00 | Mean fitness (Train): 184612752.00 | Mean fitness (Test): 100280720.00
Generation 2700 | Best fitness (Train): 158120256.00 | Best fitness in generation (Train): 158120256.00 | Mean fitness (Train): 168632192.00 | Mean fitness (Test): 94416416.00
Generation 2800 | Best fitness (Train): 144239600.00 | Best fitness in generation (Train): 147350544.00 | Mean fitness (Train): 153049024.00 | Mean fitness (Test): 88857912.00
Generation 2900 | Best fitness (Train): 131256944.00 | Best fitness in generation (Train): 132916208.00 | Mean fitness (Train): 138904096.00 | Mean fitness (Test): 83880048.00
Generation 3000 | Best fitness (Train): 121087424.00 | Best fitness in generation (Train): 122274496.00 | Mean fitness (Train): 127037280.00 | Mean fitness (Test): 78987816.00
Generation 3100 | Best fitness (Train): 113132576.00 | Best fitness in generation (Train): 113208976.00 | Mean fitness (Train): 118280200.00 | Mean fitness (Test): 75567944.00
Generation 3200 | Best fitness (Train): 103598968.00 | Best fitness in generation (Train): 104499400.00 | Mean fitness (Train): 108594792.00 | Mean fitness (Test): 71895552.00
Generation 3300 | Best fitness (Train): 95702928.00 | Best fitness in generation (Train): 96971648.00 | Mean fitness (Train): 100745880.00 | Mean fitness (Test): 68480800.00
Generation 3400 | Best fitness (Train): 90209056.00 | Best fitness in generation (Train): 90835136.00 | Mean fitness (Train): 94310648.00 | Mean fitness (Test): 65158952.00
Generation 3500 | Best fitness (Train): 84877304.00 | Best fitness in generation (Train): 85209200.00 | Mean fitness (Train): 87922840.00 | Mean fitness (Test): 62522084.00
Generation 3600 | Best fitness (Train): 79441568.00 | Best fitness in generation (Train): 80008560.00 | Mean fitness (Train): 82470848.00 | Mean fitness (Test): 59994348.00
Generation 3700 | Best fitness (Train): 75460128.00 | Best fitness in generation (Train): 75473920.00 | Mean fitness (Train): 78028944.00 | Mean fitness (Test): 57721080.00
Generation 3800 | Best fitness (Train): 71420208.00 | Best fitness in generation (Train): 71716208.00 | Mean fitness (Train): 73839800.00 | Mean fitness (Test): 55444336.00
Generation 3900 | Best fitness (Train): 67635160.00 | Best fitness in generation (Train): 67887792.00 | Mean fitness (Train): 69728328.00 | Mean fitness (Test): 53437116.00
Generation 4000 | Best fitness (Train): 64437100.00 | Best fitness in generation (Train): 64576860.00 | Mean fitness (Train): 66130624.00 | Mean fitness (Test): 51437092.00
running the experiment ... [../../results/BBOBProblem/ellipsoidal/Sep_CMA_ES_500_10000/1]
Generation 100 | Best fitness (Train): 7916898816.00 | Best fitness in generation (Train): 7916898816.00 | Mean fitness (Train): 7955515904.00 | Mean fitness (Test): 7922181120.00
Generation 200 | Best fitness (Train): 4958277632.00 | Best fitness in generation (Train): 4958277632.00 | Mean fitness (Train): 5072044032.00 | Mean fitness (Test): 4927756288.00
Generation 300 | Best fitness (Train): 2217125888.00 | Best fitness in generation (Train): 2287225856.00 | Mean fitness (Train): 2432562944.00 | Mean fitness (Test): 1121877888.00
Generation 400 | Best fitness (Train): 2217125888.00 | Best fitness in generation (Train): 3736204032.00 | Mean fitness (Train): 4155238144.00 | Mean fitness (Test): 775360768.00
Generation 500 | Best fitness (Train): 2217125888.00 | Best fitness in generation (Train): 3762485760.00 | Mean fitness (Train): 4145564160.00 | Mean fitness (Test): 790270336.00
Generation 600 | Best fitness (Train): 2217125888.00 | Best fitness in generation (Train): 3180930304.00 | Mean fitness (Train): 3514061568.00 | Mean fitness (Test): 683457728.00
Generation 700 | Best fitness (Train): 2217125888.00 | Best fitness in generation (Train): 2678645760.00 | Mean fitness (Train): 2951765248.00 | Mean fitness (Test): 625907264.00
Generation 800 | Best fitness (Train): 2217125888.00 | Best fitness in generation (Train): 2254255104.00 | Mean fitness (Train): 2487494400.00 | Mean fitness (Test): 552664768.00
Generation 900 | Best fitness (Train): 1886965632.00 | Best fitness in generation (Train): 1920461056.00 | Mean fitness (Train): 2099661568.00 | Mean fitness (Test): 493384224.00
Generation 1000 | Best fitness (Train): 1579927040.00 | Best fitness in generation (Train): 1612142976.00 | Mean fitness (Train): 1765587584.00 | Mean fitness (Test): 443442816.00
Generation 1100 | Best fitness (Train): 1332344576.00 | Best fitness in generation (Train): 1345408768.00 | Mean fitness (Train): 1473225984.00 | Mean fitness (Test): 397326048.00
Generation 1200 | Best fitness (Train): 1151341824.00 | Best fitness in generation (Train): 1163781504.00 | Mean fitness (Train): 1257869312.00 | Mean fitness (Test): 350793184.00
Generation 1300 | Best fitness (Train): 968413504.00 | Best fitness in generation (Train): 988249792.00 | Mean fitness (Train): 1078827392.00 | Mean fitness (Test): 322369376.00
Generation 1400 | Best fitness (Train): 845003712.00 | Best fitness in generation (Train): 846119808.00 | Mean fitness (Train): 923386432.00 | Mean fitness (Test): 286677920.00
Generation 1500 | Best fitness (Train): 709536256.00 | Best fitness in generation (Train): 709536256.00 | Mean fitness (Train): 788080000.00 | Mean fitness (Test): 256149840.00
Generation 1600 | Best fitness (Train): 619846464.00 | Best fitness in generation (Train): 629946880.00 | Mean fitness (Train): 676127104.00 | Mean fitness (Test): 232592128.00
Generation 1700 | Best fitness (Train): 534960768.00 | Best fitness in generation (Train): 534960768.00 | Mean fitness (Train): 579720960.00 | Mean fitness (Test): 213701296.00
Generation 1800 | Best fitness (Train): 460022880.00 | Best fitness in generation (Train): 464344672.00 | Mean fitness (Train): 496437024.00 | Mean fitness (Test): 192356496.00
Generation 1900 | Best fitness (Train): 398054048.00 | Best fitness in generation (Train): 398671328.00 | Mean fitness (Train): 429094528.00 | Mean fitness (Test): 173983120.00
Generation 2000 | Best fitness (Train): 339477792.00 | Best fitness in generation (Train): 344398528.00 | Mean fitness (Train): 369187968.00 | Mean fitness (Test): 160290320.00
Generation 2100 | Best fitness (Train): 295152864.00 | Best fitness in generation (Train): 298123168.00 | Mean fitness (Train): 322359264.00 | Mean fitness (Test): 146902192.00
Generation 2200 | Best fitness (Train): 267017568.00 | Best fitness in generation (Train): 268319776.00 | Mean fitness (Train): 286402048.00 | Mean fitness (Test): 135239344.00
Generation 2300 | Best fitness (Train): 233319936.00 | Best fitness in generation (Train): 236838704.00 | Mean fitness (Train): 252427280.00 | Mean fitness (Test): 125233040.00
Generation 2400 | Best fitness (Train): 206379488.00 | Best fitness in generation (Train): 210687984.00 | Mean fitness (Train): 222194560.00 | Mean fitness (Test): 115133088.00
Generation 2500 | Best fitness (Train): 186266736.00 | Best fitness in generation (Train): 186580416.00 | Mean fitness (Train): 197191216.00 | Mean fitness (Test): 106150144.00
Generation 2600 | Best fitness (Train): 167555760.00 | Best fitness in generation (Train): 169545808.00 | Mean fitness (Train): 178942608.00 | Mean fitness (Test): 98800184.00
Generation 2700 | Best fitness (Train): 154380400.00 | Best fitness in generation (Train): 155289472.00 | Mean fitness (Train): 163542640.00 | Mean fitness (Test): 92563600.00
Generation 2800 | Best fitness (Train): 140879712.00 | Best fitness in generation (Train): 142976048.00 | Mean fitness (Train): 149034960.00 | Mean fitness (Test): 87350416.00
Generation 2900 | Best fitness (Train): 129452080.00 | Best fitness in generation (Train): 130509440.00 | Mean fitness (Train): 135801040.00 | Mean fitness (Test): 82127672.00
Generation 3000 | Best fitness (Train): 117307408.00 | Best fitness in generation (Train): 117918536.00 | Mean fitness (Train): 123972016.00 | Mean fitness (Test): 77616472.00
Generation 3100 | Best fitness (Train): 108795552.00 | Best fitness in generation (Train): 109350992.00 | Mean fitness (Train): 114026864.00 | Mean fitness (Test): 73474704.00
Generation 3200 | Best fitness (Train): 100609120.00 | Best fitness in generation (Train): 101679696.00 | Mean fitness (Train): 105980040.00 | Mean fitness (Test): 70009496.00
Generation 3300 | Best fitness (Train): 93947072.00 | Best fitness in generation (Train): 94868480.00 | Mean fitness (Train): 98457080.00 | Mean fitness (Test): 66370188.00
Generation 3400 | Best fitness (Train): 88349408.00 | Best fitness in generation (Train): 89195536.00 | Mean fitness (Train): 92191336.00 | Mean fitness (Test): 63994988.00
Generation 3500 | Best fitness (Train): 83245728.00 | Best fitness in generation (Train): 84184400.00 | Mean fitness (Train): 86545968.00 | Mean fitness (Test): 61291540.00
Generation 3600 | Best fitness (Train): 77370352.00 | Best fitness in generation (Train): 77370352.00 | Mean fitness (Train): 80804224.00 | Mean fitness (Test): 58342496.00
Generation 3700 | Best fitness (Train): 74246272.00 | Best fitness in generation (Train): 74483712.00 | Mean fitness (Train): 76665608.00 | Mean fitness (Test): 56129392.00
Generation 3800 | Best fitness (Train): 69806416.00 | Best fitness in generation (Train): 70381336.00 | Mean fitness (Train): 72698104.00 | Mean fitness (Test): 54088516.00
Generation 3900 | Best fitness (Train): 66358632.00 | Best fitness in generation (Train): 66358632.00 | Mean fitness (Train): 69089328.00 | Mean fitness (Test): 52290484.00
Generation 4000 | Best fitness (Train): 63940388.00 | Best fitness in generation (Train): 64193048.00 | Mean fitness (Train): 65672092.00 | Mean fitness (Test): 50629852.00
running the experiment ... [../../results/BBOBProblem/ellipsoidal/Sep_CMA_ES_500_10000/2]
Generation 100 | Best fitness (Train): 7713561600.00 | Best fitness in generation (Train): 7713561600.00 | Mean fitness (Train): 7754395136.00 | Mean fitness (Test): 7721315840.00
Generation 200 | Best fitness (Train): 4897190912.00 | Best fitness in generation (Train): 4897190912.00 | Mean fitness (Train): 4989000192.00 | Mean fitness (Test): 4848947200.00
Generation 300 | Best fitness (Train): 2226675712.00 | Best fitness in generation (Train): 2271689216.00 | Mean fitness (Train): 2453027328.00 | Mean fitness (Test): 1160482304.00
Generation 400 | Best fitness (Train): 2226675712.00 | Best fitness in generation (Train): 3733606912.00 | Mean fitness (Train): 4131468544.00 | Mean fitness (Test): 767312896.00
Generation 500 | Best fitness (Train): 2226675712.00 | Best fitness in generation (Train): 3755004928.00 | Mean fitness (Train): 4123117568.00 | Mean fitness (Test): 765940544.00
Generation 600 | Best fitness (Train): 2226675712.00 | Best fitness in generation (Train): 3181413888.00 | Mean fitness (Train): 3452615680.00 | Mean fitness (Test): 681241408.00
Generation 700 | Best fitness (Train): 2226675712.00 | Best fitness in generation (Train): 2656696320.00 | Mean fitness (Train): 2905007872.00 | Mean fitness (Test): 617929792.00
Generation 800 | Best fitness (Train): 2199552768.00 | Best fitness in generation (Train): 2221887488.00 | Mean fitness (Train): 2426463488.00 | Mean fitness (Test): 541640960.00
Generation 900 | Best fitness (Train): 1851163520.00 | Best fitness in generation (Train): 1853574144.00 | Mean fitness (Train): 2061995776.00 | Mean fitness (Test): 504543456.00
Generation 1000 | Best fitness (Train): 1543398400.00 | Best fitness in generation (Train): 1543398400.00 | Mean fitness (Train): 1714766592.00 | Mean fitness (Test): 430904864.00
Generation 1100 | Best fitness (Train): 1264439296.00 | Best fitness in generation (Train): 1330346880.00 | Mean fitness (Train): 1450311168.00 | Mean fitness (Test): 382896736.00
Generation 1200 | Best fitness (Train): 1114614272.00 | Best fitness in generation (Train): 1117604608.00 | Mean fitness (Train): 1221980032.00 | Mean fitness (Test): 344883040.00
Generation 1300 | Best fitness (Train): 934060224.00 | Best fitness in generation (Train): 937929472.00 | Mean fitness (Train): 1036422528.00 | Mean fitness (Test): 303773760.00
Generation 1400 | Best fitness (Train): 779104768.00 | Best fitness in generation (Train): 779104768.00 | Mean fitness (Train): 871590656.00 | Mean fitness (Test): 273882624.00
Generation 1500 | Best fitness (Train): 667821568.00 | Best fitness in generation (Train): 667821568.00 | Mean fitness (Train): 735532416.00 | Mean fitness (Test): 238273040.00
Generation 1600 | Best fitness (Train): 581969088.00 | Best fitness in generation (Train): 581969088.00 | Mean fitness (Train): 643714432.00 | Mean fitness (Test): 221804496.00
Generation 1700 | Best fitness (Train): 508743392.00 | Best fitness in generation (Train): 521668000.00 | Mean fitness (Train): 560214336.00 | Mean fitness (Test): 202804304.00
Generation 1800 | Best fitness (Train): 448352704.00 | Best fitness in generation (Train): 448352704.00 | Mean fitness (Train): 481636544.00 | Mean fitness (Test): 185161584.00
Generation 1900 | Best fitness (Train): 381495968.00 | Best fitness in generation (Train): 381495968.00 | Mean fitness (Train): 416267072.00 | Mean fitness (Test): 170384896.00
Generation 2000 | Best fitness (Train): 333725792.00 | Best fitness in generation (Train): 334474240.00 | Mean fitness (Train): 362010528.00 | Mean fitness (Test): 155911904.00
Generation 2100 | Best fitness (Train): 292985120.00 | Best fitness in generation (Train): 298929408.00 | Mean fitness (Train): 316866848.00 | Mean fitness (Test): 143803584.00
Generation 2200 | Best fitness (Train): 260450544.00 | Best fitness in generation (Train): 262486912.00 | Mean fitness (Train): 280855648.00 | Mean fitness (Test): 133204064.00
Generation 2300 | Best fitness (Train): 231668112.00 | Best fitness in generation (Train): 231705200.00 | Mean fitness (Train): 247691824.00 | Mean fitness (Test): 122981224.00
Generation 2400 | Best fitness (Train): 205736048.00 | Best fitness in generation (Train): 205997712.00 | Mean fitness (Train): 219194896.00 | Mean fitness (Test): 113084384.00
Generation 2500 | Best fitness (Train): 184024784.00 | Best fitness in generation (Train): 184024784.00 | Mean fitness (Train): 196473296.00 | Mean fitness (Test): 106272960.00
Generation 2600 | Best fitness (Train): 166542672.00 | Best fitness in generation (Train): 168029680.00 | Mean fitness (Train): 175600560.00 | Mean fitness (Test): 99610424.00
Generation 2700 | Best fitness (Train): 149450672.00 | Best fitness in generation (Train): 149450672.00 | Mean fitness (Train): 157820688.00 | Mean fitness (Test): 93414592.00
Generation 2800 | Best fitness (Train): 138111920.00 | Best fitness in generation (Train): 139054128.00 | Mean fitness (Train): 144643456.00 | Mean fitness (Test): 87593024.00
Generation 2900 | Best fitness (Train): 125797200.00 | Best fitness in generation (Train): 128047824.00 | Mean fitness (Train): 132841736.00 | Mean fitness (Test): 83370928.00
Generation 3000 | Best fitness (Train): 116268728.00 | Best fitness in generation (Train): 116838608.00 | Mean fitness (Train): 121640456.00 | Mean fitness (Test): 78680480.00
Generation 3100 | Best fitness (Train): 107101384.00 | Best fitness in generation (Train): 108153576.00 | Mean fitness (Train): 111990544.00 | Mean fitness (Test): 74573376.00
Generation 3200 | Best fitness (Train): 100176128.00 | Best fitness in generation (Train): 100176128.00 | Mean fitness (Train): 105107376.00 | Mean fitness (Test): 71084120.00
Generation 3300 | Best fitness (Train): 94498624.00 | Best fitness in generation (Train): 95425024.00 | Mean fitness (Train): 98476440.00 | Mean fitness (Test): 68187440.00
Generation 3400 | Best fitness (Train): 88776608.00 | Best fitness in generation (Train): 89114496.00 | Mean fitness (Train): 92170608.00 | Mean fitness (Test): 65451640.00
Generation 3500 | Best fitness (Train): 83281696.00 | Best fitness in generation (Train): 83832560.00 | Mean fitness (Train): 86389888.00 | Mean fitness (Test): 62844804.00
Generation 3600 | Best fitness (Train): 78423664.00 | Best fitness in generation (Train): 78800856.00 | Mean fitness (Train): 80992992.00 | Mean fitness (Test): 60341572.00
Generation 3700 | Best fitness (Train): 73897344.00 | Best fitness in generation (Train): 73897344.00 | Mean fitness (Train): 76324192.00 | Mean fitness (Test): 58014480.00
Generation 3800 | Best fitness (Train): 69610256.00 | Best fitness in generation (Train): 70186944.00 | Mean fitness (Train): 72252448.00 | Mean fitness (Test): 55887588.00
Generation 3900 | Best fitness (Train): 67040880.00 | Best fitness in generation (Train): 67040880.00 | Mean fitness (Train): 69063696.00 | Mean fitness (Test): 54072516.00
Generation 4000 | Best fitness (Train): 64048172.00 | Best fitness in generation (Train): 64349740.00 | Mean fitness (Train): 65668948.00 | Mean fitness (Test): 52459012.00
running the experiment ... [../../results/BBOBProblem/ellipsoidal/Sep_CMA_ES_500_10000/3]
Generation 100 | Best fitness (Train): 8133909504.00 | Best fitness in generation (Train): 8133909504.00 | Mean fitness (Train): 8181300224.00 | Mean fitness (Test): 8147228672.00
Generation 200 | Best fitness (Train): 5207234560.00 | Best fitness in generation (Train): 5207234560.00 | Mean fitness (Train): 5285554176.00 | Mean fitness (Test): 5158174208.00
Generation 300 | Best fitness (Train): 2271973376.00 | Best fitness in generation (Train): 2347874816.00 | Mean fitness (Train): 2499792640.00 | Mean fitness (Test): 1199182848.00
Generation 400 | Best fitness (Train): 2271973376.00 | Best fitness in generation (Train): 3727258368.00 | Mean fitness (Train): 4194100736.00 | Mean fitness (Test): 807897024.00
Generation 500 | Best fitness (Train): 2271973376.00 | Best fitness in generation (Train): 3845038592.00 | Mean fitness (Train): 4238934784.00 | Mean fitness (Test): 794307904.00
Generation 600 | Best fitness (Train): 2271973376.00 | Best fitness in generation (Train): 3347048448.00 | Mean fitness (Train): 3627224320.00 | Mean fitness (Test): 724720320.00
Generation 700 | Best fitness (Train): 2271973376.00 | Best fitness in generation (Train): 2782303232.00 | Mean fitness (Train): 3082567424.00 | Mean fitness (Test): 663797696.00
Generation 800 | Best fitness (Train): 2271973376.00 | Best fitness in generation (Train): 2351112192.00 | Mean fitness (Train): 2583726080.00 | Mean fitness (Test): 595186304.00
Generation 900 | Best fitness (Train): 1936072448.00 | Best fitness in generation (Train): 2001566720.00 | Mean fitness (Train): 2143762176.00 | Mean fitness (Test): 514938304.00
Generation 1000 | Best fitness (Train): 1603325696.00 | Best fitness in generation (Train): 1683496064.00 | Mean fitness (Train): 1802477184.00 | Mean fitness (Test): 454071296.00
Generation 1100 | Best fitness (Train): 1371776768.00 | Best fitness in generation (Train): 1422119552.00 | Mean fitness (Train): 1533104000.00 | Mean fitness (Test): 407963552.00
Generation 1200 | Best fitness (Train): 1150414208.00 | Best fitness in generation (Train): 1167682432.00 | Mean fitness (Train): 1285357184.00 | Mean fitness (Test): 355394784.00
Generation 1300 | Best fitness (Train): 998688256.00 | Best fitness in generation (Train): 1012916928.00 | Mean fitness (Train): 1091839104.00 | Mean fitness (Test): 316726816.00
Generation 1400 | Best fitness (Train): 849832896.00 | Best fitness in generation (Train): 855111936.00 | Mean fitness (Train): 928514240.00 | Mean fitness (Test): 285206656.00
Generation 1500 | Best fitness (Train): 721836224.00 | Best fitness in generation (Train): 725897344.00 | Mean fitness (Train): 794587584.00 | Mean fitness (Test): 257382224.00
Generation 1600 | Best fitness (Train): 617362752.00 | Best fitness in generation (Train): 626200000.00 | Mean fitness (Train): 673426752.00 | Mean fitness (Test): 227836448.00
Generation 1700 | Best fitness (Train): 534467200.00 | Best fitness in generation (Train): 537375808.00 | Mean fitness (Train): 582705792.00 | Mean fitness (Test): 210128128.00
Generation 1800 | Best fitness (Train): 459530016.00 | Best fitness in generation (Train): 459530016.00 | Mean fitness (Train): 500715296.00 | Mean fitness (Test): 192319568.00
Generation 1900 | Best fitness (Train): 402830080.00 | Best fitness in generation (Train): 404508128.00 | Mean fitness (Train): 433306176.00 | Mean fitness (Test): 174648912.00
Generation 2000 | Best fitness (Train): 346651264.00 | Best fitness in generation (Train): 349472608.00 | Mean fitness (Train): 372831712.00 | Mean fitness (Test): 158957776.00
Generation 2100 | Best fitness (Train): 301035872.00 | Best fitness in generation (Train): 304398048.00 | Mean fitness (Train): 326631584.00 | Mean fitness (Test): 148337520.00
Generation 2200 | Best fitness (Train): 262512896.00 | Best fitness in generation (Train): 262512896.00 | Mean fitness (Train): 283173344.00 | Mean fitness (Test): 135215408.00
Generation 2300 | Best fitness (Train): 232185424.00 | Best fitness in generation (Train): 235298528.00 | Mean fitness (Train): 248829056.00 | Mean fitness (Test): 126530144.00
Generation 2400 | Best fitness (Train): 205041632.00 | Best fitness in generation (Train): 206533200.00 | Mean fitness (Train): 218433008.00 | Mean fitness (Test): 116018920.00
Generation 2500 | Best fitness (Train): 183852384.00 | Best fitness in generation (Train): 186414160.00 | Mean fitness (Train): 195812688.00 | Mean fitness (Test): 108083968.00
Generation 2600 | Best fitness (Train): 164912464.00 | Best fitness in generation (Train): 164912464.00 | Mean fitness (Train): 175704416.00 | Mean fitness (Test): 100906432.00
Generation 2700 | Best fitness (Train): 151833680.00 | Best fitness in generation (Train): 152302320.00 | Mean fitness (Train): 159191088.00 | Mean fitness (Test): 94197096.00
Generation 2800 | Best fitness (Train): 137178768.00 | Best fitness in generation (Train): 140351056.00 | Mean fitness (Train): 146497184.00 | Mean fitness (Test): 88853984.00
Generation 2900 | Best fitness (Train): 128828792.00 | Best fitness in generation (Train): 130620576.00 | Mean fitness (Train): 135423184.00 | Mean fitness (Test): 84744328.00
Generation 3000 | Best fitness (Train): 119743128.00 | Best fitness in generation (Train): 120373640.00 | Mean fitness (Train): 125501416.00 | Mean fitness (Test): 80467200.00
Generation 3100 | Best fitness (Train): 110722880.00 | Best fitness in generation (Train): 110798296.00 | Mean fitness (Train): 115707192.00 | Mean fitness (Test): 76157024.00
Generation 3200 | Best fitness (Train): 103157680.00 | Best fitness in generation (Train): 103624512.00 | Mean fitness (Train): 107304688.00 | Mean fitness (Test): 72546384.00
Generation 3300 | Best fitness (Train): 96233536.00 | Best fitness in generation (Train): 97223336.00 | Mean fitness (Train): 100335440.00 | Mean fitness (Test): 69549224.00
Generation 3400 | Best fitness (Train): 89881792.00 | Best fitness in generation (Train): 91043520.00 | Mean fitness (Train): 93824712.00 | Mean fitness (Test): 66462644.00
Generation 3500 | Best fitness (Train): 84734856.00 | Best fitness in generation (Train): 84734856.00 | Mean fitness (Train): 88335432.00 | Mean fitness (Test): 63920208.00
Generation 3600 | Best fitness (Train): 80172048.00 | Best fitness in generation (Train): 80172048.00 | Mean fitness (Train): 82731328.00 | Mean fitness (Test): 61326652.00
Generation 3700 | Best fitness (Train): 75305392.00 | Best fitness in generation (Train): 75305392.00 | Mean fitness (Train): 77740512.00 | Mean fitness (Test): 58982748.00
Generation 3800 | Best fitness (Train): 70807248.00 | Best fitness in generation (Train): 71191552.00 | Mean fitness (Train): 73141520.00 | Mean fitness (Test): 56709084.00
Generation 3900 | Best fitness (Train): 68094208.00 | Best fitness in generation (Train): 68202400.00 | Mean fitness (Train): 69840432.00 | Mean fitness (Test): 54708436.00
Generation 4000 | Best fitness (Train): 64911852.00 | Best fitness in generation (Train): 65119756.00 | Mean fitness (Train): 66662404.00 | Mean fitness (Test): 53073912.00
running the experiment ... [../../results/BBOBProblem/ellipsoidal/Sep_CMA_ES_500_10000/4]
Generation 100 | Best fitness (Train): 7710005248.00 | Best fitness in generation (Train): 7710005248.00 | Mean fitness (Train): 7760631808.00 | Mean fitness (Test): 7726999040.00
Generation 200 | Best fitness (Train): 4881008640.00 | Best fitness in generation (Train): 4881008640.00 | Mean fitness (Train): 4978710528.00 | Mean fitness (Test): 4839810048.00
Generation 300 | Best fitness (Train): 2141886464.00 | Best fitness in generation (Train): 2199415040.00 | Mean fitness (Train): 2357987584.00 | Mean fitness (Test): 1096542208.00
Generation 400 | Best fitness (Train): 2141886464.00 | Best fitness in generation (Train): 3701360640.00 | Mean fitness (Train): 4050699520.00 | Mean fitness (Test): 769230656.00
Generation 500 | Best fitness (Train): 2141886464.00 | Best fitness in generation (Train): 3678912000.00 | Mean fitness (Train): 4031393792.00 | Mean fitness (Test): 766220480.00
Generation 600 | Best fitness (Train): 2141886464.00 | Best fitness in generation (Train): 3121581568.00 | Mean fitness (Train): 3456947200.00 | Mean fitness (Test): 716468416.00
Generation 700 | Best fitness (Train): 2141886464.00 | Best fitness in generation (Train): 2588726784.00 | Mean fitness (Train): 2900739840.00 | Mean fitness (Test): 627395392.00
Generation 800 | Best fitness (Train): 2141886464.00 | Best fitness in generation (Train): 2244772352.00 | Mean fitness (Train): 2440858112.00 | Mean fitness (Test): 563427520.00
Generation 900 | Best fitness (Train): 1818445824.00 | Best fitness in generation (Train): 1818445824.00 | Mean fitness (Train): 2047866112.00 | Mean fitness (Test): 493911840.00
Generation 1000 | Best fitness (Train): 1529269760.00 | Best fitness in generation (Train): 1557318144.00 | Mean fitness (Train): 1712187008.00 | Mean fitness (Test): 446369600.00
Generation 1100 | Best fitness (Train): 1304239232.00 | Best fitness in generation (Train): 1343095808.00 | Mean fitness (Train): 1459010816.00 | Mean fitness (Test): 391236544.00
Generation 1200 | Best fitness (Train): 1110333440.00 | Best fitness in generation (Train): 1131471872.00 | Mean fitness (Train): 1225352832.00 | Mean fitness (Test): 343924704.00
Generation 1300 | Best fitness (Train): 933112384.00 | Best fitness in generation (Train): 959019712.00 | Mean fitness (Train): 1041410112.00 | Mean fitness (Test): 308580256.00
Generation 1400 | Best fitness (Train): 818442304.00 | Best fitness in generation (Train): 818442304.00 | Mean fitness (Train): 902858944.00 | Mean fitness (Test): 282018912.00
Generation 1500 | Best fitness (Train): 701266496.00 | Best fitness in generation (Train): 713289344.00 | Mean fitness (Train): 766059776.00 | Mean fitness (Test): 253359856.00
Generation 1600 | Best fitness (Train): 598437952.00 | Best fitness in generation (Train): 608271808.00 | Mean fitness (Train): 655001280.00 | Mean fitness (Test): 227252880.00
Generation 1700 | Best fitness (Train): 504529760.00 | Best fitness in generation (Train): 508265728.00 | Mean fitness (Train): 559294976.00 | Mean fitness (Test): 205612240.00
Generation 1800 | Best fitness (Train): 446688096.00 | Best fitness in generation (Train): 450969760.00 | Mean fitness (Train): 486083360.00 | Mean fitness (Test): 187828096.00
Generation 1900 | Best fitness (Train): 386397600.00 | Best fitness in generation (Train): 391317792.00 | Mean fitness (Train): 420655424.00 | Mean fitness (Test): 170852624.00
Generation 2000 | Best fitness (Train): 335060256.00 | Best fitness in generation (Train): 345261280.00 | Mean fitness (Train): 366878752.00 | Mean fitness (Test): 157909696.00
Generation 2100 | Best fitness (Train): 293841440.00 | Best fitness in generation (Train): 299412448.00 | Mean fitness (Train): 318966944.00 | Mean fitness (Test): 144202832.00
Generation 2200 | Best fitness (Train): 259446384.00 | Best fitness in generation (Train): 264723824.00 | Mean fitness (Train): 279373216.00 | Mean fitness (Test): 132893488.00
Generation 2300 | Best fitness (Train): 229782160.00 | Best fitness in generation (Train): 229782160.00 | Mean fitness (Train): 246814384.00 | Mean fitness (Test): 122842520.00
Generation 2400 | Best fitness (Train): 205547248.00 | Best fitness in generation (Train): 208496880.00 | Mean fitness (Train): 220973312.00 | Mean fitness (Test): 113895000.00
Generation 2500 | Best fitness (Train): 185830256.00 | Best fitness in generation (Train): 185830256.00 | Mean fitness (Train): 197337936.00 | Mean fitness (Test): 106007312.00
Generation 2600 | Best fitness (Train): 166711248.00 | Best fitness in generation (Train): 167403440.00 | Mean fitness (Train): 176928224.00 | Mean fitness (Test): 98766624.00
Generation 2700 | Best fitness (Train): 151430448.00 | Best fitness in generation (Train): 152322608.00 | Mean fitness (Train): 160030816.00 | Mean fitness (Test): 92465680.00
Generation 2800 | Best fitness (Train): 136709904.00 | Best fitness in generation (Train): 136709904.00 | Mean fitness (Train): 145314288.00 | Mean fitness (Test): 87039432.00
Generation 2900 | Best fitness (Train): 125477344.00 | Best fitness in generation (Train): 126646600.00 | Mean fitness (Train): 132545200.00 | Mean fitness (Test): 81929720.00
Generation 3000 | Best fitness (Train): 115082456.00 | Best fitness in generation (Train): 115082456.00 | Mean fitness (Train): 120910864.00 | Mean fitness (Test): 77067776.00
Generation 3100 | Best fitness (Train): 106657056.00 | Best fitness in generation (Train): 108249760.00 | Mean fitness (Train): 112130632.00 | Mean fitness (Test): 73307832.00
Generation 3200 | Best fitness (Train): 99735776.00 | Best fitness in generation (Train): 100753544.00 | Mean fitness (Train): 104494416.00 | Mean fitness (Test): 69591464.00
Generation 3300 | Best fitness (Train): 93201144.00 | Best fitness in generation (Train): 94193824.00 | Mean fitness (Train): 97591608.00 | Mean fitness (Test): 66587436.00
Generation 3400 | Best fitness (Train): 87559560.00 | Best fitness in generation (Train): 87559560.00 | Mean fitness (Train): 91350560.00 | Mean fitness (Test): 63916616.00
Generation 3500 | Best fitness (Train): 81588488.00 | Best fitness in generation (Train): 82414928.00 | Mean fitness (Train): 85067888.00 | Mean fitness (Test): 61061180.00
Generation 3600 | Best fitness (Train): 77373456.00 | Best fitness in generation (Train): 77718760.00 | Mean fitness (Train): 80083256.00 | Mean fitness (Test): 58790956.00
Generation 3700 | Best fitness (Train): 72897008.00 | Best fitness in generation (Train): 72946784.00 | Mean fitness (Train): 75374016.00 | Mean fitness (Test): 56536612.00
Generation 3800 | Best fitness (Train): 68786400.00 | Best fitness in generation (Train): 68967520.00 | Mean fitness (Train): 71160744.00 | Mean fitness (Test): 54329332.00
Generation 3900 | Best fitness (Train): 65429508.00 | Best fitness in generation (Train): 65559708.00 | Mean fitness (Train): 67313896.00 | Mean fitness (Test): 52244376.00
Generation 4000 | Best fitness (Train): 62148696.00 | Best fitness in generation (Train): 62429024.00 | Mean fitness (Train): 63986592.00 | Mean fitness (Test): 50542460.00
Running ES algorithms:  43%|█████████████████████████████████████████████████████████                                                                            | 3/7 [01:33<02:04, 31.23s/it][A
running the experiment ... [../../results/BBOBProblem/ellipsoidal/CMA_ES_500_10000/0]
Generation 100 | Best fitness (Train): 8183744000.00 | Best fitness in generation (Train): 8183744000.00 | Mean fitness (Train): 8235561472.00 | Mean fitness (Test): 8202438656.00
Generation 200 | Best fitness (Train): 5173326336.00 | Best fitness in generation (Train): 5173326336.00 | Mean fitness (Train): 5270942208.00 | Mean fitness (Test): 5125003264.00
Generation 300 | Best fitness (Train): 2212897280.00 | Best fitness in generation (Train): 2245762048.00 | Mean fitness (Train): 2437121280.00 | Mean fitness (Test): 1132968192.00
Generation 400 | Best fitness (Train): 2212897280.00 | Best fitness in generation (Train): 3828755968.00 | Mean fitness (Train): 4147462400.00 | Mean fitness (Test): 765707776.00
Generation 500 | Best fitness (Train): 2212897280.00 | Best fitness in generation (Train): 3726813696.00 | Mean fitness (Train): 4110268672.00 | Mean fitness (Test): 753630976.00
Generation 600 | Best fitness (Train): 2212897280.00 | Best fitness in generation (Train): 3231442688.00 | Mean fitness (Train): 3501323776.00 | Mean fitness (Test): 722828416.00
Generation 700 | Best fitness (Train): 2212897280.00 | Best fitness in generation (Train): 2605976064.00 | Mean fitness (Train): 2869857024.00 | Mean fitness (Test): 616521728.00
Generation 800 | Best fitness (Train): 2153371392.00 | Best fitness in generation (Train): 2180459264.00 | Mean fitness (Train): 2377639168.00 | Mean fitness (Test): 534680448.00
Generation 900 | Best fitness (Train): 1771622400.00 | Best fitness in generation (Train): 1818560256.00 | Mean fitness (Train): 1977789824.00 | Mean fitness (Test): 475625504.00
Generation 1000 | Best fitness (Train): 1472565632.00 | Best fitness in generation (Train): 1511105152.00 | Mean fitness (Train): 1640816640.00 | Mean fitness (Test): 421370016.00
Generation 1100 | Best fitness (Train): 1246928640.00 | Best fitness in generation (Train): 1246928640.00 | Mean fitness (Train): 1361439360.00 | Mean fitness (Test): 374708256.00
Generation 1200 | Best fitness (Train): 1049571520.00 | Best fitness in generation (Train): 1083489408.00 | Mean fitness (Train): 1171766912.00 | Mean fitness (Test): 337873888.00
Generation 1300 | Best fitness (Train): 931005248.00 | Best fitness in generation (Train): 934705280.00 | Mean fitness (Train): 1012664448.00 | Mean fitness (Test): 305119520.00
Generation 1400 | Best fitness (Train): 796162624.00 | Best fitness in generation (Train): 808987584.00 | Mean fitness (Train): 878937280.00 | Mean fitness (Test): 276232224.00
Generation 1500 | Best fitness (Train): 683936576.00 | Best fitness in generation (Train): 688231616.00 | Mean fitness (Train): 747494272.00 | Mean fitness (Test): 245155936.00
Generation 1600 | Best fitness (Train): 587047744.00 | Best fitness in generation (Train): 598368064.00 | Mean fitness (Train): 641428864.00 | Mean fitness (Test): 222184512.00
Generation 1700 | Best fitness (Train): 512607776.00 | Best fitness in generation (Train): 524352704.00 | Mean fitness (Train): 563828352.00 | Mean fitness (Test): 206907120.00
Generation 1800 | Best fitness (Train): 443891872.00 | Best fitness in generation (Train): 446727328.00 | Mean fitness (Train): 482922400.00 | Mean fitness (Test): 187592560.00
Generation 1900 | Best fitness (Train): 379411488.00 | Best fitness in generation (Train): 388836416.00 | Mean fitness (Train): 416568096.00 | Mean fitness (Test): 169205824.00
Generation 2000 | Best fitness (Train): 332681984.00 | Best fitness in generation (Train): 336074144.00 | Mean fitness (Train): 359757984.00 | Mean fitness (Test): 154682224.00
Generation 2100 | Best fitness (Train): 285413280.00 | Best fitness in generation (Train): 293262432.00 | Mean fitness (Train): 314636064.00 | Mean fitness (Test): 141763760.00
Generation 2200 | Best fitness (Train): 258364176.00 | Best fitness in generation (Train): 261586448.00 | Mean fitness (Train): 279214080.00 | Mean fitness (Test): 130061792.00
Generation 2300 | Best fitness (Train): 229790224.00 | Best fitness in generation (Train): 231239376.00 | Mean fitness (Train): 247789936.00 | Mean fitness (Test): 121640480.00
Generation 2400 | Best fitness (Train): 203508752.00 | Best fitness in generation (Train): 206219856.00 | Mean fitness (Train): 218665376.00 | Mean fitness (Test): 112459200.00
Generation 2500 | Best fitness (Train): 181018544.00 | Best fitness in generation (Train): 182621200.00 | Mean fitness (Train): 194657488.00 | Mean fitness (Test): 105299792.00
Generation 2600 | Best fitness (Train): 165108464.00 | Best fitness in generation (Train): 167358736.00 | Mean fitness (Train): 175538880.00 | Mean fitness (Test): 98113472.00
Generation 2700 | Best fitness (Train): 150483216.00 | Best fitness in generation (Train): 151771872.00 | Mean fitness (Train): 159132112.00 | Mean fitness (Test): 91569680.00
Generation 2800 | Best fitness (Train): 138164656.00 | Best fitness in generation (Train): 138794480.00 | Mean fitness (Train): 145457232.00 | Mean fitness (Test): 85924992.00
Generation 2900 | Best fitness (Train): 125555256.00 | Best fitness in generation (Train): 125555256.00 | Mean fitness (Train): 132546040.00 | Mean fitness (Test): 80089264.00
Generation 3000 | Best fitness (Train): 115278544.00 | Best fitness in generation (Train): 116633984.00 | Mean fitness (Train): 121822376.00 | Mean fitness (Test): 75776368.00
Generation 3100 | Best fitness (Train): 106563840.00 | Best fitness in generation (Train): 107528960.00 | Mean fitness (Train): 111799896.00 | Mean fitness (Test): 72109264.00
Generation 3200 | Best fitness (Train): 97765840.00 | Best fitness in generation (Train): 99661352.00 | Mean fitness (Train): 103353288.00 | Mean fitness (Test): 68595088.00
Generation 3300 | Best fitness (Train): 91044968.00 | Best fitness in generation (Train): 91482944.00 | Mean fitness (Train): 95901488.00 | Mean fitness (Test): 65232756.00
Generation 3400 | Best fitness (Train): 85852720.00 | Best fitness in generation (Train): 85852720.00 | Mean fitness (Train): 89766600.00 | Mean fitness (Test): 62147804.00
Generation 3500 | Best fitness (Train): 80812352.00 | Best fitness in generation (Train): 81657720.00 | Mean fitness (Train): 84414848.00 | Mean fitness (Test): 59547740.00
Generation 3600 | Best fitness (Train): 75955816.00 | Best fitness in generation (Train): 76196912.00 | Mean fitness (Train): 79039200.00 | Mean fitness (Test): 56936936.00
Generation 3700 | Best fitness (Train): 71764784.00 | Best fitness in generation (Train): 72544312.00 | Mean fitness (Train): 74622848.00 | Mean fitness (Test): 54766704.00
Generation 3800 | Best fitness (Train): 68113336.00 | Best fitness in generation (Train): 68502632.00 | Mean fitness (Train): 70429952.00 | Mean fitness (Test): 52915404.00
Generation 3900 | Best fitness (Train): 64538344.00 | Best fitness in generation (Train): 64978208.00 | Mean fitness (Train): 66537536.00 | Mean fitness (Test): 50948640.00
Generation 4000 | Best fitness (Train): 61155516.00 | Best fitness in generation (Train): 61240296.00 | Mean fitness (Train): 62953208.00 | Mean fitness (Test): 49114564.00
running the experiment ... [../../results/BBOBProblem/ellipsoidal/CMA_ES_500_10000/1]
Generation 100 | Best fitness (Train): 7898058752.00 | Best fitness in generation (Train): 7898058752.00 | Mean fitness (Train): 7953201664.00 | Mean fitness (Test): 7919330304.00
Generation 200 | Best fitness (Train): 4944995328.00 | Best fitness in generation (Train): 4944995328.00 | Mean fitness (Train): 5062578688.00 | Mean fitness (Test): 4915794944.00
Generation 300 | Best fitness (Train): 2208036352.00 | Best fitness in generation (Train): 2304999936.00 | Mean fitness (Train): 2451529216.00 | Mean fitness (Test): 1125658624.00
Generation 400 | Best fitness (Train): 2208036352.00 | Best fitness in generation (Train): 3748872704.00 | Mean fitness (Train): 4060654336.00 | Mean fitness (Test): 759352192.00
Generation 500 | Best fitness (Train): 2208036352.00 | Best fitness in generation (Train): 3781912576.00 | Mean fitness (Train): 4080976128.00 | Mean fitness (Test): 772092736.00
Generation 600 | Best fitness (Train): 2208036352.00 | Best fitness in generation (Train): 3207737600.00 | Mean fitness (Train): 3511084032.00 | Mean fitness (Test): 690728768.00
Generation 700 | Best fitness (Train): 2208036352.00 | Best fitness in generation (Train): 2658205952.00 | Mean fitness (Train): 2931504128.00 | Mean fitness (Test): 643603776.00
Generation 800 | Best fitness (Train): 2192270336.00 | Best fitness in generation (Train): 2224663552.00 | Mean fitness (Train): 2445320704.00 | Mean fitness (Test): 560451136.00
Generation 900 | Best fitness (Train): 1862781056.00 | Best fitness in generation (Train): 1862781056.00 | Mean fitness (Train): 2076882048.00 | Mean fitness (Test): 503119456.00
Generation 1000 | Best fitness (Train): 1554669696.00 | Best fitness in generation (Train): 1554669696.00 | Mean fitness (Train): 1729066496.00 | Mean fitness (Test): 449709792.00
Generation 1100 | Best fitness (Train): 1316890624.00 | Best fitness in generation (Train): 1334976000.00 | Mean fitness (Train): 1454044672.00 | Mean fitness (Test): 395159072.00
Generation 1200 | Best fitness (Train): 1118241792.00 | Best fitness in generation (Train): 1126804480.00 | Mean fitness (Train): 1224640896.00 | Mean fitness (Test): 347313824.00
Generation 1300 | Best fitness (Train): 941791936.00 | Best fitness in generation (Train): 941791936.00 | Mean fitness (Train): 1038992576.00 | Mean fitness (Test): 304352000.00
Generation 1400 | Best fitness (Train): 796198592.00 | Best fitness in generation (Train): 822148160.00 | Mean fitness (Train): 892142464.00 | Mean fitness (Test): 271940384.00
Generation 1500 | Best fitness (Train): 700333760.00 | Best fitness in generation (Train): 718295360.00 | Mean fitness (Train): 770751488.00 | Mean fitness (Test): 246352096.00
Generation 1600 | Best fitness (Train): 599246592.00 | Best fitness in generation (Train): 599246592.00 | Mean fitness (Train): 662907712.00 | Mean fitness (Test): 222368576.00
Generation 1700 | Best fitness (Train): 514028832.00 | Best fitness in generation (Train): 515809632.00 | Mean fitness (Train): 565761024.00 | Mean fitness (Test): 199063104.00
Generation 1800 | Best fitness (Train): 449732928.00 | Best fitness in generation (Train): 451040256.00 | Mean fitness (Train): 488626944.00 | Mean fitness (Test): 182741232.00
Generation 1900 | Best fitness (Train): 379411552.00 | Best fitness in generation (Train): 397251968.00 | Mean fitness (Train): 425044160.00 | Mean fitness (Test): 169760304.00
Generation 2000 | Best fitness (Train): 338695520.00 | Best fitness in generation (Train): 338796832.00 | Mean fitness (Train): 365607936.00 | Mean fitness (Test): 155000368.00
Generation 2100 | Best fitness (Train): 299773728.00 | Best fitness in generation (Train): 302450944.00 | Mean fitness (Train): 323963936.00 | Mean fitness (Test): 142146384.00
Generation 2200 | Best fitness (Train): 269462144.00 | Best fitness in generation (Train): 272791232.00 | Mean fitness (Train): 291501952.00 | Mean fitness (Test): 133636944.00
Generation 2300 | Best fitness (Train): 239745712.00 | Best fitness in generation (Train): 239745712.00 | Mean fitness (Train): 257868208.00 | Mean fitness (Test): 123334720.00
Generation 2400 | Best fitness (Train): 211591584.00 | Best fitness in generation (Train): 213422224.00 | Mean fitness (Train): 226645328.00 | Mean fitness (Test): 113914608.00
Generation 2500 | Best fitness (Train): 189818608.00 | Best fitness in generation (Train): 189818608.00 | Mean fitness (Train): 202570272.00 | Mean fitness (Test): 105836128.00
Generation 2600 | Best fitness (Train): 170178672.00 | Best fitness in generation (Train): 172502016.00 | Mean fitness (Train): 180713392.00 | Mean fitness (Test): 98838792.00
Generation 2700 | Best fitness (Train): 153734640.00 | Best fitness in generation (Train): 155525424.00 | Mean fitness (Train): 163524160.00 | Mean fitness (Test): 91609848.00
Generation 2800 | Best fitness (Train): 142621520.00 | Best fitness in generation (Train): 142630544.00 | Mean fitness (Train): 150422192.00 | Mean fitness (Test): 86756648.00
Generation 2900 | Best fitness (Train): 130040920.00 | Best fitness in generation (Train): 130040920.00 | Mean fitness (Train): 137142656.00 | Mean fitness (Test): 82110784.00
Generation 3000 | Best fitness (Train): 118616384.00 | Best fitness in generation (Train): 121458000.00 | Mean fitness (Train): 126484824.00 | Mean fitness (Test): 77858984.00
Generation 3100 | Best fitness (Train): 110627096.00 | Best fitness in generation (Train): 111655120.00 | Mean fitness (Train): 116399408.00 | Mean fitness (Test): 73939120.00
Generation 3200 | Best fitness (Train): 102679768.00 | Best fitness in generation (Train): 103189832.00 | Mean fitness (Train): 107441656.00 | Mean fitness (Test): 70606704.00
Generation 3300 | Best fitness (Train): 94725128.00 | Best fitness in generation (Train): 94725128.00 | Mean fitness (Train): 99400976.00 | Mean fitness (Test): 67274032.00
Generation 3400 | Best fitness (Train): 89026200.00 | Best fitness in generation (Train): 90144576.00 | Mean fitness (Train): 93222904.00 | Mean fitness (Test): 64280144.00
Generation 3500 | Best fitness (Train): 83518880.00 | Best fitness in generation (Train): 83900600.00 | Mean fitness (Train): 86868352.00 | Mean fitness (Test): 61526468.00
Generation 3600 | Best fitness (Train): 78247232.00 | Best fitness in generation (Train): 78978208.00 | Mean fitness (Train): 81562608.00 | Mean fitness (Test): 59039212.00
Generation 3700 | Best fitness (Train): 74110624.00 | Best fitness in generation (Train): 74110624.00 | Mean fitness (Train): 77005968.00 | Mean fitness (Test): 56724804.00
Generation 3800 | Best fitness (Train): 70783080.00 | Best fitness in generation (Train): 71200736.00 | Mean fitness (Train): 73300904.00 | Mean fitness (Test): 54581328.00
Generation 3900 | Best fitness (Train): 67538184.00 | Best fitness in generation (Train): 67762400.00 | Mean fitness (Train): 69701472.00 | Mean fitness (Test): 52844456.00
Generation 4000 | Best fitness (Train): 63948188.00 | Best fitness in generation (Train): 64014144.00 | Mean fitness (Train): 65963416.00 | Mean fitness (Test): 50922964.00
running the experiment ... [../../results/BBOBProblem/ellipsoidal/CMA_ES_500_10000/2]
Generation 100 | Best fitness (Train): 7707255808.00 | Best fitness in generation (Train): 7707255808.00 | Mean fitness (Train): 7757828096.00 | Mean fitness (Test): 7723803136.00
Generation 200 | Best fitness (Train): 4913625600.00 | Best fitness in generation (Train): 4913625600.00 | Mean fitness (Train): 5002477568.00 | Mean fitness (Test): 4863090688.00
Generation 300 | Best fitness (Train): 2182702848.00 | Best fitness in generation (Train): 2273427968.00 | Mean fitness (Train): 2417152256.00 | Mean fitness (Test): 1148086016.00
Generation 400 | Best fitness (Train): 2182702848.00 | Best fitness in generation (Train): 3760001024.00 | Mean fitness (Train): 4103936256.00 | Mean fitness (Test): 800453952.00
Generation 500 | Best fitness (Train): 2182702848.00 | Best fitness in generation (Train): 3688477184.00 | Mean fitness (Train): 4075372032.00 | Mean fitness (Test): 783260864.00
Generation 600 | Best fitness (Train): 2182702848.00 | Best fitness in generation (Train): 3118102528.00 | Mean fitness (Train): 3471802624.00 | Mean fitness (Test): 708968640.00
Generation 700 | Best fitness (Train): 2182702848.00 | Best fitness in generation (Train): 2685299968.00 | Mean fitness (Train): 2948593664.00 | Mean fitness (Test): 641342976.00
Generation 800 | Best fitness (Train): 2182702848.00 | Best fitness in generation (Train): 2278513152.00 | Mean fitness (Train): 2459048704.00 | Mean fitness (Test): 570286720.00
Generation 900 | Best fitness (Train): 1810988032.00 | Best fitness in generation (Train): 1810988032.00 | Mean fitness (Train): 2048729088.00 | Mean fitness (Test): 509156576.00
Generation 1000 | Best fitness (Train): 1532130048.00 | Best fitness in generation (Train): 1532130048.00 | Mean fitness (Train): 1686823040.00 | Mean fitness (Test): 447249600.00
Generation 1100 | Best fitness (Train): 1298626688.00 | Best fitness in generation (Train): 1318468224.00 | Mean fitness (Train): 1431122944.00 | Mean fitness (Test): 384335520.00
Generation 1200 | Best fitness (Train): 1087709568.00 | Best fitness in generation (Train): 1100672768.00 | Mean fitness (Train): 1204206720.00 | Mean fitness (Test): 336624448.00
Generation 1300 | Best fitness (Train): 928759104.00 | Best fitness in generation (Train): 928759104.00 | Mean fitness (Train): 1027797120.00 | Mean fitness (Test): 308535712.00
Generation 1400 | Best fitness (Train): 807381824.00 | Best fitness in generation (Train): 811312064.00 | Mean fitness (Train): 878684608.00 | Mean fitness (Test): 273091488.00
Generation 1500 | Best fitness (Train): 690437184.00 | Best fitness in generation (Train): 690437184.00 | Mean fitness (Train): 753064256.00 | Mean fitness (Test): 251174640.00
Generation 1600 | Best fitness (Train): 576584320.00 | Best fitness in generation (Train): 589711296.00 | Mean fitness (Train): 636803584.00 | Mean fitness (Test): 222420400.00
Generation 1700 | Best fitness (Train): 502744512.00 | Best fitness in generation (Train): 511360864.00 | Mean fitness (Train): 546871232.00 | Mean fitness (Test): 201247200.00
Generation 1800 | Best fitness (Train): 440350688.00 | Best fitness in generation (Train): 450711200.00 | Mean fitness (Train): 481023392.00 | Mean fitness (Test): 186701552.00
Generation 1900 | Best fitness (Train): 377942688.00 | Best fitness in generation (Train): 385415520.00 | Mean fitness (Train): 418060576.00 | Mean fitness (Test): 172292656.00
Generation 2000 | Best fitness (Train): 337565472.00 | Best fitness in generation (Train): 339037312.00 | Mean fitness (Train): 361771776.00 | Mean fitness (Test): 156400144.00
Generation 2100 | Best fitness (Train): 294036512.00 | Best fitness in generation (Train): 296991840.00 | Mean fitness (Train): 316332704.00 | Mean fitness (Test): 144489904.00
Generation 2200 | Best fitness (Train): 255866848.00 | Best fitness in generation (Train): 255866848.00 | Mean fitness (Train): 277670112.00 | Mean fitness (Test): 132210648.00
Generation 2300 | Best fitness (Train): 225917168.00 | Best fitness in generation (Train): 225917168.00 | Mean fitness (Train): 245240208.00 | Mean fitness (Test): 123075808.00
Generation 2400 | Best fitness (Train): 206023152.00 | Best fitness in generation (Train): 207273392.00 | Mean fitness (Train): 219078576.00 | Mean fitness (Test): 114818448.00
Generation 2500 | Best fitness (Train): 184362976.00 | Best fitness in generation (Train): 185557040.00 | Mean fitness (Train): 195718832.00 | Mean fitness (Test): 106908792.00
Generation 2600 | Best fitness (Train): 163631968.00 | Best fitness in generation (Train): 165942320.00 | Mean fitness (Train): 174849952.00 | Mean fitness (Test): 99707336.00
Generation 2700 | Best fitness (Train): 151621008.00 | Best fitness in generation (Train): 153130992.00 | Mean fitness (Train): 159587552.00 | Mean fitness (Test): 94047456.00
Generation 2800 | Best fitness (Train): 138525168.00 | Best fitness in generation (Train): 140191712.00 | Mean fitness (Train): 146781856.00 | Mean fitness (Test): 89016800.00
Generation 2900 | Best fitness (Train): 126518920.00 | Best fitness in generation (Train): 126518920.00 | Mean fitness (Train): 133906896.00 | Mean fitness (Test): 84066448.00
Generation 3000 | Best fitness (Train): 117845712.00 | Best fitness in generation (Train): 118672016.00 | Mean fitness (Train): 123530760.00 | Mean fitness (Test): 79842416.00
Generation 3100 | Best fitness (Train): 109482464.00 | Best fitness in generation (Train): 109482464.00 | Mean fitness (Train): 114056320.00 | Mean fitness (Test): 75404128.00
Generation 3200 | Best fitness (Train): 101778960.00 | Best fitness in generation (Train): 102800992.00 | Mean fitness (Train): 106114600.00 | Mean fitness (Test): 72031632.00
Generation 3300 | Best fitness (Train): 94822352.00 | Best fitness in generation (Train): 95641280.00 | Mean fitness (Train): 98883024.00 | Mean fitness (Test): 69090632.00
Generation 3400 | Best fitness (Train): 89171200.00 | Best fitness in generation (Train): 89897296.00 | Mean fitness (Train): 92512624.00 | Mean fitness (Test): 66070300.00
Generation 3500 | Best fitness (Train): 83571256.00 | Best fitness in generation (Train): 84292448.00 | Mean fitness (Train): 87004360.00 | Mean fitness (Test): 63236212.00
Generation 3600 | Best fitness (Train): 79542512.00 | Best fitness in generation (Train): 79904592.00 | Mean fitness (Train): 82224888.00 | Mean fitness (Test): 60610620.00
Generation 3700 | Best fitness (Train): 75125376.00 | Best fitness in generation (Train): 75345272.00 | Mean fitness (Train): 77374960.00 | Mean fitness (Test): 58390324.00
Generation 3800 | Best fitness (Train): 71031160.00 | Best fitness in generation (Train): 71044432.00 | Mean fitness (Train): 72947816.00 | Mean fitness (Test): 56022972.00
Generation 3900 | Best fitness (Train): 67538568.00 | Best fitness in generation (Train): 67538568.00 | Mean fitness (Train): 69259512.00 | Mean fitness (Test): 54115592.00
Generation 4000 | Best fitness (Train): 63981244.00 | Best fitness in generation (Train): 64057124.00 | Mean fitness (Train): 65654116.00 | Mean fitness (Test): 52135828.00
running the experiment ... [../../results/BBOBProblem/ellipsoidal/CMA_ES_500_10000/3]
Generation 100 | Best fitness (Train): 8140214784.00 | Best fitness in generation (Train): 8140214784.00 | Mean fitness (Train): 8190704128.00 | Mean fitness (Test): 8155347968.00
Generation 200 | Best fitness (Train): 5198222336.00 | Best fitness in generation (Train): 5198222336.00 | Mean fitness (Train): 5288953856.00 | Mean fitness (Test): 5149739008.00
Generation 300 | Best fitness (Train): 2243797504.00 | Best fitness in generation (Train): 2316168448.00 | Mean fitness (Train): 2479473664.00 | Mean fitness (Test): 1170534784.00
Generation 400 | Best fitness (Train): 2243797504.00 | Best fitness in generation (Train): 3857626624.00 | Mean fitness (Train): 4302495744.00 | Mean fitness (Test): 802687168.00
Generation 500 | Best fitness (Train): 2243797504.00 | Best fitness in generation (Train): 3895500800.00 | Mean fitness (Train): 4242394112.00 | Mean fitness (Test): 785723968.00
Generation 600 | Best fitness (Train): 2243797504.00 | Best fitness in generation (Train): 3225203200.00 | Mean fitness (Train): 3651043328.00 | Mean fitness (Test): 734469312.00
Generation 700 | Best fitness (Train): 2243797504.00 | Best fitness in generation (Train): 2771161344.00 | Mean fitness (Train): 3091182080.00 | Mean fitness (Test): 659919104.00
Generation 800 | Best fitness (Train): 2243797504.00 | Best fitness in generation (Train): 2315403520.00 | Mean fitness (Train): 2589249280.00 | Mean fitness (Test): 581298816.00
Generation 900 | Best fitness (Train): 1959132416.00 | Best fitness in generation (Train): 1995246080.00 | Mean fitness (Train): 2167463680.00 | Mean fitness (Test): 509210496.00
Generation 1000 | Best fitness (Train): 1683048832.00 | Best fitness in generation (Train): 1683048832.00 | Mean fitness (Train): 1843382528.00 | Mean fitness (Test): 456042848.00
Generation 1100 | Best fitness (Train): 1412427776.00 | Best fitness in generation (Train): 1436731648.00 | Mean fitness (Train): 1570866176.00 | Mean fitness (Test): 411117152.00
Generation 1200 | Best fitness (Train): 1226144256.00 | Best fitness in generation (Train): 1242208512.00 | Mean fitness (Train): 1346247680.00 | Mean fitness (Test): 362937312.00
Generation 1300 | Best fitness (Train): 1069509952.00 | Best fitness in generation (Train): 1081088128.00 | Mean fitness (Train): 1169896320.00 | Mean fitness (Test): 333278208.00
Generation 1400 | Best fitness (Train): 904007744.00 | Best fitness in generation (Train): 904007744.00 | Mean fitness (Train): 987073728.00 | Mean fitness (Test): 292538208.00
Generation 1500 | Best fitness (Train): 763469568.00 | Best fitness in generation (Train): 764067392.00 | Mean fitness (Train): 844099008.00 | Mean fitness (Test): 263149248.00
Generation 1600 | Best fitness (Train): 673799616.00 | Best fitness in generation (Train): 684021696.00 | Mean fitness (Train): 736844864.00 | Mean fitness (Test): 241478848.00
Generation 1700 | Best fitness (Train): 582813760.00 | Best fitness in generation (Train): 585466496.00 | Mean fitness (Train): 640538432.00 | Mean fitness (Test): 219541520.00
Generation 1800 | Best fitness (Train): 512493920.00 | Best fitness in generation (Train): 515556480.00 | Mean fitness (Train): 562255040.00 | Mean fitness (Test): 206063872.00
Generation 1900 | Best fitness (Train): 438082912.00 | Best fitness in generation (Train): 443327200.00 | Mean fitness (Train): 477145248.00 | Mean fitness (Test): 183041424.00
Generation 2000 | Best fitness (Train): 379000224.00 | Best fitness in generation (Train): 382822432.00 | Mean fitness (Train): 409096384.00 | Mean fitness (Test): 165633360.00
Generation 2100 | Best fitness (Train): 328586272.00 | Best fitness in generation (Train): 332186464.00 | Mean fitness (Train): 355714432.00 | Mean fitness (Test): 154032144.00
Generation 2200 | Best fitness (Train): 281572416.00 | Best fitness in generation (Train): 288433952.00 | Mean fitness (Train): 310754688.00 | Mean fitness (Test): 141223488.00
Generation 2300 | Best fitness (Train): 253824992.00 | Best fitness in generation (Train): 256342080.00 | Mean fitness (Train): 273772800.00 | Mean fitness (Test): 129901344.00
Generation 2400 | Best fitness (Train): 225184656.00 | Best fitness in generation (Train): 225688112.00 | Mean fitness (Train): 240016800.00 | Mean fitness (Test): 120156000.00
Generation 2500 | Best fitness (Train): 201482352.00 | Best fitness in generation (Train): 203922128.00 | Mean fitness (Train): 214388640.00 | Mean fitness (Test): 112010032.00
Generation 2600 | Best fitness (Train): 179565328.00 | Best fitness in generation (Train): 182414352.00 | Mean fitness (Train): 191999840.00 | Mean fitness (Test): 104549120.00
Generation 2700 | Best fitness (Train): 162617344.00 | Best fitness in generation (Train): 164466640.00 | Mean fitness (Train): 172756144.00 | Mean fitness (Test): 97148568.00
Generation 2800 | Best fitness (Train): 147926544.00 | Best fitness in generation (Train): 148982864.00 | Mean fitness (Train): 156919504.00 | Mean fitness (Test): 91608864.00
Generation 2900 | Best fitness (Train): 135214496.00 | Best fitness in generation (Train): 136092288.00 | Mean fitness (Train): 141765792.00 | Mean fitness (Test): 86220432.00
Generation 3000 | Best fitness (Train): 123273280.00 | Best fitness in generation (Train): 124793896.00 | Mean fitness (Train): 130684064.00 | Mean fitness (Test): 82108728.00
Generation 3100 | Best fitness (Train): 113752080.00 | Best fitness in generation (Train): 115365264.00 | Mean fitness (Train): 119966240.00 | Mean fitness (Test): 77544816.00
Generation 3200 | Best fitness (Train): 105738256.00 | Best fitness in generation (Train): 107063432.00 | Mean fitness (Train): 111326504.00 | Mean fitness (Test): 74138928.00
Generation 3300 | Best fitness (Train): 99553272.00 | Best fitness in generation (Train): 99553272.00 | Mean fitness (Train): 103877576.00 | Mean fitness (Test): 70529040.00
Generation 3400 | Best fitness (Train): 92751392.00 | Best fitness in generation (Train): 93634408.00 | Mean fitness (Train): 96791032.00 | Mean fitness (Test): 67203968.00
Generation 3500 | Best fitness (Train): 87770248.00 | Best fitness in generation (Train): 88027040.00 | Mean fitness (Train): 90954288.00 | Mean fitness (Test): 64451596.00
Generation 3600 | Best fitness (Train): 81893312.00 | Best fitness in generation (Train): 82126784.00 | Mean fitness (Train): 85011224.00 | Mean fitness (Test): 61708420.00
Generation 3700 | Best fitness (Train): 77278104.00 | Best fitness in generation (Train): 77495312.00 | Mean fitness (Train): 80233880.00 | Mean fitness (Test): 59286348.00
Generation 3800 | Best fitness (Train): 72894096.00 | Best fitness in generation (Train): 73375808.00 | Mean fitness (Train): 75563832.00 | Mean fitness (Test): 56855092.00
Generation 3900 | Best fitness (Train): 69652448.00 | Best fitness in generation (Train): 69903744.00 | Mean fitness (Train): 71793440.00 | Mean fitness (Test): 54834484.00
Generation 4000 | Best fitness (Train): 66253204.00 | Best fitness in generation (Train): 66324256.00 | Mean fitness (Train): 68334480.00 | Mean fitness (Test): 52957424.00
running the experiment ... [../../results/BBOBProblem/ellipsoidal/CMA_ES_500_10000/4]
Generation 100 | Best fitness (Train): 7724418048.00 | Best fitness in generation (Train): 7724418048.00 | Mean fitness (Train): 7777494528.00 | Mean fitness (Test): 7743932928.00
Generation 200 | Best fitness (Train): 4922232320.00 | Best fitness in generation (Train): 4922232320.00 | Mean fitness (Train): 5020815872.00 | Mean fitness (Test): 4887668736.00
Generation 300 | Best fitness (Train): 2122707072.00 | Best fitness in generation (Train): 2171639296.00 | Mean fitness (Train): 2340596992.00 | Mean fitness (Test): 1108136576.00
Generation 400 | Best fitness (Train): 2122707072.00 | Best fitness in generation (Train): 3627218432.00 | Mean fitness (Train): 3945918208.00 | Mean fitness (Test): 743505984.00
Generation 500 | Best fitness (Train): 2122707072.00 | Best fitness in generation (Train): 3625559808.00 | Mean fitness (Train): 4008430336.00 | Mean fitness (Test): 764367040.00
Generation 600 | Best fitness (Train): 2122707072.00 | Best fitness in generation (Train): 3166350336.00 | Mean fitness (Train): 3446770176.00 | Mean fitness (Test): 700456064.00
Generation 700 | Best fitness (Train): 2122707072.00 | Best fitness in generation (Train): 2648541184.00 | Mean fitness (Train): 2871925504.00 | Mean fitness (Test): 620505024.00
Generation 800 | Best fitness (Train): 2122707072.00 | Best fitness in generation (Train): 2192489472.00 | Mean fitness (Train): 2419405568.00 | Mean fitness (Test): 549720448.00
Generation 900 | Best fitness (Train): 1805639680.00 | Best fitness in generation (Train): 1890116864.00 | Mean fitness (Train): 2035929728.00 | Mean fitness (Test): 492884960.00
Generation 1000 | Best fitness (Train): 1501360384.00 | Best fitness in generation (Train): 1501360384.00 | Mean fitness (Train): 1671272704.00 | Mean fitness (Test): 429812576.00
Generation 1100 | Best fitness (Train): 1301472896.00 | Best fitness in generation (Train): 1301472896.00 | Mean fitness (Train): 1423215360.00 | Mean fitness (Test): 389821088.00
Generation 1200 | Best fitness (Train): 1101178496.00 | Best fitness in generation (Train): 1107598208.00 | Mean fitness (Train): 1213453824.00 | Mean fitness (Test): 355173088.00
Generation 1300 | Best fitness (Train): 919681344.00 | Best fitness in generation (Train): 932705664.00 | Mean fitness (Train): 1017115968.00 | Mean fitness (Test): 310769216.00
Generation 1400 | Best fitness (Train): 803394624.00 | Best fitness in generation (Train): 812644544.00 | Mean fitness (Train): 879777536.00 | Mean fitness (Test): 279839648.00
Generation 1500 | Best fitness (Train): 696035328.00 | Best fitness in generation (Train): 702221632.00 | Mean fitness (Train): 756772480.00 | Mean fitness (Test): 251697840.00
Generation 1600 | Best fitness (Train): 591097664.00 | Best fitness in generation (Train): 603762368.00 | Mean fitness (Train): 645726208.00 | Mean fitness (Test): 225555632.00
Generation 1700 | Best fitness (Train): 506124384.00 | Best fitness in generation (Train): 516556704.00 | Mean fitness (Train): 555201600.00 | Mean fitness (Test): 206542416.00
Generation 1800 | Best fitness (Train): 439842528.00 | Best fitness in generation (Train): 445929696.00 | Mean fitness (Train): 477201184.00 | Mean fitness (Test): 184964176.00
Generation 1900 | Best fitness (Train): 379823264.00 | Best fitness in generation (Train): 379823264.00 | Mean fitness (Train): 410636928.00 | Mean fitness (Test): 167599360.00
Generation 2000 | Best fitness (Train): 323808608.00 | Best fitness in generation (Train): 330542112.00 | Mean fitness (Train): 351838016.00 | Mean fitness (Test): 154466672.00
Generation 2100 | Best fitness (Train): 280941536.00 | Best fitness in generation (Train): 280941536.00 | Mean fitness (Train): 304944800.00 | Mean fitness (Test): 141952816.00
Generation 2200 | Best fitness (Train): 247090160.00 | Best fitness in generation (Train): 251250096.00 | Mean fitness (Train): 268034480.00 | Mean fitness (Test): 130001000.00
Generation 2300 | Best fitness (Train): 224973200.00 | Best fitness in generation (Train): 226943680.00 | Mean fitness (Train): 241627872.00 | Mean fitness (Test): 120712816.00
Generation 2400 | Best fitness (Train): 199039088.00 | Best fitness in generation (Train): 202942016.00 | Mean fitness (Train): 215149744.00 | Mean fitness (Test): 111522536.00
Generation 2500 | Best fitness (Train): 180454864.00 | Best fitness in generation (Train): 182505040.00 | Mean fitness (Train): 193880800.00 | Mean fitness (Test): 104344912.00
Generation 2600 | Best fitness (Train): 164280592.00 | Best fitness in generation (Train): 165632816.00 | Mean fitness (Train): 174447472.00 | Mean fitness (Test): 96086720.00
Generation 2700 | Best fitness (Train): 149825456.00 | Best fitness in generation (Train): 149825456.00 | Mean fitness (Train): 158219056.00 | Mean fitness (Test): 90098768.00
Generation 2800 | Best fitness (Train): 134277936.00 | Best fitness in generation (Train): 136113568.00 | Mean fitness (Train): 142915968.00 | Mean fitness (Test): 84150032.00
Generation 2900 | Best fitness (Train): 124595872.00 | Best fitness in generation (Train): 124639520.00 | Mean fitness (Train): 130935176.00 | Mean fitness (Test): 79351256.00
Generation 3000 | Best fitness (Train): 114539680.00 | Best fitness in generation (Train): 115077888.00 | Mean fitness (Train): 120294312.00 | Mean fitness (Test): 74904840.00
Generation 3100 | Best fitness (Train): 105688400.00 | Best fitness in generation (Train): 106996320.00 | Mean fitness (Train): 110931432.00 | Mean fitness (Test): 71127488.00
Generation 3200 | Best fitness (Train): 98562544.00 | Best fitness in generation (Train): 98839472.00 | Mean fitness (Train): 102694096.00 | Mean fitness (Test): 67705744.00
Generation 3300 | Best fitness (Train): 92139664.00 | Best fitness in generation (Train): 92139664.00 | Mean fitness (Train): 95994440.00 | Mean fitness (Test): 64675284.00
Generation 3400 | Best fitness (Train): 85558248.00 | Best fitness in generation (Train): 85915664.00 | Mean fitness (Train): 89017432.00 | Mean fitness (Test): 61719992.00
Generation 3500 | Best fitness (Train): 79973040.00 | Best fitness in generation (Train): 80832784.00 | Mean fitness (Train): 83346272.00 | Mean fitness (Test): 59071572.00
Generation 3600 | Best fitness (Train): 74861288.00 | Best fitness in generation (Train): 74861288.00 | Mean fitness (Train): 77822544.00 | Mean fitness (Test): 56629692.00
Generation 3700 | Best fitness (Train): 70234576.00 | Best fitness in generation (Train): 70660336.00 | Mean fitness (Train): 72775432.00 | Mean fitness (Test): 54539756.00
Generation 3800 | Best fitness (Train): 67021612.00 | Best fitness in generation (Train): 67212680.00 | Mean fitness (Train): 69149944.00 | Mean fitness (Test): 52699540.00
Generation 3900 | Best fitness (Train): 63433292.00 | Best fitness in generation (Train): 63639692.00 | Mean fitness (Train): 65338004.00 | Mean fitness (Test): 50674908.00
Generation 4000 | Best fitness (Train): 59968396.00 | Best fitness in generation (Train): 60027460.00 | Mean fitness (Train): 61649652.00 | Mean fitness (Test): 48947292.00
Running ES algorithms:  57%|████████████████████████████████████████████████████████████████████████████                                                         | 4/7 [02:09<01:38, 32.77s/it][A
there is experiment results. [../../results/BBOBProblem/ellipsoidal/LearnedES_500_10000/0]
there is experiment results. [../../results/BBOBProblem/ellipsoidal/LearnedES_500_10000/1]
there is experiment results. [../../results/BBOBProblem/ellipsoidal/LearnedES_500_10000/2]
there is experiment results. [../../results/BBOBProblem/ellipsoidal/LearnedES_500_10000/3]
there is experiment results. [../../results/BBOBProblem/ellipsoidal/LearnedES_500_10000/4]
there is experiment results. [../../results/BBOBProblem/ellipsoidal/DiscoveredES_500_10000/0]
there is experiment results. [../../results/BBOBProblem/ellipsoidal/DiscoveredES_500_10000/1]
there is experiment results. [../../results/BBOBProblem/ellipsoidal/DiscoveredES_500_10000/2]
there is experiment results. [../../results/BBOBProblem/ellipsoidal/DiscoveredES_500_10000/3]
there is experiment results. [../../results/BBOBProblem/ellipsoidal/DiscoveredES_500_10000/4]
Running ES algorithms:  71%|██████████████████████████████████████████████████████████████████████████████████████████▋                                    | 5/7 [6:52:16<4:56:29, 8894.52s/it][ARunning ES algorithms: 100%|█████████████████████████████████████████████████████████████████████████████████████████████████████████████████████████████████| 7/7 [6:52:16<00:00, 3533.78s/it]
Successfully loaded: rastrigin
Loading Problems ..:   8%|██████████▌                                                                                                                   | 2/24 [6:52:24<88:56:38, 14554.49s/it]
there is experiment results. [../../results/BBOBProblem/rastrigin/PGPE_500_10000/0]
there is experiment results. [../../results/BBOBProblem/rastrigin/PGPE_500_10000/1]
there is experiment results. [../../results/BBOBProblem/rastrigin/PGPE_500_10000/2]
there is experiment results. [../../results/BBOBProblem/rastrigin/PGPE_500_10000/3]
there is experiment results. [../../results/BBOBProblem/rastrigin/PGPE_500_10000/4]
Running ES algorithms:   0%|                                                                                                                                             | 0/7 [00:00<?, ?it/s][A
there is experiment results. [../../results/BBOBProblem/rastrigin/Open_ES_500_10000/0]
there is experiment results. [../../results/BBOBProblem/rastrigin/Open_ES_500_10000/1]
running the experiment ... [../../results/BBOBProblem/rastrigin/Open_ES_500_10000/2]
Generation 100 | Best fitness (Train): 1105155.62 | Best fitness in generation (Train): 1105155.62 | Mean fitness (Train): 1107899.75 | Mean fitness (Test): 1100665.62
Generation 200 | Best fitness (Train): 938737.81 | Best fitness in generation (Train): 938737.81 | Mean fitness (Train): 941121.06 | Mean fitness (Test): 932797.25
Generation 300 | Best fitness (Train): 821856.62 | Best fitness in generation (Train): 821856.62 | Mean fitness (Train): 823824.25 | Mean fitness (Test): 814464.94
Generation 400 | Best fitness (Train): 738906.38 | Best fitness in generation (Train): 738906.38 | Mean fitness (Train): 740691.75 | Mean fitness (Test): 731138.25
Generation 500 | Best fitness (Train): 679459.50 | Best fitness in generation (Train): 679459.50 | Mean fitness (Train): 680797.88 | Mean fitness (Test): 670890.62
Generation 600 | Best fitness (Train): 634962.19 | Best fitness in generation (Train): 634962.19 | Mean fitness (Train): 636160.94 | Mean fitness (Test): 625985.44
Generation 700 | Best fitness (Train): 602870.38 | Best fitness in generation (Train): 602870.38 | Mean fitness (Train): 603866.19 | Mean fitness (Test): 593916.00
Generation 800 | Best fitness (Train): 580365.69 | Best fitness in generation (Train): 580365.69 | Mean fitness (Train): 581158.06 | Mean fitness (Test): 571168.38
Generation 900 | Best fitness (Train): 565333.38 | Best fitness in generation (Train): 565333.38 | Mean fitness (Train): 566001.69 | Mean fitness (Test): 556083.44
Generation 1000 | Best fitness (Train): 555603.62 | Best fitness in generation (Train): 555603.62 | Mean fitness (Train): 556455.06 | Mean fitness (Test): 546728.06
Generation 1100 | Best fitness (Train): 549520.62 | Best fitness in generation (Train): 549568.12 | Mean fitness (Train): 550183.50 | Mean fitness (Test): 540577.19
Generation 1200 | Best fitness (Train): 546039.62 | Best fitness in generation (Train): 546049.81 | Mean fitness (Train): 546640.38 | Mean fitness (Test): 537336.31
Generation 1300 | Best fitness (Train): 543640.31 | Best fitness in generation (Train): 543640.31 | Mean fitness (Train): 544204.31 | Mean fitness (Test): 535305.25
Generation 1400 | Best fitness (Train): 541977.44 | Best fitness in generation (Train): 542033.44 | Mean fitness (Train): 542523.31 | Mean fitness (Test): 534078.56
Generation 1500 | Best fitness (Train): 540556.38 | Best fitness in generation (Train): 540739.00 | Mean fitness (Train): 541110.19 | Mean fitness (Test): 533207.94
Generation 1600 | Best fitness (Train): 539519.56 | Best fitness in generation (Train): 539645.12 | Mean fitness (Train): 540086.31 | Mean fitness (Test): 532574.31
Generation 1700 | Best fitness (Train): 538578.62 | Best fitness in generation (Train): 538702.19 | Mean fitness (Train): 539126.44 | Mean fitness (Test): 532052.88
Generation 1800 | Best fitness (Train): 537864.25 | Best fitness in generation (Train): 538014.94 | Mean fitness (Train): 538387.25 | Mean fitness (Test): 531781.12
Generation 1900 | Best fitness (Train): 537290.06 | Best fitness in generation (Train): 537301.50 | Mean fitness (Train): 537712.50 | Mean fitness (Test): 531543.31
Generation 2000 | Best fitness (Train): 536633.50 | Best fitness in generation (Train): 536681.88 | Mean fitness (Train): 537023.88 | Mean fitness (Test): 531252.81
Generation 2100 | Best fitness (Train): 536132.31 | Best fitness in generation (Train): 536204.12 | Mean fitness (Train): 536521.00 | Mean fitness (Test): 531146.94
Generation 2200 | Best fitness (Train): 535639.44 | Best fitness in generation (Train): 535777.06 | Mean fitness (Train): 536038.00 | Mean fitness (Test): 530999.44
Generation 2300 | Best fitness (Train): 535155.44 | Best fitness in generation (Train): 535197.56 | Mean fitness (Train): 535496.50 | Mean fitness (Test): 530829.62
Generation 2400 | Best fitness (Train): 534743.12 | Best fitness in generation (Train): 534743.44 | Mean fitness (Train): 535009.56 | Mean fitness (Test): 530664.56
Generation 2500 | Best fitness (Train): 534277.62 | Best fitness in generation (Train): 534324.50 | Mean fitness (Train): 534560.50 | Mean fitness (Test): 530498.94
Generation 2600 | Best fitness (Train): 533851.75 | Best fitness in generation (Train): 533871.62 | Mean fitness (Train): 534118.50 | Mean fitness (Test): 530354.19
Generation 2700 | Best fitness (Train): 533408.62 | Best fitness in generation (Train): 533518.81 | Mean fitness (Train): 533736.31 | Mean fitness (Test): 530236.69
Generation 2800 | Best fitness (Train): 533165.06 | Best fitness in generation (Train): 533165.06 | Mean fitness (Train): 533402.00 | Mean fitness (Test): 530167.50
Generation 2900 | Best fitness (Train): 532850.81 | Best fitness in generation (Train): 532899.31 | Mean fitness (Train): 533080.19 | Mean fitness (Test): 530068.94
Generation 3000 | Best fitness (Train): 532563.25 | Best fitness in generation (Train): 532594.31 | Mean fitness (Train): 532750.31 | Mean fitness (Test): 529957.75
Generation 3100 | Best fitness (Train): 532274.25 | Best fitness in generation (Train): 532280.75 | Mean fitness (Train): 532473.88 | Mean fitness (Test): 529885.94
Generation 3200 | Best fitness (Train): 532031.62 | Best fitness in generation (Train): 532098.44 | Mean fitness (Train): 532210.12 | Mean fitness (Test): 529814.12
Generation 3300 | Best fitness (Train): 531809.19 | Best fitness in generation (Train): 531836.06 | Mean fitness (Train): 531990.69 | Mean fitness (Test): 529766.06
Generation 3400 | Best fitness (Train): 531606.56 | Best fitness in generation (Train): 531640.06 | Mean fitness (Train): 531768.50 | Mean fitness (Test): 529710.00
Generation 3500 | Best fitness (Train): 531444.88 | Best fitness in generation (Train): 531444.88 | Mean fitness (Train): 531573.75 | Mean fitness (Test): 529665.62
Generation 3600 | Best fitness (Train): 531217.00 | Best fitness in generation (Train): 531277.62 | Mean fitness (Train): 531371.38 | Mean fitness (Test): 529604.62
Generation 3700 | Best fitness (Train): 531095.19 | Best fitness in generation (Train): 531121.31 | Mean fitness (Train): 531215.94 | Mean fitness (Test): 529586.12
Generation 3800 | Best fitness (Train): 530923.44 | Best fitness in generation (Train): 530923.44 | Mean fitness (Train): 531050.31 | Mean fitness (Test): 529537.25
Generation 3900 | Best fitness (Train): 530804.38 | Best fitness in generation (Train): 530804.38 | Mean fitness (Train): 530906.31 | Mean fitness (Test): 529512.94
Generation 4000 | Best fitness (Train): 530667.19 | Best fitness in generation (Train): 530681.88 | Mean fitness (Train): 530764.38 | Mean fitness (Test): 529470.94
running the experiment ... [../../results/BBOBProblem/rastrigin/Open_ES_500_10000/3]
Generation 100 | Best fitness (Train): 1112086.00 | Best fitness in generation (Train): 1112086.00 | Mean fitness (Train): 1115075.62 | Mean fitness (Test): 1107600.12
Generation 200 | Best fitness (Train): 948686.94 | Best fitness in generation (Train): 948686.94 | Mean fitness (Train): 950500.38 | Mean fitness (Test): 942075.38
Generation 300 | Best fitness (Train): 829303.94 | Best fitness in generation (Train): 829303.94 | Mean fitness (Train): 830837.06 | Mean fitness (Test): 821484.00
Generation 400 | Best fitness (Train): 743352.69 | Best fitness in generation (Train): 743352.69 | Mean fitness (Train): 744997.94 | Mean fitness (Test): 735379.00
Generation 500 | Best fitness (Train): 681051.94 | Best fitness in generation (Train): 681051.94 | Mean fitness (Train): 682238.88 | Mean fitness (Test): 672575.69
Generation 600 | Best fitness (Train): 635825.75 | Best fitness in generation (Train): 635825.75 | Mean fitness (Train): 636833.94 | Mean fitness (Test): 626592.50
Generation 700 | Best fitness (Train): 602970.31 | Best fitness in generation (Train): 602970.31 | Mean fitness (Train): 604034.62 | Mean fitness (Test): 593794.12
Generation 800 | Best fitness (Train): 580132.81 | Best fitness in generation (Train): 580132.81 | Mean fitness (Train): 581084.56 | Mean fitness (Test): 571020.19
Generation 900 | Best fitness (Train): 565389.06 | Best fitness in generation (Train): 565389.06 | Mean fitness (Train): 566299.31 | Mean fitness (Test): 556472.88
Generation 1000 | Best fitness (Train): 555399.50 | Best fitness in generation (Train): 555399.50 | Mean fitness (Train): 556062.25 | Mean fitness (Test): 546466.56
Generation 1100 | Best fitness (Train): 549235.50 | Best fitness in generation (Train): 549235.50 | Mean fitness (Train): 549830.94 | Mean fitness (Test): 540267.06
Generation 1200 | Best fitness (Train): 545470.81 | Best fitness in generation (Train): 545521.50 | Mean fitness (Train): 546073.69 | Mean fitness (Test): 536819.62
Generation 1300 | Best fitness (Train): 542801.00 | Best fitness in generation (Train): 542801.00 | Mean fitness (Train): 543523.00 | Mean fitness (Test): 534681.94
Generation 1400 | Best fitness (Train): 541396.12 | Best fitness in generation (Train): 541464.94 | Mean fitness (Train): 541935.94 | Mean fitness (Test): 533553.00
Generation 1500 | Best fitness (Train): 540049.75 | Best fitness in generation (Train): 540135.81 | Mean fitness (Train): 540628.00 | Mean fitness (Test): 532685.94
Generation 1600 | Best fitness (Train): 539242.56 | Best fitness in generation (Train): 539416.81 | Mean fitness (Train): 539845.31 | Mean fitness (Test): 532364.12
Generation 1700 | Best fitness (Train): 538452.19 | Best fitness in generation (Train): 538497.12 | Mean fitness (Train): 538975.12 | Mean fitness (Test): 531949.94
Generation 1800 | Best fitness (Train): 537814.00 | Best fitness in generation (Train): 537814.12 | Mean fitness (Train): 538251.50 | Mean fitness (Test): 531685.19
Generation 1900 | Best fitness (Train): 537067.44 | Best fitness in generation (Train): 537255.75 | Mean fitness (Train): 537600.12 | Mean fitness (Test): 531442.88
Generation 2000 | Best fitness (Train): 536555.94 | Best fitness in generation (Train): 536631.56 | Mean fitness (Train): 536962.06 | Mean fitness (Test): 531225.81
Generation 2100 | Best fitness (Train): 536104.75 | Best fitness in generation (Train): 536113.12 | Mean fitness (Train): 536432.75 | Mean fitness (Test): 531080.62
Generation 2200 | Best fitness (Train): 535641.44 | Best fitness in generation (Train): 535654.19 | Mean fitness (Train): 535946.06 | Mean fitness (Test): 530963.25
Generation 2300 | Best fitness (Train): 535137.31 | Best fitness in generation (Train): 535219.81 | Mean fitness (Train): 535462.56 | Mean fitness (Test): 530825.25
Generation 2400 | Best fitness (Train): 534651.75 | Best fitness in generation (Train): 534651.75 | Mean fitness (Train): 534975.00 | Mean fitness (Test): 530653.94
Generation 2500 | Best fitness (Train): 534198.19 | Best fitness in generation (Train): 534231.12 | Mean fitness (Train): 534507.31 | Mean fitness (Test): 530474.50
Generation 2600 | Best fitness (Train): 533834.56 | Best fitness in generation (Train): 533860.94 | Mean fitness (Train): 534118.81 | Mean fitness (Test): 530375.75
Generation 2700 | Best fitness (Train): 533482.81 | Best fitness in generation (Train): 533491.44 | Mean fitness (Train): 533722.44 | Mean fitness (Test): 530254.62
Generation 2800 | Best fitness (Train): 533165.50 | Best fitness in generation (Train): 533179.69 | Mean fitness (Train): 533374.94 | Mean fitness (Test): 530148.00
Generation 2900 | Best fitness (Train): 532821.62 | Best fitness in generation (Train): 532847.06 | Mean fitness (Train): 533066.06 | Mean fitness (Test): 530073.06
Generation 3000 | Best fitness (Train): 532510.88 | Best fitness in generation (Train): 532510.88 | Mean fitness (Train): 532721.94 | Mean fitness (Test): 529955.38
Generation 3100 | Best fitness (Train): 532314.19 | Best fitness in generation (Train): 532314.62 | Mean fitness (Train): 532471.75 | Mean fitness (Test): 529904.12
Generation 3200 | Best fitness (Train): 532047.38 | Best fitness in generation (Train): 532098.06 | Mean fitness (Train): 532226.88 | Mean fitness (Test): 529844.81
Generation 3300 | Best fitness (Train): 531832.94 | Best fitness in generation (Train): 531857.81 | Mean fitness (Train): 531997.31 | Mean fitness (Test): 529794.25
Generation 3400 | Best fitness (Train): 531599.44 | Best fitness in generation (Train): 531599.44 | Mean fitness (Train): 531755.56 | Mean fitness (Test): 529707.44
Generation 3500 | Best fitness (Train): 531433.31 | Best fitness in generation (Train): 531446.06 | Mean fitness (Train): 531577.31 | Mean fitness (Test): 529683.81
Generation 3600 | Best fitness (Train): 531258.12 | Best fitness in generation (Train): 531281.31 | Mean fitness (Train): 531391.62 | Mean fitness (Test): 529642.62
Generation 3700 | Best fitness (Train): 531073.50 | Best fitness in generation (Train): 531073.50 | Mean fitness (Train): 531228.56 | Mean fitness (Test): 529607.50
Generation 3800 | Best fitness (Train): 530955.69 | Best fitness in generation (Train): 530980.12 | Mean fitness (Train): 531073.06 | Mean fitness (Test): 529576.12
Generation 3900 | Best fitness (Train): 530806.38 | Best fitness in generation (Train): 530833.50 | Mean fitness (Train): 530927.31 | Mean fitness (Test): 529539.50
Generation 4000 | Best fitness (Train): 530700.94 | Best fitness in generation (Train): 530725.88 | Mean fitness (Train): 530796.25 | Mean fitness (Test): 529515.25
running the experiment ... [../../results/BBOBProblem/rastrigin/Open_ES_500_10000/4]
Generation 100 | Best fitness (Train): 1079555.25 | Best fitness in generation (Train): 1079555.25 | Mean fitness (Train): 1082338.00 | Mean fitness (Test): 1075192.00
Generation 200 | Best fitness (Train): 920984.81 | Best fitness in generation (Train): 920984.81 | Mean fitness (Train): 923080.50 | Mean fitness (Test): 914394.62
Generation 300 | Best fitness (Train): 803888.56 | Best fitness in generation (Train): 803888.56 | Mean fitness (Train): 805777.69 | Mean fitness (Test): 796133.94
Generation 400 | Best fitness (Train): 720103.69 | Best fitness in generation (Train): 720103.69 | Mean fitness (Train): 721903.12 | Mean fitness (Test): 712005.44
Generation 500 | Best fitness (Train): 660945.81 | Best fitness in generation (Train): 660945.81 | Mean fitness (Train): 662254.94 | Mean fitness (Test): 652404.12
Generation 600 | Best fitness (Train): 616763.06 | Best fitness in generation (Train): 616763.06 | Mean fitness (Train): 617943.44 | Mean fitness (Test): 607450.44
Generation 700 | Best fitness (Train): 586385.12 | Best fitness in generation (Train): 586385.12 | Mean fitness (Train): 587272.12 | Mean fitness (Test): 577100.31
Generation 800 | Best fitness (Train): 565116.00 | Best fitness in generation (Train): 565116.00 | Mean fitness (Train): 566012.69 | Mean fitness (Test): 555829.31
Generation 900 | Best fitness (Train): 550542.75 | Best fitness in generation (Train): 550542.75 | Mean fitness (Train): 551365.25 | Mean fitness (Test): 541280.69
Generation 1000 | Best fitness (Train): 540896.38 | Best fitness in generation (Train): 540896.38 | Mean fitness (Train): 541703.69 | Mean fitness (Test): 531875.69
Generation 1100 | Best fitness (Train): 534835.25 | Best fitness in generation (Train): 535073.44 | Mean fitness (Train): 535635.56 | Mean fitness (Test): 525932.94
Generation 1200 | Best fitness (Train): 531206.81 | Best fitness in generation (Train): 531206.81 | Mean fitness (Train): 531846.75 | Mean fitness (Test): 522352.53
Generation 1300 | Best fitness (Train): 528974.75 | Best fitness in generation (Train): 529076.38 | Mean fitness (Train): 529685.25 | Mean fitness (Test): 520764.03
Generation 1400 | Best fitness (Train): 527496.75 | Best fitness in generation (Train): 527496.75 | Mean fitness (Train): 528047.81 | Mean fitness (Test): 519593.16
Generation 1500 | Best fitness (Train): 526245.56 | Best fitness in generation (Train): 526247.38 | Mean fitness (Train): 526792.25 | Mean fitness (Test): 518721.97
Generation 1600 | Best fitness (Train): 525332.44 | Best fitness in generation (Train): 525459.50 | Mean fitness (Train): 525846.94 | Mean fitness (Test): 518266.72
Generation 1700 | Best fitness (Train): 524503.06 | Best fitness in generation (Train): 524630.56 | Mean fitness (Train): 524991.06 | Mean fitness (Test): 517880.88
Generation 1800 | Best fitness (Train): 523873.16 | Best fitness in generation (Train): 523890.84 | Mean fitness (Train): 524338.19 | Mean fitness (Test): 517683.31
Generation 1900 | Best fitness (Train): 523141.69 | Best fitness in generation (Train): 523249.56 | Mean fitness (Train): 523609.03 | Mean fitness (Test): 517372.69
Generation 2000 | Best fitness (Train): 522651.53 | Best fitness in generation (Train): 522766.91 | Mean fitness (Train): 523033.00 | Mean fitness (Test): 517231.50
Generation 2100 | Best fitness (Train): 522058.84 | Best fitness in generation (Train): 522127.00 | Mean fitness (Train): 522482.72 | Mean fitness (Test): 517053.81
Generation 2200 | Best fitness (Train): 521548.97 | Best fitness in generation (Train): 521623.47 | Mean fitness (Train): 521953.62 | Mean fitness (Test): 516891.84
Generation 2300 | Best fitness (Train): 521045.25 | Best fitness in generation (Train): 521114.50 | Mean fitness (Train): 521395.78 | Mean fitness (Test): 516680.31
Generation 2400 | Best fitness (Train): 520621.72 | Best fitness in generation (Train): 520646.97 | Mean fitness (Train): 520942.94 | Mean fitness (Test): 516556.38
Generation 2500 | Best fitness (Train): 520215.53 | Best fitness in generation (Train): 520252.81 | Mean fitness (Train): 520499.09 | Mean fitness (Test): 516418.22
Generation 2600 | Best fitness (Train): 519795.97 | Best fitness in generation (Train): 519808.53 | Mean fitness (Train): 520071.09 | Mean fitness (Test): 516273.34
Generation 2700 | Best fitness (Train): 519467.84 | Best fitness in generation (Train): 519532.25 | Mean fitness (Train): 519727.91 | Mean fitness (Test): 516211.22
Generation 2800 | Best fitness (Train): 519157.03 | Best fitness in generation (Train): 519157.78 | Mean fitness (Train): 519381.09 | Mean fitness (Test): 516118.09
Generation 2900 | Best fitness (Train): 518832.78 | Best fitness in generation (Train): 518832.78 | Mean fitness (Train): 519044.25 | Mean fitness (Test): 516016.28
Generation 3000 | Best fitness (Train): 518553.22 | Best fitness in generation (Train): 518604.62 | Mean fitness (Train): 518763.84 | Mean fitness (Test): 515963.09
Generation 3100 | Best fitness (Train): 518256.62 | Best fitness in generation (Train): 518256.62 | Mean fitness (Train): 518460.38 | Mean fitness (Test): 515855.88
Generation 3200 | Best fitness (Train): 518014.31 | Best fitness in generation (Train): 518014.31 | Mean fitness (Train): 518201.66 | Mean fitness (Test): 515790.94
Generation 3300 | Best fitness (Train): 517798.28 | Best fitness in generation (Train): 517827.25 | Mean fitness (Train): 517975.19 | Mean fitness (Test): 515735.94
Generation 3400 | Best fitness (Train): 517566.84 | Best fitness in generation (Train): 517566.84 | Mean fitness (Train): 517735.91 | Mean fitness (Test): 515669.91
Generation 3500 | Best fitness (Train): 517394.97 | Best fitness in generation (Train): 517421.84 | Mean fitness (Train): 517537.03 | Mean fitness (Test): 515617.19
Generation 3600 | Best fitness (Train): 517214.16 | Best fitness in generation (Train): 517214.16 | Mean fitness (Train): 517339.38 | Mean fitness (Test): 515562.00
Generation 3700 | Best fitness (Train): 517024.41 | Best fitness in generation (Train): 517074.09 | Mean fitness (Train): 517181.75 | Mean fitness (Test): 515537.28
Generation 3800 | Best fitness (Train): 516898.88 | Best fitness in generation (Train): 516941.59 | Mean fitness (Train): 517027.53 | Mean fitness (Test): 515504.19
Generation 3900 | Best fitness (Train): 516760.84 | Best fitness in generation (Train): 516772.03 | Mean fitness (Train): 516869.53 | Mean fitness (Test): 515460.81
Generation 4000 | Best fitness (Train): 516609.38 | Best fitness in generation (Train): 516640.47 | Mean fitness (Train): 516732.50 | Mean fitness (Test): 515434.34
Running ES algorithms:  14%|███████████████████                                                                                                                  | 1/7 [00:00<00:00,  7.91it/s][A
running the experiment ... [../../results/BBOBProblem/rastrigin/SNES_500_10000/0]
Generation 100 | Best fitness (Train): 1033733.06 | Best fitness in generation (Train): 1033733.06 | Mean fitness (Train): 1038517.06 | Mean fitness (Test): 1027923.19
Generation 200 | Best fitness (Train): 866217.50 | Best fitness in generation (Train): 866217.50 | Mean fitness (Train): 869754.00 | Mean fitness (Test): 854762.62
Generation 300 | Best fitness (Train): 752621.56 | Best fitness in generation (Train): 752621.56 | Mean fitness (Train): 755294.12 | Mean fitness (Test): 738054.31
Generation 400 | Best fitness (Train): 668813.50 | Best fitness in generation (Train): 668813.50 | Mean fitness (Train): 671244.56 | Mean fitness (Test): 651099.44
Generation 500 | Best fitness (Train): 605547.69 | Best fitness in generation (Train): 605547.69 | Mean fitness (Train): 608449.81 | Mean fitness (Test): 586334.81
Generation 600 | Best fitness (Train): 559186.19 | Best fitness in generation (Train): 559186.19 | Mean fitness (Train): 561562.25 | Mean fitness (Test): 538752.94
Generation 700 | Best fitness (Train): 522490.69 | Best fitness in generation (Train): 522490.69 | Mean fitness (Train): 524728.69 | Mean fitness (Test): 500324.16
Generation 800 | Best fitness (Train): 493065.47 | Best fitness in generation (Train): 493065.47 | Mean fitness (Train): 495113.44 | Mean fitness (Test): 470065.59
Generation 900 | Best fitness (Train): 467489.16 | Best fitness in generation (Train): 467489.16 | Mean fitness (Train): 469432.19 | Mean fitness (Test): 444393.59
Generation 1000 | Best fitness (Train): 445682.34 | Best fitness in generation (Train): 445682.34 | Mean fitness (Train): 447526.34 | Mean fitness (Test): 422200.66
Generation 1100 | Best fitness (Train): 427466.59 | Best fitness in generation (Train): 427466.59 | Mean fitness (Train): 429143.50 | Mean fitness (Test): 403560.16
Generation 1200 | Best fitness (Train): 411848.16 | Best fitness in generation (Train): 411848.16 | Mean fitness (Train): 413510.38 | Mean fitness (Test): 387114.72
Generation 1300 | Best fitness (Train): 399138.94 | Best fitness in generation (Train): 399422.59 | Mean fitness (Train): 400830.25 | Mean fitness (Test): 374446.59
Generation 1400 | Best fitness (Train): 387720.34 | Best fitness in generation (Train): 388203.47 | Mean fitness (Train): 389574.03 | Mean fitness (Test): 362470.34
Generation 1500 | Best fitness (Train): 378517.62 | Best fitness in generation (Train): 378760.62 | Mean fitness (Train): 380119.00 | Mean fitness (Test): 352985.38
Generation 1600 | Best fitness (Train): 370256.91 | Best fitness in generation (Train): 370256.91 | Mean fitness (Train): 371949.66 | Mean fitness (Test): 345154.75
Generation 1700 | Best fitness (Train): 363496.31 | Best fitness in generation (Train): 363532.34 | Mean fitness (Train): 364895.44 | Mean fitness (Test): 338180.16
Generation 1800 | Best fitness (Train): 356940.81 | Best fitness in generation (Train): 357009.00 | Mean fitness (Train): 358318.56 | Mean fitness (Test): 331449.03
Generation 1900 | Best fitness (Train): 350878.88 | Best fitness in generation (Train): 351207.12 | Mean fitness (Train): 352498.19 | Mean fitness (Test): 325321.78
Generation 2000 | Best fitness (Train): 345632.47 | Best fitness in generation (Train): 345874.50 | Mean fitness (Train): 347337.16 | Mean fitness (Test): 320497.34
Generation 2100 | Best fitness (Train): 340823.81 | Best fitness in generation (Train): 341332.53 | Mean fitness (Train): 342585.47 | Mean fitness (Test): 315785.12
Generation 2200 | Best fitness (Train): 336893.31 | Best fitness in generation (Train): 337371.00 | Mean fitness (Train): 338606.97 | Mean fitness (Test): 311960.62
Generation 2300 | Best fitness (Train): 333057.94 | Best fitness in generation (Train): 333259.03 | Mean fitness (Train): 334609.16 | Mean fitness (Test): 307810.84
Generation 2400 | Best fitness (Train): 329841.19 | Best fitness in generation (Train): 329887.03 | Mean fitness (Train): 331259.28 | Mean fitness (Test): 304647.97
Generation 2500 | Best fitness (Train): 326876.03 | Best fitness in generation (Train): 326876.03 | Mean fitness (Train): 328462.00 | Mean fitness (Test): 302592.19
Generation 2600 | Best fitness (Train): 324130.91 | Best fitness in generation (Train): 324272.19 | Mean fitness (Train): 325609.88 | Mean fitness (Test): 299837.06
Generation 2700 | Best fitness (Train): 321637.28 | Best fitness in generation (Train): 321978.56 | Mean fitness (Train): 323238.19 | Mean fitness (Test): 297731.12
Generation 2800 | Best fitness (Train): 319762.78 | Best fitness in generation (Train): 320024.97 | Mean fitness (Train): 321187.47 | Mean fitness (Test): 296220.41
Generation 2900 | Best fitness (Train): 317669.78 | Best fitness in generation (Train): 318032.16 | Mean fitness (Train): 318978.03 | Mean fitness (Test): 294245.28
Generation 3000 | Best fitness (Train): 315597.88 | Best fitness in generation (Train): 315983.78 | Mean fitness (Train): 317049.56 | Mean fitness (Test): 292853.31
Generation 3100 | Best fitness (Train): 313990.91 | Best fitness in generation (Train): 313990.91 | Mean fitness (Train): 315271.12 | Mean fitness (Test): 291215.44
Generation 3200 | Best fitness (Train): 312417.38 | Best fitness in generation (Train): 312526.75 | Mean fitness (Train): 313647.38 | Mean fitness (Test): 290251.53
Generation 3300 | Best fitness (Train): 310890.25 | Best fitness in generation (Train): 311261.97 | Mean fitness (Train): 312275.97 | Mean fitness (Test): 289215.09
Generation 3400 | Best fitness (Train): 309413.12 | Best fitness in generation (Train): 309413.12 | Mean fitness (Train): 310660.19 | Mean fitness (Test): 287973.81
Generation 3500 | Best fitness (Train): 307958.91 | Best fitness in generation (Train): 308263.78 | Mean fitness (Train): 309208.94 | Mean fitness (Test): 287084.00
Generation 3600 | Best fitness (Train): 306763.59 | Best fitness in generation (Train): 306922.25 | Mean fitness (Train): 308033.19 | Mean fitness (Test): 286390.66
Generation 3700 | Best fitness (Train): 305244.06 | Best fitness in generation (Train): 305655.81 | Mean fitness (Train): 306576.16 | Mean fitness (Test): 285243.22
Generation 3800 | Best fitness (Train): 304374.69 | Best fitness in generation (Train): 304645.06 | Mean fitness (Train): 305574.28 | Mean fitness (Test): 284782.53
Generation 3900 | Best fitness (Train): 303355.59 | Best fitness in generation (Train): 303355.59 | Mean fitness (Train): 304515.59 | Mean fitness (Test): 284332.59
Generation 4000 | Best fitness (Train): 302375.34 | Best fitness in generation (Train): 302556.69 | Mean fitness (Train): 303476.19 | Mean fitness (Test): 283827.97
running the experiment ... [../../results/BBOBProblem/rastrigin/SNES_500_10000/1]
Generation 100 | Best fitness (Train): 1044205.25 | Best fitness in generation (Train): 1044205.25 | Mean fitness (Train): 1049236.38 | Mean fitness (Test): 1038276.75
Generation 200 | Best fitness (Train): 875173.81 | Best fitness in generation (Train): 875173.81 | Mean fitness (Train): 878222.12 | Mean fitness (Test): 862799.06
Generation 300 | Best fitness (Train): 759301.81 | Best fitness in generation (Train): 759301.81 | Mean fitness (Train): 762162.19 | Mean fitness (Test): 743613.19
Generation 400 | Best fitness (Train): 672238.69 | Best fitness in generation (Train): 672238.69 | Mean fitness (Train): 674876.62 | Mean fitness (Test): 654761.19
Generation 500 | Best fitness (Train): 607469.19 | Best fitness in generation (Train): 607469.19 | Mean fitness (Train): 609934.44 | Mean fitness (Test): 587724.88
Generation 600 | Best fitness (Train): 560653.00 | Best fitness in generation (Train): 560653.00 | Mean fitness (Train): 562707.88 | Mean fitness (Test): 539516.94
Generation 700 | Best fitness (Train): 524040.94 | Best fitness in generation (Train): 524040.94 | Mean fitness (Train): 526029.31 | Mean fitness (Test): 502083.78
Generation 800 | Best fitness (Train): 493851.25 | Best fitness in generation (Train): 493851.25 | Mean fitness (Train): 496057.62 | Mean fitness (Test): 471295.25
Generation 900 | Best fitness (Train): 469293.88 | Best fitness in generation (Train): 469293.88 | Mean fitness (Train): 471609.00 | Mean fitness (Test): 446407.84
Generation 1000 | Best fitness (Train): 448183.03 | Best fitness in generation (Train): 448479.12 | Mean fitness (Train): 450140.31 | Mean fitness (Test): 424631.59
Generation 1100 | Best fitness (Train): 430376.66 | Best fitness in generation (Train): 430457.25 | Mean fitness (Train): 432037.22 | Mean fitness (Test): 406198.31
Generation 1200 | Best fitness (Train): 415210.28 | Best fitness in generation (Train): 415251.38 | Mean fitness (Train): 416907.03 | Mean fitness (Test): 390352.69
Generation 1300 | Best fitness (Train): 402326.41 | Best fitness in generation (Train): 402326.41 | Mean fitness (Train): 403988.47 | Mean fitness (Test): 377504.50
Generation 1400 | Best fitness (Train): 391310.22 | Best fitness in generation (Train): 391310.22 | Mean fitness (Train): 392983.69 | Mean fitness (Test): 366031.00
Generation 1500 | Best fitness (Train): 381483.75 | Best fitness in generation (Train): 381651.12 | Mean fitness (Train): 383414.22 | Mean fitness (Test): 356214.41
Generation 1600 | Best fitness (Train): 373222.47 | Best fitness in generation (Train): 373222.47 | Mean fitness (Train): 374945.12 | Mean fitness (Test): 347754.41
Generation 1700 | Best fitness (Train): 366365.59 | Best fitness in generation (Train): 366365.59 | Mean fitness (Train): 367910.94 | Mean fitness (Test): 340573.59
Generation 1800 | Best fitness (Train): 359590.66 | Best fitness in generation (Train): 359590.66 | Mean fitness (Train): 361314.38 | Mean fitness (Test): 334417.88
Generation 1900 | Best fitness (Train): 354217.88 | Best fitness in generation (Train): 354271.75 | Mean fitness (Train): 355734.19 | Mean fitness (Test): 328714.59
Generation 2000 | Best fitness (Train): 349023.06 | Best fitness in generation (Train): 349295.72 | Mean fitness (Train): 350623.38 | Mean fitness (Test): 323746.75
Generation 2100 | Best fitness (Train): 344371.62 | Best fitness in generation (Train): 344449.62 | Mean fitness (Train): 345939.16 | Mean fitness (Test): 319047.50
Generation 2200 | Best fitness (Train): 340060.66 | Best fitness in generation (Train): 340060.66 | Mean fitness (Train): 341666.34 | Mean fitness (Test): 314534.75
Generation 2300 | Best fitness (Train): 336236.19 | Best fitness in generation (Train): 336236.19 | Mean fitness (Train): 338076.53 | Mean fitness (Test): 311546.38
Generation 2400 | Best fitness (Train): 333147.34 | Best fitness in generation (Train): 333392.81 | Mean fitness (Train): 334617.16 | Mean fitness (Test): 307936.19
Generation 2500 | Best fitness (Train): 330277.19 | Best fitness in generation (Train): 330277.19 | Mean fitness (Train): 331548.69 | Mean fitness (Test): 305367.91
Generation 2600 | Best fitness (Train): 327419.78 | Best fitness in generation (Train): 327615.31 | Mean fitness (Train): 328712.81 | Mean fitness (Test): 302969.44
Generation 2700 | Best fitness (Train): 325009.75 | Best fitness in generation (Train): 325009.75 | Mean fitness (Train): 326407.84 | Mean fitness (Test): 301172.34
Generation 2800 | Best fitness (Train): 322362.28 | Best fitness in generation (Train): 322625.84 | Mean fitness (Train): 323803.59 | Mean fitness (Test): 298585.72
Generation 2900 | Best fitness (Train): 319929.81 | Best fitness in generation (Train): 320184.22 | Mean fitness (Train): 321424.62 | Mean fitness (Test): 296564.66
Generation 3000 | Best fitness (Train): 318235.22 | Best fitness in generation (Train): 318390.97 | Mean fitness (Train): 319548.50 | Mean fitness (Test): 295080.19
Generation 3100 | Best fitness (Train): 316721.81 | Best fitness in generation (Train): 316899.69 | Mean fitness (Train): 317986.44 | Mean fitness (Test): 293812.88
Generation 3200 | Best fitness (Train): 314877.34 | Best fitness in generation (Train): 314877.34 | Mean fitness (Train): 316257.28 | Mean fitness (Test): 292627.59
Generation 3300 | Best fitness (Train): 313476.84 | Best fitness in generation (Train): 313695.09 | Mean fitness (Train): 314855.31 | Mean fitness (Test): 291842.69
Generation 3400 | Best fitness (Train): 312277.38 | Best fitness in generation (Train): 312492.62 | Mean fitness (Train): 313498.06 | Mean fitness (Test): 290696.66
Generation 3500 | Best fitness (Train): 310837.69 | Best fitness in generation (Train): 310983.38 | Mean fitness (Train): 311990.97 | Mean fitness (Test): 289642.75
Generation 3600 | Best fitness (Train): 309480.28 | Best fitness in generation (Train): 309763.81 | Mean fitness (Train): 310744.41 | Mean fitness (Test): 288882.84
Generation 3700 | Best fitness (Train): 308038.97 | Best fitness in generation (Train): 308242.41 | Mean fitness (Train): 309436.25 | Mean fitness (Test): 288004.25
Generation 3800 | Best fitness (Train): 307224.91 | Best fitness in generation (Train): 307334.09 | Mean fitness (Train): 308324.41 | Mean fitness (Test): 287380.88
Generation 3900 | Best fitness (Train): 306397.19 | Best fitness in generation (Train): 306402.44 | Mean fitness (Train): 307430.38 | Mean fitness (Test): 287084.66
Generation 4000 | Best fitness (Train): 305198.06 | Best fitness in generation (Train): 305202.31 | Mean fitness (Train): 306301.94 | Mean fitness (Test): 286360.34
running the experiment ... [../../results/BBOBProblem/rastrigin/SNES_500_10000/2]
Generation 100 | Best fitness (Train): 1065837.25 | Best fitness in generation (Train): 1065837.25 | Mean fitness (Train): 1070421.38 | Mean fitness (Test): 1059904.50
Generation 200 | Best fitness (Train): 891148.88 | Best fitness in generation (Train): 891148.88 | Mean fitness (Train): 894693.88 | Mean fitness (Test): 880744.56
Generation 300 | Best fitness (Train): 775447.06 | Best fitness in generation (Train): 775447.06 | Mean fitness (Train): 778053.00 | Mean fitness (Test): 760232.06
Generation 400 | Best fitness (Train): 688750.50 | Best fitness in generation (Train): 688750.50 | Mean fitness (Train): 691220.62 | Mean fitness (Test): 671050.50
Generation 500 | Best fitness (Train): 622864.75 | Best fitness in generation (Train): 623168.06 | Mean fitness (Train): 625312.62 | Mean fitness (Test): 604060.44
Generation 600 | Best fitness (Train): 573249.44 | Best fitness in generation (Train): 573249.44 | Mean fitness (Train): 575128.94 | Mean fitness (Test): 552802.75
Generation 700 | Best fitness (Train): 534369.69 | Best fitness in generation (Train): 534369.69 | Mean fitness (Train): 536325.38 | Mean fitness (Test): 513098.59
Generation 800 | Best fitness (Train): 503043.28 | Best fitness in generation (Train): 503043.28 | Mean fitness (Train): 505144.16 | Mean fitness (Test): 481260.75
Generation 900 | Best fitness (Train): 477407.72 | Best fitness in generation (Train): 477407.72 | Mean fitness (Train): 479072.16 | Mean fitness (Test): 454333.94
Generation 1000 | Best fitness (Train): 454391.06 | Best fitness in generation (Train): 454391.06 | Mean fitness (Train): 456283.19 | Mean fitness (Test): 431605.09
Generation 1100 | Best fitness (Train): 435145.28 | Best fitness in generation (Train): 435145.28 | Mean fitness (Train): 436923.03 | Mean fitness (Test): 411349.97
Generation 1200 | Best fitness (Train): 419139.59 | Best fitness in generation (Train): 419139.59 | Mean fitness (Train): 420906.84 | Mean fitness (Test): 394506.75
Generation 1300 | Best fitness (Train): 406136.44 | Best fitness in generation (Train): 406136.44 | Mean fitness (Train): 407998.81 | Mean fitness (Test): 381803.81
Generation 1400 | Best fitness (Train): 394755.53 | Best fitness in generation (Train): 394822.03 | Mean fitness (Train): 396517.19 | Mean fitness (Test): 369307.34
Generation 1500 | Best fitness (Train): 385073.59 | Best fitness in generation (Train): 385073.59 | Mean fitness (Train): 386960.12 | Mean fitness (Test): 360335.31
Generation 1600 | Best fitness (Train): 376828.12 | Best fitness in generation (Train): 376904.62 | Mean fitness (Train): 378399.69 | Mean fitness (Test): 351688.41
Generation 1700 | Best fitness (Train): 369068.00 | Best fitness in generation (Train): 369229.97 | Mean fitness (Train): 370704.94 | Mean fitness (Test): 343874.88
Generation 1800 | Best fitness (Train): 362940.03 | Best fitness in generation (Train): 363151.62 | Mean fitness (Train): 364469.41 | Mean fitness (Test): 337212.53
Generation 1900 | Best fitness (Train): 356810.78 | Best fitness in generation (Train): 356897.84 | Mean fitness (Train): 358403.66 | Mean fitness (Test): 331525.59
Generation 2000 | Best fitness (Train): 351340.44 | Best fitness in generation (Train): 351650.81 | Mean fitness (Train): 353031.69 | Mean fitness (Test): 325856.81
Generation 2100 | Best fitness (Train): 346835.44 | Best fitness in generation (Train): 346996.31 | Mean fitness (Train): 348285.84 | Mean fitness (Test): 321215.66
Generation 2200 | Best fitness (Train): 342810.16 | Best fitness in generation (Train): 343160.47 | Mean fitness (Train): 344462.47 | Mean fitness (Test): 317825.91
Generation 2300 | Best fitness (Train): 338901.28 | Best fitness in generation (Train): 339242.81 | Mean fitness (Train): 340367.31 | Mean fitness (Test): 313871.50
Generation 2400 | Best fitness (Train): 335123.59 | Best fitness in generation (Train): 335684.66 | Mean fitness (Train): 337053.00 | Mean fitness (Test): 310893.19
Generation 2500 | Best fitness (Train): 332442.03 | Best fitness in generation (Train): 332709.59 | Mean fitness (Train): 334028.62 | Mean fitness (Test): 308405.16
Generation 2600 | Best fitness (Train): 329435.22 | Best fitness in generation (Train): 329803.28 | Mean fitness (Train): 330916.12 | Mean fitness (Test): 305361.66
Generation 2700 | Best fitness (Train): 326681.34 | Best fitness in generation (Train): 326681.34 | Mean fitness (Train): 328145.94 | Mean fitness (Test): 302819.00
Generation 2800 | Best fitness (Train): 324335.38 | Best fitness in generation (Train): 324643.72 | Mean fitness (Train): 325867.47 | Mean fitness (Test): 300760.16
Generation 2900 | Best fitness (Train): 322351.38 | Best fitness in generation (Train): 322436.06 | Mean fitness (Train): 323667.62 | Mean fitness (Test): 298784.59
Generation 3000 | Best fitness (Train): 320492.97 | Best fitness in generation (Train): 320727.91 | Mean fitness (Train): 321709.25 | Mean fitness (Test): 297251.53
Generation 3100 | Best fitness (Train): 318523.06 | Best fitness in generation (Train): 318527.00 | Mean fitness (Train): 319741.25 | Mean fitness (Test): 295479.81
Generation 3200 | Best fitness (Train): 316779.25 | Best fitness in generation (Train): 316995.12 | Mean fitness (Train): 318069.06 | Mean fitness (Test): 294406.22
Generation 3300 | Best fitness (Train): 315248.16 | Best fitness in generation (Train): 315489.22 | Mean fitness (Train): 316579.91 | Mean fitness (Test): 293470.38
Generation 3400 | Best fitness (Train): 314024.12 | Best fitness in generation (Train): 314031.25 | Mean fitness (Train): 315095.25 | Mean fitness (Test): 292364.44
Generation 3500 | Best fitness (Train): 312348.66 | Best fitness in generation (Train): 312348.66 | Mean fitness (Train): 313670.91 | Mean fitness (Test): 291403.47
Generation 3600 | Best fitness (Train): 311143.53 | Best fitness in generation (Train): 311242.06 | Mean fitness (Train): 312306.56 | Mean fitness (Test): 290557.75
Generation 3700 | Best fitness (Train): 309608.88 | Best fitness in generation (Train): 310106.97 | Mean fitness (Train): 311071.38 | Mean fitness (Test): 289808.59
Generation 3800 | Best fitness (Train): 308575.59 | Best fitness in generation (Train): 308778.03 | Mean fitness (Train): 309787.56 | Mean fitness (Test): 288896.50
Generation 3900 | Best fitness (Train): 307235.97 | Best fitness in generation (Train): 307490.06 | Mean fitness (Train): 308585.62 | Mean fitness (Test): 288283.38
Generation 4000 | Best fitness (Train): 306430.00 | Best fitness in generation (Train): 306680.47 | Mean fitness (Train): 307580.69 | Mean fitness (Test): 287747.03
running the experiment ... [../../results/BBOBProblem/rastrigin/SNES_500_10000/3]
Generation 100 | Best fitness (Train): 1074764.12 | Best fitness in generation (Train): 1074764.12 | Mean fitness (Train): 1080136.00 | Mean fitness (Test): 1070156.12
Generation 200 | Best fitness (Train): 899658.25 | Best fitness in generation (Train): 899658.25 | Mean fitness (Train): 903184.81 | Mean fitness (Test): 889193.44
Generation 300 | Best fitness (Train): 779158.81 | Best fitness in generation (Train): 779158.81 | Mean fitness (Train): 782415.88 | Mean fitness (Test): 765154.50
Generation 400 | Best fitness (Train): 690084.81 | Best fitness in generation (Train): 690084.81 | Mean fitness (Train): 692850.88 | Mean fitness (Test): 673141.56
Generation 500 | Best fitness (Train): 623774.38 | Best fitness in generation (Train): 623774.38 | Mean fitness (Train): 626075.69 | Mean fitness (Test): 604555.00
Generation 600 | Best fitness (Train): 573619.44 | Best fitness in generation (Train): 573770.12 | Mean fitness (Train): 575641.62 | Mean fitness (Test): 552207.00
Generation 700 | Best fitness (Train): 535534.88 | Best fitness in generation (Train): 535696.19 | Mean fitness (Train): 537385.25 | Mean fitness (Test): 513560.59
Generation 800 | Best fitness (Train): 504647.78 | Best fitness in generation (Train): 504647.78 | Mean fitness (Train): 506544.53 | Mean fitness (Test): 482717.84
Generation 900 | Best fitness (Train): 477839.28 | Best fitness in generation (Train): 478135.62 | Mean fitness (Train): 480053.84 | Mean fitness (Test): 455618.22
Generation 1000 | Best fitness (Train): 455295.91 | Best fitness in generation (Train): 455776.66 | Mean fitness (Train): 457213.41 | Mean fitness (Test): 431717.38
Generation 1100 | Best fitness (Train): 436023.19 | Best fitness in generation (Train): 436023.19 | Mean fitness (Train): 437946.66 | Mean fitness (Test): 412493.62
Generation 1200 | Best fitness (Train): 419631.50 | Best fitness in generation (Train): 420132.41 | Mean fitness (Train): 421538.25 | Mean fitness (Test): 395512.50
Generation 1300 | Best fitness (Train): 406248.34 | Best fitness in generation (Train): 406248.34 | Mean fitness (Train): 407784.66 | Mean fitness (Test): 381141.78
Generation 1400 | Best fitness (Train): 394179.75 | Best fitness in generation (Train): 394179.75 | Mean fitness (Train): 396169.50 | Mean fitness (Test): 368985.78
Generation 1500 | Best fitness (Train): 384601.75 | Best fitness in generation (Train): 384601.75 | Mean fitness (Train): 386502.66 | Mean fitness (Test): 359272.47
Generation 1600 | Best fitness (Train): 375900.28 | Best fitness in generation (Train): 375900.28 | Mean fitness (Train): 377940.19 | Mean fitness (Test): 350917.66
Generation 1700 | Best fitness (Train): 368853.47 | Best fitness in generation (Train): 368853.47 | Mean fitness (Train): 370622.34 | Mean fitness (Test): 344052.91
Generation 1800 | Best fitness (Train): 362336.38 | Best fitness in generation (Train): 362593.59 | Mean fitness (Train): 363839.56 | Mean fitness (Test): 336613.12
Generation 1900 | Best fitness (Train): 356073.81 | Best fitness in generation (Train): 356650.50 | Mean fitness (Train): 357875.69 | Mean fitness (Test): 330908.50
Generation 2000 | Best fitness (Train): 351270.06 | Best fitness in generation (Train): 351425.59 | Mean fitness (Train): 352961.38 | Mean fitness (Test): 326325.66
Generation 2100 | Best fitness (Train): 346912.84 | Best fitness in generation (Train): 346993.03 | Mean fitness (Train): 348184.41 | Mean fitness (Test): 321629.59
Generation 2200 | Best fitness (Train): 342674.66 | Best fitness in generation (Train): 342674.66 | Mean fitness (Train): 343995.22 | Mean fitness (Test): 317370.41
Generation 2300 | Best fitness (Train): 338619.28 | Best fitness in generation (Train): 338842.94 | Mean fitness (Train): 340166.88 | Mean fitness (Test): 314076.31
Generation 2400 | Best fitness (Train): 335082.03 | Best fitness in generation (Train): 335513.88 | Mean fitness (Train): 336635.19 | Mean fitness (Test): 310082.22
Generation 2500 | Best fitness (Train): 332302.47 | Best fitness in generation (Train): 332511.69 | Mean fitness (Train): 333722.44 | Mean fitness (Test): 307929.56
Generation 2600 | Best fitness (Train): 329110.06 | Best fitness in generation (Train): 329110.06 | Mean fitness (Train): 330849.12 | Mean fitness (Test): 305271.88
Generation 2700 | Best fitness (Train): 326679.47 | Best fitness in generation (Train): 326882.62 | Mean fitness (Train): 328159.31 | Mean fitness (Test): 302880.53
Generation 2800 | Best fitness (Train): 324105.59 | Best fitness in generation (Train): 324232.34 | Mean fitness (Train): 325674.97 | Mean fitness (Test): 300902.72
Generation 2900 | Best fitness (Train): 322041.22 | Best fitness in generation (Train): 322157.91 | Mean fitness (Train): 323320.28 | Mean fitness (Test): 298624.00
Generation 3000 | Best fitness (Train): 320130.00 | Best fitness in generation (Train): 320426.72 | Mean fitness (Train): 321412.25 | Mean fitness (Test): 297335.78
Generation 3100 | Best fitness (Train): 318236.84 | Best fitness in generation (Train): 318236.84 | Mean fitness (Train): 319565.41 | Mean fitness (Test): 295806.53
Generation 3200 | Best fitness (Train): 316449.25 | Best fitness in generation (Train): 316812.91 | Mean fitness (Train): 317851.66 | Mean fitness (Test): 294525.56
Generation 3300 | Best fitness (Train): 315187.16 | Best fitness in generation (Train): 315192.41 | Mean fitness (Train): 316305.84 | Mean fitness (Test): 293381.69
Generation 3400 | Best fitness (Train): 313615.50 | Best fitness in generation (Train): 313615.50 | Mean fitness (Train): 314871.03 | Mean fitness (Test): 292363.19
Generation 3500 | Best fitness (Train): 312107.06 | Best fitness in generation (Train): 312377.53 | Mean fitness (Train): 313507.38 | Mean fitness (Test): 291470.09
Generation 3600 | Best fitness (Train): 310960.72 | Best fitness in generation (Train): 311177.25 | Mean fitness (Train): 312202.62 | Mean fitness (Test): 290527.69
Generation 3700 | Best fitness (Train): 309974.59 | Best fitness in generation (Train): 310007.31 | Mean fitness (Train): 311159.41 | Mean fitness (Test): 290014.62
Generation 3800 | Best fitness (Train): 308737.59 | Best fitness in generation (Train): 309087.44 | Mean fitness (Train): 310031.62 | Mean fitness (Test): 289373.47
Generation 3900 | Best fitness (Train): 307864.81 | Best fitness in generation (Train): 308070.16 | Mean fitness (Train): 308992.88 | Mean fitness (Test): 288830.03
Generation 4000 | Best fitness (Train): 306788.66 | Best fitness in generation (Train): 307076.31 | Mean fitness (Train): 308024.78 | Mean fitness (Test): 288447.78
running the experiment ... [../../results/BBOBProblem/rastrigin/SNES_500_10000/4]
Generation 100 | Best fitness (Train): 1048645.62 | Best fitness in generation (Train): 1048645.62 | Mean fitness (Train): 1052942.88 | Mean fitness (Test): 1042417.19
Generation 200 | Best fitness (Train): 877251.19 | Best fitness in generation (Train): 877251.19 | Mean fitness (Train): 880987.31 | Mean fitness (Test): 866492.88
Generation 300 | Best fitness (Train): 759317.38 | Best fitness in generation (Train): 759317.38 | Mean fitness (Train): 762281.50 | Mean fitness (Test): 744356.94
Generation 400 | Best fitness (Train): 671565.75 | Best fitness in generation (Train): 671565.75 | Mean fitness (Train): 674472.75 | Mean fitness (Test): 654068.31
Generation 500 | Best fitness (Train): 607654.06 | Best fitness in generation (Train): 607654.06 | Mean fitness (Train): 610034.69 | Mean fitness (Test): 587689.06
Generation 600 | Best fitness (Train): 558557.06 | Best fitness in generation (Train): 558587.62 | Mean fitness (Train): 560523.00 | Mean fitness (Test): 537414.75
Generation 700 | Best fitness (Train): 520592.31 | Best fitness in generation (Train): 520592.31 | Mean fitness (Train): 522715.78 | Mean fitness (Test): 498562.97
Generation 800 | Best fitness (Train): 490165.03 | Best fitness in generation (Train): 490165.03 | Mean fitness (Train): 492202.84 | Mean fitness (Test): 467355.44
Generation 900 | Best fitness (Train): 464731.00 | Best fitness in generation (Train): 464731.00 | Mean fitness (Train): 466805.47 | Mean fitness (Test): 441780.78
Generation 1000 | Best fitness (Train): 443521.62 | Best fitness in generation (Train): 443521.62 | Mean fitness (Train): 445116.44 | Mean fitness (Test): 419106.41
Generation 1100 | Best fitness (Train): 424762.53 | Best fitness in generation (Train): 424762.53 | Mean fitness (Train): 426764.66 | Mean fitness (Test): 400434.34
Generation 1200 | Best fitness (Train): 409857.22 | Best fitness in generation (Train): 409857.22 | Mean fitness (Train): 411372.97 | Mean fitness (Test): 385034.22
Generation 1300 | Best fitness (Train): 396901.12 | Best fitness in generation (Train): 396901.12 | Mean fitness (Train): 398482.69 | Mean fitness (Test): 371768.19
Generation 1400 | Best fitness (Train): 385382.22 | Best fitness in generation (Train): 385382.22 | Mean fitness (Train): 387059.81 | Mean fitness (Test): 359594.44
Generation 1500 | Best fitness (Train): 375487.97 | Best fitness in generation (Train): 375487.97 | Mean fitness (Train): 377224.44 | Mean fitness (Test): 350262.25
Generation 1600 | Best fitness (Train): 367137.50 | Best fitness in generation (Train): 367137.50 | Mean fitness (Train): 368679.38 | Mean fitness (Test): 341473.06
Generation 1700 | Best fitness (Train): 359460.38 | Best fitness in generation (Train): 359509.38 | Mean fitness (Train): 361003.09 | Mean fitness (Test): 333802.81
Generation 1800 | Best fitness (Train): 353001.34 | Best fitness in generation (Train): 353057.44 | Mean fitness (Train): 354578.56 | Mean fitness (Test): 327012.78
Generation 1900 | Best fitness (Train): 347251.72 | Best fitness in generation (Train): 347405.97 | Mean fitness (Train): 348790.22 | Mean fitness (Test): 321301.19
Generation 2000 | Best fitness (Train): 342251.66 | Best fitness in generation (Train): 342663.34 | Mean fitness (Train): 343894.91 | Mean fitness (Test): 316677.25
Generation 2100 | Best fitness (Train): 337768.94 | Best fitness in generation (Train): 338091.44 | Mean fitness (Train): 339487.03 | Mean fitness (Test): 312571.34
Generation 2200 | Best fitness (Train): 333802.16 | Best fitness in generation (Train): 334226.47 | Mean fitness (Train): 335450.72 | Mean fitness (Test): 308784.72
Generation 2300 | Best fitness (Train): 330067.41 | Best fitness in generation (Train): 330067.41 | Mean fitness (Train): 331726.06 | Mean fitness (Test): 304779.16
Generation 2400 | Best fitness (Train): 327173.19 | Best fitness in generation (Train): 327363.41 | Mean fitness (Train): 328747.59 | Mean fitness (Test): 302261.12
Generation 2500 | Best fitness (Train): 323873.81 | Best fitness in generation (Train): 323873.81 | Mean fitness (Train): 325664.16 | Mean fitness (Test): 299309.59
Generation 2600 | Best fitness (Train): 321606.88 | Best fitness in generation (Train): 321659.53 | Mean fitness (Train): 323066.91 | Mean fitness (Test): 297377.81
Generation 2700 | Best fitness (Train): 319115.47 | Best fitness in generation (Train): 319303.81 | Mean fitness (Train): 320474.66 | Mean fitness (Test): 295066.19
Generation 2800 | Best fitness (Train): 316350.41 | Best fitness in generation (Train): 316350.41 | Mean fitness (Train): 317908.12 | Mean fitness (Test): 292643.59
Generation 2900 | Best fitness (Train): 314446.06 | Best fitness in generation (Train): 314446.06 | Mean fitness (Train): 315942.66 | Mean fitness (Test): 290981.44
Generation 3000 | Best fitness (Train): 312659.38 | Best fitness in generation (Train): 313009.00 | Mean fitness (Train): 314107.78 | Mean fitness (Test): 289600.69
Generation 3100 | Best fitness (Train): 310909.38 | Best fitness in generation (Train): 310909.38 | Mean fitness (Train): 312253.97 | Mean fitness (Test): 288270.56
Generation 3200 | Best fitness (Train): 309503.84 | Best fitness in generation (Train): 309617.53 | Mean fitness (Train): 310734.25 | Mean fitness (Test): 287190.00
Generation 3300 | Best fitness (Train): 307606.12 | Best fitness in generation (Train): 307794.97 | Mean fitness (Train): 309086.44 | Mean fitness (Test): 285782.00
Generation 3400 | Best fitness (Train): 306351.34 | Best fitness in generation (Train): 306365.59 | Mean fitness (Train): 307614.62 | Mean fitness (Test): 284855.47
Generation 3500 | Best fitness (Train): 304979.88 | Best fitness in generation (Train): 305109.56 | Mean fitness (Train): 306219.91 | Mean fitness (Test): 283965.31
Generation 3600 | Best fitness (Train): 303906.53 | Best fitness in generation (Train): 303964.31 | Mean fitness (Train): 305074.12 | Mean fitness (Test): 283153.75
Generation 3700 | Best fitness (Train): 302456.72 | Best fitness in generation (Train): 302815.09 | Mean fitness (Train): 303898.00 | Mean fitness (Test): 282701.41
Generation 3800 | Best fitness (Train): 301615.03 | Best fitness in generation (Train): 301726.47 | Mean fitness (Train): 302806.78 | Mean fitness (Test): 281946.06
Generation 3900 | Best fitness (Train): 300389.06 | Best fitness in generation (Train): 300797.72 | Mean fitness (Train): 301700.16 | Mean fitness (Test): 281226.78
Generation 4000 | Best fitness (Train): 299574.91 | Best fitness in generation (Train): 299804.53 | Mean fitness (Train): 300807.75 | Mean fitness (Test): 280878.72
Running ES algorithms:  29%|██████████████████████████████████████                                                                                               | 2/7 [00:58<02:50, 34.19s/it][A
running the experiment ... [../../results/BBOBProblem/rastrigin/Sep_CMA_ES_500_10000/0]
Generation 100 | Best fitness (Train): 1044643.75 | Best fitness in generation (Train): 1044643.75 | Mean fitness (Train): 1050688.75 | Mean fitness (Test): 1038548.06
Generation 200 | Best fitness (Train): 762488.62 | Best fitness in generation (Train): 762488.62 | Mean fitness (Train): 772048.19 | Mean fitness (Test): 750069.06
Generation 300 | Best fitness (Train): 482463.50 | Best fitness in generation (Train): 483563.16 | Mean fitness (Train): 494647.72 | Mean fitness (Test): 408512.69
Generation 400 | Best fitness (Train): 448555.44 | Best fitness in generation (Train): 620659.19 | Mean fitness (Train): 666426.62 | Mean fitness (Test): 260482.62
Generation 500 | Best fitness (Train): 448555.44 | Best fitness in generation (Train): 751241.00 | Mean fitness (Train): 810790.56 | Mean fitness (Test): 312288.53
Generation 600 | Best fitness (Train): 448555.44 | Best fitness in generation (Train): 547543.31 | Mean fitness (Train): 572337.06 | Mean fitness (Test): 278957.28
Generation 700 | Best fitness (Train): 363286.78 | Best fitness in generation (Train): 363286.78 | Mean fitness (Train): 377346.81 | Mean fitness (Test): 210849.84
Generation 800 | Best fitness (Train): 265893.66 | Best fitness in generation (Train): 265893.66 | Mean fitness (Train): 276289.69 | Mean fitness (Test): 169143.98
Generation 900 | Best fitness (Train): 211998.27 | Best fitness in generation (Train): 212857.19 | Mean fitness (Train): 218355.11 | Mean fitness (Test): 144421.36
Generation 1000 | Best fitness (Train): 176179.47 | Best fitness in generation (Train): 176905.69 | Mean fitness (Train): 180661.48 | Mean fitness (Test): 130878.66
Generation 1100 | Best fitness (Train): 153627.84 | Best fitness in generation (Train): 153660.88 | Mean fitness (Train): 156785.16 | Mean fitness (Test): 122609.45
Generation 1200 | Best fitness (Train): 137222.75 | Best fitness in generation (Train): 137486.70 | Mean fitness (Train): 140606.34 | Mean fitness (Test): 115845.16
Generation 1300 | Best fitness (Train): 127856.85 | Best fitness in generation (Train): 128281.40 | Mean fitness (Train): 130453.65 | Mean fitness (Test): 112443.95
Generation 1400 | Best fitness (Train): 121386.82 | Best fitness in generation (Train): 122262.38 | Mean fitness (Train): 124390.20 | Mean fitness (Test): 112095.91
Generation 1500 | Best fitness (Train): 117735.20 | Best fitness in generation (Train): 118291.85 | Mean fitness (Train): 120437.23 | Mean fitness (Test): 109811.91
Generation 1600 | Best fitness (Train): 114946.95 | Best fitness in generation (Train): 115936.84 | Mean fitness (Train): 117677.36 | Mean fitness (Test): 108803.88
Generation 1700 | Best fitness (Train): 112775.35 | Best fitness in generation (Train): 112949.16 | Mean fitness (Train): 115177.48 | Mean fitness (Test): 106840.05
Generation 1800 | Best fitness (Train): 111314.61 | Best fitness in generation (Train): 111363.37 | Mean fitness (Train): 113644.93 | Mean fitness (Test): 105726.85
Generation 1900 | Best fitness (Train): 108921.74 | Best fitness in generation (Train): 109551.88 | Mean fitness (Train): 112164.74 | Mean fitness (Test): 103082.49
Generation 2000 | Best fitness (Train): 108480.13 | Best fitness in generation (Train): 109039.47 | Mean fitness (Train): 110993.06 | Mean fitness (Test): 100111.38
Generation 2100 | Best fitness (Train): 107151.38 | Best fitness in generation (Train): 107964.80 | Mean fitness (Train): 109665.20 | Mean fitness (Test): 96897.18
Generation 2200 | Best fitness (Train): 105751.84 | Best fitness in generation (Train): 106334.15 | Mean fitness (Train): 108170.01 | Mean fitness (Test): 94266.25
Generation 2300 | Best fitness (Train): 104210.66 | Best fitness in generation (Train): 104409.04 | Mean fitness (Train): 106457.14 | Mean fitness (Test): 90887.99
Generation 2400 | Best fitness (Train): 101683.06 | Best fitness in generation (Train): 102155.20 | Mean fitness (Train): 104376.70 | Mean fitness (Test): 85761.66
Generation 2500 | Best fitness (Train): 99616.38 | Best fitness in generation (Train): 99699.27 | Mean fitness (Train): 101921.35 | Mean fitness (Test): 81243.05
Generation 2600 | Best fitness (Train): 96302.10 | Best fitness in generation (Train): 96302.10 | Mean fitness (Train): 98583.08 | Mean fitness (Test): 76031.34
Generation 2700 | Best fitness (Train): 91176.39 | Best fitness in generation (Train): 91210.71 | Mean fitness (Train): 93288.38 | Mean fitness (Test): 66715.64
Generation 2800 | Best fitness (Train): 84672.06 | Best fitness in generation (Train): 84672.06 | Mean fitness (Train): 87006.82 | Mean fitness (Test): 58031.29
Generation 2900 | Best fitness (Train): 76810.25 | Best fitness in generation (Train): 76810.25 | Mean fitness (Train): 78614.44 | Mean fitness (Test): 49346.18
Generation 3000 | Best fitness (Train): 65128.79 | Best fitness in generation (Train): 65128.79 | Mean fitness (Train): 66924.21 | Mean fitness (Test): 38417.79
Generation 3100 | Best fitness (Train): 52703.63 | Best fitness in generation (Train): 53135.52 | Mean fitness (Train): 54349.61 | Mean fitness (Test): 29662.94
Generation 3200 | Best fitness (Train): 40542.68 | Best fitness in generation (Train): 40542.68 | Mean fitness (Train): 41861.41 | Mean fitness (Test): 22684.62
Generation 3300 | Best fitness (Train): 31281.19 | Best fitness in generation (Train): 31281.19 | Mean fitness (Train): 32010.84 | Mean fitness (Test): 19108.01
Generation 3400 | Best fitness (Train): 24704.91 | Best fitness in generation (Train): 24704.91 | Mean fitness (Train): 25201.12 | Mean fitness (Test): 16858.62
Generation 3500 | Best fitness (Train): 20457.02 | Best fitness in generation (Train): 20470.72 | Mean fitness (Train): 20757.64 | Mean fitness (Test): 15333.42
Generation 3600 | Best fitness (Train): 17725.83 | Best fitness in generation (Train): 17725.83 | Mean fitness (Train): 17966.63 | Mean fitness (Test): 14337.50
Generation 3700 | Best fitness (Train): 16023.89 | Best fitness in generation (Train): 16028.07 | Mean fitness (Train): 16173.64 | Mean fitness (Test): 13707.24
Generation 3800 | Best fitness (Train): 14806.72 | Best fitness in generation (Train): 14806.72 | Mean fitness (Train): 14935.66 | Mean fitness (Test): 13291.47
Generation 3900 | Best fitness (Train): 14030.07 | Best fitness in generation (Train): 14030.07 | Mean fitness (Train): 14107.61 | Mean fitness (Test): 12993.90
Generation 4000 | Best fitness (Train): 13505.47 | Best fitness in generation (Train): 13505.47 | Mean fitness (Train): 13564.78 | Mean fitness (Test): 12803.58
running the experiment ... [../../results/BBOBProblem/rastrigin/Sep_CMA_ES_500_10000/1]
Generation 100 | Best fitness (Train): 1054967.88 | Best fitness in generation (Train): 1054967.88 | Mean fitness (Train): 1061339.12 | Mean fitness (Test): 1048949.62
Generation 200 | Best fitness (Train): 767622.25 | Best fitness in generation (Train): 767622.25 | Mean fitness (Train): 776891.88 | Mean fitness (Test): 754404.75
Generation 300 | Best fitness (Train): 484830.31 | Best fitness in generation (Train): 486328.44 | Mean fitness (Train): 496563.16 | Mean fitness (Test): 407544.56
Generation 400 | Best fitness (Train): 452021.97 | Best fitness in generation (Train): 623981.31 | Mean fitness (Train): 668916.75 | Mean fitness (Test): 262432.97
Generation 500 | Best fitness (Train): 452021.97 | Best fitness in generation (Train): 779414.69 | Mean fitness (Train): 824091.56 | Mean fitness (Test): 323161.22
Generation 600 | Best fitness (Train): 452021.97 | Best fitness in generation (Train): 542551.44 | Mean fitness (Train): 568927.88 | Mean fitness (Test): 279466.09
Generation 700 | Best fitness (Train): 365623.03 | Best fitness in generation (Train): 365701.09 | Mean fitness (Train): 378833.22 | Mean fitness (Test): 213083.75
Generation 800 | Best fitness (Train): 268329.94 | Best fitness in generation (Train): 268329.94 | Mean fitness (Train): 278825.84 | Mean fitness (Test): 169721.70
Generation 900 | Best fitness (Train): 213021.16 | Best fitness in generation (Train): 213024.81 | Mean fitness (Train): 219538.12 | Mean fitness (Test): 145847.41
Generation 1000 | Best fitness (Train): 177497.25 | Best fitness in generation (Train): 177497.25 | Mean fitness (Train): 182282.56 | Mean fitness (Test): 130399.24
Generation 1100 | Best fitness (Train): 154106.52 | Best fitness in generation (Train): 154529.84 | Mean fitness (Train): 157263.33 | Mean fitness (Test): 120697.96
Generation 1200 | Best fitness (Train): 138559.03 | Best fitness in generation (Train): 138958.23 | Mean fitness (Train): 141406.75 | Mean fitness (Test): 117548.23
Generation 1300 | Best fitness (Train): 128554.84 | Best fitness in generation (Train): 128768.05 | Mean fitness (Train): 131269.83 | Mean fitness (Test): 113012.29
Generation 1400 | Best fitness (Train): 122265.52 | Best fitness in generation (Train): 122814.97 | Mean fitness (Train): 124837.63 | Mean fitness (Test): 111048.88
Generation 1500 | Best fitness (Train): 118241.04 | Best fitness in generation (Train): 118602.27 | Mean fitness (Train): 120864.38 | Mean fitness (Test): 111061.72
Generation 1600 | Best fitness (Train): 115295.63 | Best fitness in generation (Train): 115566.10 | Mean fitness (Train): 117889.34 | Mean fitness (Test): 107938.07
Generation 1700 | Best fitness (Train): 113166.59 | Best fitness in generation (Train): 113723.78 | Mean fitness (Train): 115812.73 | Mean fitness (Test): 108031.63
Generation 1800 | Best fitness (Train): 111403.24 | Best fitness in generation (Train): 112091.06 | Mean fitness (Train): 114158.01 | Mean fitness (Test): 106104.68
Generation 1900 | Best fitness (Train): 110268.13 | Best fitness in generation (Train): 111098.45 | Mean fitness (Train): 112773.59 | Mean fitness (Test): 102804.48
Generation 2000 | Best fitness (Train): 108911.17 | Best fitness in generation (Train): 109750.00 | Mean fitness (Train): 111646.87 | Mean fitness (Test): 102205.98
Generation 2100 | Best fitness (Train): 107406.95 | Best fitness in generation (Train): 107740.93 | Mean fitness (Train): 110292.23 | Mean fitness (Test): 98394.22
Generation 2200 | Best fitness (Train): 105931.63 | Best fitness in generation (Train): 106808.18 | Mean fitness (Train): 108841.57 | Mean fitness (Test): 95696.66
Generation 2300 | Best fitness (Train): 103865.39 | Best fitness in generation (Train): 105113.20 | Mean fitness (Train): 107039.67 | Mean fitness (Test): 91463.33
Generation 2400 | Best fitness (Train): 102727.94 | Best fitness in generation (Train): 102892.12 | Mean fitness (Train): 105101.16 | Mean fitness (Test): 87680.50
Generation 2500 | Best fitness (Train): 100095.77 | Best fitness in generation (Train): 100724.56 | Mean fitness (Train): 102647.86 | Mean fitness (Test): 82860.62
Generation 2600 | Best fitness (Train): 96971.09 | Best fitness in generation (Train): 97131.94 | Mean fitness (Train): 99238.26 | Mean fitness (Test): 78088.45
Generation 2700 | Best fitness (Train): 91745.15 | Best fitness in generation (Train): 91745.15 | Mean fitness (Train): 93988.13 | Mean fitness (Test): 68697.45
Generation 2800 | Best fitness (Train): 85771.29 | Best fitness in generation (Train): 85771.29 | Mean fitness (Train): 87878.85 | Mean fitness (Test): 60500.50
Generation 2900 | Best fitness (Train): 77764.95 | Best fitness in generation (Train): 77764.95 | Mean fitness (Train): 79632.37 | Mean fitness (Test): 50117.30
Generation 3000 | Best fitness (Train): 67244.25 | Best fitness in generation (Train): 67343.16 | Mean fitness (Train): 69000.69 | Mean fitness (Test): 40067.79
Generation 3100 | Best fitness (Train): 54729.37 | Best fitness in generation (Train): 54729.37 | Mean fitness (Train): 56132.79 | Mean fitness (Test): 30413.73
Generation 3200 | Best fitness (Train): 42533.21 | Best fitness in generation (Train): 42533.21 | Mean fitness (Train): 43672.41 | Mean fitness (Test): 23686.95
Generation 3300 | Best fitness (Train): 32522.25 | Best fitness in generation (Train): 32522.25 | Mean fitness (Train): 33321.17 | Mean fitness (Test): 19540.29
Generation 3400 | Best fitness (Train): 25470.77 | Best fitness in generation (Train): 25470.77 | Mean fitness (Train): 26156.71 | Mean fitness (Test): 17097.81
Generation 3500 | Best fitness (Train): 20812.23 | Best fitness in generation (Train): 20812.23 | Mean fitness (Train): 21234.85 | Mean fitness (Test): 15312.95
Generation 3600 | Best fitness (Train): 17775.48 | Best fitness in generation (Train): 17972.21 | Mean fitness (Train): 18200.50 | Mean fitness (Test): 14276.15
Generation 3700 | Best fitness (Train): 16063.43 | Best fitness in generation (Train): 16065.64 | Mean fitness (Train): 16251.61 | Mean fitness (Test): 13605.11
Generation 3800 | Best fitness (Train): 14789.43 | Best fitness in generation (Train): 14789.43 | Mean fitness (Train): 14906.53 | Mean fitness (Test): 13155.43
Generation 3900 | Best fitness (Train): 13906.54 | Best fitness in generation (Train): 13906.54 | Mean fitness (Train): 13991.74 | Mean fitness (Test): 12838.13
Generation 4000 | Best fitness (Train): 13368.89 | Best fitness in generation (Train): 13368.89 | Mean fitness (Train): 13426.43 | Mean fitness (Test): 12616.75
running the experiment ... [../../results/BBOBProblem/rastrigin/Sep_CMA_ES_500_10000/2]
Generation 100 | Best fitness (Train): 1078725.12 | Best fitness in generation (Train): 1078725.12 | Mean fitness (Train): 1084096.62 | Mean fitness (Test): 1072785.50
Running ES algorithms:  43%|█████████████████████████████████████████████████████████                                                                            | 3/7 [02:32<04:06, 61.56s/it][A[2025-12-03T06:54:43.755] error: Detected 1 oom_kill event in StepId=8587239.0. Some of the step tasks have been OOM Killed.
srun: error: ise-6000-07: task 0: Out Of Memory
