Sun 09 Nov 2025 00:24:20 IST

SLURM_JOBID:		 8041819
SLURM_JOB_NODELIST:	 cs-pheno-11 

configuration parmas running: problem_type=brax es_algorithms=SNES
Loading Problems ..:   0%|                                                              | 0/12 [00:00<?, ?it/s]/home/ronedr/.conda/envs/ronedr_es_env/lib/python3.10/site-packages/brax/io/mjcf.py:480: UserWarning: Brax System, piplines and environments are not actively being maintained. Please see MJX for a well maintained JAX-based physics engine: https://github.com/google-deepmind/mujoco/tree/main/mjx. For a host of environments that use MJX, see: https://github.com/google-deepmind/mujoco_playground.
  warnings.warn(
E1109 00:24:42.994873 2077099 hlo_lexer.cc:443] Failed to parse int literal: 1986902096214075708017
Successfully loaded: ant

running the experiment ... [../../results/BraxProblem/ant/SNES/0]
Generation 010 | Best fitness (Train): -4.37 | Best fitness in generation (Train): -6.06 | Mean fitness (Train): -48.22 | Mean fitness (Test): -42.24
Generation 020 | Best fitness (Train): -4.37 | Best fitness in generation (Train): -8.51 | Mean fitness (Train): -58.82 | Mean fitness (Test): -69.38
Generation 030 | Best fitness (Train): -4.00 | Best fitness in generation (Train): -9.08 | Mean fitness (Train): -53.60 | Mean fitness (Test): -107.45
Generation 040 | Best fitness (Train): -4.00 | Best fitness in generation (Train): -4.24 | Mean fitness (Train): -50.68 | Mean fitness (Test): -48.68
Generation 050 | Best fitness (Train): -4.00 | Best fitness in generation (Train): -6.35 | Mean fitness (Train): -41.88 | Mean fitness (Test): -7.55
Generation 060 | Best fitness (Train): -3.93 | Best fitness in generation (Train): -7.77 | Mean fitness (Train): -51.41 | Mean fitness (Test): -17.15
Generation 070 | Best fitness (Train): -3.93 | Best fitness in generation (Train): -6.73 | Mean fitness (Train): -54.07 | Mean fitness (Test): -13.32
Generation 080 | Best fitness (Train): -3.93 | Best fitness in generation (Train): -7.28 | Mean fitness (Train): -48.30 | Mean fitness (Test): -59.93
Generation 090 | Best fitness (Train): -2.66 | Best fitness in generation (Train): -8.55 | Mean fitness (Train): -58.21 | Mean fitness (Test): -26.77
Generation 100 | Best fitness (Train): 1.78 | Best fitness in generation (Train): -6.72 | Mean fitness (Train): -46.91 | Mean fitness (Test): -80.41
Generation 110 | Best fitness (Train): 1.78 | Best fitness in generation (Train): -6.14 | Mean fitness (Train): -46.52 | Mean fitness (Test): -17.36
Generation 120 | Best fitness (Train): 1.78 | Best fitness in generation (Train): -6.24 | Mean fitness (Train): -17.21 | Mean fitness (Test): -8.13
Generation 130 | Best fitness (Train): 1.78 | Best fitness in generation (Train): -4.37 | Mean fitness (Train): -44.23 | Mean fitness (Test): -50.79
Generation 140 | Best fitness (Train): 1.78 | Best fitness in generation (Train): -5.55 | Mean fitness (Train): -24.19 | Mean fitness (Test): -21.36
Generation 150 | Best fitness (Train): 1.78 | Best fitness in generation (Train): -6.46 | Mean fitness (Train): -23.75 | Mean fitness (Test): -12.24
Generation 160 | Best fitness (Train): 1.78 | Best fitness in generation (Train): -5.41 | Mean fitness (Train): -41.53 | Mean fitness (Test): -23.85
Generation 170 | Best fitness (Train): 1.78 | Best fitness in generation (Train): -3.71 | Mean fitness (Train): -13.00 | Mean fitness (Test): -9.46
Generation 180 | Best fitness (Train): 1.78 | Best fitness in generation (Train): -4.48 | Mean fitness (Train): -25.19 | Mean fitness (Test): -24.99
Generation 190 | Best fitness (Train): 1.78 | Best fitness in generation (Train): -4.62 | Mean fitness (Train): -21.81 | Mean fitness (Test): -15.60
Generation 200 | Best fitness (Train): 1.78 | Best fitness in generation (Train): -6.31 | Mean fitness (Train): -23.08 | Mean fitness (Test): -16.48
Generation 210 | Best fitness (Train): 1.78 | Best fitness in generation (Train): -4.79 | Mean fitness (Train): -15.89 | Mean fitness (Test): -6.57
Generation 220 | Best fitness (Train): 1.78 | Best fitness in generation (Train): -7.95 | Mean fitness (Train): -26.76 | Mean fitness (Test): -11.23
Generation 230 | Best fitness (Train): 1.78 | Best fitness in generation (Train): -3.13 | Mean fitness (Train): -29.73 | Mean fitness (Test): -76.39
Generation 240 | Best fitness (Train): 1.78 | Best fitness in generation (Train): -7.06 | Mean fitness (Train): -27.72 | Mean fitness (Test): -11.90
Generation 250 | Best fitness (Train): 1.78 | Best fitness in generation (Train): -6.37 | Mean fitness (Train): -26.20 | Mean fitness (Test): -30.85
Generation 260 | Best fitness (Train): 1.78 | Best fitness in generation (Train): -3.53 | Mean fitness (Train): -34.18 | Mean fitness (Test): -10.16
Generation 270 | Best fitness (Train): 1.78 | Best fitness in generation (Train): -5.05 | Mean fitness (Train): -20.06 | Mean fitness (Test): -12.11
Generation 280 | Best fitness (Train): 1.78 | Best fitness in generation (Train): -4.34 | Mean fitness (Train): -27.19 | Mean fitness (Test): -9.60
Generation 290 | Best fitness (Train): 1.78 | Best fitness in generation (Train): -6.52 | Mean fitness (Train): -26.02 | Mean fitness (Test): -10.00
Generation 300 | Best fitness (Train): 1.78 | Best fitness in generation (Train): -4.41 | Mean fitness (Train): -19.95 | Mean fitness (Test): -9.77
Generation 310 | Best fitness (Train): 1.78 | Best fitness in generation (Train): -10.42 | Mean fitness (Train): -25.69 | Mean fitness (Test): -12.00
Generation 320 | Best fitness (Train): 1.78 | Best fitness in generation (Train): -5.40 | Mean fitness (Train): -16.27 | Mean fitness (Test): -10.59
Generation 330 | Best fitness (Train): 1.78 | Best fitness in generation (Train): -3.92 | Mean fitness (Train): -26.65 | Mean fitness (Test): -8.09
Generation 340 | Best fitness (Train): 1.78 | Best fitness in generation (Train): -6.49 | Mean fitness (Train): -28.80 | Mean fitness (Test): -12.58
Generation 350 | Best fitness (Train): 1.78 | Best fitness in generation (Train): -5.31 | Mean fitness (Train): -15.99 | Mean fitness (Test): -11.17
Generation 360 | Best fitness (Train): 1.78 | Best fitness in generation (Train): -12.24 | Mean fitness (Train): -49.93 | Mean fitness (Test): -38.43
Generation 370 | Best fitness (Train): 1.78 | Best fitness in generation (Train): -4.04 | Mean fitness (Train): -26.34 | Mean fitness (Test): -13.95
Generation 380 | Best fitness (Train): 1.78 | Best fitness in generation (Train): -5.59 | Mean fitness (Train): -12.91 | Mean fitness (Test): -8.99
Generation 390 | Best fitness (Train): 1.78 | Best fitness in generation (Train): -4.91 | Mean fitness (Train): -38.81 | Mean fitness (Test): -19.21
Generation 400 | Best fitness (Train): 1.78 | Best fitness in generation (Train): -5.35 | Mean fitness (Train): -18.61 | Mean fitness (Test): -5.56
Generation 410 | Best fitness (Train): 1.78 | Best fitness in generation (Train): -4.74 | Mean fitness (Train): -52.45 | Mean fitness (Test): -47.75
Generation 420 | Best fitness (Train): 1.78 | Best fitness in generation (Train): -11.71 | Mean fitness (Train): -22.82 | Mean fitness (Test): -22.95
Generation 430 | Best fitness (Train): 1.78 | Best fitness in generation (Train): -5.16 | Mean fitness (Train): -49.55 | Mean fitness (Test): -10.27
Generation 440 | Best fitness (Train): 1.78 | Best fitness in generation (Train): -4.16 | Mean fitness (Train): -10.63 | Mean fitness (Test): -6.30
Generation 450 | Best fitness (Train): 1.78 | Best fitness in generation (Train): -5.04 | Mean fitness (Train): -41.16 | Mean fitness (Test): -6.86
Generation 460 | Best fitness (Train): 1.78 | Best fitness in generation (Train): -7.27 | Mean fitness (Train): -22.00 | Mean fitness (Test): -13.32
Generation 470 | Best fitness (Train): 1.78 | Best fitness in generation (Train): -5.00 | Mean fitness (Train): -13.46 | Mean fitness (Test): -5.60
Generation 480 | Best fitness (Train): 1.78 | Best fitness in generation (Train): -5.03 | Mean fitness (Train): -12.48 | Mean fitness (Test): -10.63
Generation 490 | Best fitness (Train): 1.78 | Best fitness in generation (Train): -4.55 | Mean fitness (Train): -12.17 | Mean fitness (Test): -13.82
Generation 500 | Best fitness (Train): 1.78 | Best fitness in generation (Train): -3.30 | Mean fitness (Train): -14.69 | Mean fitness (Test): -6.37
Generation 510 | Best fitness (Train): 1.78 | Best fitness in generation (Train): -5.85 | Mean fitness (Train): -44.13 | Mean fitness (Test): -62.25
Generation 520 | Best fitness (Train): 6.58 | Best fitness in generation (Train): 6.58 | Mean fitness (Train): -18.85 | Mean fitness (Test): -6.38
Generation 530 | Best fitness (Train): 6.58 | Best fitness in generation (Train): -5.38 | Mean fitness (Train): -10.34 | Mean fitness (Test): -8.87
Generation 540 | Best fitness (Train): 6.58 | Best fitness in generation (Train): -5.32 | Mean fitness (Train): -43.40 | Mean fitness (Test): -42.34
Generation 550 | Best fitness (Train): 6.58 | Best fitness in generation (Train): -4.38 | Mean fitness (Train): -12.48 | Mean fitness (Test): -7.55
Generation 560 | Best fitness (Train): 6.58 | Best fitness in generation (Train): -5.28 | Mean fitness (Train): -10.46 | Mean fitness (Test): -6.20
Generation 570 | Best fitness (Train): 6.58 | Best fitness in generation (Train): -5.40 | Mean fitness (Train): -12.06 | Mean fitness (Test): -9.30
Generation 580 | Best fitness (Train): 6.58 | Best fitness in generation (Train): -4.80 | Mean fitness (Train): -14.46 | Mean fitness (Test): -18.96
Generation 590 | Best fitness (Train): 6.58 | Best fitness in generation (Train): -4.87 | Mean fitness (Train): -9.45 | Mean fitness (Test): -9.59
Generation 600 | Best fitness (Train): 6.58 | Best fitness in generation (Train): -14.50 | Mean fitness (Train): -62.12 | Mean fitness (Test): -52.99
Generation 610 | Best fitness (Train): 6.58 | Best fitness in generation (Train): -5.43 | Mean fitness (Train): -22.45 | Mean fitness (Test): -8.87
Generation 620 | Best fitness (Train): 6.58 | Best fitness in generation (Train): -4.43 | Mean fitness (Train): -12.83 | Mean fitness (Test): -5.06
Generation 630 | Best fitness (Train): 6.58 | Best fitness in generation (Train): -4.69 | Mean fitness (Train): -13.17 | Mean fitness (Test): -5.75
Generation 640 | Best fitness (Train): 6.58 | Best fitness in generation (Train): -5.14 | Mean fitness (Train): -28.17 | Mean fitness (Test): -6.50
Generation 650 | Best fitness (Train): 6.58 | Best fitness in generation (Train): -5.62 | Mean fitness (Train): -13.27 | Mean fitness (Test): -6.96
Generation 660 | Best fitness (Train): 6.58 | Best fitness in generation (Train): -5.17 | Mean fitness (Train): -12.71 | Mean fitness (Test): -5.65
Generation 670 | Best fitness (Train): 6.58 | Best fitness in generation (Train): -3.41 | Mean fitness (Train): -26.16 | Mean fitness (Test): -5.75
Generation 680 | Best fitness (Train): 6.58 | Best fitness in generation (Train): -4.47 | Mean fitness (Train): -20.35 | Mean fitness (Test): -7.45
Generation 690 | Best fitness (Train): 6.58 | Best fitness in generation (Train): -5.17 | Mean fitness (Train): -19.17 | Mean fitness (Test): -5.98
Generation 700 | Best fitness (Train): 6.58 | Best fitness in generation (Train): -5.63 | Mean fitness (Train): -13.87 | Mean fitness (Test): -10.23
Generation 710 | Best fitness (Train): 6.58 | Best fitness in generation (Train): -5.31 | Mean fitness (Train): -12.54 | Mean fitness (Test): -8.42
Generation 720 | Best fitness (Train): 6.58 | Best fitness in generation (Train): -4.45 | Mean fitness (Train): -14.25 | Mean fitness (Test): -4.60
Generation 730 | Best fitness (Train): 6.58 | Best fitness in generation (Train): -4.63 | Mean fitness (Train): -23.90 | Mean fitness (Test): -6.09
Generation 740 | Best fitness (Train): 6.58 | Best fitness in generation (Train): -4.71 | Mean fitness (Train): -13.75 | Mean fitness (Test): -8.95
Generation 750 | Best fitness (Train): 6.58 | Best fitness in generation (Train): -3.76 | Mean fitness (Train): -20.83 | Mean fitness (Test): -6.55
Generation 760 | Best fitness (Train): 6.58 | Best fitness in generation (Train): -4.83 | Mean fitness (Train): -31.55 | Mean fitness (Test): -64.04
Generation 770 | Best fitness (Train): 6.58 | Best fitness in generation (Train): -5.73 | Mean fitness (Train): -9.27 | Mean fitness (Test): -9.50
Generation 780 | Best fitness (Train): 6.58 | Best fitness in generation (Train): -3.90 | Mean fitness (Train): -9.56 | Mean fitness (Test): -9.47
Generation 790 | Best fitness (Train): 6.58 | Best fitness in generation (Train): -3.42 | Mean fitness (Train): -31.00 | Mean fitness (Test): -73.64
Generation 800 | Best fitness (Train): 6.58 | Best fitness in generation (Train): -8.57 | Mean fitness (Train): -43.22 | Mean fitness (Test): -46.62
Generation 810 | Best fitness (Train): 6.58 | Best fitness in generation (Train): -3.95 | Mean fitness (Train): -19.37 | Mean fitness (Test): -15.78
Generation 820 | Best fitness (Train): 6.58 | Best fitness in generation (Train): -6.10 | Mean fitness (Train): -39.53 | Mean fitness (Test): -5.97
Generation 830 | Best fitness (Train): 6.58 | Best fitness in generation (Train): -5.21 | Mean fitness (Train): -15.30 | Mean fitness (Test): -6.60
Generation 840 | Best fitness (Train): 6.58 | Best fitness in generation (Train): -5.11 | Mean fitness (Train): -9.16 | Mean fitness (Test): -8.47
Generation 850 | Best fitness (Train): 6.58 | Best fitness in generation (Train): -4.55 | Mean fitness (Train): -13.99 | Mean fitness (Test): -6.02
Generation 860 | Best fitness (Train): 6.58 | Best fitness in generation (Train): -3.66 | Mean fitness (Train): -14.97 | Mean fitness (Test): -4.39
Generation 870 | Best fitness (Train): 6.58 | Best fitness in generation (Train): -5.30 | Mean fitness (Train): -23.28 | Mean fitness (Test): -21.41
Generation 880 | Best fitness (Train): 6.58 | Best fitness in generation (Train): -4.76 | Mean fitness (Train): -43.12 | Mean fitness (Test): -86.65
Generation 890 | Best fitness (Train): 6.58 | Best fitness in generation (Train): -4.76 | Mean fitness (Train): -12.92 | Mean fitness (Test): -12.65
Generation 900 | Best fitness (Train): 6.58 | Best fitness in generation (Train): -4.93 | Mean fitness (Train): -7.58 | Mean fitness (Test): -6.66
Generation 910 | Best fitness (Train): 6.58 | Best fitness in generation (Train): -4.91 | Mean fitness (Train): -12.10 | Mean fitness (Test): -6.51
Generation 920 | Best fitness (Train): 6.58 | Best fitness in generation (Train): -5.94 | Mean fitness (Train): -13.04 | Mean fitness (Test): -6.86
Generation 930 | Best fitness (Train): 6.58 | Best fitness in generation (Train): -5.74 | Mean fitness (Train): -13.06 | Mean fitness (Test): -9.24
Generation 940 | Best fitness (Train): 6.58 | Best fitness in generation (Train): -4.60 | Mean fitness (Train): -12.12 | Mean fitness (Test): -51.76
Generation 950 | Best fitness (Train): 6.58 | Best fitness in generation (Train): -5.47 | Mean fitness (Train): -9.65 | Mean fitness (Test): -8.06
Generation 960 | Best fitness (Train): 6.58 | Best fitness in generation (Train): -4.82 | Mean fitness (Train): -12.21 | Mean fitness (Test): -10.35
Generation 970 | Best fitness (Train): 6.58 | Best fitness in generation (Train): -6.19 | Mean fitness (Train): -17.04 | Mean fitness (Test): -16.01
Generation 980 | Best fitness (Train): 6.58 | Best fitness in generation (Train): -4.52 | Mean fitness (Train): -16.87 | Mean fitness (Test): -10.19
Generation 990 | Best fitness (Train): 6.58 | Best fitness in generation (Train): -5.27 | Mean fitness (Train): -54.79 | Mean fitness (Test): -60.76
Generation 1000 | Best fitness (Train): 6.58 | Best fitness in generation (Train): -4.98 | Mean fitness (Train): -18.57 | Mean fitness (Test): -11.03
running the experiment ... [../../results/BraxProblem/ant/SNES/1]
Generation 010 | Best fitness (Train): -4.87 | Best fitness in generation (Train): -7.30 | Mean fitness (Train): -50.22 | Mean fitness (Test): -149.39
Generation 020 | Best fitness (Train): -4.13 | Best fitness in generation (Train): -9.02 | Mean fitness (Train): -54.21 | Mean fitness (Test): -15.93
Generation 030 | Best fitness (Train): -3.84 | Best fitness in generation (Train): -3.84 | Mean fitness (Train): -45.66 | Mean fitness (Test): -24.72
Generation 040 | Best fitness (Train): -3.84 | Best fitness in generation (Train): -4.97 | Mean fitness (Train): -58.86 | Mean fitness (Test): -58.05
Generation 050 | Best fitness (Train): -2.59 | Best fitness in generation (Train): -6.51 | Mean fitness (Train): -43.64 | Mean fitness (Test): -19.10
Generation 060 | Best fitness (Train): -2.59 | Best fitness in generation (Train): -2.83 | Mean fitness (Train): -56.57 | Mean fitness (Test): -28.61
Generation 070 | Best fitness (Train): -0.84 | Best fitness in generation (Train): -8.89 | Mean fitness (Train): -48.88 | Mean fitness (Test): -12.86
Generation 080 | Best fitness (Train): -0.84 | Best fitness in generation (Train): -6.38 | Mean fitness (Train): -48.77 | Mean fitness (Test): -7.78
Generation 090 | Best fitness (Train): -0.84 | Best fitness in generation (Train): -8.00 | Mean fitness (Train): -40.07 | Mean fitness (Test): -9.83
Generation 100 | Best fitness (Train): -0.84 | Best fitness in generation (Train): -6.85 | Mean fitness (Train): -35.86 | Mean fitness (Test): -14.18
Generation 110 | Best fitness (Train): -0.84 | Best fitness in generation (Train): -5.45 | Mean fitness (Train): -36.18 | Mean fitness (Test): -11.57
Generation 120 | Best fitness (Train): -0.84 | Best fitness in generation (Train): -5.16 | Mean fitness (Train): -26.30 | Mean fitness (Test): -15.79
Generation 130 | Best fitness (Train): -0.84 | Best fitness in generation (Train): -7.61 | Mean fitness (Train): -29.08 | Mean fitness (Test): -112.40
Generation 140 | Best fitness (Train): -0.84 | Best fitness in generation (Train): -4.62 | Mean fitness (Train): -45.55 | Mean fitness (Test): -19.01
Generation 150 | Best fitness (Train): -0.84 | Best fitness in generation (Train): -7.75 | Mean fitness (Train): -16.12 | Mean fitness (Test): -9.40
Generation 160 | Best fitness (Train): -0.84 | Best fitness in generation (Train): -7.26 | Mean fitness (Train): -31.36 | Mean fitness (Test): -11.60
Generation 170 | Best fitness (Train): -0.84 | Best fitness in generation (Train): -5.38 | Mean fitness (Train): -40.52 | Mean fitness (Test): -33.66
Generation 180 | Best fitness (Train): -0.84 | Best fitness in generation (Train): -5.14 | Mean fitness (Train): -27.61 | Mean fitness (Test): -35.17
Generation 190 | Best fitness (Train): -0.84 | Best fitness in generation (Train): -6.43 | Mean fitness (Train): -20.07 | Mean fitness (Test): -15.83
Generation 200 | Best fitness (Train): -0.84 | Best fitness in generation (Train): -6.60 | Mean fitness (Train): -34.69 | Mean fitness (Test): -16.64
Generation 210 | Best fitness (Train): -0.84 | Best fitness in generation (Train): -8.86 | Mean fitness (Train): -36.67 | Mean fitness (Test): -11.95
Generation 220 | Best fitness (Train): -0.84 | Best fitness in generation (Train): -4.69 | Mean fitness (Train): -21.35 | Mean fitness (Test): -10.33
Generation 230 | Best fitness (Train): -0.84 | Best fitness in generation (Train): -8.17 | Mean fitness (Train): -32.03 | Mean fitness (Test): -28.73
Generation 240 | Best fitness (Train): -0.84 | Best fitness in generation (Train): -4.29 | Mean fitness (Train): -23.27 | Mean fitness (Test): -9.61
Generation 250 | Best fitness (Train): -0.82 | Best fitness in generation (Train): -6.36 | Mean fitness (Train): -28.23 | Mean fitness (Test): -64.28
Generation 260 | Best fitness (Train): -0.82 | Best fitness in generation (Train): -6.45 | Mean fitness (Train): -25.96 | Mean fitness (Test): -7.21
Generation 270 | Best fitness (Train): -0.82 | Best fitness in generation (Train): -5.35 | Mean fitness (Train): -26.95 | Mean fitness (Test): -7.45
Generation 280 | Best fitness (Train): -0.82 | Best fitness in generation (Train): -3.73 | Mean fitness (Train): -27.11 | Mean fitness (Test): -8.26
Generation 290 | Best fitness (Train): -0.82 | Best fitness in generation (Train): -8.64 | Mean fitness (Train): -27.33 | Mean fitness (Test): -14.21
Generation 300 | Best fitness (Train): -0.82 | Best fitness in generation (Train): -3.97 | Mean fitness (Train): -21.97 | Mean fitness (Test): -5.27
Generation 310 | Best fitness (Train): -0.82 | Best fitness in generation (Train): -4.27 | Mean fitness (Train): -22.74 | Mean fitness (Test): -7.97
Generation 320 | Best fitness (Train): -0.82 | Best fitness in generation (Train): -7.30 | Mean fitness (Train): -17.98 | Mean fitness (Test): -12.15
Generation 330 | Best fitness (Train): -0.82 | Best fitness in generation (Train): -6.57 | Mean fitness (Train): -24.88 | Mean fitness (Test): -11.39
Generation 340 | Best fitness (Train): -0.82 | Best fitness in generation (Train): -7.29 | Mean fitness (Train): -23.60 | Mean fitness (Test): -11.80
Generation 350 | Best fitness (Train): -0.82 | Best fitness in generation (Train): -5.23 | Mean fitness (Train): -17.61 | Mean fitness (Test): -11.91
Generation 360 | Best fitness (Train): -0.82 | Best fitness in generation (Train): -4.06 | Mean fitness (Train): -24.04 | Mean fitness (Test): -6.56
Generation 370 | Best fitness (Train): -0.82 | Best fitness in generation (Train): -5.79 | Mean fitness (Train): -19.02 | Mean fitness (Test): -8.95
Generation 380 | Best fitness (Train): -0.82 | Best fitness in generation (Train): -5.76 | Mean fitness (Train): -15.51 | Mean fitness (Test): -8.03
Generation 390 | Best fitness (Train): -0.82 | Best fitness in generation (Train): -3.69 | Mean fitness (Train): -51.10 | Mean fitness (Test): -6.42
Generation 400 | Best fitness (Train): -0.82 | Best fitness in generation (Train): -4.49 | Mean fitness (Train): -24.32 | Mean fitness (Test): -7.91
Generation 410 | Best fitness (Train): -0.82 | Best fitness in generation (Train): -2.86 | Mean fitness (Train): -25.03 | Mean fitness (Test): -7.37
Generation 420 | Best fitness (Train): -0.82 | Best fitness in generation (Train): -6.53 | Mean fitness (Train): -40.39 | Mean fitness (Test): -20.57
Generation 430 | Best fitness (Train): -0.82 | Best fitness in generation (Train): -3.08 | Mean fitness (Train): -15.75 | Mean fitness (Test): -10.37
Generation 440 | Best fitness (Train): -0.82 | Best fitness in generation (Train): -5.95 | Mean fitness (Train): -16.11 | Mean fitness (Test): -8.07
Generation 450 | Best fitness (Train): -0.82 | Best fitness in generation (Train): -4.80 | Mean fitness (Train): -14.58 | Mean fitness (Test): -11.12
Generation 460 | Best fitness (Train): -0.82 | Best fitness in generation (Train): -4.63 | Mean fitness (Train): -30.86 | Mean fitness (Test): -5.72
Generation 470 | Best fitness (Train): -0.82 | Best fitness in generation (Train): -4.97 | Mean fitness (Train): -29.14 | Mean fitness (Test): -15.23
Generation 480 | Best fitness (Train): -0.82 | Best fitness in generation (Train): -3.38 | Mean fitness (Train): -22.37 | Mean fitness (Test): -6.01
Generation 490 | Best fitness (Train): -0.82 | Best fitness in generation (Train): -5.46 | Mean fitness (Train): -23.06 | Mean fitness (Test): -16.04
Generation 500 | Best fitness (Train): -0.82 | Best fitness in generation (Train): -3.04 | Mean fitness (Train): -13.94 | Mean fitness (Test): -8.23
Generation 510 | Best fitness (Train): -0.82 | Best fitness in generation (Train): -4.87 | Mean fitness (Train): -12.03 | Mean fitness (Test): -10.27
Generation 520 | Best fitness (Train): -0.82 | Best fitness in generation (Train): -6.83 | Mean fitness (Train): -18.47 | Mean fitness (Test): -13.15
Generation 530 | Best fitness (Train): -0.82 | Best fitness in generation (Train): -4.31 | Mean fitness (Train): -16.96 | Mean fitness (Test): -5.33
Generation 540 | Best fitness (Train): -0.82 | Best fitness in generation (Train): -4.04 | Mean fitness (Train): -21.17 | Mean fitness (Test): -14.63
Generation 550 | Best fitness (Train): -0.82 | Best fitness in generation (Train): -5.61 | Mean fitness (Train): -39.87 | Mean fitness (Test): -50.76
Generation 560 | Best fitness (Train): -0.82 | Best fitness in generation (Train): -5.57 | Mean fitness (Train): -18.92 | Mean fitness (Test): -10.46
Generation 570 | Best fitness (Train): -0.82 | Best fitness in generation (Train): -6.30 | Mean fitness (Train): -14.77 | Mean fitness (Test): -11.21
Generation 580 | Best fitness (Train): -0.82 | Best fitness in generation (Train): -6.15 | Mean fitness (Train): -30.93 | Mean fitness (Test): -15.53
Generation 590 | Best fitness (Train): -0.82 | Best fitness in generation (Train): -6.30 | Mean fitness (Train): -28.95 | Mean fitness (Test): -46.90
Generation 600 | Best fitness (Train): -0.82 | Best fitness in generation (Train): -3.80 | Mean fitness (Train): -12.73 | Mean fitness (Test): -7.35
Generation 610 | Best fitness (Train): -0.82 | Best fitness in generation (Train): -5.46 | Mean fitness (Train): -38.86 | Mean fitness (Test): -6.29
Generation 620 | Best fitness (Train): -0.82 | Best fitness in generation (Train): -4.37 | Mean fitness (Train): -13.41 | Mean fitness (Test): -7.45
Generation 630 | Best fitness (Train): -0.82 | Best fitness in generation (Train): -4.76 | Mean fitness (Train): -20.35 | Mean fitness (Test): -13.35
Generation 640 | Best fitness (Train): -0.82 | Best fitness in generation (Train): -7.08 | Mean fitness (Train): -10.03 | Mean fitness (Test): -9.34
Generation 650 | Best fitness (Train): -0.82 | Best fitness in generation (Train): -4.71 | Mean fitness (Train): -13.55 | Mean fitness (Test): -15.07
Generation 660 | Best fitness (Train): -0.82 | Best fitness in generation (Train): -4.50 | Mean fitness (Train): -12.98 | Mean fitness (Test): -11.41
Generation 670 | Best fitness (Train): -0.82 | Best fitness in generation (Train): -4.41 | Mean fitness (Train): -32.79 | Mean fitness (Test): -11.22
Generation 680 | Best fitness (Train): -0.82 | Best fitness in generation (Train): -5.96 | Mean fitness (Train): -29.01 | Mean fitness (Test): -8.76
Generation 690 | Best fitness (Train): -0.82 | Best fitness in generation (Train): -4.91 | Mean fitness (Train): -16.78 | Mean fitness (Test): -11.33
Generation 700 | Best fitness (Train): -0.82 | Best fitness in generation (Train): -6.39 | Mean fitness (Train): -16.00 | Mean fitness (Test): -9.43
Generation 710 | Best fitness (Train): -0.82 | Best fitness in generation (Train): -5.46 | Mean fitness (Train): -16.95 | Mean fitness (Test): -6.02
Generation 720 | Best fitness (Train): -0.82 | Best fitness in generation (Train): -3.84 | Mean fitness (Train): -30.55 | Mean fitness (Test): -43.81
Generation 730 | Best fitness (Train): -0.82 | Best fitness in generation (Train): -5.09 | Mean fitness (Train): -11.53 | Mean fitness (Test): -10.15
Generation 740 | Best fitness (Train): -0.82 | Best fitness in generation (Train): -6.04 | Mean fitness (Train): -35.46 | Mean fitness (Test): -30.26
Generation 750 | Best fitness (Train): -0.82 | Best fitness in generation (Train): -4.66 | Mean fitness (Train): -10.50 | Mean fitness (Test): -9.88
Generation 760 | Best fitness (Train): -0.82 | Best fitness in generation (Train): -4.30 | Mean fitness (Train): -25.62 | Mean fitness (Test): -7.12
Generation 770 | Best fitness (Train): -0.82 | Best fitness in generation (Train): -5.80 | Mean fitness (Train): -18.15 | Mean fitness (Test): -7.11
Generation 780 | Best fitness (Train): -0.82 | Best fitness in generation (Train): -6.31 | Mean fitness (Train): -24.76 | Mean fitness (Test): -12.92
Generation 790 | Best fitness (Train): -0.82 | Best fitness in generation (Train): -4.95 | Mean fitness (Train): -12.06 | Mean fitness (Test): -10.06
Generation 800 | Best fitness (Train): -0.82 | Best fitness in generation (Train): -5.60 | Mean fitness (Train): -14.81 | Mean fitness (Test): -6.72
Generation 810 | Best fitness (Train): -0.82 | Best fitness in generation (Train): -5.77 | Mean fitness (Train): -20.98 | Mean fitness (Test): -6.87
Generation 820 | Best fitness (Train): -0.82 | Best fitness in generation (Train): -4.96 | Mean fitness (Train): -24.04 | Mean fitness (Test): -5.60
Generation 830 | Best fitness (Train): -0.82 | Best fitness in generation (Train): -4.78 | Mean fitness (Train): -32.90 | Mean fitness (Test): -5.74
Generation 840 | Best fitness (Train): -0.82 | Best fitness in generation (Train): -6.41 | Mean fitness (Train): -13.66 | Mean fitness (Test): -13.09
Generation 850 | Best fitness (Train): -0.82 | Best fitness in generation (Train): -7.00 | Mean fitness (Train): -17.60 | Mean fitness (Test): -8.97
Generation 860 | Best fitness (Train): -0.82 | Best fitness in generation (Train): -5.69 | Mean fitness (Train): -10.14 | Mean fitness (Test): -9.61
Generation 870 | Best fitness (Train): -0.82 | Best fitness in generation (Train): -13.08 | Mean fitness (Train): -36.13 | Mean fitness (Test): -30.70
Generation 880 | Best fitness (Train): -0.82 | Best fitness in generation (Train): -4.49 | Mean fitness (Train): -25.18 | Mean fitness (Test): -7.70
Generation 890 | Best fitness (Train): -0.82 | Best fitness in generation (Train): -5.59 | Mean fitness (Train): -16.88 | Mean fitness (Test): -13.18
Generation 900 | Best fitness (Train): -0.82 | Best fitness in generation (Train): -4.91 | Mean fitness (Train): -15.10 | Mean fitness (Test): -11.80
Generation 910 | Best fitness (Train): -0.82 | Best fitness in generation (Train): -4.70 | Mean fitness (Train): -29.40 | Mean fitness (Test): -89.19
Generation 920 | Best fitness (Train): -0.82 | Best fitness in generation (Train): -1.13 | Mean fitness (Train): -19.03 | Mean fitness (Test): -28.87
Generation 930 | Best fitness (Train): -0.82 | Best fitness in generation (Train): -5.11 | Mean fitness (Train): -12.45 | Mean fitness (Test): -8.81
Generation 940 | Best fitness (Train): -0.82 | Best fitness in generation (Train): -5.78 | Mean fitness (Train): -17.73 | Mean fitness (Test): -5.84
Generation 950 | Best fitness (Train): -0.82 | Best fitness in generation (Train): -5.46 | Mean fitness (Train): -14.20 | Mean fitness (Test): -6.58
Generation 960 | Best fitness (Train): -0.82 | Best fitness in generation (Train): -5.41 | Mean fitness (Train): -16.67 | Mean fitness (Test): -7.14
Generation 970 | Best fitness (Train): -0.82 | Best fitness in generation (Train): -6.56 | Mean fitness (Train): -32.35 | Mean fitness (Test): -8.77
Generation 980 | Best fitness (Train): -0.82 | Best fitness in generation (Train): -5.83 | Mean fitness (Train): -14.11 | Mean fitness (Test): -7.87
Generation 990 | Best fitness (Train): -0.82 | Best fitness in generation (Train): -7.95 | Mean fitness (Train): -33.15 | Mean fitness (Test): -10.43
Generation 1000 | Best fitness (Train): -0.82 | Best fitness in generation (Train): -3.96 | Mean fitness (Train): -12.85 | Mean fitness (Test): -4.50
running the experiment ... [../../results/BraxProblem/ant/SNES/2]
Generation 010 | Best fitness (Train): -2.52 | Best fitness in generation (Train): -7.41 | Mean fitness (Train): -58.10 | Mean fitness (Test): -77.61
Generation 020 | Best fitness (Train): -2.52 | Best fitness in generation (Train): -5.84 | Mean fitness (Train): -50.43 | Mean fitness (Test): -36.79
Generation 030 | Best fitness (Train): -2.52 | Best fitness in generation (Train): -10.13 | Mean fitness (Train): -50.60 | Mean fitness (Test): -27.68
Generation 040 | Best fitness (Train): -2.52 | Best fitness in generation (Train): -6.84 | Mean fitness (Train): -48.79 | Mean fitness (Test): -15.37
Generation 050 | Best fitness (Train): -2.52 | Best fitness in generation (Train): -5.66 | Mean fitness (Train): -52.60 | Mean fitness (Test): -42.08
Generation 060 | Best fitness (Train): -2.52 | Best fitness in generation (Train): -7.84 | Mean fitness (Train): -54.86 | Mean fitness (Test): -20.25
Generation 070 | Best fitness (Train): -2.52 | Best fitness in generation (Train): -4.65 | Mean fitness (Train): -49.09 | Mean fitness (Test): -33.11
Generation 080 | Best fitness (Train): -1.76 | Best fitness in generation (Train): -7.47 | Mean fitness (Train): -51.87 | Mean fitness (Test): -21.56
Generation 090 | Best fitness (Train): -1.76 | Best fitness in generation (Train): -8.01 | Mean fitness (Train): -51.83 | Mean fitness (Test): -10.24
Generation 100 | Best fitness (Train): -1.76 | Best fitness in generation (Train): -4.25 | Mean fitness (Train): -38.70 | Mean fitness (Test): -8.59
Generation 110 | Best fitness (Train): -1.76 | Best fitness in generation (Train): -5.73 | Mean fitness (Train): -35.18 | Mean fitness (Test): -25.77
Generation 120 | Best fitness (Train): -1.76 | Best fitness in generation (Train): -5.52 | Mean fitness (Train): -24.38 | Mean fitness (Test): -6.83
Generation 130 | Best fitness (Train): -1.76 | Best fitness in generation (Train): -4.67 | Mean fitness (Train): -27.10 | Mean fitness (Test): -16.99
Generation 140 | Best fitness (Train): -1.76 | Best fitness in generation (Train): -5.45 | Mean fitness (Train): -24.71 | Mean fitness (Test): -10.59
Generation 150 | Best fitness (Train): -1.76 | Best fitness in generation (Train): -6.68 | Mean fitness (Train): -36.02 | Mean fitness (Test): -41.97
Generation 160 | Best fitness (Train): -1.76 | Best fitness in generation (Train): -3.22 | Mean fitness (Train): -36.96 | Mean fitness (Test): -41.18
Generation 170 | Best fitness (Train): -1.76 | Best fitness in generation (Train): -5.50 | Mean fitness (Train): -37.06 | Mean fitness (Test): -49.21
Generation 180 | Best fitness (Train): -1.76 | Best fitness in generation (Train): -5.28 | Mean fitness (Train): -28.70 | Mean fitness (Test): -11.08
Generation 190 | Best fitness (Train): -1.76 | Best fitness in generation (Train): -6.40 | Mean fitness (Train): -24.27 | Mean fitness (Test): -9.53
Generation 200 | Best fitness (Train): -1.76 | Best fitness in generation (Train): -4.65 | Mean fitness (Train): -25.98 | Mean fitness (Test): -11.33
Generation 210 | Best fitness (Train): -0.80 | Best fitness in generation (Train): -6.04 | Mean fitness (Train): -29.92 | Mean fitness (Test): -23.83
Generation 220 | Best fitness (Train): -0.80 | Best fitness in generation (Train): -5.38 | Mean fitness (Train): -17.64 | Mean fitness (Test): -8.81
Generation 230 | Best fitness (Train): -0.80 | Best fitness in generation (Train): -2.30 | Mean fitness (Train): -15.11 | Mean fitness (Test): -8.54
Generation 240 | Best fitness (Train): -0.80 | Best fitness in generation (Train): -3.53 | Mean fitness (Train): -41.22 | Mean fitness (Test): -38.12
Generation 250 | Best fitness (Train): -0.80 | Best fitness in generation (Train): -3.37 | Mean fitness (Train): -15.95 | Mean fitness (Test): -10.82
Generation 260 | Best fitness (Train): -0.80 | Best fitness in generation (Train): -6.57 | Mean fitness (Train): -44.45 | Mean fitness (Test): -73.97
Generation 270 | Best fitness (Train): -0.80 | Best fitness in generation (Train): -8.26 | Mean fitness (Train): -21.43 | Mean fitness (Test): -14.41
Generation 280 | Best fitness (Train): -0.80 | Best fitness in generation (Train): -5.60 | Mean fitness (Train): -32.52 | Mean fitness (Test): -18.49
Generation 290 | Best fitness (Train): -0.80 | Best fitness in generation (Train): -5.93 | Mean fitness (Train): -31.18 | Mean fitness (Test): -11.79
Generation 300 | Best fitness (Train): -0.80 | Best fitness in generation (Train): -5.84 | Mean fitness (Train): -35.93 | Mean fitness (Test): -40.44
Generation 310 | Best fitness (Train): -0.80 | Best fitness in generation (Train): -5.16 | Mean fitness (Train): -19.66 | Mean fitness (Test): -10.80
Generation 320 | Best fitness (Train): -0.80 | Best fitness in generation (Train): -4.31 | Mean fitness (Train): -29.95 | Mean fitness (Test): -51.76
Generation 330 | Best fitness (Train): -0.80 | Best fitness in generation (Train): -6.68 | Mean fitness (Train): -21.14 | Mean fitness (Test): -10.09
Generation 340 | Best fitness (Train): -0.80 | Best fitness in generation (Train): -5.87 | Mean fitness (Train): -21.33 | Mean fitness (Test): -10.38
Generation 350 | Best fitness (Train): -0.80 | Best fitness in generation (Train): -7.14 | Mean fitness (Train): -31.03 | Mean fitness (Test): -85.45
Generation 360 | Best fitness (Train): -0.80 | Best fitness in generation (Train): -5.37 | Mean fitness (Train): -17.30 | Mean fitness (Test): -5.03
Generation 370 | Best fitness (Train): -0.80 | Best fitness in generation (Train): -4.71 | Mean fitness (Train): -24.87 | Mean fitness (Test): -180.37
Generation 380 | Best fitness (Train): -0.80 | Best fitness in generation (Train): -4.58 | Mean fitness (Train): -18.34 | Mean fitness (Test): -12.39
Generation 390 | Best fitness (Train): -0.80 | Best fitness in generation (Train): -4.88 | Mean fitness (Train): -21.54 | Mean fitness (Test): -14.76
Generation 400 | Best fitness (Train): -0.80 | Best fitness in generation (Train): -5.66 | Mean fitness (Train): -28.20 | Mean fitness (Test): -5.57
Generation 410 | Best fitness (Train): -0.80 | Best fitness in generation (Train): -8.83 | Mean fitness (Train): -43.68 | Mean fitness (Test): -70.48
Generation 420 | Best fitness (Train): -0.80 | Best fitness in generation (Train): -3.59 | Mean fitness (Train): -17.91 | Mean fitness (Test): -10.20
Generation 430 | Best fitness (Train): -0.80 | Best fitness in generation (Train): -5.20 | Mean fitness (Train): -34.22 | Mean fitness (Test): -13.25
Generation 440 | Best fitness (Train): -0.80 | Best fitness in generation (Train): -5.19 | Mean fitness (Train): -18.22 | Mean fitness (Test): -6.28
Generation 450 | Best fitness (Train): -0.80 | Best fitness in generation (Train): -3.80 | Mean fitness (Train): -25.69 | Mean fitness (Test): -4.64
Generation 460 | Best fitness (Train): -0.80 | Best fitness in generation (Train): -4.33 | Mean fitness (Train): -18.65 | Mean fitness (Test): -8.87
Generation 470 | Best fitness (Train): -0.80 | Best fitness in generation (Train): -3.38 | Mean fitness (Train): -29.73 | Mean fitness (Test): -5.07
Generation 480 | Best fitness (Train): -0.80 | Best fitness in generation (Train): -5.88 | Mean fitness (Train): -21.51 | Mean fitness (Test): -9.96
Generation 490 | Best fitness (Train): -0.80 | Best fitness in generation (Train): -4.06 | Mean fitness (Train): -13.25 | Mean fitness (Test): -10.31
Generation 500 | Best fitness (Train): -0.80 | Best fitness in generation (Train): -4.31 | Mean fitness (Train): -30.01 | Mean fitness (Test): -51.80
Generation 510 | Best fitness (Train): -0.80 | Best fitness in generation (Train): -5.98 | Mean fitness (Train): -20.62 | Mean fitness (Test): -39.21
Generation 520 | Best fitness (Train): -0.80 | Best fitness in generation (Train): -4.10 | Mean fitness (Train): -13.63 | Mean fitness (Test): -12.69
Generation 530 | Best fitness (Train): -0.80 | Best fitness in generation (Train): -3.53 | Mean fitness (Train): -18.17 | Mean fitness (Test): -5.26
Generation 540 | Best fitness (Train): -0.80 | Best fitness in generation (Train): -5.70 | Mean fitness (Train): -12.69 | Mean fitness (Test): -7.72
Generation 550 | Best fitness (Train): -0.80 | Best fitness in generation (Train): -4.43 | Mean fitness (Train): -21.33 | Mean fitness (Test): -10.66
Generation 560 | Best fitness (Train): -0.80 | Best fitness in generation (Train): -8.69 | Mean fitness (Train): -47.76 | Mean fitness (Test): -12.82
Generation 570 | Best fitness (Train): -0.80 | Best fitness in generation (Train): -4.47 | Mean fitness (Train): -17.86 | Mean fitness (Test): -144.69
Generation 580 | Best fitness (Train): -0.80 | Best fitness in generation (Train): -5.36 | Mean fitness (Train): -24.13 | Mean fitness (Test): -7.23
Generation 590 | Best fitness (Train): -0.80 | Best fitness in generation (Train): -4.33 | Mean fitness (Train): -18.28 | Mean fitness (Test): -5.72
Generation 600 | Best fitness (Train): -0.80 | Best fitness in generation (Train): -6.11 | Mean fitness (Train): -35.97 | Mean fitness (Test): -99.36
Generation 610 | Best fitness (Train): -0.80 | Best fitness in generation (Train): -4.88 | Mean fitness (Train): -10.83 | Mean fitness (Test): -9.78
Generation 620 | Best fitness (Train): -0.80 | Best fitness in generation (Train): -4.92 | Mean fitness (Train): -20.45 | Mean fitness (Test): -12.13
Generation 630 | Best fitness (Train): -0.80 | Best fitness in generation (Train): -4.08 | Mean fitness (Train): -16.95 | Mean fitness (Test): -4.98
Generation 640 | Best fitness (Train): -0.80 | Best fitness in generation (Train): -4.82 | Mean fitness (Train): -14.26 | Mean fitness (Test): -5.55
Generation 650 | Best fitness (Train): -0.80 | Best fitness in generation (Train): -4.55 | Mean fitness (Train): -21.34 | Mean fitness (Test): -5.25
Generation 660 | Best fitness (Train): -0.80 | Best fitness in generation (Train): -4.15 | Mean fitness (Train): -24.63 | Mean fitness (Test): -33.83
Generation 670 | Best fitness (Train): -0.80 | Best fitness in generation (Train): -5.24 | Mean fitness (Train): -30.91 | Mean fitness (Test): -8.65
Generation 680 | Best fitness (Train): -0.80 | Best fitness in generation (Train): -5.14 | Mean fitness (Train): -36.00 | Mean fitness (Test): -30.18
Generation 690 | Best fitness (Train): -0.80 | Best fitness in generation (Train): -2.58 | Mean fitness (Train): -13.44 | Mean fitness (Test): -6.75
Generation 700 | Best fitness (Train): -0.80 | Best fitness in generation (Train): -4.11 | Mean fitness (Train): -19.01 | Mean fitness (Test): -9.80
Generation 710 | Best fitness (Train): -0.80 | Best fitness in generation (Train): -3.77 | Mean fitness (Train): -23.70 | Mean fitness (Test): -4.95
Generation 720 | Best fitness (Train): -0.80 | Best fitness in generation (Train): -5.30 | Mean fitness (Train): -15.84 | Mean fitness (Test): -6.01
Generation 730 | Best fitness (Train): -0.80 | Best fitness in generation (Train): -5.46 | Mean fitness (Train): -22.70 | Mean fitness (Test): -8.52
Generation 740 | Best fitness (Train): -0.80 | Best fitness in generation (Train): -4.79 | Mean fitness (Train): -12.82 | Mean fitness (Test): -6.42
Generation 750 | Best fitness (Train): -0.80 | Best fitness in generation (Train): -5.01 | Mean fitness (Train): -36.88 | Mean fitness (Test): -81.43
Generation 760 | Best fitness (Train): -0.80 | Best fitness in generation (Train): -3.58 | Mean fitness (Train): -23.30 | Mean fitness (Test): -12.28
Generation 770 | Best fitness (Train): -0.80 | Best fitness in generation (Train): -5.56 | Mean fitness (Train): -11.28 | Mean fitness (Test): -6.15
Generation 780 | Best fitness (Train): -0.80 | Best fitness in generation (Train): -4.20 | Mean fitness (Train): -18.79 | Mean fitness (Test): -68.31
Generation 790 | Best fitness (Train): -0.80 | Best fitness in generation (Train): -3.91 | Mean fitness (Train): -10.57 | Mean fitness (Test): -8.01
Generation 800 | Best fitness (Train): -0.80 | Best fitness in generation (Train): -4.04 | Mean fitness (Train): -13.14 | Mean fitness (Test): -5.98
Generation 810 | Best fitness (Train): -0.80 | Best fitness in generation (Train): -5.80 | Mean fitness (Train): -9.19 | Mean fitness (Test): -13.30
Generation 820 | Best fitness (Train): -0.80 | Best fitness in generation (Train): -5.42 | Mean fitness (Train): -15.64 | Mean fitness (Test): -6.10
Generation 830 | Best fitness (Train): -0.80 | Best fitness in generation (Train): -4.64 | Mean fitness (Train): -23.56 | Mean fitness (Test): -82.64
Generation 840 | Best fitness (Train): -0.80 | Best fitness in generation (Train): -5.29 | Mean fitness (Train): -13.01 | Mean fitness (Test): -6.28
Generation 850 | Best fitness (Train): -0.80 | Best fitness in generation (Train): -4.76 | Mean fitness (Train): -14.10 | Mean fitness (Test): -7.44
Generation 860 | Best fitness (Train): -0.80 | Best fitness in generation (Train): -5.58 | Mean fitness (Train): -16.28 | Mean fitness (Test): -7.66
Generation 870 | Best fitness (Train): -0.80 | Best fitness in generation (Train): -6.37 | Mean fitness (Train): -12.03 | Mean fitness (Test): -7.31
Generation 880 | Best fitness (Train): -0.80 | Best fitness in generation (Train): -4.05 | Mean fitness (Train): -10.31 | Mean fitness (Test): -6.99
Generation 890 | Best fitness (Train): -0.80 | Best fitness in generation (Train): -5.66 | Mean fitness (Train): -18.49 | Mean fitness (Test): -6.70
Generation 900 | Best fitness (Train): -0.80 | Best fitness in generation (Train): -4.13 | Mean fitness (Train): -19.18 | Mean fitness (Test): -8.89
Generation 910 | Best fitness (Train): -0.80 | Best fitness in generation (Train): -5.28 | Mean fitness (Train): -34.16 | Mean fitness (Test): -144.20
Generation 920 | Best fitness (Train): -0.80 | Best fitness in generation (Train): -5.16 | Mean fitness (Train): -10.84 | Mean fitness (Test): -6.06
Generation 930 | Best fitness (Train): -0.80 | Best fitness in generation (Train): -7.12 | Mean fitness (Train): -33.24 | Mean fitness (Test): -13.12
Generation 940 | Best fitness (Train): -0.80 | Best fitness in generation (Train): -5.27 | Mean fitness (Train): -26.84 | Mean fitness (Test): -6.64
Generation 950 | Best fitness (Train): -0.80 | Best fitness in generation (Train): -6.83 | Mean fitness (Train): -47.34 | Mean fitness (Test): -50.09
Generation 960 | Best fitness (Train): -0.80 | Best fitness in generation (Train): -6.01 | Mean fitness (Train): -15.52 | Mean fitness (Test): -8.32
Generation 970 | Best fitness (Train): -0.80 | Best fitness in generation (Train): -6.56 | Mean fitness (Train): -48.73 | Mean fitness (Test): -34.28
Generation 980 | Best fitness (Train): -0.80 | Best fitness in generation (Train): -5.34 | Mean fitness (Train): -40.09 | Mean fitness (Test): -22.93
Generation 990 | Best fitness (Train): -0.80 | Best fitness in generation (Train): -2.77 | Mean fitness (Train): -30.27 | Mean fitness (Test): -16.12
Generation 1000 | Best fitness (Train): -0.80 | Best fitness in generation (Train): -3.94 | Mean fitness (Train): -17.73 | Mean fitness (Test): -5.65
running the experiment ... [../../results/BraxProblem/ant/SNES/3]
Generation 010 | Best fitness (Train): -2.15 | Best fitness in generation (Train): -8.91 | Mean fitness (Train): -54.99 | Mean fitness (Test): -13.34
Generation 020 | Best fitness (Train): -2.15 | Best fitness in generation (Train): -4.70 | Mean fitness (Train): -48.01 | Mean fitness (Test): -15.43
Generation 030 | Best fitness (Train): -2.15 | Best fitness in generation (Train): -7.66 | Mean fitness (Train): -59.99 | Mean fitness (Test): -35.37
Generation 040 | Best fitness (Train): -2.15 | Best fitness in generation (Train): -6.82 | Mean fitness (Train): -48.56 | Mean fitness (Test): -31.82
Generation 050 | Best fitness (Train): -2.15 | Best fitness in generation (Train): -4.52 | Mean fitness (Train): -56.76 | Mean fitness (Test): -53.16
Generation 060 | Best fitness (Train): -2.15 | Best fitness in generation (Train): -5.89 | Mean fitness (Train): -46.69 | Mean fitness (Test): -13.16
Generation 070 | Best fitness (Train): -1.40 | Best fitness in generation (Train): -5.85 | Mean fitness (Train): -40.04 | Mean fitness (Test): -40.03
Generation 080 | Best fitness (Train): -1.40 | Best fitness in generation (Train): -5.46 | Mean fitness (Train): -47.99 | Mean fitness (Test): -73.60
Generation 090 | Best fitness (Train): -1.40 | Best fitness in generation (Train): -8.13 | Mean fitness (Train): -48.49 | Mean fitness (Test): -37.80
Generation 100 | Best fitness (Train): -1.40 | Best fitness in generation (Train): -5.83 | Mean fitness (Train): -41.49 | Mean fitness (Test): -10.87
Generation 110 | Best fitness (Train): -1.40 | Best fitness in generation (Train): -5.20 | Mean fitness (Train): -27.20 | Mean fitness (Test): -9.44
Generation 120 | Best fitness (Train): -1.40 | Best fitness in generation (Train): -4.39 | Mean fitness (Train): -31.38 | Mean fitness (Test): -11.90
Generation 130 | Best fitness (Train): -1.40 | Best fitness in generation (Train): -7.28 | Mean fitness (Train): -33.14 | Mean fitness (Test): -23.86
Generation 140 | Best fitness (Train): -1.40 | Best fitness in generation (Train): -6.44 | Mean fitness (Train): -25.69 | Mean fitness (Test): -10.21
Generation 150 | Best fitness (Train): -1.40 | Best fitness in generation (Train): -4.13 | Mean fitness (Train): -29.13 | Mean fitness (Test): -15.54
Generation 160 | Best fitness (Train): -1.40 | Best fitness in generation (Train): -5.79 | Mean fitness (Train): -14.12 | Mean fitness (Test): -10.52
Generation 170 | Best fitness (Train): -1.40 | Best fitness in generation (Train): -7.02 | Mean fitness (Train): -20.54 | Mean fitness (Test): -12.92
Generation 180 | Best fitness (Train): -1.40 | Best fitness in generation (Train): -4.18 | Mean fitness (Train): -13.42 | Mean fitness (Test): -8.48
Generation 190 | Best fitness (Train): -1.40 | Best fitness in generation (Train): -7.10 | Mean fitness (Train): -39.90 | Mean fitness (Test): -52.92
Generation 200 | Best fitness (Train): -1.40 | Best fitness in generation (Train): -4.95 | Mean fitness (Train): -27.36 | Mean fitness (Test): -14.51
Generation 210 | Best fitness (Train): -1.40 | Best fitness in generation (Train): -6.08 | Mean fitness (Train): -26.46 | Mean fitness (Test): -9.62
Generation 220 | Best fitness (Train): -1.40 | Best fitness in generation (Train): -3.32 | Mean fitness (Train): -42.21 | Mean fitness (Test): -22.78
Generation 230 | Best fitness (Train): -1.40 | Best fitness in generation (Train): -5.09 | Mean fitness (Train): -12.64 | Mean fitness (Test): -6.49
Generation 240 | Best fitness (Train): -1.40 | Best fitness in generation (Train): -6.67 | Mean fitness (Train): -16.77 | Mean fitness (Test): -9.15
Generation 250 | Best fitness (Train): -1.40 | Best fitness in generation (Train): -5.10 | Mean fitness (Train): -20.60 | Mean fitness (Test): -10.79
Generation 260 | Best fitness (Train): -1.40 | Best fitness in generation (Train): -6.58 | Mean fitness (Train): -44.32 | Mean fitness (Test): -14.05
Generation 270 | Best fitness (Train): -1.40 | Best fitness in generation (Train): -5.31 | Mean fitness (Train): -18.69 | Mean fitness (Test): -13.63
Generation 280 | Best fitness (Train): -1.40 | Best fitness in generation (Train): -5.41 | Mean fitness (Train): -21.45 | Mean fitness (Test): -12.39
Generation 290 | Best fitness (Train): -1.40 | Best fitness in generation (Train): -5.18 | Mean fitness (Train): -40.16 | Mean fitness (Test): -52.12
Generation 300 | Best fitness (Train): -1.40 | Best fitness in generation (Train): -5.46 | Mean fitness (Train): -32.95 | Mean fitness (Test): -68.98
Generation 310 | Best fitness (Train): -1.40 | Best fitness in generation (Train): -3.76 | Mean fitness (Train): -21.33 | Mean fitness (Test): -8.64
Generation 320 | Best fitness (Train): -1.40 | Best fitness in generation (Train): -5.73 | Mean fitness (Train): -13.70 | Mean fitness (Test): -8.51
Generation 330 | Best fitness (Train): -1.40 | Best fitness in generation (Train): -3.94 | Mean fitness (Train): -35.63 | Mean fitness (Test): -68.84
Generation 340 | Best fitness (Train): -1.40 | Best fitness in generation (Train): -4.65 | Mean fitness (Train): -17.87 | Mean fitness (Test): -6.42
Generation 350 | Best fitness (Train): -1.40 | Best fitness in generation (Train): -6.59 | Mean fitness (Train): -25.64 | Mean fitness (Test): -12.69
Generation 360 | Best fitness (Train): -1.40 | Best fitness in generation (Train): -4.55 | Mean fitness (Train): -19.43 | Mean fitness (Test): -7.32
Generation 370 | Best fitness (Train): -1.40 | Best fitness in generation (Train): -5.72 | Mean fitness (Train): -32.50 | Mean fitness (Test): -9.77
Generation 380 | Best fitness (Train): -1.40 | Best fitness in generation (Train): -4.64 | Mean fitness (Train): -32.89 | Mean fitness (Test): -6.96
Generation 390 | Best fitness (Train): -1.40 | Best fitness in generation (Train): -4.14 | Mean fitness (Train): -12.62 | Mean fitness (Test): -4.96
Generation 400 | Best fitness (Train): -1.40 | Best fitness in generation (Train): -5.02 | Mean fitness (Train): -17.34 | Mean fitness (Test): -11.50
Generation 410 | Best fitness (Train): -1.40 | Best fitness in generation (Train): -4.74 | Mean fitness (Train): -21.55 | Mean fitness (Test): -8.05
Generation 420 | Best fitness (Train): -1.40 | Best fitness in generation (Train): -4.85 | Mean fitness (Train): -20.79 | Mean fitness (Test): -8.44
Generation 430 | Best fitness (Train): -1.40 | Best fitness in generation (Train): -4.69 | Mean fitness (Train): -18.44 | Mean fitness (Test): -17.10
Generation 440 | Best fitness (Train): -1.40 | Best fitness in generation (Train): -5.76 | Mean fitness (Train): -27.74 | Mean fitness (Test): -89.25
Generation 450 | Best fitness (Train): -1.40 | Best fitness in generation (Train): -4.37 | Mean fitness (Train): -33.26 | Mean fitness (Test): -51.99
Generation 460 | Best fitness (Train): -1.40 | Best fitness in generation (Train): -5.51 | Mean fitness (Train): -22.67 | Mean fitness (Test): -7.88
Generation 470 | Best fitness (Train): -1.40 | Best fitness in generation (Train): -3.88 | Mean fitness (Train): -25.60 | Mean fitness (Test): -6.34
Generation 480 | Best fitness (Train): -1.40 | Best fitness in generation (Train): -3.50 | Mean fitness (Train): -36.64 | Mean fitness (Test): -10.42
Generation 490 | Best fitness (Train): -1.40 | Best fitness in generation (Train): -5.39 | Mean fitness (Train): -18.51 | Mean fitness (Test): -10.66
Generation 500 | Best fitness (Train): -1.40 | Best fitness in generation (Train): -5.42 | Mean fitness (Train): -21.60 | Mean fitness (Test): -5.18
Generation 510 | Best fitness (Train): -1.40 | Best fitness in generation (Train): -4.23 | Mean fitness (Train): -21.23 | Mean fitness (Test): -10.74
Generation 520 | Best fitness (Train): -1.40 | Best fitness in generation (Train): -4.35 | Mean fitness (Train): -18.86 | Mean fitness (Test): -6.10
Generation 530 | Best fitness (Train): -1.40 | Best fitness in generation (Train): -5.25 | Mean fitness (Train): -39.45 | Mean fitness (Test): -9.60
Generation 540 | Best fitness (Train): -1.40 | Best fitness in generation (Train): -7.21 | Mean fitness (Train): -27.16 | Mean fitness (Test): -11.62
Generation 550 | Best fitness (Train): -1.40 | Best fitness in generation (Train): -6.10 | Mean fitness (Train): -25.43 | Mean fitness (Test): -30.44
Generation 560 | Best fitness (Train): -1.40 | Best fitness in generation (Train): -4.39 | Mean fitness (Train): -32.46 | Mean fitness (Test): -12.48
Generation 570 | Best fitness (Train): -1.40 | Best fitness in generation (Train): -6.92 | Mean fitness (Train): -14.47 | Mean fitness (Test): -10.74
Generation 580 | Best fitness (Train): -1.40 | Best fitness in generation (Train): -6.03 | Mean fitness (Train): -15.76 | Mean fitness (Test): -13.37
Generation 590 | Best fitness (Train): -1.40 | Best fitness in generation (Train): -5.90 | Mean fitness (Train): -24.51 | Mean fitness (Test): -14.10
Generation 600 | Best fitness (Train): -1.40 | Best fitness in generation (Train): -5.80 | Mean fitness (Train): -16.34 | Mean fitness (Test): -9.05
Generation 610 | Best fitness (Train): -1.40 | Best fitness in generation (Train): -5.37 | Mean fitness (Train): -20.59 | Mean fitness (Test): -9.42
Generation 620 | Best fitness (Train): -1.40 | Best fitness in generation (Train): -6.65 | Mean fitness (Train): -47.89 | Mean fitness (Test): -39.10
Generation 630 | Best fitness (Train): -1.40 | Best fitness in generation (Train): -4.94 | Mean fitness (Train): -24.24 | Mean fitness (Test): -20.92
Generation 640 | Best fitness (Train): -1.40 | Best fitness in generation (Train): -5.41 | Mean fitness (Train): -11.63 | Mean fitness (Test): -10.66
Generation 650 | Best fitness (Train): -1.40 | Best fitness in generation (Train): -4.56 | Mean fitness (Train): -25.16 | Mean fitness (Test): -4.90
Generation 660 | Best fitness (Train): -1.40 | Best fitness in generation (Train): -4.66 | Mean fitness (Train): -22.88 | Mean fitness (Test): -5.87
Generation 670 | Best fitness (Train): -1.40 | Best fitness in generation (Train): -6.56 | Mean fitness (Train): -20.19 | Mean fitness (Test): -9.21
Generation 680 | Best fitness (Train): -1.40 | Best fitness in generation (Train): -5.52 | Mean fitness (Train): -17.32 | Mean fitness (Test): -5.86
Generation 690 | Best fitness (Train): -1.40 | Best fitness in generation (Train): -3.89 | Mean fitness (Train): -15.02 | Mean fitness (Test): -10.56
Generation 700 | Best fitness (Train): -1.40 | Best fitness in generation (Train): -4.33 | Mean fitness (Train): -13.73 | Mean fitness (Test): -9.09
Generation 710 | Best fitness (Train): -1.40 | Best fitness in generation (Train): -5.43 | Mean fitness (Train): -22.58 | Mean fitness (Test): -6.62
Generation 720 | Best fitness (Train): -1.40 | Best fitness in generation (Train): -5.69 | Mean fitness (Train): -9.56 | Mean fitness (Test): -6.19
Generation 730 | Best fitness (Train): -1.40 | Best fitness in generation (Train): -4.70 | Mean fitness (Train): -12.38 | Mean fitness (Test): -9.99
Generation 740 | Best fitness (Train): -1.40 | Best fitness in generation (Train): -3.33 | Mean fitness (Train): -26.20 | Mean fitness (Test): -5.82
Generation 750 | Best fitness (Train): -1.40 | Best fitness in generation (Train): -4.17 | Mean fitness (Train): -16.23 | Mean fitness (Test): -5.90
Generation 760 | Best fitness (Train): -1.40 | Best fitness in generation (Train): -6.37 | Mean fitness (Train): -31.63 | Mean fitness (Test): -7.41
Generation 770 | Best fitness (Train): -1.40 | Best fitness in generation (Train): -3.81 | Mean fitness (Train): -12.53 | Mean fitness (Test): -6.61
Generation 780 | Best fitness (Train): -1.40 | Best fitness in generation (Train): -7.54 | Mean fitness (Train): -24.89 | Mean fitness (Test): -10.54
Generation 790 | Best fitness (Train): -1.40 | Best fitness in generation (Train): -4.99 | Mean fitness (Train): -17.70 | Mean fitness (Test): -11.71
Generation 800 | Best fitness (Train): -1.40 | Best fitness in generation (Train): -7.47 | Mean fitness (Train): -18.52 | Mean fitness (Test): -10.11
Generation 810 | Best fitness (Train): -1.40 | Best fitness in generation (Train): -6.09 | Mean fitness (Train): -13.13 | Mean fitness (Test): -7.26
Generation 820 | Best fitness (Train): -1.40 | Best fitness in generation (Train): -5.24 | Mean fitness (Train): -24.44 | Mean fitness (Test): -8.99
Generation 830 | Best fitness (Train): -1.40 | Best fitness in generation (Train): -6.22 | Mean fitness (Train): -19.03 | Mean fitness (Test): -9.36
Generation 840 | Best fitness (Train): -1.40 | Best fitness in generation (Train): -4.59 | Mean fitness (Train): -16.03 | Mean fitness (Test): -8.14
Generation 850 | Best fitness (Train): -1.40 | Best fitness in generation (Train): -4.53 | Mean fitness (Train): -10.29 | Mean fitness (Test): -5.16
Generation 860 | Best fitness (Train): -1.40 | Best fitness in generation (Train): -6.27 | Mean fitness (Train): -20.10 | Mean fitness (Test): -9.54
Generation 870 | Best fitness (Train): -1.40 | Best fitness in generation (Train): -5.45 | Mean fitness (Train): -10.79 | Mean fitness (Test): -8.62
Generation 880 | Best fitness (Train): -1.40 | Best fitness in generation (Train): -5.34 | Mean fitness (Train): -13.87 | Mean fitness (Test): -11.57
Generation 890 | Best fitness (Train): -1.40 | Best fitness in generation (Train): -4.41 | Mean fitness (Train): -18.38 | Mean fitness (Test): -5.62
Generation 900 | Best fitness (Train): -1.40 | Best fitness in generation (Train): -4.34 | Mean fitness (Train): -13.84 | Mean fitness (Test): -10.16
Generation 910 | Best fitness (Train): -1.40 | Best fitness in generation (Train): -3.74 | Mean fitness (Train): -10.08 | Mean fitness (Test): -9.73
Generation 920 | Best fitness (Train): -1.40 | Best fitness in generation (Train): -4.64 | Mean fitness (Train): -38.92 | Mean fitness (Test): -5.50
Generation 930 | Best fitness (Train): -1.40 | Best fitness in generation (Train): -5.55 | Mean fitness (Train): -23.69 | Mean fitness (Test): -5.89
Generation 940 | Best fitness (Train): -1.40 | Best fitness in generation (Train): -4.63 | Mean fitness (Train): -14.38 | Mean fitness (Test): -14.94
Generation 950 | Best fitness (Train): -1.40 | Best fitness in generation (Train): -5.89 | Mean fitness (Train): -13.44 | Mean fitness (Test): -8.70
Generation 960 | Best fitness (Train): -1.40 | Best fitness in generation (Train): -8.74 | Mean fitness (Train): -14.07 | Mean fitness (Test): -11.76
Generation 970 | Best fitness (Train): -1.40 | Best fitness in generation (Train): -7.77 | Mean fitness (Train): -12.41 | Mean fitness (Test): -8.90
Generation 980 | Best fitness (Train): -1.40 | Best fitness in generation (Train): -6.17 | Mean fitness (Train): -10.39 | Mean fitness (Test): -7.17
Generation 990 | Best fitness (Train): -1.40 | Best fitness in generation (Train): -4.76 | Mean fitness (Train): -21.81 | Mean fitness (Test): -8.02
Generation 1000 | Best fitness (Train): -1.40 | Best fitness in generation (Train): -4.87 | Mean fitness (Train): -12.26 | Mean fitness (Test): -7.01
running the experiment ... [../../results/BraxProblem/ant/SNES/4]
Generation 010 | Best fitness (Train): -6.38 | Best fitness in generation (Train): -6.38 | Mean fitness (Train): -53.41 | Mean fitness (Test): -103.19
Generation 020 | Best fitness (Train): -2.65 | Best fitness in generation (Train): -6.68 | Mean fitness (Train): -55.20 | Mean fitness (Test): -13.29
Generation 030 | Best fitness (Train): -2.65 | Best fitness in generation (Train): -7.94 | Mean fitness (Train): -53.26 | Mean fitness (Test): -26.06
Generation 040 | Best fitness (Train): 0.79 | Best fitness in generation (Train): -6.19 | Mean fitness (Train): -47.62 | Mean fitness (Test): -23.91
Generation 050 | Best fitness (Train): 0.79 | Best fitness in generation (Train): -7.47 | Mean fitness (Train): -47.73 | Mean fitness (Test): -34.12
Generation 060 | Best fitness (Train): 0.79 | Best fitness in generation (Train): -7.78 | Mean fitness (Train): -53.82 | Mean fitness (Test): -177.40
Generation 070 | Best fitness (Train): 0.79 | Best fitness in generation (Train): -9.39 | Mean fitness (Train): -47.30 | Mean fitness (Test): -223.50
Generation 080 | Best fitness (Train): 0.79 | Best fitness in generation (Train): -6.52 | Mean fitness (Train): -55.14 | Mean fitness (Test): -52.62
Generation 090 | Best fitness (Train): 0.79 | Best fitness in generation (Train): -8.60 | Mean fitness (Train): -48.17 | Mean fitness (Test): -53.57
Generation 100 | Best fitness (Train): 0.79 | Best fitness in generation (Train): -6.69 | Mean fitness (Train): -53.66 | Mean fitness (Test): -24.43
Generation 110 | Best fitness (Train): 0.79 | Best fitness in generation (Train): -5.86 | Mean fitness (Train): -40.53 | Mean fitness (Test): -11.99
Generation 120 | Best fitness (Train): 0.79 | Best fitness in generation (Train): -5.63 | Mean fitness (Train): -38.34 | Mean fitness (Test): -8.66
Generation 130 | Best fitness (Train): 0.79 | Best fitness in generation (Train): -5.90 | Mean fitness (Train): -38.33 | Mean fitness (Test): -48.33
Generation 140 | Best fitness (Train): 0.79 | Best fitness in generation (Train): -6.32 | Mean fitness (Train): -30.60 | Mean fitness (Test): -7.80
Generation 150 | Best fitness (Train): 0.79 | Best fitness in generation (Train): -8.84 | Mean fitness (Train): -44.77 | Mean fitness (Test): -12.24
Generation 160 | Best fitness (Train): 0.79 | Best fitness in generation (Train): -6.72 | Mean fitness (Train): -40.81 | Mean fitness (Test): -19.49
Generation 170 | Best fitness (Train): 0.79 | Best fitness in generation (Train): -7.21 | Mean fitness (Train): -41.20 | Mean fitness (Test): -82.99
Generation 180 | Best fitness (Train): 0.79 | Best fitness in generation (Train): -5.81 | Mean fitness (Train): -23.59 | Mean fitness (Test): -11.43
Generation 190 | Best fitness (Train): 0.79 | Best fitness in generation (Train): -4.66 | Mean fitness (Train): -26.21 | Mean fitness (Test): -17.28
Generation 200 | Best fitness (Train): 0.79 | Best fitness in generation (Train): -5.18 | Mean fitness (Train): -41.31 | Mean fitness (Test): -16.30
Generation 210 | Best fitness (Train): 0.79 | Best fitness in generation (Train): -3.48 | Mean fitness (Train): -14.20 | Mean fitness (Test): -6.48
Generation 220 | Best fitness (Train): 0.79 | Best fitness in generation (Train): -5.19 | Mean fitness (Train): -18.49 | Mean fitness (Test): -16.01
Generation 230 | Best fitness (Train): 0.79 | Best fitness in generation (Train): -8.26 | Mean fitness (Train): -25.60 | Mean fitness (Test): -10.99
Generation 240 | Best fitness (Train): 0.79 | Best fitness in generation (Train): -5.35 | Mean fitness (Train): -18.15 | Mean fitness (Test): -6.50
Generation 250 | Best fitness (Train): 0.79 | Best fitness in generation (Train): -4.33 | Mean fitness (Train): -32.84 | Mean fitness (Test): -47.44
Generation 260 | Best fitness (Train): 0.79 | Best fitness in generation (Train): -3.28 | Mean fitness (Train): -24.38 | Mean fitness (Test): -6.46
Generation 270 | Best fitness (Train): 0.79 | Best fitness in generation (Train): -6.62 | Mean fitness (Train): -33.20 | Mean fitness (Test): -11.01
Generation 280 | Best fitness (Train): 0.79 | Best fitness in generation (Train): -7.62 | Mean fitness (Train): -26.24 | Mean fitness (Test): -15.30
Generation 290 | Best fitness (Train): 0.79 | Best fitness in generation (Train): -4.07 | Mean fitness (Train): -13.92 | Mean fitness (Test): -8.63
Generation 300 | Best fitness (Train): 0.79 | Best fitness in generation (Train): -4.73 | Mean fitness (Train): -34.37 | Mean fitness (Test): -11.98
Generation 310 | Best fitness (Train): 0.79 | Best fitness in generation (Train): -6.06 | Mean fitness (Train): -40.95 | Mean fitness (Test): -20.17
Generation 320 | Best fitness (Train): 0.79 | Best fitness in generation (Train): -5.24 | Mean fitness (Train): -38.44 | Mean fitness (Test): -34.23
Generation 330 | Best fitness (Train): 0.79 | Best fitness in generation (Train): -6.22 | Mean fitness (Train): -14.72 | Mean fitness (Test): -8.33
Generation 340 | Best fitness (Train): 0.79 | Best fitness in generation (Train): -4.68 | Mean fitness (Train): -31.24 | Mean fitness (Test): -20.77
Generation 350 | Best fitness (Train): 0.79 | Best fitness in generation (Train): -6.31 | Mean fitness (Train): -27.03 | Mean fitness (Test): -17.56
Generation 360 | Best fitness (Train): 0.79 | Best fitness in generation (Train): -6.98 | Mean fitness (Train): -15.96 | Mean fitness (Test): -9.27
Generation 370 | Best fitness (Train): 0.79 | Best fitness in generation (Train): -5.84 | Mean fitness (Train): -33.40 | Mean fitness (Test): -7.85
Generation 380 | Best fitness (Train): 0.79 | Best fitness in generation (Train): -4.16 | Mean fitness (Train): -19.87 | Mean fitness (Test): -63.87
Generation 390 | Best fitness (Train): 0.79 | Best fitness in generation (Train): -5.80 | Mean fitness (Train): -22.47 | Mean fitness (Test): -12.35
Generation 400 | Best fitness (Train): 0.79 | Best fitness in generation (Train): -4.92 | Mean fitness (Train): -18.88 | Mean fitness (Test): -10.09
Generation 410 | Best fitness (Train): 0.79 | Best fitness in generation (Train): -4.92 | Mean fitness (Train): -32.90 | Mean fitness (Test): -9.68
Generation 420 | Best fitness (Train): 0.79 | Best fitness in generation (Train): -6.28 | Mean fitness (Train): -18.51 | Mean fitness (Test): -7.47
Generation 430 | Best fitness (Train): 0.79 | Best fitness in generation (Train): -5.46 | Mean fitness (Train): -22.24 | Mean fitness (Test): -9.69
Generation 440 | Best fitness (Train): 0.79 | Best fitness in generation (Train): -6.11 | Mean fitness (Train): -26.93 | Mean fitness (Test): -11.45
Generation 450 | Best fitness (Train): 0.79 | Best fitness in generation (Train): -1.68 | Mean fitness (Train): -19.94 | Mean fitness (Test): -8.76
Generation 460 | Best fitness (Train): 0.79 | Best fitness in generation (Train): -7.89 | Mean fitness (Train): -48.64 | Mean fitness (Test): -52.34
Generation 470 | Best fitness (Train): 0.79 | Best fitness in generation (Train): -4.84 | Mean fitness (Train): -24.05 | Mean fitness (Test): -29.40
Generation 480 | Best fitness (Train): 0.79 | Best fitness in generation (Train): -6.18 | Mean fitness (Train): -24.22 | Mean fitness (Test): -12.36
Generation 490 | Best fitness (Train): 0.79 | Best fitness in generation (Train): -5.12 | Mean fitness (Train): -20.39 | Mean fitness (Test): -6.55
Generation 500 | Best fitness (Train): 0.79 | Best fitness in generation (Train): -5.88 | Mean fitness (Train): -21.54 | Mean fitness (Test): -12.57
Generation 510 | Best fitness (Train): 0.79 | Best fitness in generation (Train): -6.60 | Mean fitness (Train): -13.27 | Mean fitness (Test): -9.91
Generation 520 | Best fitness (Train): 0.79 | Best fitness in generation (Train): -3.43 | Mean fitness (Train): -13.07 | Mean fitness (Test): -4.60
Generation 530 | Best fitness (Train): 0.79 | Best fitness in generation (Train): -5.14 | Mean fitness (Train): -23.31 | Mean fitness (Test): -6.97
Generation 540 | Best fitness (Train): 0.79 | Best fitness in generation (Train): -6.64 | Mean fitness (Train): -12.91 | Mean fitness (Test): -9.04
Generation 550 | Best fitness (Train): 0.79 | Best fitness in generation (Train): -4.71 | Mean fitness (Train): -31.58 | Mean fitness (Test): -8.00
Generation 560 | Best fitness (Train): 0.79 | Best fitness in generation (Train): -4.22 | Mean fitness (Train): -18.19 | Mean fitness (Test): -12.75
Generation 570 | Best fitness (Train): 0.79 | Best fitness in generation (Train): -7.81 | Mean fitness (Train): -17.52 | Mean fitness (Test): -13.04
Generation 580 | Best fitness (Train): 0.79 | Best fitness in generation (Train): -5.14 | Mean fitness (Train): -13.65 | Mean fitness (Test): -7.97
Generation 590 | Best fitness (Train): 0.79 | Best fitness in generation (Train): -4.78 | Mean fitness (Train): -16.53 | Mean fitness (Test): -8.30
Generation 600 | Best fitness (Train): 0.79 | Best fitness in generation (Train): -4.22 | Mean fitness (Train): -11.45 | Mean fitness (Test): -8.44
Generation 610 | Best fitness (Train): 0.79 | Best fitness in generation (Train): -4.39 | Mean fitness (Train): -13.19 | Mean fitness (Test): -6.30
Generation 620 | Best fitness (Train): 0.79 | Best fitness in generation (Train): -6.16 | Mean fitness (Train): -16.69 | Mean fitness (Test): -9.01
Generation 630 | Best fitness (Train): 0.79 | Best fitness in generation (Train): -5.67 | Mean fitness (Train): -14.83 | Mean fitness (Test): -10.44
Generation 640 | Best fitness (Train): 0.79 | Best fitness in generation (Train): -5.69 | Mean fitness (Train): -37.35 | Mean fitness (Test): -24.49
Generation 650 | Best fitness (Train): 0.79 | Best fitness in generation (Train): -5.41 | Mean fitness (Train): -11.54 | Mean fitness (Test): -7.56
Generation 660 | Best fitness (Train): 0.79 | Best fitness in generation (Train): -4.55 | Mean fitness (Train): -13.68 | Mean fitness (Test): -5.98
Generation 670 | Best fitness (Train): 0.79 | Best fitness in generation (Train): -5.05 | Mean fitness (Train): -9.53 | Mean fitness (Test): -7.16
Generation 680 | Best fitness (Train): 0.79 | Best fitness in generation (Train): -6.03 | Mean fitness (Train): -20.55 | Mean fitness (Test): -12.06
Generation 690 | Best fitness (Train): 0.79 | Best fitness in generation (Train): -3.92 | Mean fitness (Train): -24.74 | Mean fitness (Test): -6.19
Generation 700 | Best fitness (Train): 0.79 | Best fitness in generation (Train): -5.23 | Mean fitness (Train): -23.44 | Mean fitness (Test): -13.83
Generation 710 | Best fitness (Train): 0.79 | Best fitness in generation (Train): -5.17 | Mean fitness (Train): -20.82 | Mean fitness (Test): -8.86
Generation 720 | Best fitness (Train): 0.79 | Best fitness in generation (Train): -4.06 | Mean fitness (Train): -25.72 | Mean fitness (Test): -64.99
Generation 730 | Best fitness (Train): 0.79 | Best fitness in generation (Train): -6.11 | Mean fitness (Train): -30.44 | Mean fitness (Test): -11.77
Generation 740 | Best fitness (Train): 0.79 | Best fitness in generation (Train): -5.78 | Mean fitness (Train): -24.62 | Mean fitness (Test): -60.08
Generation 750 | Best fitness (Train): 0.79 | Best fitness in generation (Train): -5.23 | Mean fitness (Train): -12.41 | Mean fitness (Test): -8.12
Generation 760 | Best fitness (Train): 0.79 | Best fitness in generation (Train): -6.15 | Mean fitness (Train): -36.70 | Mean fitness (Test): -32.34
Generation 770 | Best fitness (Train): 0.79 | Best fitness in generation (Train): -6.22 | Mean fitness (Train): -24.95 | Mean fitness (Test): -15.62
Generation 780 | Best fitness (Train): 0.79 | Best fitness in generation (Train): -4.64 | Mean fitness (Train): -11.77 | Mean fitness (Test): -5.17
Generation 790 | Best fitness (Train): 0.79 | Best fitness in generation (Train): -6.96 | Mean fitness (Train): -19.20 | Mean fitness (Test): -8.78
Generation 800 | Best fitness (Train): 0.79 | Best fitness in generation (Train): -5.08 | Mean fitness (Train): -27.11 | Mean fitness (Test): -8.97
Generation 810 | Best fitness (Train): 0.79 | Best fitness in generation (Train): -4.73 | Mean fitness (Train): -15.32 | Mean fitness (Test): -5.61
Generation 820 | Best fitness (Train): 0.79 | Best fitness in generation (Train): -5.03 | Mean fitness (Train): -11.82 | Mean fitness (Test): -10.28
Generation 830 | Best fitness (Train): 0.79 | Best fitness in generation (Train): -6.40 | Mean fitness (Train): -21.60 | Mean fitness (Test): -15.22
Generation 840 | Best fitness (Train): 0.79 | Best fitness in generation (Train): -6.30 | Mean fitness (Train): -40.75 | Mean fitness (Test): -25.36
Generation 850 | Best fitness (Train): 16.56 | Best fitness in generation (Train): -5.16 | Mean fitness (Train): -21.56 | Mean fitness (Test): -11.84
Generation 860 | Best fitness (Train): 16.56 | Best fitness in generation (Train): -5.83 | Mean fitness (Train): -9.59 | Mean fitness (Test): -8.96
Generation 870 | Best fitness (Train): 16.56 | Best fitness in generation (Train): -4.69 | Mean fitness (Train): -13.35 | Mean fitness (Test): -6.50
Generation 880 | Best fitness (Train): 16.56 | Best fitness in generation (Train): -5.32 | Mean fitness (Train): -29.78 | Mean fitness (Test): -10.78
Generation 890 | Best fitness (Train): 16.56 | Best fitness in generation (Train): -4.74 | Mean fitness (Train): -12.81 | Mean fitness (Test): -11.29
Generation 900 | Best fitness (Train): 16.56 | Best fitness in generation (Train): -7.26 | Mean fitness (Train): -37.42 | Mean fitness (Test): -9.25
Generation 910 | Best fitness (Train): 16.56 | Best fitness in generation (Train): -6.59 | Mean fitness (Train): -11.03 | Mean fitness (Test): -7.81
Generation 920 | Best fitness (Train): 16.56 | Best fitness in generation (Train): -4.75 | Mean fitness (Train): -8.97 | Mean fitness (Test): -9.38
Generation 930 | Best fitness (Train): 16.56 | Best fitness in generation (Train): -5.41 | Mean fitness (Train): -13.38 | Mean fitness (Test): -10.83
Generation 940 | Best fitness (Train): 16.56 | Best fitness in generation (Train): -6.73 | Mean fitness (Train): -28.20 | Mean fitness (Test): -11.46
Generation 950 | Best fitness (Train): 16.56 | Best fitness in generation (Train): -5.58 | Mean fitness (Train): -30.44 | Mean fitness (Test): -32.02
Generation 960 | Best fitness (Train): 16.56 | Best fitness in generation (Train): -5.64 | Mean fitness (Train): -19.98 | Mean fitness (Test): -10.40
Generation 970 | Best fitness (Train): 16.56 | Best fitness in generation (Train): -5.95 | Mean fitness (Train): -35.27 | Mean fitness (Test): -46.04
Generation 980 | Best fitness (Train): 16.56 | Best fitness in generation (Train): -6.26 | Mean fitness (Train): -13.01 | Mean fitness (Test): -11.26
Generation 990 | Best fitness (Train): 16.56 | Best fitness in generation (Train): -5.92 | Mean fitness (Train): -12.56 | Mean fitness (Test): -7.41
Generation 1000 | Best fitness (Train): 16.56 | Best fitness in generation (Train): -5.02 | Mean fitness (Train): -15.51 | Mean fitness (Test): -6.69
Running ES algorithms:   0%|                                                             | 0/1 [00:00<?, ?it/s][A
Running ES algorithms: 100%|███████████████████████████████████████████████| 1/1 [20:21:14<00:00, 73274.01s/it][ARunning ES algorithms: 100%|███████████████████████████████████████████████| 1/1 [20:21:14<00:00, 73274.03s/it]
Successfully loaded: fast
Loading Problems ..:   8%|███▋                                        | 1/12 [20:21:43<223:59:00, 73303.68s/it]
running the experiment ... [../../results/BraxProblem/fast/SNES/0]
Generation 010 | Best fitness (Train): 66867.05 | Best fitness in generation (Train): 66867.05 | Mean fitness (Train): 31767.68 | Mean fitness (Test): 66867.05
Generation 020 | Best fitness (Train): 66867.05 | Best fitness in generation (Train): 66867.05 | Mean fitness (Train): 46368.34 | Mean fitness (Test): 66867.05
Generation 030 | Best fitness (Train): 66867.05 | Best fitness in generation (Train): 66867.05 | Mean fitness (Train): 56336.45 | Mean fitness (Test): 66867.05
Generation 040 | Best fitness (Train): 66867.05 | Best fitness in generation (Train): 66867.05 | Mean fitness (Train): 60831.43 | Mean fitness (Test): 66867.05
Generation 050 | Best fitness (Train): 66867.05 | Best fitness in generation (Train): 66867.05 | Mean fitness (Train): 61628.20 | Mean fitness (Test): 66867.05
Generation 060 | Best fitness (Train): 66867.05 | Best fitness in generation (Train): 66867.05 | Mean fitness (Train): 62443.06 | Mean fitness (Test): 66867.05
Generation 070 | Best fitness (Train): 66867.05 | Best fitness in generation (Train): 66867.05 | Mean fitness (Train): 63598.43 | Mean fitness (Test): 66867.05
Generation 080 | Best fitness (Train): 66867.05 | Best fitness in generation (Train): 66867.05 | Mean fitness (Train): 64223.05 | Mean fitness (Test): 66867.05
Generation 090 | Best fitness (Train): 66867.05 | Best fitness in generation (Train): 66867.05 | Mean fitness (Train): 64651.50 | Mean fitness (Test): 66867.05
Generation 100 | Best fitness (Train): 66867.05 | Best fitness in generation (Train): 66867.05 | Mean fitness (Train): 64688.47 | Mean fitness (Test): 66867.05
Generation 110 | Best fitness (Train): 66867.05 | Best fitness in generation (Train): 66867.05 | Mean fitness (Train): 65378.61 | Mean fitness (Test): 66867.05
Generation 120 | Best fitness (Train): 66867.05 | Best fitness in generation (Train): 66867.05 | Mean fitness (Train): 63682.04 | Mean fitness (Test): 66867.05
Generation 130 | Best fitness (Train): 66867.05 | Best fitness in generation (Train): 66867.05 | Mean fitness (Train): 64934.03 | Mean fitness (Test): 66867.05
Generation 140 | Best fitness (Train): 66867.05 | Best fitness in generation (Train): 66867.05 | Mean fitness (Train): 65044.31 | Mean fitness (Test): 66867.05
Generation 150 | Best fitness (Train): 66867.05 | Best fitness in generation (Train): 66867.05 | Mean fitness (Train): 65604.66 | Mean fitness (Test): 66867.05
Generation 160 | Best fitness (Train): 66867.05 | Best fitness in generation (Train): 66867.05 | Mean fitness (Train): 65373.44 | Mean fitness (Test): 66867.05
Generation 170 | Best fitness (Train): 66867.05 | Best fitness in generation (Train): 66867.05 | Mean fitness (Train): 65763.69 | Mean fitness (Test): 66867.05
Generation 180 | Best fitness (Train): 66867.05 | Best fitness in generation (Train): 66867.05 | Mean fitness (Train): 65325.93 | Mean fitness (Test): 66867.05
Generation 190 | Best fitness (Train): 66867.05 | Best fitness in generation (Train): 66867.05 | Mean fitness (Train): 64548.08 | Mean fitness (Test): 66867.05
Generation 200 | Best fitness (Train): 66867.05 | Best fitness in generation (Train): 66867.05 | Mean fitness (Train): 66153.62 | Mean fitness (Test): 66867.05
Generation 210 | Best fitness (Train): 66867.05 | Best fitness in generation (Train): 66867.05 | Mean fitness (Train): 65810.57 | Mean fitness (Test): 66867.05
Generation 220 | Best fitness (Train): 66867.05 | Best fitness in generation (Train): 66867.05 | Mean fitness (Train): 65879.95 | Mean fitness (Test): 66867.05
Generation 230 | Best fitness (Train): 66867.05 | Best fitness in generation (Train): 66867.05 | Mean fitness (Train): 66267.48 | Mean fitness (Test): 66867.05
Generation 240 | Best fitness (Train): 66867.05 | Best fitness in generation (Train): 66867.05 | Mean fitness (Train): 65505.47 | Mean fitness (Test): 66867.05
Generation 250 | Best fitness (Train): 66867.05 | Best fitness in generation (Train): 66867.05 | Mean fitness (Train): 64269.38 | Mean fitness (Test): 66867.05
Generation 260 | Best fitness (Train): 66867.05 | Best fitness in generation (Train): 66867.05 | Mean fitness (Train): 65839.15 | Mean fitness (Test): 66867.05
Generation 270 | Best fitness (Train): 66867.05 | Best fitness in generation (Train): 66867.05 | Mean fitness (Train): 65630.03 | Mean fitness (Test): 66867.05
Generation 280 | Best fitness (Train): 66867.05 | Best fitness in generation (Train): 66867.05 | Mean fitness (Train): 65727.29 | Mean fitness (Test): 66867.05
Generation 290 | Best fitness (Train): 66867.05 | Best fitness in generation (Train): 66867.05 | Mean fitness (Train): 65367.36 | Mean fitness (Test): 66867.05
Generation 300 | Best fitness (Train): 66867.05 | Best fitness in generation (Train): 66867.05 | Mean fitness (Train): 66518.83 | Mean fitness (Test): 66867.05
Generation 310 | Best fitness (Train): 66867.05 | Best fitness in generation (Train): 66867.05 | Mean fitness (Train): 65887.36 | Mean fitness (Test): 66867.05
Generation 320 | Best fitness (Train): 66867.05 | Best fitness in generation (Train): 66867.05 | Mean fitness (Train): 65743.23 | Mean fitness (Test): 66867.05
Generation 330 | Best fitness (Train): 66867.05 | Best fitness in generation (Train): 66867.05 | Mean fitness (Train): 65318.93 | Mean fitness (Test): 66867.05
Generation 340 | Best fitness (Train): 66867.05 | Best fitness in generation (Train): 66867.05 | Mean fitness (Train): 65938.95 | Mean fitness (Test): 66867.05
Generation 350 | Best fitness (Train): 66867.05 | Best fitness in generation (Train): 66867.05 | Mean fitness (Train): 65516.34 | Mean fitness (Test): 66867.05
Generation 360 | Best fitness (Train): 66867.05 | Best fitness in generation (Train): 66867.05 | Mean fitness (Train): 66085.47 | Mean fitness (Test): 66867.05
Generation 370 | Best fitness (Train): 66867.05 | Best fitness in generation (Train): 66867.05 | Mean fitness (Train): 66369.87 | Mean fitness (Test): 66867.05
Generation 380 | Best fitness (Train): 66867.05 | Best fitness in generation (Train): 66867.05 | Mean fitness (Train): 65999.91 | Mean fitness (Test): 66867.05
Generation 390 | Best fitness (Train): 66867.05 | Best fitness in generation (Train): 66867.05 | Mean fitness (Train): 66017.70 | Mean fitness (Test): 66867.05
Generation 400 | Best fitness (Train): 66867.05 | Best fitness in generation (Train): 66867.05 | Mean fitness (Train): 66554.11 | Mean fitness (Test): 66867.05
Generation 410 | Best fitness (Train): 66867.05 | Best fitness in generation (Train): 66867.05 | Mean fitness (Train): 66150.86 | Mean fitness (Test): 66867.05
Generation 420 | Best fitness (Train): 66867.05 | Best fitness in generation (Train): 66867.05 | Mean fitness (Train): 65506.54 | Mean fitness (Test): 66867.05
Generation 430 | Best fitness (Train): 66867.05 | Best fitness in generation (Train): 66867.05 | Mean fitness (Train): 65533.52 | Mean fitness (Test): 66867.05
Generation 440 | Best fitness (Train): 66867.05 | Best fitness in generation (Train): 66867.05 | Mean fitness (Train): 66396.39 | Mean fitness (Test): 66867.05
Generation 450 | Best fitness (Train): 66867.05 | Best fitness in generation (Train): 66867.05 | Mean fitness (Train): 66256.31 | Mean fitness (Test): 66867.05
Generation 460 | Best fitness (Train): 66867.05 | Best fitness in generation (Train): 66867.05 | Mean fitness (Train): 65913.19 | Mean fitness (Test): 66867.05
Generation 470 | Best fitness (Train): 66867.05 | Best fitness in generation (Train): 66867.05 | Mean fitness (Train): 65759.17 | Mean fitness (Test): 66867.05
Generation 480 | Best fitness (Train): 66867.05 | Best fitness in generation (Train): 66867.05 | Mean fitness (Train): 66530.06 | Mean fitness (Test): 66867.05
Generation 490 | Best fitness (Train): 66867.05 | Best fitness in generation (Train): 66867.05 | Mean fitness (Train): 65377.25 | Mean fitness (Test): 66867.05
Generation 500 | Best fitness (Train): 66867.05 | Best fitness in generation (Train): 66867.05 | Mean fitness (Train): 66138.91 | Mean fitness (Test): 66867.05
Generation 510 | Best fitness (Train): 66867.05 | Best fitness in generation (Train): 66867.05 | Mean fitness (Train): 66056.75 | Mean fitness (Test): 66867.05
Generation 520 | Best fitness (Train): 66867.05 | Best fitness in generation (Train): 66867.05 | Mean fitness (Train): 66325.03 | Mean fitness (Test): 66867.05
Generation 530 | Best fitness (Train): 66867.05 | Best fitness in generation (Train): 66867.05 | Mean fitness (Train): 66343.42 | Mean fitness (Test): 66867.05
Generation 540 | Best fitness (Train): 66867.05 | Best fitness in generation (Train): 66867.05 | Mean fitness (Train): 66106.27 | Mean fitness (Test): 66867.05
Generation 550 | Best fitness (Train): 66867.05 | Best fitness in generation (Train): 66867.05 | Mean fitness (Train): 66592.75 | Mean fitness (Test): 66867.05
Generation 560 | Best fitness (Train): 66867.05 | Best fitness in generation (Train): 66867.05 | Mean fitness (Train): 66440.85 | Mean fitness (Test): 66867.05
Generation 570 | Best fitness (Train): 66867.05 | Best fitness in generation (Train): 66867.05 | Mean fitness (Train): 66313.53 | Mean fitness (Test): 66867.05
Generation 580 | Best fitness (Train): 66867.05 | Best fitness in generation (Train): 66867.05 | Mean fitness (Train): 66686.40 | Mean fitness (Test): 66867.05
Generation 590 | Best fitness (Train): 66867.05 | Best fitness in generation (Train): 66867.05 | Mean fitness (Train): 66125.56 | Mean fitness (Test): 66867.05
Generation 600 | Best fitness (Train): 66867.05 | Best fitness in generation (Train): 66867.05 | Mean fitness (Train): 66803.10 | Mean fitness (Test): 66867.05
Generation 610 | Best fitness (Train): 66867.05 | Best fitness in generation (Train): 66867.05 | Mean fitness (Train): 65754.71 | Mean fitness (Test): 66867.05
Generation 620 | Best fitness (Train): 66867.05 | Best fitness in generation (Train): 66867.05 | Mean fitness (Train): 66737.38 | Mean fitness (Test): 66867.05
Generation 630 | Best fitness (Train): 66867.05 | Best fitness in generation (Train): 66867.05 | Mean fitness (Train): 66191.91 | Mean fitness (Test): 66867.05
Generation 640 | Best fitness (Train): 66867.05 | Best fitness in generation (Train): 66867.05 | Mean fitness (Train): 66005.39 | Mean fitness (Test): 66867.05
Generation 650 | Best fitness (Train): 66867.05 | Best fitness in generation (Train): 66867.05 | Mean fitness (Train): 66696.12 | Mean fitness (Test): 66867.05
Generation 660 | Best fitness (Train): 66867.05 | Best fitness in generation (Train): 66867.05 | Mean fitness (Train): 66536.12 | Mean fitness (Test): 66867.05
Generation 670 | Best fitness (Train): 66867.05 | Best fitness in generation (Train): 66867.05 | Mean fitness (Train): 66306.84 | Mean fitness (Test): 66867.05
Generation 680 | Best fitness (Train): 66867.05 | Best fitness in generation (Train): 66867.05 | Mean fitness (Train): 66247.73 | Mean fitness (Test): 66867.05
Generation 690 | Best fitness (Train): 66867.05 | Best fitness in generation (Train): 66867.05 | Mean fitness (Train): 66498.56 | Mean fitness (Test): 66867.05
Generation 700 | Best fitness (Train): 66867.05 | Best fitness in generation (Train): 66867.05 | Mean fitness (Train): 66802.81 | Mean fitness (Test): 66867.05
Generation 710 | Best fitness (Train): 66867.05 | Best fitness in generation (Train): 66867.05 | Mean fitness (Train): 66372.78 | Mean fitness (Test): 66867.05
Generation 720 | Best fitness (Train): 66867.05 | Best fitness in generation (Train): 66867.05 | Mean fitness (Train): 65894.16 | Mean fitness (Test): 66867.05
Generation 730 | Best fitness (Train): 66867.05 | Best fitness in generation (Train): 66867.05 | Mean fitness (Train): 66549.30 | Mean fitness (Test): 66867.05
Generation 740 | Best fitness (Train): 66867.05 | Best fitness in generation (Train): 66867.05 | Mean fitness (Train): 66461.51 | Mean fitness (Test): 66867.05
Generation 750 | Best fitness (Train): 66867.05 | Best fitness in generation (Train): 66867.05 | Mean fitness (Train): 66301.45 | Mean fitness (Test): 66867.05
Generation 760 | Best fitness (Train): 66867.05 | Best fitness in generation (Train): 66867.05 | Mean fitness (Train): 66446.53 | Mean fitness (Test): 66867.05
Generation 770 | Best fitness (Train): 66867.05 | Best fitness in generation (Train): 66867.05 | Mean fitness (Train): 66101.47 | Mean fitness (Test): 66867.05
Generation 780 | Best fitness (Train): 66867.05 | Best fitness in generation (Train): 66867.05 | Mean fitness (Train): 65908.09 | Mean fitness (Test): 66867.05
Generation 790 | Best fitness (Train): 66867.05 | Best fitness in generation (Train): 66867.05 | Mean fitness (Train): 66442.66 | Mean fitness (Test): 66867.05
Generation 800 | Best fitness (Train): 66867.05 | Best fitness in generation (Train): 66867.05 | Mean fitness (Train): 65326.02 | Mean fitness (Test): 66867.05
Generation 810 | Best fitness (Train): 66867.05 | Best fitness in generation (Train): 66867.05 | Mean fitness (Train): 65864.56 | Mean fitness (Test): 66867.05
Generation 820 | Best fitness (Train): 66867.05 | Best fitness in generation (Train): 66867.05 | Mean fitness (Train): 65983.52 | Mean fitness (Test): 66867.05
Generation 830 | Best fitness (Train): 66867.05 | Best fitness in generation (Train): 66867.05 | Mean fitness (Train): 66325.97 | Mean fitness (Test): 66867.05
Generation 840 | Best fitness (Train): 66867.05 | Best fitness in generation (Train): 66867.05 | Mean fitness (Train): 65988.98 | Mean fitness (Test): 66867.05
Generation 850 | Best fitness (Train): 66867.05 | Best fitness in generation (Train): 66867.05 | Mean fitness (Train): 66314.30 | Mean fitness (Test): 66867.05
Generation 860 | Best fitness (Train): 66867.05 | Best fitness in generation (Train): 66867.05 | Mean fitness (Train): 66459.45 | Mean fitness (Test): 66867.05
Generation 870 | Best fitness (Train): 66867.05 | Best fitness in generation (Train): 66867.05 | Mean fitness (Train): 66062.92 | Mean fitness (Test): 66867.05
Generation 880 | Best fitness (Train): 66867.05 | Best fitness in generation (Train): 66867.05 | Mean fitness (Train): 66194.66 | Mean fitness (Test): 66867.05
Generation 890 | Best fitness (Train): 66867.05 | Best fitness in generation (Train): 66867.05 | Mean fitness (Train): 66432.39 | Mean fitness (Test): 66867.05
Generation 900 | Best fitness (Train): 66867.05 | Best fitness in generation (Train): 66867.05 | Mean fitness (Train): 66712.14 | Mean fitness (Test): 66867.05
Generation 910 | Best fitness (Train): 66867.05 | Best fitness in generation (Train): 66867.05 | Mean fitness (Train): 66110.60 | Mean fitness (Test): 66867.05
Generation 920 | Best fitness (Train): 66867.05 | Best fitness in generation (Train): 66867.05 | Mean fitness (Train): 66580.27 | Mean fitness (Test): 66867.05
Generation 930 | Best fitness (Train): 66867.05 | Best fitness in generation (Train): 66867.05 | Mean fitness (Train): 66697.68 | Mean fitness (Test): 66867.05
Generation 940 | Best fitness (Train): 66867.05 | Best fitness in generation (Train): 66867.05 | Mean fitness (Train): 66557.91 | Mean fitness (Test): 66867.05
Generation 950 | Best fitness (Train): 66867.05 | Best fitness in generation (Train): 66867.05 | Mean fitness (Train): 66354.91 | Mean fitness (Test): 66867.05
Generation 960 | Best fitness (Train): 66867.05 | Best fitness in generation (Train): 66867.05 | Mean fitness (Train): 66294.28 | Mean fitness (Test): 66867.05
Generation 970 | Best fitness (Train): 66867.05 | Best fitness in generation (Train): 66867.05 | Mean fitness (Train): 66621.94 | Mean fitness (Test): 66867.05
Generation 980 | Best fitness (Train): 66867.05 | Best fitness in generation (Train): 66867.05 | Mean fitness (Train): 66843.49 | Mean fitness (Test): 66867.05
Generation 990 | Best fitness (Train): 66867.05 | Best fitness in generation (Train): 66867.05 | Mean fitness (Train): 66314.12 | Mean fitness (Test): 66867.05
Generation 1000 | Best fitness (Train): 66867.05 | Best fitness in generation (Train): 66867.05 | Mean fitness (Train): 65739.69 | Mean fitness (Test): 66867.05
Failed to generate visualization: 'Fast' object has no attribute 'sys'
running the experiment ... [../../results/BraxProblem/fast/SNES/1]
Generation 010 | Best fitness (Train): 66867.05 | Best fitness in generation (Train): 66867.05 | Mean fitness (Train): 33238.05 | Mean fitness (Test): 66867.05
Generation 020 | Best fitness (Train): 66867.05 | Best fitness in generation (Train): 66867.05 | Mean fitness (Train): 51125.95 | Mean fitness (Test): 66867.05
Generation 030 | Best fitness (Train): 66867.05 | Best fitness in generation (Train): 66867.05 | Mean fitness (Train): 56407.57 | Mean fitness (Test): 66867.05
Generation 040 | Best fitness (Train): 66867.05 | Best fitness in generation (Train): 66867.05 | Mean fitness (Train): 60316.54 | Mean fitness (Test): 66867.05
Generation 050 | Best fitness (Train): 66867.05 | Best fitness in generation (Train): 66867.05 | Mean fitness (Train): 62826.87 | Mean fitness (Test): 66867.05
Generation 060 | Best fitness (Train): 66867.05 | Best fitness in generation (Train): 66867.05 | Mean fitness (Train): 63931.61 | Mean fitness (Test): 66867.05
Generation 070 | Best fitness (Train): 66867.05 | Best fitness in generation (Train): 66867.05 | Mean fitness (Train): 64172.21 | Mean fitness (Test): 66867.05
Generation 080 | Best fitness (Train): 66867.05 | Best fitness in generation (Train): 66867.05 | Mean fitness (Train): 65341.71 | Mean fitness (Test): 66867.05
Generation 090 | Best fitness (Train): 66867.05 | Best fitness in generation (Train): 66867.05 | Mean fitness (Train): 64545.26 | Mean fitness (Test): 66867.05
Generation 100 | Best fitness (Train): 66867.05 | Best fitness in generation (Train): 66867.05 | Mean fitness (Train): 64725.66 | Mean fitness (Test): 66867.05
Generation 110 | Best fitness (Train): 66867.05 | Best fitness in generation (Train): 66867.05 | Mean fitness (Train): 64578.54 | Mean fitness (Test): 66867.05
Generation 120 | Best fitness (Train): 66867.05 | Best fitness in generation (Train): 66867.05 | Mean fitness (Train): 64995.10 | Mean fitness (Test): 66867.05
Generation 130 | Best fitness (Train): 66867.05 | Best fitness in generation (Train): 66867.05 | Mean fitness (Train): 64453.18 | Mean fitness (Test): 66867.05
Generation 140 | Best fitness (Train): 66867.05 | Best fitness in generation (Train): 66867.05 | Mean fitness (Train): 64838.50 | Mean fitness (Test): 66867.05
Generation 150 | Best fitness (Train): 66867.05 | Best fitness in generation (Train): 66867.05 | Mean fitness (Train): 64840.06 | Mean fitness (Test): 66867.05
Generation 160 | Best fitness (Train): 66867.05 | Best fitness in generation (Train): 66867.05 | Mean fitness (Train): 64947.91 | Mean fitness (Test): 66867.05
Generation 170 | Best fitness (Train): 66867.05 | Best fitness in generation (Train): 66867.05 | Mean fitness (Train): 65060.61 | Mean fitness (Test): 66867.05
Generation 180 | Best fitness (Train): 66867.05 | Best fitness in generation (Train): 66867.05 | Mean fitness (Train): 64247.15 | Mean fitness (Test): 66867.05
Generation 190 | Best fitness (Train): 66867.05 | Best fitness in generation (Train): 66867.05 | Mean fitness (Train): 64434.84 | Mean fitness (Test): 66867.05
Generation 200 | Best fitness (Train): 66867.05 | Best fitness in generation (Train): 66867.05 | Mean fitness (Train): 66020.91 | Mean fitness (Test): 66867.05
Generation 210 | Best fitness (Train): 66867.05 | Best fitness in generation (Train): 66867.05 | Mean fitness (Train): 65690.01 | Mean fitness (Test): 66867.05
Generation 220 | Best fitness (Train): 66867.05 | Best fitness in generation (Train): 66867.05 | Mean fitness (Train): 65610.51 | Mean fitness (Test): 66867.05
Generation 230 | Best fitness (Train): 66867.05 | Best fitness in generation (Train): 66867.05 | Mean fitness (Train): 63847.08 | Mean fitness (Test): 66867.05
Generation 240 | Best fitness (Train): 66867.05 | Best fitness in generation (Train): 66867.05 | Mean fitness (Train): 65248.65 | Mean fitness (Test): 66867.05
Generation 250 | Best fitness (Train): 66867.05 | Best fitness in generation (Train): 66867.05 | Mean fitness (Train): 66068.58 | Mean fitness (Test): 66867.05
Generation 260 | Best fitness (Train): 66867.05 | Best fitness in generation (Train): 66867.05 | Mean fitness (Train): 65994.41 | Mean fitness (Test): 66867.05
Generation 270 | Best fitness (Train): 66867.05 | Best fitness in generation (Train): 66867.05 | Mean fitness (Train): 65810.43 | Mean fitness (Test): 66867.05
Generation 280 | Best fitness (Train): 66867.05 | Best fitness in generation (Train): 66867.05 | Mean fitness (Train): 65917.05 | Mean fitness (Test): 66867.05
Generation 290 | Best fitness (Train): 66867.05 | Best fitness in generation (Train): 66867.05 | Mean fitness (Train): 65363.33 | Mean fitness (Test): 66867.05
Generation 300 | Best fitness (Train): 66867.05 | Best fitness in generation (Train): 66867.05 | Mean fitness (Train): 65885.42 | Mean fitness (Test): 66867.05
Generation 310 | Best fitness (Train): 66867.05 | Best fitness in generation (Train): 66867.05 | Mean fitness (Train): 65157.13 | Mean fitness (Test): 66867.05
Generation 320 | Best fitness (Train): 66867.05 | Best fitness in generation (Train): 66867.05 | Mean fitness (Train): 65145.50 | Mean fitness (Test): 66867.05
Generation 330 | Best fitness (Train): 66867.05 | Best fitness in generation (Train): 66867.05 | Mean fitness (Train): 65892.38 | Mean fitness (Test): 66867.05
Generation 340 | Best fitness (Train): 66867.05 | Best fitness in generation (Train): 66867.05 | Mean fitness (Train): 66101.23 | Mean fitness (Test): 66867.05
Generation 350 | Best fitness (Train): 66867.05 | Best fitness in generation (Train): 66867.05 | Mean fitness (Train): 65472.03 | Mean fitness (Test): 66867.05
Generation 360 | Best fitness (Train): 66867.05 | Best fitness in generation (Train): 66867.05 | Mean fitness (Train): 66113.02 | Mean fitness (Test): 66867.05
Generation 370 | Best fitness (Train): 66867.05 | Best fitness in generation (Train): 66867.05 | Mean fitness (Train): 66205.60 | Mean fitness (Test): 66867.05
Generation 380 | Best fitness (Train): 66867.05 | Best fitness in generation (Train): 66867.05 | Mean fitness (Train): 65874.70 | Mean fitness (Test): 66867.05
Generation 390 | Best fitness (Train): 66867.05 | Best fitness in generation (Train): 66867.05 | Mean fitness (Train): 65024.39 | Mean fitness (Test): 66867.05
Generation 400 | Best fitness (Train): 66867.05 | Best fitness in generation (Train): 66867.05 | Mean fitness (Train): 65986.70 | Mean fitness (Test): 66867.05
Generation 410 | Best fitness (Train): 66867.05 | Best fitness in generation (Train): 66867.05 | Mean fitness (Train): 65955.37 | Mean fitness (Test): 66867.05
Generation 420 | Best fitness (Train): 66867.05 | Best fitness in generation (Train): 66867.05 | Mean fitness (Train): 66292.20 | Mean fitness (Test): 66867.05
Generation 430 | Best fitness (Train): 66867.05 | Best fitness in generation (Train): 66867.05 | Mean fitness (Train): 66410.33 | Mean fitness (Test): 66867.05
Generation 440 | Best fitness (Train): 66867.05 | Best fitness in generation (Train): 66867.05 | Mean fitness (Train): 66687.21 | Mean fitness (Test): 66867.05
Generation 450 | Best fitness (Train): 66867.05 | Best fitness in generation (Train): 66867.05 | Mean fitness (Train): 66189.56 | Mean fitness (Test): 66867.05
Generation 460 | Best fitness (Train): 66867.05 | Best fitness in generation (Train): 66867.05 | Mean fitness (Train): 66577.42 | Mean fitness (Test): 66867.05
Generation 470 | Best fitness (Train): 66867.05 | Best fitness in generation (Train): 66867.05 | Mean fitness (Train): 66436.55 | Mean fitness (Test): 66867.05
Generation 480 | Best fitness (Train): 66867.05 | Best fitness in generation (Train): 66867.05 | Mean fitness (Train): 66727.09 | Mean fitness (Test): 66867.05
Generation 490 | Best fitness (Train): 66867.05 | Best fitness in generation (Train): 66867.05 | Mean fitness (Train): 66098.66 | Mean fitness (Test): 66867.05
Generation 500 | Best fitness (Train): 66867.05 | Best fitness in generation (Train): 66867.05 | Mean fitness (Train): 66101.22 | Mean fitness (Test): 66867.05
Generation 510 | Best fitness (Train): 66867.05 | Best fitness in generation (Train): 66867.05 | Mean fitness (Train): 66361.45 | Mean fitness (Test): 66867.05
Generation 520 | Best fitness (Train): 66867.05 | Best fitness in generation (Train): 66867.05 | Mean fitness (Train): 66489.20 | Mean fitness (Test): 66867.05
Generation 530 | Best fitness (Train): 66867.05 | Best fitness in generation (Train): 66867.05 | Mean fitness (Train): 65990.62 | Mean fitness (Test): 66867.05
Generation 540 | Best fitness (Train): 66867.05 | Best fitness in generation (Train): 66867.05 | Mean fitness (Train): 66772.94 | Mean fitness (Test): 66867.05
Generation 550 | Best fitness (Train): 66867.05 | Best fitness in generation (Train): 66867.05 | Mean fitness (Train): 66125.09 | Mean fitness (Test): 66867.05
Generation 560 | Best fitness (Train): 66867.05 | Best fitness in generation (Train): 66867.05 | Mean fitness (Train): 66230.28 | Mean fitness (Test): 66867.05
Generation 570 | Best fitness (Train): 66867.05 | Best fitness in generation (Train): 66867.05 | Mean fitness (Train): 66747.62 | Mean fitness (Test): 66867.05
Generation 580 | Best fitness (Train): 66867.05 | Best fitness in generation (Train): 66867.05 | Mean fitness (Train): 66547.05 | Mean fitness (Test): 66867.05
Generation 590 | Best fitness (Train): 66867.05 | Best fitness in generation (Train): 66867.05 | Mean fitness (Train): 66794.72 | Mean fitness (Test): 66867.05
Generation 600 | Best fitness (Train): 66867.05 | Best fitness in generation (Train): 66867.05 | Mean fitness (Train): 66751.39 | Mean fitness (Test): 66867.05
Generation 610 | Best fitness (Train): 66867.05 | Best fitness in generation (Train): 66867.05 | Mean fitness (Train): 65802.88 | Mean fitness (Test): 66867.05
Generation 620 | Best fitness (Train): 66867.05 | Best fitness in generation (Train): 66867.05 | Mean fitness (Train): 65950.97 | Mean fitness (Test): 66867.05
Generation 630 | Best fitness (Train): 66867.05 | Best fitness in generation (Train): 66867.05 | Mean fitness (Train): 66501.41 | Mean fitness (Test): 66867.05
Generation 640 | Best fitness (Train): 66867.05 | Best fitness in generation (Train): 66867.05 | Mean fitness (Train): 66819.95 | Mean fitness (Test): 66867.05
Generation 650 | Best fitness (Train): 66867.05 | Best fitness in generation (Train): 66867.05 | Mean fitness (Train): 66290.04 | Mean fitness (Test): 66867.05
Generation 660 | Best fitness (Train): 66867.05 | Best fitness in generation (Train): 66867.05 | Mean fitness (Train): 66473.53 | Mean fitness (Test): 66867.05
Generation 670 | Best fitness (Train): 66867.05 | Best fitness in generation (Train): 66867.05 | Mean fitness (Train): 66591.33 | Mean fitness (Test): 66867.05
Generation 680 | Best fitness (Train): 66867.05 | Best fitness in generation (Train): 66867.05 | Mean fitness (Train): 66765.02 | Mean fitness (Test): 66867.05
Generation 690 | Best fitness (Train): 66867.05 | Best fitness in generation (Train): 66867.05 | Mean fitness (Train): 66451.25 | Mean fitness (Test): 66867.05
Generation 700 | Best fitness (Train): 66867.05 | Best fitness in generation (Train): 66867.05 | Mean fitness (Train): 66760.77 | Mean fitness (Test): 66867.05
Generation 710 | Best fitness (Train): 66867.05 | Best fitness in generation (Train): 66867.05 | Mean fitness (Train): 66642.16 | Mean fitness (Test): 66867.05
Generation 720 | Best fitness (Train): 66867.05 | Best fitness in generation (Train): 66867.05 | Mean fitness (Train): 66510.70 | Mean fitness (Test): 66867.05
Generation 730 | Best fitness (Train): 66867.05 | Best fitness in generation (Train): 66867.05 | Mean fitness (Train): 66699.97 | Mean fitness (Test): 66867.05
Generation 740 | Best fitness (Train): 66867.05 | Best fitness in generation (Train): 66867.05 | Mean fitness (Train): 66767.44 | Mean fitness (Test): 66867.05
Generation 750 | Best fitness (Train): 66867.05 | Best fitness in generation (Train): 66867.05 | Mean fitness (Train): 66826.52 | Mean fitness (Test): 66867.05
Generation 760 | Best fitness (Train): 66867.05 | Best fitness in generation (Train): 66867.05 | Mean fitness (Train): 66814.05 | Mean fitness (Test): 66867.05
Generation 770 | Best fitness (Train): 66867.05 | Best fitness in generation (Train): 66867.05 | Mean fitness (Train): 66415.91 | Mean fitness (Test): 66867.05
Generation 780 | Best fitness (Train): 66867.05 | Best fitness in generation (Train): 66867.05 | Mean fitness (Train): 66362.98 | Mean fitness (Test): 66867.05
Generation 790 | Best fitness (Train): 66867.05 | Best fitness in generation (Train): 66867.05 | Mean fitness (Train): 66781.69 | Mean fitness (Test): 66867.05
Generation 800 | Best fitness (Train): 66867.05 | Best fitness in generation (Train): 66867.05 | Mean fitness (Train): 66681.88 | Mean fitness (Test): 66867.05
Generation 810 | Best fitness (Train): 66867.05 | Best fitness in generation (Train): 66867.05 | Mean fitness (Train): 66759.04 | Mean fitness (Test): 66867.05
Generation 820 | Best fitness (Train): 66867.05 | Best fitness in generation (Train): 66867.05 | Mean fitness (Train): 66806.45 | Mean fitness (Test): 66867.05
Generation 830 | Best fitness (Train): 66867.05 | Best fitness in generation (Train): 66867.05 | Mean fitness (Train): 66572.50 | Mean fitness (Test): 66867.05
Generation 840 | Best fitness (Train): 66867.05 | Best fitness in generation (Train): 66867.05 | Mean fitness (Train): 66794.25 | Mean fitness (Test): 66867.05
Generation 850 | Best fitness (Train): 66867.05 | Best fitness in generation (Train): 66867.05 | Mean fitness (Train): 66633.82 | Mean fitness (Test): 66867.05
Generation 860 | Best fitness (Train): 66867.05 | Best fitness in generation (Train): 66867.05 | Mean fitness (Train): 66848.81 | Mean fitness (Test): 66867.05
Generation 870 | Best fitness (Train): 66867.05 | Best fitness in generation (Train): 66867.05 | Mean fitness (Train): 66815.26 | Mean fitness (Test): 66867.05
Generation 880 | Best fitness (Train): 66867.05 | Best fitness in generation (Train): 66867.05 | Mean fitness (Train): 66552.97 | Mean fitness (Test): 66867.05
Generation 890 | Best fitness (Train): 66867.05 | Best fitness in generation (Train): 66867.05 | Mean fitness (Train): 65917.58 | Mean fitness (Test): 66867.05
Generation 900 | Best fitness (Train): 66867.05 | Best fitness in generation (Train): 66867.05 | Mean fitness (Train): 66668.83 | Mean fitness (Test): 66867.05
Generation 910 | Best fitness (Train): 66867.05 | Best fitness in generation (Train): 66867.05 | Mean fitness (Train): 66848.89 | Mean fitness (Test): 66867.05
Generation 920 | Best fitness (Train): 66867.05 | Best fitness in generation (Train): 66867.05 | Mean fitness (Train): 66849.48 | Mean fitness (Test): 66867.05
Generation 930 | Best fitness (Train): 66867.05 | Best fitness in generation (Train): 66867.05 | Mean fitness (Train): 66535.05 | Mean fitness (Test): 66867.05
Generation 940 | Best fitness (Train): 66867.05 | Best fitness in generation (Train): 66867.05 | Mean fitness (Train): 66631.33 | Mean fitness (Test): 66867.05
Generation 950 | Best fitness (Train): 66867.05 | Best fitness in generation (Train): 66867.05 | Mean fitness (Train): 66763.55 | Mean fitness (Test): 66867.05
Generation 960 | Best fitness (Train): 66867.05 | Best fitness in generation (Train): 66867.05 | Mean fitness (Train): 66489.14 | Mean fitness (Test): 66867.05
Generation 970 | Best fitness (Train): 66867.05 | Best fitness in generation (Train): 66867.05 | Mean fitness (Train): 66567.52 | Mean fitness (Test): 66867.05
Generation 980 | Best fitness (Train): 66867.05 | Best fitness in generation (Train): 66867.05 | Mean fitness (Train): 66281.80 | Mean fitness (Test): 66867.05
Generation 990 | Best fitness (Train): 66867.05 | Best fitness in generation (Train): 66867.05 | Mean fitness (Train): 66607.17 | Mean fitness (Test): 66867.05
Generation 1000 | Best fitness (Train): 66867.05 | Best fitness in generation (Train): 66867.05 | Mean fitness (Train): 66719.81 | Mean fitness (Test): 66867.05
Failed to generate visualization: 'Fast' object has no attribute 'sys'
running the experiment ... [../../results/BraxProblem/fast/SNES/2]
Generation 010 | Best fitness (Train): 66867.05 | Best fitness in generation (Train): 66867.05 | Mean fitness (Train): 30355.02 | Mean fitness (Test): 66867.05
Generation 020 | Best fitness (Train): 66867.05 | Best fitness in generation (Train): 66867.05 | Mean fitness (Train): 47791.93 | Mean fitness (Test): 66867.05
Generation 030 | Best fitness (Train): 66867.05 | Best fitness in generation (Train): 66867.05 | Mean fitness (Train): 56333.65 | Mean fitness (Test): 66867.05
Generation 040 | Best fitness (Train): 66867.05 | Best fitness in generation (Train): 66867.05 | Mean fitness (Train): 59995.55 | Mean fitness (Test): 66867.05
Generation 050 | Best fitness (Train): 66867.05 | Best fitness in generation (Train): 66867.05 | Mean fitness (Train): 62723.27 | Mean fitness (Test): 66867.05
Generation 060 | Best fitness (Train): 66867.05 | Best fitness in generation (Train): 66867.05 | Mean fitness (Train): 64551.09 | Mean fitness (Test): 66867.05
Generation 070 | Best fitness (Train): 66867.05 | Best fitness in generation (Train): 66867.05 | Mean fitness (Train): 63954.57 | Mean fitness (Test): 66867.05
Generation 080 | Best fitness (Train): 66867.05 | Best fitness in generation (Train): 66867.05 | Mean fitness (Train): 64495.96 | Mean fitness (Test): 66867.05
Generation 090 | Best fitness (Train): 66867.05 | Best fitness in generation (Train): 66867.05 | Mean fitness (Train): 64583.13 | Mean fitness (Test): 66867.05
Generation 100 | Best fitness (Train): 66867.05 | Best fitness in generation (Train): 66867.05 | Mean fitness (Train): 64894.84 | Mean fitness (Test): 66867.05
Generation 110 | Best fitness (Train): 66867.05 | Best fitness in generation (Train): 66867.05 | Mean fitness (Train): 65042.09 | Mean fitness (Test): 66867.05
Generation 120 | Best fitness (Train): 66867.05 | Best fitness in generation (Train): 66867.05 | Mean fitness (Train): 64772.93 | Mean fitness (Test): 66867.05
Generation 130 | Best fitness (Train): 66867.05 | Best fitness in generation (Train): 66867.05 | Mean fitness (Train): 64453.19 | Mean fitness (Test): 66867.05
Generation 140 | Best fitness (Train): 66867.05 | Best fitness in generation (Train): 66867.05 | Mean fitness (Train): 65361.54 | Mean fitness (Test): 66867.05
Generation 150 | Best fitness (Train): 66867.05 | Best fitness in generation (Train): 66867.05 | Mean fitness (Train): 64992.54 | Mean fitness (Test): 66867.05
Generation 160 | Best fitness (Train): 66867.05 | Best fitness in generation (Train): 66867.05 | Mean fitness (Train): 65828.77 | Mean fitness (Test): 66867.05
Generation 170 | Best fitness (Train): 66867.05 | Best fitness in generation (Train): 66867.05 | Mean fitness (Train): 64375.05 | Mean fitness (Test): 66867.05
Generation 180 | Best fitness (Train): 66867.05 | Best fitness in generation (Train): 66867.05 | Mean fitness (Train): 65403.01 | Mean fitness (Test): 66867.05
Generation 190 | Best fitness (Train): 66867.05 | Best fitness in generation (Train): 66867.05 | Mean fitness (Train): 65897.58 | Mean fitness (Test): 66867.05
Generation 200 | Best fitness (Train): 66867.05 | Best fitness in generation (Train): 66867.05 | Mean fitness (Train): 65711.22 | Mean fitness (Test): 66867.05
Generation 210 | Best fitness (Train): 66867.05 | Best fitness in generation (Train): 66867.05 | Mean fitness (Train): 65852.95 | Mean fitness (Test): 66867.05
Generation 220 | Best fitness (Train): 66867.05 | Best fitness in generation (Train): 66867.05 | Mean fitness (Train): 65813.42 | Mean fitness (Test): 66867.05
Generation 230 | Best fitness (Train): 66867.05 | Best fitness in generation (Train): 66867.05 | Mean fitness (Train): 64823.37 | Mean fitness (Test): 66867.05
Generation 240 | Best fitness (Train): 66867.05 | Best fitness in generation (Train): 66867.05 | Mean fitness (Train): 65672.87 | Mean fitness (Test): 66867.05
Generation 250 | Best fitness (Train): 66867.05 | Best fitness in generation (Train): 66867.05 | Mean fitness (Train): 65167.86 | Mean fitness (Test): 66867.05
Generation 260 | Best fitness (Train): 66867.05 | Best fitness in generation (Train): 66867.05 | Mean fitness (Train): 66767.38 | Mean fitness (Test): 66867.05
Generation 270 | Best fitness (Train): 66867.05 | Best fitness in generation (Train): 66867.05 | Mean fitness (Train): 65221.02 | Mean fitness (Test): 66867.05
Generation 280 | Best fitness (Train): 66867.05 | Best fitness in generation (Train): 66867.05 | Mean fitness (Train): 65147.03 | Mean fitness (Test): 66867.05
Generation 290 | Best fitness (Train): 66867.05 | Best fitness in generation (Train): 66867.05 | Mean fitness (Train): 66194.27 | Mean fitness (Test): 66867.05
Generation 300 | Best fitness (Train): 66867.05 | Best fitness in generation (Train): 66867.05 | Mean fitness (Train): 66243.34 | Mean fitness (Test): 66867.05
Generation 310 | Best fitness (Train): 66867.05 | Best fitness in generation (Train): 66867.05 | Mean fitness (Train): 66066.20 | Mean fitness (Test): 66867.05
Generation 320 | Best fitness (Train): 66867.05 | Best fitness in generation (Train): 66867.05 | Mean fitness (Train): 65925.48 | Mean fitness (Test): 66867.05
Generation 330 | Best fitness (Train): 66867.05 | Best fitness in generation (Train): 66867.05 | Mean fitness (Train): 65076.15 | Mean fitness (Test): 66867.05
Generation 340 | Best fitness (Train): 66867.05 | Best fitness in generation (Train): 66867.05 | Mean fitness (Train): 65533.58 | Mean fitness (Test): 66867.05
Generation 350 | Best fitness (Train): 66867.05 | Best fitness in generation (Train): 66867.05 | Mean fitness (Train): 65885.84 | Mean fitness (Test): 66867.05
Generation 360 | Best fitness (Train): 66867.05 | Best fitness in generation (Train): 66867.05 | Mean fitness (Train): 65795.08 | Mean fitness (Test): 66867.05
Generation 370 | Best fitness (Train): 66867.05 | Best fitness in generation (Train): 66867.05 | Mean fitness (Train): 66171.64 | Mean fitness (Test): 66867.05
Generation 380 | Best fitness (Train): 66867.05 | Best fitness in generation (Train): 66867.05 | Mean fitness (Train): 66268.72 | Mean fitness (Test): 66867.05
Generation 390 | Best fitness (Train): 66867.05 | Best fitness in generation (Train): 66867.05 | Mean fitness (Train): 65445.45 | Mean fitness (Test): 66867.05
Generation 400 | Best fitness (Train): 66867.05 | Best fitness in generation (Train): 66867.05 | Mean fitness (Train): 65852.41 | Mean fitness (Test): 66867.05
Generation 410 | Best fitness (Train): 66867.05 | Best fitness in generation (Train): 66867.05 | Mean fitness (Train): 66120.56 | Mean fitness (Test): 66867.05
Generation 420 | Best fitness (Train): 66867.05 | Best fitness in generation (Train): 66867.05 | Mean fitness (Train): 66595.45 | Mean fitness (Test): 66867.05
Generation 430 | Best fitness (Train): 66867.05 | Best fitness in generation (Train): 66867.05 | Mean fitness (Train): 66533.02 | Mean fitness (Test): 66867.05
Generation 440 | Best fitness (Train): 66867.05 | Best fitness in generation (Train): 66867.05 | Mean fitness (Train): 65913.36 | Mean fitness (Test): 66867.05
Generation 450 | Best fitness (Train): 66867.05 | Best fitness in generation (Train): 66867.05 | Mean fitness (Train): 65290.16 | Mean fitness (Test): 66867.05
Generation 460 | Best fitness (Train): 66867.05 | Best fitness in generation (Train): 66867.05 | Mean fitness (Train): 66155.62 | Mean fitness (Test): 66867.05
Generation 470 | Best fitness (Train): 66867.05 | Best fitness in generation (Train): 66867.05 | Mean fitness (Train): 66232.11 | Mean fitness (Test): 66867.05
Generation 480 | Best fitness (Train): 66867.05 | Best fitness in generation (Train): 66867.05 | Mean fitness (Train): 66494.28 | Mean fitness (Test): 66867.05
Generation 490 | Best fitness (Train): 66867.05 | Best fitness in generation (Train): 66867.05 | Mean fitness (Train): 65598.53 | Mean fitness (Test): 66867.05
Generation 500 | Best fitness (Train): 66867.05 | Best fitness in generation (Train): 66867.05 | Mean fitness (Train): 65745.12 | Mean fitness (Test): 66867.05
Generation 510 | Best fitness (Train): 66867.05 | Best fitness in generation (Train): 66867.05 | Mean fitness (Train): 65950.79 | Mean fitness (Test): 66867.05
Generation 520 | Best fitness (Train): 66867.05 | Best fitness in generation (Train): 66867.05 | Mean fitness (Train): 66087.34 | Mean fitness (Test): 66867.05
Generation 530 | Best fitness (Train): 66867.05 | Best fitness in generation (Train): 66867.05 | Mean fitness (Train): 66000.42 | Mean fitness (Test): 66867.05
Generation 540 | Best fitness (Train): 66867.05 | Best fitness in generation (Train): 66867.05 | Mean fitness (Train): 65897.97 | Mean fitness (Test): 66867.05
Generation 550 | Best fitness (Train): 66867.05 | Best fitness in generation (Train): 66867.05 | Mean fitness (Train): 66000.44 | Mean fitness (Test): 66867.05
Generation 560 | Best fitness (Train): 66867.05 | Best fitness in generation (Train): 66867.05 | Mean fitness (Train): 66706.53 | Mean fitness (Test): 66867.05
Generation 570 | Best fitness (Train): 66867.05 | Best fitness in generation (Train): 66867.05 | Mean fitness (Train): 66032.60 | Mean fitness (Test): 66867.05
Generation 580 | Best fitness (Train): 66867.05 | Best fitness in generation (Train): 66867.05 | Mean fitness (Train): 65745.91 | Mean fitness (Test): 66867.05
Generation 590 | Best fitness (Train): 66867.05 | Best fitness in generation (Train): 66867.05 | Mean fitness (Train): 65896.23 | Mean fitness (Test): 66867.05
Generation 600 | Best fitness (Train): 66867.05 | Best fitness in generation (Train): 66867.05 | Mean fitness (Train): 66243.00 | Mean fitness (Test): 66867.05
Generation 610 | Best fitness (Train): 66867.05 | Best fitness in generation (Train): 66867.05 | Mean fitness (Train): 66370.81 | Mean fitness (Test): 66867.05
Generation 620 | Best fitness (Train): 66867.05 | Best fitness in generation (Train): 66867.05 | Mean fitness (Train): 66382.92 | Mean fitness (Test): 66867.05
Generation 630 | Best fitness (Train): 66867.05 | Best fitness in generation (Train): 66867.05 | Mean fitness (Train): 66510.66 | Mean fitness (Test): 66867.05
Generation 640 | Best fitness (Train): 66867.05 | Best fitness in generation (Train): 66867.05 | Mean fitness (Train): 66338.38 | Mean fitness (Test): 66867.05
Generation 650 | Best fitness (Train): 66867.05 | Best fitness in generation (Train): 66867.05 | Mean fitness (Train): 66839.16 | Mean fitness (Test): 66867.05
Generation 660 | Best fitness (Train): 66867.05 | Best fitness in generation (Train): 66867.05 | Mean fitness (Train): 66044.70 | Mean fitness (Test): 66867.05
Generation 670 | Best fitness (Train): 66867.05 | Best fitness in generation (Train): 66867.05 | Mean fitness (Train): 66134.36 | Mean fitness (Test): 66867.05
Generation 680 | Best fitness (Train): 66867.05 | Best fitness in generation (Train): 66867.05 | Mean fitness (Train): 66209.16 | Mean fitness (Test): 66867.05
Generation 690 | Best fitness (Train): 66867.05 | Best fitness in generation (Train): 66867.05 | Mean fitness (Train): 66402.18 | Mean fitness (Test): 66867.05
Generation 700 | Best fitness (Train): 66867.05 | Best fitness in generation (Train): 66867.05 | Mean fitness (Train): 65545.69 | Mean fitness (Test): 66867.05
Generation 710 | Best fitness (Train): 66867.05 | Best fitness in generation (Train): 66867.05 | Mean fitness (Train): 66120.17 | Mean fitness (Test): 66867.05
Generation 720 | Best fitness (Train): 66867.05 | Best fitness in generation (Train): 66867.05 | Mean fitness (Train): 66204.36 | Mean fitness (Test): 66867.05
Generation 730 | Best fitness (Train): 66867.05 | Best fitness in generation (Train): 66867.05 | Mean fitness (Train): 66246.93 | Mean fitness (Test): 66867.05
Generation 740 | Best fitness (Train): 66867.05 | Best fitness in generation (Train): 66867.05 | Mean fitness (Train): 65933.88 | Mean fitness (Test): 66867.05
Generation 750 | Best fitness (Train): 66867.05 | Best fitness in generation (Train): 66867.05 | Mean fitness (Train): 66320.36 | Mean fitness (Test): 66867.05
Generation 760 | Best fitness (Train): 66867.05 | Best fitness in generation (Train): 66867.05 | Mean fitness (Train): 66625.70 | Mean fitness (Test): 66867.05
Generation 770 | Best fitness (Train): 66867.05 | Best fitness in generation (Train): 66867.05 | Mean fitness (Train): 66483.25 | Mean fitness (Test): 66867.05
Generation 780 | Best fitness (Train): 66867.05 | Best fitness in generation (Train): 66867.05 | Mean fitness (Train): 66534.23 | Mean fitness (Test): 66867.05
Generation 790 | Best fitness (Train): 66867.05 | Best fitness in generation (Train): 66867.05 | Mean fitness (Train): 66182.91 | Mean fitness (Test): 66867.05
Generation 800 | Best fitness (Train): 66867.05 | Best fitness in generation (Train): 66867.05 | Mean fitness (Train): 66173.33 | Mean fitness (Test): 66867.05
Generation 810 | Best fitness (Train): 66867.05 | Best fitness in generation (Train): 66867.05 | Mean fitness (Train): 66218.45 | Mean fitness (Test): 66867.05
Generation 820 | Best fitness (Train): 66867.05 | Best fitness in generation (Train): 66867.05 | Mean fitness (Train): 66558.08 | Mean fitness (Test): 66867.05
Generation 830 | Best fitness (Train): 66867.05 | Best fitness in generation (Train): 66867.05 | Mean fitness (Train): 66138.56 | Mean fitness (Test): 66867.05
Generation 840 | Best fitness (Train): 66867.05 | Best fitness in generation (Train): 66867.05 | Mean fitness (Train): 66043.36 | Mean fitness (Test): 66867.05
Generation 850 | Best fitness (Train): 66867.05 | Best fitness in generation (Train): 66867.05 | Mean fitness (Train): 66697.47 | Mean fitness (Test): 66867.05
Generation 860 | Best fitness (Train): 66867.05 | Best fitness in generation (Train): 66867.05 | Mean fitness (Train): 66103.30 | Mean fitness (Test): 66867.05
Generation 870 | Best fitness (Train): 66867.05 | Best fitness in generation (Train): 66867.05 | Mean fitness (Train): 66357.14 | Mean fitness (Test): 66867.05
Generation 880 | Best fitness (Train): 66867.05 | Best fitness in generation (Train): 66867.05 | Mean fitness (Train): 65361.41 | Mean fitness (Test): 66867.05
Generation 890 | Best fitness (Train): 66867.05 | Best fitness in generation (Train): 66867.05 | Mean fitness (Train): 65973.73 | Mean fitness (Test): 66867.05
Generation 900 | Best fitness (Train): 66867.05 | Best fitness in generation (Train): 66867.05 | Mean fitness (Train): 66371.31 | Mean fitness (Test): 66867.05
Generation 910 | Best fitness (Train): 66867.05 | Best fitness in generation (Train): 66867.05 | Mean fitness (Train): 66095.22 | Mean fitness (Test): 66867.05
Generation 920 | Best fitness (Train): 66867.05 | Best fitness in generation (Train): 66867.05 | Mean fitness (Train): 65368.75 | Mean fitness (Test): 66867.05
Generation 930 | Best fitness (Train): 66867.05 | Best fitness in generation (Train): 66867.05 | Mean fitness (Train): 66182.11 | Mean fitness (Test): 66867.05
Generation 940 | Best fitness (Train): 66867.05 | Best fitness in generation (Train): 66867.05 | Mean fitness (Train): 65577.22 | Mean fitness (Test): 66867.05
Generation 950 | Best fitness (Train): 66867.05 | Best fitness in generation (Train): 66867.05 | Mean fitness (Train): 66054.55 | Mean fitness (Test): 66867.05
Generation 960 | Best fitness (Train): 66867.05 | Best fitness in generation (Train): 66867.05 | Mean fitness (Train): 65912.09 | Mean fitness (Test): 66867.05
Generation 970 | Best fitness (Train): 66867.05 | Best fitness in generation (Train): 66867.05 | Mean fitness (Train): 66024.10 | Mean fitness (Test): 66867.05
Generation 980 | Best fitness (Train): 66867.05 | Best fitness in generation (Train): 66867.05 | Mean fitness (Train): 66067.27 | Mean fitness (Test): 66867.05
Generation 990 | Best fitness (Train): 66867.05 | Best fitness in generation (Train): 66867.05 | Mean fitness (Train): 65814.95 | Mean fitness (Test): 66867.05
Generation 1000 | Best fitness (Train): 66867.05 | Best fitness in generation (Train): 66867.05 | Mean fitness (Train): 65940.95 | Mean fitness (Test): 66867.05
Failed to generate visualization: 'Fast' object has no attribute 'sys'
running the experiment ... [../../results/BraxProblem/fast/SNES/3]
Generation 010 | Best fitness (Train): 66867.05 | Best fitness in generation (Train): 66867.05 | Mean fitness (Train): 28002.55 | Mean fitness (Test): 66867.05
Generation 020 | Best fitness (Train): 66867.05 | Best fitness in generation (Train): 66867.05 | Mean fitness (Train): 44485.23 | Mean fitness (Test): 66867.05
Generation 030 | Best fitness (Train): 66867.05 | Best fitness in generation (Train): 66867.05 | Mean fitness (Train): 53168.55 | Mean fitness (Test): 66867.05
Generation 040 | Best fitness (Train): 66867.05 | Best fitness in generation (Train): 66867.05 | Mean fitness (Train): 59177.25 | Mean fitness (Test): 66867.05
Generation 050 | Best fitness (Train): 66867.05 | Best fitness in generation (Train): 66867.05 | Mean fitness (Train): 62326.90 | Mean fitness (Test): 66867.05
Generation 060 | Best fitness (Train): 66867.05 | Best fitness in generation (Train): 66867.05 | Mean fitness (Train): 63159.38 | Mean fitness (Test): 66867.05
Generation 070 | Best fitness (Train): 66867.05 | Best fitness in generation (Train): 66867.05 | Mean fitness (Train): 64167.88 | Mean fitness (Test): 66867.05
Generation 080 | Best fitness (Train): 66867.05 | Best fitness in generation (Train): 66867.05 | Mean fitness (Train): 64776.10 | Mean fitness (Test): 66867.05
Generation 090 | Best fitness (Train): 66867.05 | Best fitness in generation (Train): 66867.05 | Mean fitness (Train): 64567.80 | Mean fitness (Test): 66867.05
Generation 100 | Best fitness (Train): 66867.05 | Best fitness in generation (Train): 66867.05 | Mean fitness (Train): 63888.13 | Mean fitness (Test): 66867.05
Generation 110 | Best fitness (Train): 66867.05 | Best fitness in generation (Train): 66867.05 | Mean fitness (Train): 65060.98 | Mean fitness (Test): 66867.05
Generation 120 | Best fitness (Train): 66867.05 | Best fitness in generation (Train): 66867.05 | Mean fitness (Train): 64481.67 | Mean fitness (Test): 66867.05
Generation 130 | Best fitness (Train): 66867.05 | Best fitness in generation (Train): 66867.05 | Mean fitness (Train): 64385.46 | Mean fitness (Test): 66867.05
Generation 140 | Best fitness (Train): 66867.05 | Best fitness in generation (Train): 66867.05 | Mean fitness (Train): 63969.77 | Mean fitness (Test): 66867.05
Generation 150 | Best fitness (Train): 66867.05 | Best fitness in generation (Train): 66867.05 | Mean fitness (Train): 65741.36 | Mean fitness (Test): 66867.05
Generation 160 | Best fitness (Train): 66867.05 | Best fitness in generation (Train): 66867.05 | Mean fitness (Train): 65789.64 | Mean fitness (Test): 66867.05
Generation 170 | Best fitness (Train): 66867.05 | Best fitness in generation (Train): 66867.05 | Mean fitness (Train): 65684.30 | Mean fitness (Test): 66867.05
Generation 180 | Best fitness (Train): 66867.05 | Best fitness in generation (Train): 66867.05 | Mean fitness (Train): 66034.26 | Mean fitness (Test): 66867.05
Generation 190 | Best fitness (Train): 66867.05 | Best fitness in generation (Train): 66867.05 | Mean fitness (Train): 66068.86 | Mean fitness (Test): 66867.05
Generation 200 | Best fitness (Train): 66867.05 | Best fitness in generation (Train): 66867.05 | Mean fitness (Train): 65707.12 | Mean fitness (Test): 66867.05
Generation 210 | Best fitness (Train): 66867.05 | Best fitness in generation (Train): 66867.05 | Mean fitness (Train): 66339.76 | Mean fitness (Test): 66867.05
Generation 220 | Best fitness (Train): 66867.05 | Best fitness in generation (Train): 66867.05 | Mean fitness (Train): 65263.91 | Mean fitness (Test): 66867.05
Generation 230 | Best fitness (Train): 66867.05 | Best fitness in generation (Train): 66867.05 | Mean fitness (Train): 66233.45 | Mean fitness (Test): 66867.05
Generation 240 | Best fitness (Train): 66867.05 | Best fitness in generation (Train): 66867.05 | Mean fitness (Train): 66114.97 | Mean fitness (Test): 66867.05
Generation 250 | Best fitness (Train): 66867.05 | Best fitness in generation (Train): 66867.05 | Mean fitness (Train): 66488.73 | Mean fitness (Test): 66867.05
Generation 260 | Best fitness (Train): 66867.05 | Best fitness in generation (Train): 66867.05 | Mean fitness (Train): 65382.69 | Mean fitness (Test): 66867.05
Generation 270 | Best fitness (Train): 66867.05 | Best fitness in generation (Train): 66867.05 | Mean fitness (Train): 66165.09 | Mean fitness (Test): 66867.05
Generation 280 | Best fitness (Train): 66867.05 | Best fitness in generation (Train): 66867.05 | Mean fitness (Train): 65426.67 | Mean fitness (Test): 66867.05
Generation 290 | Best fitness (Train): 66867.05 | Best fitness in generation (Train): 66867.05 | Mean fitness (Train): 65584.69 | Mean fitness (Test): 66867.05
Generation 300 | Best fitness (Train): 66867.05 | Best fitness in generation (Train): 66867.05 | Mean fitness (Train): 64960.29 | Mean fitness (Test): 66867.05
Generation 310 | Best fitness (Train): 66867.05 | Best fitness in generation (Train): 66867.05 | Mean fitness (Train): 65309.95 | Mean fitness (Test): 66867.05
Generation 320 | Best fitness (Train): 66867.05 | Best fitness in generation (Train): 66867.05 | Mean fitness (Train): 66407.81 | Mean fitness (Test): 66867.05
Generation 330 | Best fitness (Train): 66867.05 | Best fitness in generation (Train): 66867.05 | Mean fitness (Train): 65580.70 | Mean fitness (Test): 66867.05
Generation 340 | Best fitness (Train): 66867.05 | Best fitness in generation (Train): 66867.05 | Mean fitness (Train): 65742.12 | Mean fitness (Test): 66867.05
Generation 350 | Best fitness (Train): 66867.05 | Best fitness in generation (Train): 66867.05 | Mean fitness (Train): 66024.49 | Mean fitness (Test): 66867.05
Generation 360 | Best fitness (Train): 66867.05 | Best fitness in generation (Train): 66867.05 | Mean fitness (Train): 66349.44 | Mean fitness (Test): 66867.05
Generation 370 | Best fitness (Train): 66867.05 | Best fitness in generation (Train): 66867.05 | Mean fitness (Train): 66113.05 | Mean fitness (Test): 66867.05
Generation 380 | Best fitness (Train): 66867.05 | Best fitness in generation (Train): 66867.05 | Mean fitness (Train): 65747.32 | Mean fitness (Test): 66867.05
Generation 390 | Best fitness (Train): 66867.05 | Best fitness in generation (Train): 66867.05 | Mean fitness (Train): 66507.23 | Mean fitness (Test): 66867.05
Generation 400 | Best fitness (Train): 66867.05 | Best fitness in generation (Train): 66867.05 | Mean fitness (Train): 65730.56 | Mean fitness (Test): 66867.05
Generation 410 | Best fitness (Train): 66867.05 | Best fitness in generation (Train): 66867.05 | Mean fitness (Train): 65901.60 | Mean fitness (Test): 66867.05
Generation 420 | Best fitness (Train): 66867.05 | Best fitness in generation (Train): 66867.05 | Mean fitness (Train): 66116.16 | Mean fitness (Test): 66867.05
Generation 430 | Best fitness (Train): 66867.05 | Best fitness in generation (Train): 66867.05 | Mean fitness (Train): 65333.29 | Mean fitness (Test): 66867.05
Generation 440 | Best fitness (Train): 66867.05 | Best fitness in generation (Train): 66867.05 | Mean fitness (Train): 66139.80 | Mean fitness (Test): 66867.05
Generation 450 | Best fitness (Train): 66867.05 | Best fitness in generation (Train): 66867.05 | Mean fitness (Train): 66481.43 | Mean fitness (Test): 66867.05
Generation 460 | Best fitness (Train): 66867.05 | Best fitness in generation (Train): 66867.05 | Mean fitness (Train): 66716.78 | Mean fitness (Test): 66867.05
Generation 470 | Best fitness (Train): 66867.05 | Best fitness in generation (Train): 66867.05 | Mean fitness (Train): 66514.91 | Mean fitness (Test): 66867.05
Generation 480 | Best fitness (Train): 66867.05 | Best fitness in generation (Train): 66867.05 | Mean fitness (Train): 66159.02 | Mean fitness (Test): 66867.05
Generation 490 | Best fitness (Train): 66867.05 | Best fitness in generation (Train): 66867.05 | Mean fitness (Train): 66418.44 | Mean fitness (Test): 66867.05
Generation 500 | Best fitness (Train): 66867.05 | Best fitness in generation (Train): 66867.05 | Mean fitness (Train): 66589.45 | Mean fitness (Test): 66867.05
Generation 510 | Best fitness (Train): 66867.05 | Best fitness in generation (Train): 66867.05 | Mean fitness (Train): 65827.62 | Mean fitness (Test): 66867.05
Generation 520 | Best fitness (Train): 66867.05 | Best fitness in generation (Train): 66867.05 | Mean fitness (Train): 66236.59 | Mean fitness (Test): 66867.05
Generation 530 | Best fitness (Train): 66867.05 | Best fitness in generation (Train): 66867.05 | Mean fitness (Train): 66344.38 | Mean fitness (Test): 66867.05
Generation 540 | Best fitness (Train): 66867.05 | Best fitness in generation (Train): 66867.05 | Mean fitness (Train): 66519.52 | Mean fitness (Test): 66867.05
Generation 550 | Best fitness (Train): 66867.05 | Best fitness in generation (Train): 66867.05 | Mean fitness (Train): 66729.55 | Mean fitness (Test): 66867.05
Generation 560 | Best fitness (Train): 66867.05 | Best fitness in generation (Train): 66867.05 | Mean fitness (Train): 65959.05 | Mean fitness (Test): 66867.05
Generation 570 | Best fitness (Train): 66867.05 | Best fitness in generation (Train): 66867.05 | Mean fitness (Train): 66152.75 | Mean fitness (Test): 66867.05
Generation 580 | Best fitness (Train): 66867.05 | Best fitness in generation (Train): 66867.05 | Mean fitness (Train): 66337.48 | Mean fitness (Test): 66867.05
Generation 590 | Best fitness (Train): 66867.05 | Best fitness in generation (Train): 66867.05 | Mean fitness (Train): 65253.70 | Mean fitness (Test): 66867.05
Generation 600 | Best fitness (Train): 66867.05 | Best fitness in generation (Train): 66867.05 | Mean fitness (Train): 65639.70 | Mean fitness (Test): 66867.05
Generation 610 | Best fitness (Train): 66867.05 | Best fitness in generation (Train): 66867.05 | Mean fitness (Train): 66212.30 | Mean fitness (Test): 66867.05
Generation 620 | Best fitness (Train): 66867.05 | Best fitness in generation (Train): 66867.05 | Mean fitness (Train): 66421.20 | Mean fitness (Test): 66867.05
Generation 630 | Best fitness (Train): 66867.05 | Best fitness in generation (Train): 66867.05 | Mean fitness (Train): 65788.91 | Mean fitness (Test): 66867.05
Generation 640 | Best fitness (Train): 66867.05 | Best fitness in generation (Train): 66867.05 | Mean fitness (Train): 66206.69 | Mean fitness (Test): 66867.05
Generation 650 | Best fitness (Train): 66867.05 | Best fitness in generation (Train): 66867.05 | Mean fitness (Train): 65940.48 | Mean fitness (Test): 66867.05
Generation 660 | Best fitness (Train): 66867.05 | Best fitness in generation (Train): 66867.05 | Mean fitness (Train): 65349.12 | Mean fitness (Test): 66867.05
Generation 670 | Best fitness (Train): 66867.05 | Best fitness in generation (Train): 66867.05 | Mean fitness (Train): 66218.47 | Mean fitness (Test): 66867.05
Generation 680 | Best fitness (Train): 66867.05 | Best fitness in generation (Train): 66867.05 | Mean fitness (Train): 66126.72 | Mean fitness (Test): 66867.05
Generation 690 | Best fitness (Train): 66867.05 | Best fitness in generation (Train): 66867.05 | Mean fitness (Train): 65879.25 | Mean fitness (Test): 66867.05
Generation 700 | Best fitness (Train): 66867.05 | Best fitness in generation (Train): 66867.05 | Mean fitness (Train): 66135.44 | Mean fitness (Test): 66867.05
Generation 710 | Best fitness (Train): 66867.05 | Best fitness in generation (Train): 66867.05 | Mean fitness (Train): 65871.99 | Mean fitness (Test): 66867.05
Generation 720 | Best fitness (Train): 66867.05 | Best fitness in generation (Train): 66867.05 | Mean fitness (Train): 66017.50 | Mean fitness (Test): 66867.05
Generation 730 | Best fitness (Train): 66867.05 | Best fitness in generation (Train): 66867.05 | Mean fitness (Train): 65600.66 | Mean fitness (Test): 66867.05
Generation 740 | Best fitness (Train): 66867.05 | Best fitness in generation (Train): 66867.05 | Mean fitness (Train): 65407.39 | Mean fitness (Test): 66867.05
Generation 750 | Best fitness (Train): 66867.05 | Best fitness in generation (Train): 66867.05 | Mean fitness (Train): 64912.73 | Mean fitness (Test): 66867.05
Generation 760 | Best fitness (Train): 66867.05 | Best fitness in generation (Train): 66867.05 | Mean fitness (Train): 65146.98 | Mean fitness (Test): 66867.05
Generation 770 | Best fitness (Train): 66867.05 | Best fitness in generation (Train): 66867.05 | Mean fitness (Train): 65701.72 | Mean fitness (Test): 66867.05
Generation 780 | Best fitness (Train): 66867.05 | Best fitness in generation (Train): 66867.05 | Mean fitness (Train): 65660.06 | Mean fitness (Test): 66867.05
Generation 790 | Best fitness (Train): 66867.05 | Best fitness in generation (Train): 66867.05 | Mean fitness (Train): 65757.48 | Mean fitness (Test): 66867.05
Generation 800 | Best fitness (Train): 66867.05 | Best fitness in generation (Train): 66867.05 | Mean fitness (Train): 65984.22 | Mean fitness (Test): 66867.05
Generation 810 | Best fitness (Train): 66867.05 | Best fitness in generation (Train): 66867.05 | Mean fitness (Train): 66348.99 | Mean fitness (Test): 66867.05
Generation 820 | Best fitness (Train): 66867.05 | Best fitness in generation (Train): 66867.05 | Mean fitness (Train): 66358.44 | Mean fitness (Test): 66867.05
Generation 830 | Best fitness (Train): 66867.05 | Best fitness in generation (Train): 66867.05 | Mean fitness (Train): 65660.02 | Mean fitness (Test): 66867.05
Generation 840 | Best fitness (Train): 66867.05 | Best fitness in generation (Train): 66867.05 | Mean fitness (Train): 66020.41 | Mean fitness (Test): 66867.05
Generation 850 | Best fitness (Train): 66867.05 | Best fitness in generation (Train): 66867.05 | Mean fitness (Train): 65617.58 | Mean fitness (Test): 66867.05
Generation 860 | Best fitness (Train): 66867.05 | Best fitness in generation (Train): 66867.05 | Mean fitness (Train): 66231.82 | Mean fitness (Test): 66867.05
Generation 870 | Best fitness (Train): 66867.05 | Best fitness in generation (Train): 66867.05 | Mean fitness (Train): 66497.97 | Mean fitness (Test): 66867.05
Generation 880 | Best fitness (Train): 66867.05 | Best fitness in generation (Train): 66867.05 | Mean fitness (Train): 65918.89 | Mean fitness (Test): 66867.05
Generation 890 | Best fitness (Train): 66867.05 | Best fitness in generation (Train): 66867.05 | Mean fitness (Train): 65763.26 | Mean fitness (Test): 66867.05
Generation 900 | Best fitness (Train): 66867.05 | Best fitness in generation (Train): 66867.05 | Mean fitness (Train): 66297.62 | Mean fitness (Test): 66867.05
Generation 910 | Best fitness (Train): 66867.05 | Best fitness in generation (Train): 66867.05 | Mean fitness (Train): 65754.85 | Mean fitness (Test): 66867.05
Generation 920 | Best fitness (Train): 66867.05 | Best fitness in generation (Train): 66867.05 | Mean fitness (Train): 66723.67 | Mean fitness (Test): 66867.05
Generation 930 | Best fitness (Train): 66867.05 | Best fitness in generation (Train): 66867.05 | Mean fitness (Train): 65677.59 | Mean fitness (Test): 66867.05
Generation 940 | Best fitness (Train): 66867.05 | Best fitness in generation (Train): 66867.05 | Mean fitness (Train): 66404.80 | Mean fitness (Test): 66867.05
Generation 950 | Best fitness (Train): 66867.05 | Best fitness in generation (Train): 66867.05 | Mean fitness (Train): 66414.45 | Mean fitness (Test): 66867.05
Generation 960 | Best fitness (Train): 66867.05 | Best fitness in generation (Train): 66867.05 | Mean fitness (Train): 65745.48 | Mean fitness (Test): 66867.05
Generation 970 | Best fitness (Train): 66867.05 | Best fitness in generation (Train): 66867.05 | Mean fitness (Train): 65741.19 | Mean fitness (Test): 66867.05
Generation 980 | Best fitness (Train): 66867.05 | Best fitness in generation (Train): 66867.05 | Mean fitness (Train): 66386.25 | Mean fitness (Test): 66867.05
Generation 990 | Best fitness (Train): 66867.05 | Best fitness in generation (Train): 66867.05 | Mean fitness (Train): 66313.42 | Mean fitness (Test): 66867.05
Generation 1000 | Best fitness (Train): 66867.05 | Best fitness in generation (Train): 66867.05 | Mean fitness (Train): 66416.39 | Mean fitness (Test): 66867.05
Failed to generate visualization: 'Fast' object has no attribute 'sys'
running the experiment ... [../../results/BraxProblem/fast/SNES/4]
Generation 010 | Best fitness (Train): 66867.05 | Best fitness in generation (Train): 66867.05 | Mean fitness (Train): 31697.56 | Mean fitness (Test): 66867.05
Generation 020 | Best fitness (Train): 66867.05 | Best fitness in generation (Train): 66867.05 | Mean fitness (Train): 47808.60 | Mean fitness (Test): 66867.05
Generation 030 | Best fitness (Train): 66867.05 | Best fitness in generation (Train): 66867.05 | Mean fitness (Train): 53640.27 | Mean fitness (Test): 66867.05
Generation 040 | Best fitness (Train): 66867.05 | Best fitness in generation (Train): 66867.05 | Mean fitness (Train): 58081.02 | Mean fitness (Test): 66867.05
Generation 050 | Best fitness (Train): 66867.05 | Best fitness in generation (Train): 66867.05 | Mean fitness (Train): 58559.13 | Mean fitness (Test): 66867.05
Generation 060 | Best fitness (Train): 66867.05 | Best fitness in generation (Train): 66867.05 | Mean fitness (Train): 63020.82 | Mean fitness (Test): 66867.05
Generation 070 | Best fitness (Train): 66867.05 | Best fitness in generation (Train): 66867.05 | Mean fitness (Train): 63295.61 | Mean fitness (Test): 66867.05
Generation 080 | Best fitness (Train): 66867.05 | Best fitness in generation (Train): 66867.05 | Mean fitness (Train): 64319.07 | Mean fitness (Test): 66867.05
Generation 090 | Best fitness (Train): 66867.05 | Best fitness in generation (Train): 66867.05 | Mean fitness (Train): 64660.68 | Mean fitness (Test): 66867.05
Generation 100 | Best fitness (Train): 66867.05 | Best fitness in generation (Train): 66867.05 | Mean fitness (Train): 65704.17 | Mean fitness (Test): 66867.05
Generation 110 | Best fitness (Train): 66867.05 | Best fitness in generation (Train): 66867.05 | Mean fitness (Train): 64955.21 | Mean fitness (Test): 66867.05
Generation 120 | Best fitness (Train): 66867.05 | Best fitness in generation (Train): 66867.05 | Mean fitness (Train): 63630.21 | Mean fitness (Test): 66867.05
Generation 130 | Best fitness (Train): 66867.05 | Best fitness in generation (Train): 66867.05 | Mean fitness (Train): 65158.37 | Mean fitness (Test): 66867.05
Generation 140 | Best fitness (Train): 66867.05 | Best fitness in generation (Train): 66867.05 | Mean fitness (Train): 64896.02 | Mean fitness (Test): 66867.05
Generation 150 | Best fitness (Train): 66867.05 | Best fitness in generation (Train): 66867.05 | Mean fitness (Train): 65139.22 | Mean fitness (Test): 66867.05
Generation 160 | Best fitness (Train): 66867.05 | Best fitness in generation (Train): 66867.05 | Mean fitness (Train): 64573.66 | Mean fitness (Test): 66867.05
Generation 170 | Best fitness (Train): 66867.05 | Best fitness in generation (Train): 66867.05 | Mean fitness (Train): 64719.86 | Mean fitness (Test): 66867.05
Generation 180 | Best fitness (Train): 66867.05 | Best fitness in generation (Train): 66867.05 | Mean fitness (Train): 64527.92 | Mean fitness (Test): 66867.05
Generation 190 | Best fitness (Train): 66867.05 | Best fitness in generation (Train): 66867.05 | Mean fitness (Train): 66290.88 | Mean fitness (Test): 66867.05
Generation 200 | Best fitness (Train): 66867.05 | Best fitness in generation (Train): 66867.05 | Mean fitness (Train): 65343.42 | Mean fitness (Test): 66867.05
Generation 210 | Best fitness (Train): 66867.05 | Best fitness in generation (Train): 66867.05 | Mean fitness (Train): 65304.36 | Mean fitness (Test): 66867.05
Generation 220 | Best fitness (Train): 66867.05 | Best fitness in generation (Train): 66867.05 | Mean fitness (Train): 65700.10 | Mean fitness (Test): 66867.05
Generation 230 | Best fitness (Train): 66867.05 | Best fitness in generation (Train): 66867.05 | Mean fitness (Train): 64896.85 | Mean fitness (Test): 66867.05
Generation 240 | Best fitness (Train): 66867.05 | Best fitness in generation (Train): 66867.05 | Mean fitness (Train): 65162.74 | Mean fitness (Test): 66867.05
Generation 250 | Best fitness (Train): 66867.05 | Best fitness in generation (Train): 66867.05 | Mean fitness (Train): 65768.09 | Mean fitness (Test): 66867.05
Generation 260 | Best fitness (Train): 66867.05 | Best fitness in generation (Train): 66867.05 | Mean fitness (Train): 65401.97 | Mean fitness (Test): 66867.05
Generation 270 | Best fitness (Train): 66867.05 | Best fitness in generation (Train): 66867.05 | Mean fitness (Train): 65690.09 | Mean fitness (Test): 66867.05
Generation 280 | Best fitness (Train): 66867.05 | Best fitness in generation (Train): 66867.05 | Mean fitness (Train): 65698.37 | Mean fitness (Test): 66867.05
Generation 290 | Best fitness (Train): 66867.05 | Best fitness in generation (Train): 66867.05 | Mean fitness (Train): 65618.37 | Mean fitness (Test): 66867.05
Generation 300 | Best fitness (Train): 66867.05 | Best fitness in generation (Train): 66867.05 | Mean fitness (Train): 65865.30 | Mean fitness (Test): 66867.05
Generation 310 | Best fitness (Train): 66867.05 | Best fitness in generation (Train): 66867.05 | Mean fitness (Train): 65134.98 | Mean fitness (Test): 66867.05
Generation 320 | Best fitness (Train): 66867.05 | Best fitness in generation (Train): 66867.05 | Mean fitness (Train): 65911.64 | Mean fitness (Test): 66867.05
Generation 330 | Best fitness (Train): 66867.05 | Best fitness in generation (Train): 66867.05 | Mean fitness (Train): 65886.22 | Mean fitness (Test): 66867.05
Generation 340 | Best fitness (Train): 66867.05 | Best fitness in generation (Train): 66867.05 | Mean fitness (Train): 64590.77 | Mean fitness (Test): 66867.05
Generation 350 | Best fitness (Train): 66867.05 | Best fitness in generation (Train): 66867.05 | Mean fitness (Train): 65695.48 | Mean fitness (Test): 66867.05
Generation 360 | Best fitness (Train): 66867.05 | Best fitness in generation (Train): 66867.05 | Mean fitness (Train): 65530.50 | Mean fitness (Test): 66867.05
Generation 370 | Best fitness (Train): 66867.05 | Best fitness in generation (Train): 66867.05 | Mean fitness (Train): 66573.54 | Mean fitness (Test): 66867.05
Generation 380 | Best fitness (Train): 66867.05 | Best fitness in generation (Train): 66867.05 | Mean fitness (Train): 64569.84 | Mean fitness (Test): 66867.05
Generation 390 | Best fitness (Train): 66867.05 | Best fitness in generation (Train): 66867.05 | Mean fitness (Train): 65632.60 | Mean fitness (Test): 66867.05
Generation 400 | Best fitness (Train): 66867.05 | Best fitness in generation (Train): 66867.05 | Mean fitness (Train): 65668.20 | Mean fitness (Test): 66867.05
Generation 410 | Best fitness (Train): 66867.05 | Best fitness in generation (Train): 66867.05 | Mean fitness (Train): 66369.38 | Mean fitness (Test): 66867.05
Generation 420 | Best fitness (Train): 66867.05 | Best fitness in generation (Train): 66867.05 | Mean fitness (Train): 66274.83 | Mean fitness (Test): 66867.05
Generation 430 | Best fitness (Train): 66867.05 | Best fitness in generation (Train): 66867.05 | Mean fitness (Train): 66281.55 | Mean fitness (Test): 66867.05
Generation 440 | Best fitness (Train): 66867.05 | Best fitness in generation (Train): 66867.05 | Mean fitness (Train): 65934.30 | Mean fitness (Test): 66867.05
Generation 450 | Best fitness (Train): 66867.05 | Best fitness in generation (Train): 66867.05 | Mean fitness (Train): 65203.66 | Mean fitness (Test): 66867.05
Generation 460 | Best fitness (Train): 66867.05 | Best fitness in generation (Train): 66867.05 | Mean fitness (Train): 65441.48 | Mean fitness (Test): 66867.05
Generation 470 | Best fitness (Train): 66867.05 | Best fitness in generation (Train): 66867.05 | Mean fitness (Train): 65610.41 | Mean fitness (Test): 66867.05
Generation 480 | Best fitness (Train): 66867.05 | Best fitness in generation (Train): 66867.05 | Mean fitness (Train): 65125.48 | Mean fitness (Test): 66867.05
Generation 490 | Best fitness (Train): 66867.05 | Best fitness in generation (Train): 66867.05 | Mean fitness (Train): 66083.85 | Mean fitness (Test): 66867.05
Generation 500 | Best fitness (Train): 66867.05 | Best fitness in generation (Train): 66867.05 | Mean fitness (Train): 65344.16 | Mean fitness (Test): 66867.05
Generation 510 | Best fitness (Train): 66867.05 | Best fitness in generation (Train): 66867.05 | Mean fitness (Train): 66305.59 | Mean fitness (Test): 66867.05
Generation 520 | Best fitness (Train): 66867.05 | Best fitness in generation (Train): 66867.05 | Mean fitness (Train): 65731.44 | Mean fitness (Test): 66867.05
Generation 530 | Best fitness (Train): 66867.05 | Best fitness in generation (Train): 66867.05 | Mean fitness (Train): 65058.08 | Mean fitness (Test): 66867.05
Generation 540 | Best fitness (Train): 66867.05 | Best fitness in generation (Train): 66867.05 | Mean fitness (Train): 65423.65 | Mean fitness (Test): 66867.05
Generation 550 | Best fitness (Train): 66867.05 | Best fitness in generation (Train): 66867.05 | Mean fitness (Train): 66086.31 | Mean fitness (Test): 66867.05
Generation 560 | Best fitness (Train): 66867.05 | Best fitness in generation (Train): 66867.05 | Mean fitness (Train): 65778.52 | Mean fitness (Test): 66867.05
Generation 570 | Best fitness (Train): 66867.05 | Best fitness in generation (Train): 66867.05 | Mean fitness (Train): 66426.11 | Mean fitness (Test): 66867.05
Generation 580 | Best fitness (Train): 66867.05 | Best fitness in generation (Train): 66867.05 | Mean fitness (Train): 66133.55 | Mean fitness (Test): 66867.05
Generation 590 | Best fitness (Train): 66867.05 | Best fitness in generation (Train): 66867.05 | Mean fitness (Train): 66593.36 | Mean fitness (Test): 66867.05
Generation 600 | Best fitness (Train): 66867.05 | Best fitness in generation (Train): 66867.05 | Mean fitness (Train): 65901.86 | Mean fitness (Test): 66867.05
Generation 610 | Best fitness (Train): 66867.05 | Best fitness in generation (Train): 66867.05 | Mean fitness (Train): 65910.80 | Mean fitness (Test): 66867.05
Generation 620 | Best fitness (Train): 66867.05 | Best fitness in generation (Train): 66867.05 | Mean fitness (Train): 66488.02 | Mean fitness (Test): 66867.05
Generation 630 | Best fitness (Train): 66867.05 | Best fitness in generation (Train): 66867.05 | Mean fitness (Train): 65890.90 | Mean fitness (Test): 66867.05
Generation 640 | Best fitness (Train): 66867.05 | Best fitness in generation (Train): 66867.05 | Mean fitness (Train): 66386.48 | Mean fitness (Test): 66867.05
Generation 650 | Best fitness (Train): 66867.05 | Best fitness in generation (Train): 66867.05 | Mean fitness (Train): 65893.29 | Mean fitness (Test): 66867.05
Generation 660 | Best fitness (Train): 66867.05 | Best fitness in generation (Train): 66867.05 | Mean fitness (Train): 66478.49 | Mean fitness (Test): 66867.05
Generation 670 | Best fitness (Train): 66867.05 | Best fitness in generation (Train): 66867.05 | Mean fitness (Train): 65672.66 | Mean fitness (Test): 66867.05
Generation 680 | Best fitness (Train): 66867.05 | Best fitness in generation (Train): 66867.05 | Mean fitness (Train): 65973.34 | Mean fitness (Test): 66867.05
Generation 690 | Best fitness (Train): 66867.05 | Best fitness in generation (Train): 66867.05 | Mean fitness (Train): 65794.12 | Mean fitness (Test): 66867.05
Generation 700 | Best fitness (Train): 66867.05 | Best fitness in generation (Train): 66867.05 | Mean fitness (Train): 65768.33 | Mean fitness (Test): 66867.05
Generation 710 | Best fitness (Train): 66867.05 | Best fitness in generation (Train): 66867.05 | Mean fitness (Train): 66197.45 | Mean fitness (Test): 66867.05
Generation 720 | Best fitness (Train): 66867.05 | Best fitness in generation (Train): 66867.05 | Mean fitness (Train): 66411.41 | Mean fitness (Test): 66867.05
Generation 730 | Best fitness (Train): 66867.05 | Best fitness in generation (Train): 66867.05 | Mean fitness (Train): 66119.56 | Mean fitness (Test): 66867.05
Generation 740 | Best fitness (Train): 66867.05 | Best fitness in generation (Train): 66867.05 | Mean fitness (Train): 66114.45 | Mean fitness (Test): 66867.05
Generation 750 | Best fitness (Train): 66867.05 | Best fitness in generation (Train): 66867.05 | Mean fitness (Train): 66546.31 | Mean fitness (Test): 66867.05
Generation 760 | Best fitness (Train): 66867.05 | Best fitness in generation (Train): 66867.05 | Mean fitness (Train): 66472.81 | Mean fitness (Test): 66867.05
Generation 770 | Best fitness (Train): 66867.05 | Best fitness in generation (Train): 66867.05 | Mean fitness (Train): 66238.83 | Mean fitness (Test): 66867.05
Generation 780 | Best fitness (Train): 66867.05 | Best fitness in generation (Train): 66867.05 | Mean fitness (Train): 66325.33 | Mean fitness (Test): 66867.05
Generation 790 | Best fitness (Train): 66867.05 | Best fitness in generation (Train): 66867.05 | Mean fitness (Train): 66356.68 | Mean fitness (Test): 66867.05
Generation 800 | Best fitness (Train): 66867.05 | Best fitness in generation (Train): 66867.05 | Mean fitness (Train): 66665.62 | Mean fitness (Test): 66867.05
Generation 810 | Best fitness (Train): 66867.05 | Best fitness in generation (Train): 66867.05 | Mean fitness (Train): 65507.00 | Mean fitness (Test): 66867.05
Generation 820 | Best fitness (Train): 66867.05 | Best fitness in generation (Train): 66867.05 | Mean fitness (Train): 66158.51 | Mean fitness (Test): 66867.05
Generation 830 | Best fitness (Train): 66867.05 | Best fitness in generation (Train): 66867.05 | Mean fitness (Train): 65779.06 | Mean fitness (Test): 66867.05
Generation 840 | Best fitness (Train): 66867.05 | Best fitness in generation (Train): 66867.05 | Mean fitness (Train): 65753.72 | Mean fitness (Test): 66867.05
Generation 850 | Best fitness (Train): 66867.05 | Best fitness in generation (Train): 66867.05 | Mean fitness (Train): 66616.40 | Mean fitness (Test): 66867.05
Generation 860 | Best fitness (Train): 66867.05 | Best fitness in generation (Train): 66867.05 | Mean fitness (Train): 66382.36 | Mean fitness (Test): 66867.05
Generation 870 | Best fitness (Train): 66867.05 | Best fitness in generation (Train): 66867.05 | Mean fitness (Train): 66294.92 | Mean fitness (Test): 66867.05
Generation 880 | Best fitness (Train): 66867.05 | Best fitness in generation (Train): 66867.05 | Mean fitness (Train): 66049.88 | Mean fitness (Test): 66867.05
Generation 890 | Best fitness (Train): 66867.05 | Best fitness in generation (Train): 66867.05 | Mean fitness (Train): 66483.35 | Mean fitness (Test): 66867.05
Generation 900 | Best fitness (Train): 66867.05 | Best fitness in generation (Train): 66867.05 | Mean fitness (Train): 66342.48 | Mean fitness (Test): 66867.05
Generation 910 | Best fitness (Train): 66867.05 | Best fitness in generation (Train): 66867.05 | Mean fitness (Train): 66464.02 | Mean fitness (Test): 66867.05
Generation 920 | Best fitness (Train): 66867.05 | Best fitness in generation (Train): 66867.05 | Mean fitness (Train): 66800.17 | Mean fitness (Test): 66867.05
Generation 930 | Best fitness (Train): 66867.05 | Best fitness in generation (Train): 66867.05 | Mean fitness (Train): 66638.68 | Mean fitness (Test): 66867.05
Generation 940 | Best fitness (Train): 66867.05 | Best fitness in generation (Train): 66867.05 | Mean fitness (Train): 66797.74 | Mean fitness (Test): 66867.05
Generation 950 | Best fitness (Train): 66867.05 | Best fitness in generation (Train): 66867.05 | Mean fitness (Train): 66456.97 | Mean fitness (Test): 66867.05
Generation 960 | Best fitness (Train): 66867.05 | Best fitness in generation (Train): 66867.05 | Mean fitness (Train): 65507.18 | Mean fitness (Test): 66867.05
Generation 970 | Best fitness (Train): 66867.05 | Best fitness in generation (Train): 66867.05 | Mean fitness (Train): 66622.30 | Mean fitness (Test): 66867.05
Generation 980 | Best fitness (Train): 66867.05 | Best fitness in generation (Train): 66867.05 | Mean fitness (Train): 66451.59 | Mean fitness (Test): 66867.05
Generation 990 | Best fitness (Train): 66867.05 | Best fitness in generation (Train): 66867.05 | Mean fitness (Train): 66683.22 | Mean fitness (Test): 66867.05
Generation 1000 | Best fitness (Train): 66867.05 | Best fitness in generation (Train): 66867.05 | Mean fitness (Train): 66817.05 | Mean fitness (Test): 66867.05
Failed to generate visualization: 'Fast' object has no attribute 'sys'
Running ES algorithms:   0%|                                                             | 0/1 [00:00<?, ?it/s][A
Running ES algorithms: 100%|███████████████████████████████████████████████████| 1/1 [21:03<00:00, 1263.05s/it][ARunning ES algorithms: 100%|███████████████████████████████████████████████████| 1/1 [21:03<00:00, 1263.05s/it]
Successfully loaded: halfcheetah
Loading Problems ..:  17%|███████▌                                     | 2/12 [20:42:47<85:54:35, 30927.54s/it]
running the experiment ... [../../results/BraxProblem/halfcheetah/SNES/0]
Generation 010 | Best fitness (Train): -144.26 | Best fitness in generation (Train): -294.34 | Mean fitness (Train): -532.38 | Mean fitness (Test): -130.23
Generation 020 | Best fitness (Train): -144.26 | Best fitness in generation (Train): -159.79 | Mean fitness (Train): -515.99 | Mean fitness (Test): -348.26
Generation 030 | Best fitness (Train): -144.26 | Best fitness in generation (Train): -260.04 | Mean fitness (Train): -526.18 | Mean fitness (Test): -369.07
Generation 040 | Best fitness (Train): -144.26 | Best fitness in generation (Train): -196.53 | Mean fitness (Train): -495.55 | Mean fitness (Test): -342.82
Generation 050 | Best fitness (Train): -15.93 | Best fitness in generation (Train): -15.93 | Mean fitness (Train): -516.51 | Mean fitness (Test): -306.90
Generation 060 | Best fitness (Train): 46.68 | Best fitness in generation (Train): -18.18 | Mean fitness (Train): -444.19 | Mean fitness (Test): -199.08
Generation 070 | Best fitness (Train): 369.10 | Best fitness in generation (Train): 369.10 | Mean fitness (Train): -322.82 | Mean fitness (Test): 293.17
Generation 080 | Best fitness (Train): 564.52 | Best fitness in generation (Train): 564.52 | Mean fitness (Train): -187.42 | Mean fitness (Test): 256.49
Generation 090 | Best fitness (Train): 712.20 | Best fitness in generation (Train): 557.88 | Mean fitness (Train): -110.46 | Mean fitness (Test): 489.88
Generation 100 | Best fitness (Train): 731.70 | Best fitness in generation (Train): 689.57 | Mean fitness (Train): -44.99 | Mean fitness (Test): 62.45
Generation 110 | Best fitness (Train): 731.70 | Best fitness in generation (Train): 567.52 | Mean fitness (Train): -34.69 | Mean fitness (Test): 710.72
Generation 120 | Best fitness (Train): 874.85 | Best fitness in generation (Train): 751.11 | Mean fitness (Train): 41.32 | Mean fitness (Test): 274.51
Generation 130 | Best fitness (Train): 897.41 | Best fitness in generation (Train): 711.28 | Mean fitness (Train): 48.07 | Mean fitness (Test): 673.67
Generation 140 | Best fitness (Train): 1227.40 | Best fitness in generation (Train): 914.55 | Mean fitness (Train): 94.73 | Mean fitness (Test): 805.28
Generation 150 | Best fitness (Train): 1227.40 | Best fitness in generation (Train): 981.83 | Mean fitness (Train): 165.56 | Mean fitness (Test): -24.99
Generation 160 | Best fitness (Train): 1415.17 | Best fitness in generation (Train): 1125.17 | Mean fitness (Train): 274.52 | Mean fitness (Test): 505.57
Generation 170 | Best fitness (Train): 1739.66 | Best fitness in generation (Train): 1618.41 | Mean fitness (Train): 348.32 | Mean fitness (Test): 1203.47
Generation 180 | Best fitness (Train): 1976.78 | Best fitness in generation (Train): 1569.20 | Mean fitness (Train): 453.95 | Mean fitness (Test): 456.42
[2025-11-09T22:44:45.950] error: *** JOB 8041819 ON cs-pheno-11 CANCELLED AT 2025-11-09T22:44:45 DUE to SIGNAL Terminated ***
Running ES algorithms:   0%|                                                             | 0/1 [00:00<?, ?it/s][A[2025-11-09T22:44:45.951] error: *** STEP 8041819.0 ON cs-pheno-11 CANCELLED AT 2025-11-09T22:44:45 DUE to SIGNAL Terminated ***
srun: Job step aborted: Waiting up to 302 seconds for job step to finish.
