Sun 09 Nov 2025 00:24:20 IST

SLURM_JOBID:		 8041818
SLURM_JOB_NODELIST:	 cs-pheno-07 

configuration parmas running: problem_type=brax es_algorithms=Open_ES
Loading Problems ..:   0%|                                                              | 0/12 [00:00<?, ?it/s]/home/ronedr/.conda/envs/ronedr_es_env/lib/python3.10/site-packages/brax/io/mjcf.py:480: UserWarning: Brax System, piplines and environments are not actively being maintained. Please see MJX for a well maintained JAX-based physics engine: https://github.com/google-deepmind/mujoco/tree/main/mjx. For a host of environments that use MJX, see: https://github.com/google-deepmind/mujoco_playground.
  warnings.warn(
E1109 00:24:43.006209  544259 hlo_lexer.cc:443] Failed to parse int literal: 1986902096214075708017
Successfully loaded: ant

running the experiment ... [../../results/BraxProblem/ant/Open_ES/0]
Generation 010 | Best fitness (Train): -5.20 | Best fitness in generation (Train): -6.75 | Mean fitness (Train): -52.66 | Mean fitness (Test): -6.17
Generation 020 | Best fitness (Train): -1.41 | Best fitness in generation (Train): -8.35 | Mean fitness (Train): -57.82 | Mean fitness (Test): -7.94
Generation 030 | Best fitness (Train): -1.41 | Best fitness in generation (Train): -9.06 | Mean fitness (Train): -51.12 | Mean fitness (Test): -30.89
Generation 040 | Best fitness (Train): -1.39 | Best fitness in generation (Train): -1.39 | Mean fitness (Train): -61.85 | Mean fitness (Test): -6.52
Generation 050 | Best fitness (Train): -1.39 | Best fitness in generation (Train): -5.48 | Mean fitness (Train): -46.47 | Mean fitness (Test): -11.79
Generation 060 | Best fitness (Train): -0.36 | Best fitness in generation (Train): -0.36 | Mean fitness (Train): -49.68 | Mean fitness (Test): -2.88
Generation 070 | Best fitness (Train): -0.36 | Best fitness in generation (Train): -5.21 | Mean fitness (Train): -53.97 | Mean fitness (Test): -40.79
Generation 080 | Best fitness (Train): -0.36 | Best fitness in generation (Train): -10.09 | Mean fitness (Train): -47.52 | Mean fitness (Test): -46.61
Generation 090 | Best fitness (Train): -0.36 | Best fitness in generation (Train): -5.37 | Mean fitness (Train): -61.40 | Mean fitness (Test): -44.05
Generation 100 | Best fitness (Train): -0.36 | Best fitness in generation (Train): -8.43 | Mean fitness (Train): -57.14 | Mean fitness (Test): -28.78
Generation 110 | Best fitness (Train): -0.36 | Best fitness in generation (Train): -9.68 | Mean fitness (Train): -54.88 | Mean fitness (Test): -46.84
Generation 120 | Best fitness (Train): -0.26 | Best fitness in generation (Train): -4.21 | Mean fitness (Train): -47.13 | Mean fitness (Test): -6.09
Generation 130 | Best fitness (Train): -0.26 | Best fitness in generation (Train): -8.16 | Mean fitness (Train): -49.34 | Mean fitness (Test): -40.29
Generation 140 | Best fitness (Train): 2.27 | Best fitness in generation (Train): -4.73 | Mean fitness (Train): -48.36 | Mean fitness (Test): -43.44
Generation 150 | Best fitness (Train): 2.27 | Best fitness in generation (Train): -7.74 | Mean fitness (Train): -49.36 | Mean fitness (Test): -51.85
Generation 160 | Best fitness (Train): 2.27 | Best fitness in generation (Train): -5.65 | Mean fitness (Train): -48.18 | Mean fitness (Test): -10.28
Generation 170 | Best fitness (Train): 2.27 | Best fitness in generation (Train): -9.03 | Mean fitness (Train): -44.27 | Mean fitness (Test): -44.66
Generation 180 | Best fitness (Train): 2.27 | Best fitness in generation (Train): -6.53 | Mean fitness (Train): -45.06 | Mean fitness (Test): -19.51
Generation 190 | Best fitness (Train): 2.27 | Best fitness in generation (Train): -7.89 | Mean fitness (Train): -44.28 | Mean fitness (Test): -19.28
Generation 200 | Best fitness (Train): 2.27 | Best fitness in generation (Train): -6.28 | Mean fitness (Train): -41.20 | Mean fitness (Test): -11.77
Generation 210 | Best fitness (Train): 2.27 | Best fitness in generation (Train): -4.69 | Mean fitness (Train): -35.51 | Mean fitness (Test): -9.97
Generation 220 | Best fitness (Train): 2.27 | Best fitness in generation (Train): -7.48 | Mean fitness (Train): -42.13 | Mean fitness (Test): -13.54
Generation 230 | Best fitness (Train): 2.27 | Best fitness in generation (Train): -8.09 | Mean fitness (Train): -46.09 | Mean fitness (Test): -11.36
Generation 240 | Best fitness (Train): 2.27 | Best fitness in generation (Train): -7.66 | Mean fitness (Train): -36.66 | Mean fitness (Test): -7.73
Generation 250 | Best fitness (Train): 2.27 | Best fitness in generation (Train): -6.76 | Mean fitness (Train): -27.71 | Mean fitness (Test): -10.13
Generation 260 | Best fitness (Train): 2.27 | Best fitness in generation (Train): -7.73 | Mean fitness (Train): -39.96 | Mean fitness (Test): -15.88
Generation 270 | Best fitness (Train): 2.27 | Best fitness in generation (Train): -7.44 | Mean fitness (Train): -32.00 | Mean fitness (Test): -35.90
Generation 280 | Best fitness (Train): 2.27 | Best fitness in generation (Train): -7.59 | Mean fitness (Train): -28.15 | Mean fitness (Test): -12.61
Generation 290 | Best fitness (Train): 2.27 | Best fitness in generation (Train): -7.10 | Mean fitness (Train): -31.47 | Mean fitness (Test): -49.13
Generation 300 | Best fitness (Train): 2.27 | Best fitness in generation (Train): -5.53 | Mean fitness (Train): -11.85 | Mean fitness (Test): -7.07
Generation 310 | Best fitness (Train): 2.27 | Best fitness in generation (Train): -8.41 | Mean fitness (Train): -18.02 | Mean fitness (Test): -9.83
Generation 320 | Best fitness (Train): 2.27 | Best fitness in generation (Train): -4.78 | Mean fitness (Train): -15.97 | Mean fitness (Test): -14.77
Generation 330 | Best fitness (Train): 2.27 | Best fitness in generation (Train): -6.18 | Mean fitness (Train): -18.03 | Mean fitness (Test): -15.22
Generation 340 | Best fitness (Train): 3.23 | Best fitness in generation (Train): -8.19 | Mean fitness (Train): -25.99 | Mean fitness (Test): -13.30
Generation 350 | Best fitness (Train): 3.23 | Best fitness in generation (Train): -5.43 | Mean fitness (Train): -28.90 | Mean fitness (Test): -17.60
Generation 360 | Best fitness (Train): 3.23 | Best fitness in generation (Train): -6.18 | Mean fitness (Train): -22.21 | Mean fitness (Test): -30.02
Generation 370 | Best fitness (Train): 3.23 | Best fitness in generation (Train): -6.21 | Mean fitness (Train): -15.57 | Mean fitness (Test): -8.34
Generation 380 | Best fitness (Train): 3.23 | Best fitness in generation (Train): -5.70 | Mean fitness (Train): -15.81 | Mean fitness (Test): -11.30
Generation 390 | Best fitness (Train): 3.23 | Best fitness in generation (Train): -7.43 | Mean fitness (Train): -27.74 | Mean fitness (Test): -11.27
Generation 400 | Best fitness (Train): 3.23 | Best fitness in generation (Train): -7.56 | Mean fitness (Train): -28.88 | Mean fitness (Test): -27.33
Generation 410 | Best fitness (Train): 3.23 | Best fitness in generation (Train): -7.53 | Mean fitness (Train): -24.34 | Mean fitness (Test): -13.67
Generation 420 | Best fitness (Train): 3.23 | Best fitness in generation (Train): -7.06 | Mean fitness (Train): -14.61 | Mean fitness (Test): -16.06
Generation 430 | Best fitness (Train): 3.23 | Best fitness in generation (Train): -6.77 | Mean fitness (Train): -22.03 | Mean fitness (Test): -13.90
Generation 440 | Best fitness (Train): 3.23 | Best fitness in generation (Train): -6.12 | Mean fitness (Train): -10.34 | Mean fitness (Test): -12.48
Generation 450 | Best fitness (Train): 3.23 | Best fitness in generation (Train): -6.30 | Mean fitness (Train): -21.53 | Mean fitness (Test): -7.50
Generation 460 | Best fitness (Train): 3.23 | Best fitness in generation (Train): -6.79 | Mean fitness (Train): -15.36 | Mean fitness (Test): -8.85
Generation 470 | Best fitness (Train): 3.23 | Best fitness in generation (Train): -6.90 | Mean fitness (Train): -22.84 | Mean fitness (Test): -9.34
Generation 480 | Best fitness (Train): 3.23 | Best fitness in generation (Train): -5.40 | Mean fitness (Train): -8.54 | Mean fitness (Test): -8.75
Generation 490 | Best fitness (Train): 3.23 | Best fitness in generation (Train): -6.01 | Mean fitness (Train): -10.78 | Mean fitness (Test): -9.80
Generation 500 | Best fitness (Train): 3.23 | Best fitness in generation (Train): -6.29 | Mean fitness (Train): -19.51 | Mean fitness (Test): -9.86
Generation 510 | Best fitness (Train): 3.23 | Best fitness in generation (Train): -4.81 | Mean fitness (Train): -25.02 | Mean fitness (Test): -12.89
Generation 520 | Best fitness (Train): 3.23 | Best fitness in generation (Train): -6.50 | Mean fitness (Train): -34.18 | Mean fitness (Test): -17.13
Generation 530 | Best fitness (Train): 3.23 | Best fitness in generation (Train): -5.64 | Mean fitness (Train): -11.29 | Mean fitness (Test): -10.06
Generation 540 | Best fitness (Train): 3.23 | Best fitness in generation (Train): -8.55 | Mean fitness (Train): -31.60 | Mean fitness (Test): -25.75
Generation 550 | Best fitness (Train): 3.23 | Best fitness in generation (Train): -4.64 | Mean fitness (Train): -9.18 | Mean fitness (Test): -5.49
Generation 560 | Best fitness (Train): 3.23 | Best fitness in generation (Train): -3.78 | Mean fitness (Train): -14.36 | Mean fitness (Test): -8.35
Generation 570 | Best fitness (Train): 3.23 | Best fitness in generation (Train): -6.62 | Mean fitness (Train): -12.08 | Mean fitness (Test): -7.21
Generation 580 | Best fitness (Train): 3.23 | Best fitness in generation (Train): -7.46 | Mean fitness (Train): -12.88 | Mean fitness (Test): -15.89
Generation 590 | Best fitness (Train): 3.23 | Best fitness in generation (Train): -5.12 | Mean fitness (Train): -9.32 | Mean fitness (Test): -7.37
Generation 600 | Best fitness (Train): 3.23 | Best fitness in generation (Train): -8.72 | Mean fitness (Train): -37.52 | Mean fitness (Test): -17.79
Generation 610 | Best fitness (Train): 3.23 | Best fitness in generation (Train): -7.50 | Mean fitness (Train): -28.20 | Mean fitness (Test): -32.86
Generation 620 | Best fitness (Train): 3.23 | Best fitness in generation (Train): -5.47 | Mean fitness (Train): -18.65 | Mean fitness (Test): -15.91
Generation 630 | Best fitness (Train): 3.23 | Best fitness in generation (Train): -6.56 | Mean fitness (Train): -23.52 | Mean fitness (Test): -24.01
Generation 640 | Best fitness (Train): 3.23 | Best fitness in generation (Train): -5.47 | Mean fitness (Train): -15.12 | Mean fitness (Test): -8.04
Generation 650 | Best fitness (Train): 3.23 | Best fitness in generation (Train): -6.81 | Mean fitness (Train): -10.69 | Mean fitness (Test): -12.71
Generation 660 | Best fitness (Train): 3.23 | Best fitness in generation (Train): -5.26 | Mean fitness (Train): -11.68 | Mean fitness (Test): -10.48
Generation 670 | Best fitness (Train): 3.23 | Best fitness in generation (Train): -5.27 | Mean fitness (Train): -21.78 | Mean fitness (Test): -12.97
Generation 680 | Best fitness (Train): 3.23 | Best fitness in generation (Train): -7.39 | Mean fitness (Train): -38.75 | Mean fitness (Test): -36.16
Generation 690 | Best fitness (Train): 3.23 | Best fitness in generation (Train): -5.51 | Mean fitness (Train): -12.84 | Mean fitness (Test): -11.92
Generation 700 | Best fitness (Train): 3.23 | Best fitness in generation (Train): -5.25 | Mean fitness (Train): -11.83 | Mean fitness (Test): -13.39
Generation 710 | Best fitness (Train): 3.23 | Best fitness in generation (Train): -5.89 | Mean fitness (Train): -13.71 | Mean fitness (Test): -10.45
Generation 720 | Best fitness (Train): 3.23 | Best fitness in generation (Train): -4.97 | Mean fitness (Train): -17.04 | Mean fitness (Test): -11.28
Generation 730 | Best fitness (Train): 3.23 | Best fitness in generation (Train): -6.72 | Mean fitness (Train): -29.54 | Mean fitness (Test): -31.07
Generation 740 | Best fitness (Train): 3.23 | Best fitness in generation (Train): -7.67 | Mean fitness (Train): -31.34 | Mean fitness (Test): -72.99
Generation 750 | Best fitness (Train): 3.23 | Best fitness in generation (Train): -5.44 | Mean fitness (Train): -13.72 | Mean fitness (Test): -6.55
Generation 760 | Best fitness (Train): 3.23 | Best fitness in generation (Train): -3.50 | Mean fitness (Train): -24.19 | Mean fitness (Test): -9.46
Generation 770 | Best fitness (Train): 3.23 | Best fitness in generation (Train): -6.70 | Mean fitness (Train): -10.07 | Mean fitness (Test): -11.97
Generation 780 | Best fitness (Train): 3.23 | Best fitness in generation (Train): -5.75 | Mean fitness (Train): -11.23 | Mean fitness (Test): -14.37
Generation 790 | Best fitness (Train): 3.23 | Best fitness in generation (Train): -4.35 | Mean fitness (Train): -24.91 | Mean fitness (Test): -11.05
Generation 800 | Best fitness (Train): 3.23 | Best fitness in generation (Train): -7.55 | Mean fitness (Train): -38.28 | Mean fitness (Test): -15.92
Generation 810 | Best fitness (Train): 3.23 | Best fitness in generation (Train): -6.48 | Mean fitness (Train): -11.27 | Mean fitness (Test): -15.08
Generation 820 | Best fitness (Train): 3.23 | Best fitness in generation (Train): -6.15 | Mean fitness (Train): -18.07 | Mean fitness (Test): -6.87
Generation 830 | Best fitness (Train): 3.23 | Best fitness in generation (Train): -6.92 | Mean fitness (Train): -12.64 | Mean fitness (Test): -11.92
Generation 840 | Best fitness (Train): 3.23 | Best fitness in generation (Train): -6.66 | Mean fitness (Train): -21.83 | Mean fitness (Test): -8.32
Generation 850 | Best fitness (Train): 3.23 | Best fitness in generation (Train): -6.73 | Mean fitness (Train): -16.51 | Mean fitness (Test): -12.97
Generation 860 | Best fitness (Train): 3.23 | Best fitness in generation (Train): -6.71 | Mean fitness (Train): -18.09 | Mean fitness (Test): -14.96
Generation 870 | Best fitness (Train): 3.23 | Best fitness in generation (Train): -5.54 | Mean fitness (Train): -35.64 | Mean fitness (Test): -80.91
Generation 880 | Best fitness (Train): 3.23 | Best fitness in generation (Train): -5.90 | Mean fitness (Train): -41.29 | Mean fitness (Test): -10.05
Generation 890 | Best fitness (Train): 3.23 | Best fitness in generation (Train): -5.70 | Mean fitness (Train): -22.63 | Mean fitness (Test): -50.38
Generation 900 | Best fitness (Train): 3.23 | Best fitness in generation (Train): -5.15 | Mean fitness (Train): -16.73 | Mean fitness (Test): -10.65
Generation 910 | Best fitness (Train): 3.23 | Best fitness in generation (Train): -5.29 | Mean fitness (Train): -10.19 | Mean fitness (Test): -7.66
Generation 920 | Best fitness (Train): 3.23 | Best fitness in generation (Train): -5.65 | Mean fitness (Train): -28.07 | Mean fitness (Test): -7.18
Generation 930 | Best fitness (Train): 3.23 | Best fitness in generation (Train): -7.15 | Mean fitness (Train): -15.33 | Mean fitness (Test): -10.58
Generation 940 | Best fitness (Train): 3.23 | Best fitness in generation (Train): -5.32 | Mean fitness (Train): -32.45 | Mean fitness (Test): -56.65
Generation 950 | Best fitness (Train): 3.23 | Best fitness in generation (Train): -5.04 | Mean fitness (Train): -8.42 | Mean fitness (Test): -6.57
Generation 960 | Best fitness (Train): 3.23 | Best fitness in generation (Train): -5.79 | Mean fitness (Train): -29.33 | Mean fitness (Test): -8.26
Generation 970 | Best fitness (Train): 3.23 | Best fitness in generation (Train): -4.64 | Mean fitness (Train): -13.11 | Mean fitness (Test): -11.84
Generation 980 | Best fitness (Train): 3.23 | Best fitness in generation (Train): -6.26 | Mean fitness (Train): -15.29 | Mean fitness (Test): -14.06
Generation 990 | Best fitness (Train): 3.23 | Best fitness in generation (Train): -6.75 | Mean fitness (Train): -27.98 | Mean fitness (Test): -9.84
Generation 1000 | Best fitness (Train): 3.23 | Best fitness in generation (Train): -5.04 | Mean fitness (Train): -9.37 | Mean fitness (Test): -10.20
running the experiment ... [../../results/BraxProblem/ant/Open_ES/1]
Generation 010 | Best fitness (Train): -4.86 | Best fitness in generation (Train): -6.52 | Mean fitness (Train): -53.98 | Mean fitness (Test): -5.63
Generation 020 | Best fitness (Train): -0.12 | Best fitness in generation (Train): -7.27 | Mean fitness (Train): -55.93 | Mean fitness (Test): -48.20
Generation 030 | Best fitness (Train): -0.12 | Best fitness in generation (Train): -5.10 | Mean fitness (Train): -46.83 | Mean fitness (Test): -25.99
Generation 040 | Best fitness (Train): -0.12 | Best fitness in generation (Train): -7.25 | Mean fitness (Train): -55.86 | Mean fitness (Test): -55.46
Generation 050 | Best fitness (Train): -0.12 | Best fitness in generation (Train): -6.54 | Mean fitness (Train): -43.61 | Mean fitness (Test): -13.32
Generation 060 | Best fitness (Train): -0.12 | Best fitness in generation (Train): -5.77 | Mean fitness (Train): -56.83 | Mean fitness (Test): -47.74
Generation 070 | Best fitness (Train): -0.12 | Best fitness in generation (Train): -9.97 | Mean fitness (Train): -51.71 | Mean fitness (Test): -9.20
Generation 080 | Best fitness (Train): -0.12 | Best fitness in generation (Train): -7.10 | Mean fitness (Train): -48.32 | Mean fitness (Test): -5.16
Generation 090 | Best fitness (Train): -0.12 | Best fitness in generation (Train): -6.64 | Mean fitness (Train): -52.53 | Mean fitness (Test): -5.18
Generation 100 | Best fitness (Train): -0.12 | Best fitness in generation (Train): -5.43 | Mean fitness (Train): -46.10 | Mean fitness (Test): -12.07
Generation 110 | Best fitness (Train): -0.12 | Best fitness in generation (Train): -6.23 | Mean fitness (Train): -45.08 | Mean fitness (Test): -102.12
Generation 120 | Best fitness (Train): -0.12 | Best fitness in generation (Train): -6.00 | Mean fitness (Train): -51.46 | Mean fitness (Test): -49.49
Generation 130 | Best fitness (Train): -0.12 | Best fitness in generation (Train): -2.74 | Mean fitness (Train): -46.86 | Mean fitness (Test): -12.88
Generation 140 | Best fitness (Train): -0.12 | Best fitness in generation (Train): -6.71 | Mean fitness (Train): -50.31 | Mean fitness (Test): -8.08
Generation 150 | Best fitness (Train): -0.12 | Best fitness in generation (Train): -6.89 | Mean fitness (Train): -44.15 | Mean fitness (Test): -7.56
Generation 160 | Best fitness (Train): -0.12 | Best fitness in generation (Train): -6.32 | Mean fitness (Train): -46.65 | Mean fitness (Test): -15.75
Generation 170 | Best fitness (Train): -0.12 | Best fitness in generation (Train): -6.25 | Mean fitness (Train): -45.38 | Mean fitness (Test): -57.48
Generation 180 | Best fitness (Train): 3.43 | Best fitness in generation (Train): -6.95 | Mean fitness (Train): -41.16 | Mean fitness (Test): -86.02
Generation 190 | Best fitness (Train): 3.43 | Best fitness in generation (Train): -7.33 | Mean fitness (Train): -46.74 | Mean fitness (Test): -13.35
Generation 200 | Best fitness (Train): 3.43 | Best fitness in generation (Train): -5.32 | Mean fitness (Train): -43.69 | Mean fitness (Test): -41.54
Generation 210 | Best fitness (Train): 3.43 | Best fitness in generation (Train): -9.58 | Mean fitness (Train): -43.35 | Mean fitness (Test): -10.93
Generation 220 | Best fitness (Train): 3.43 | Best fitness in generation (Train): -5.61 | Mean fitness (Train): -34.74 | Mean fitness (Test): -9.25
Generation 230 | Best fitness (Train): 3.43 | Best fitness in generation (Train): -8.17 | Mean fitness (Train): -38.55 | Mean fitness (Test): -11.83
Generation 240 | Best fitness (Train): 3.43 | Best fitness in generation (Train): -6.20 | Mean fitness (Train): -32.76 | Mean fitness (Test): -11.78
Generation 250 | Best fitness (Train): 3.43 | Best fitness in generation (Train): -5.92 | Mean fitness (Train): -34.12 | Mean fitness (Test): -14.53
Generation 260 | Best fitness (Train): 3.43 | Best fitness in generation (Train): -6.06 | Mean fitness (Train): -24.78 | Mean fitness (Test): -7.42
Generation 270 | Best fitness (Train): 3.43 | Best fitness in generation (Train): -5.24 | Mean fitness (Train): -22.85 | Mean fitness (Test): -7.85
Generation 280 | Best fitness (Train): 3.43 | Best fitness in generation (Train): -4.75 | Mean fitness (Train): -22.30 | Mean fitness (Test): -7.88
Generation 290 | Best fitness (Train): 3.43 | Best fitness in generation (Train): -9.88 | Mean fitness (Train): -19.37 | Mean fitness (Test): -16.14
Generation 300 | Best fitness (Train): 3.43 | Best fitness in generation (Train): -4.60 | Mean fitness (Train): -18.89 | Mean fitness (Test): -10.18
Generation 310 | Best fitness (Train): 3.43 | Best fitness in generation (Train): -4.19 | Mean fitness (Train): -19.17 | Mean fitness (Test): -7.69
Generation 320 | Best fitness (Train): 3.43 | Best fitness in generation (Train): -7.97 | Mean fitness (Train): -13.69 | Mean fitness (Test): -13.80
Generation 330 | Best fitness (Train): 3.43 | Best fitness in generation (Train): -7.03 | Mean fitness (Train): -22.65 | Mean fitness (Test): -13.90
Generation 340 | Best fitness (Train): 3.43 | Best fitness in generation (Train): -6.60 | Mean fitness (Train): -17.68 | Mean fitness (Test): -12.78
Generation 350 | Best fitness (Train): 3.43 | Best fitness in generation (Train): -6.05 | Mean fitness (Train): -12.45 | Mean fitness (Test): -13.53
Generation 360 | Best fitness (Train): 3.43 | Best fitness in generation (Train): -5.09 | Mean fitness (Train): -20.39 | Mean fitness (Test): -11.94
Generation 370 | Best fitness (Train): 3.43 | Best fitness in generation (Train): -8.00 | Mean fitness (Train): -20.72 | Mean fitness (Test): -10.05
Generation 380 | Best fitness (Train): 3.43 | Best fitness in generation (Train): -6.59 | Mean fitness (Train): -10.83 | Mean fitness (Test): -9.96
Generation 390 | Best fitness (Train): 3.43 | Best fitness in generation (Train): -8.60 | Mean fitness (Train): -36.26 | Mean fitness (Test): -30.40
Generation 400 | Best fitness (Train): 3.43 | Best fitness in generation (Train): -4.99 | Mean fitness (Train): -18.75 | Mean fitness (Test): -8.38
Generation 410 | Best fitness (Train): 3.43 | Best fitness in generation (Train): -5.51 | Mean fitness (Train): -21.64 | Mean fitness (Test): -8.59
Generation 420 | Best fitness (Train): 3.43 | Best fitness in generation (Train): -6.71 | Mean fitness (Train): -30.72 | Mean fitness (Test): -15.22
Generation 430 | Best fitness (Train): 3.43 | Best fitness in generation (Train): -7.99 | Mean fitness (Train): -12.61 | Mean fitness (Test): -11.65
Generation 440 | Best fitness (Train): 3.43 | Best fitness in generation (Train): -6.22 | Mean fitness (Train): -14.44 | Mean fitness (Test): -9.77
Generation 450 | Best fitness (Train): 3.43 | Best fitness in generation (Train): -5.33 | Mean fitness (Train): -11.44 | Mean fitness (Test): -11.26
Generation 460 | Best fitness (Train): 3.43 | Best fitness in generation (Train): -3.83 | Mean fitness (Train): -34.47 | Mean fitness (Test): -34.56
Generation 470 | Best fitness (Train): 3.43 | Best fitness in generation (Train): -9.55 | Mean fitness (Train): -32.78 | Mean fitness (Test): -14.20
Generation 480 | Best fitness (Train): 3.43 | Best fitness in generation (Train): -7.05 | Mean fitness (Train): -16.29 | Mean fitness (Test): -12.08
Generation 490 | Best fitness (Train): 3.43 | Best fitness in generation (Train): -5.73 | Mean fitness (Train): -13.50 | Mean fitness (Test): -13.12
Generation 500 | Best fitness (Train): 3.43 | Best fitness in generation (Train): -3.66 | Mean fitness (Train): -9.78 | Mean fitness (Test): -8.99
Generation 510 | Best fitness (Train): 3.43 | Best fitness in generation (Train): -5.01 | Mean fitness (Train): -11.47 | Mean fitness (Test): -12.43
Generation 520 | Best fitness (Train): 3.43 | Best fitness in generation (Train): -7.07 | Mean fitness (Train): -14.67 | Mean fitness (Test): -11.29
Generation 530 | Best fitness (Train): 3.43 | Best fitness in generation (Train): -5.18 | Mean fitness (Train): -22.62 | Mean fitness (Test): -21.97
Generation 540 | Best fitness (Train): 3.43 | Best fitness in generation (Train): -7.76 | Mean fitness (Train): -25.05 | Mean fitness (Test): -15.22
Generation 550 | Best fitness (Train): 3.43 | Best fitness in generation (Train): -9.42 | Mean fitness (Train): -36.25 | Mean fitness (Test): -36.43
Generation 560 | Best fitness (Train): 3.43 | Best fitness in generation (Train): -5.98 | Mean fitness (Train): -12.45 | Mean fitness (Test): -11.44
Generation 570 | Best fitness (Train): 3.43 | Best fitness in generation (Train): -6.92 | Mean fitness (Train): -9.75 | Mean fitness (Test): -11.66
Generation 580 | Best fitness (Train): 3.43 | Best fitness in generation (Train): -8.76 | Mean fitness (Train): -23.96 | Mean fitness (Test): -13.26
Generation 590 | Best fitness (Train): 3.43 | Best fitness in generation (Train): -6.03 | Mean fitness (Train): -25.23 | Mean fitness (Test): -42.06
Generation 600 | Best fitness (Train): 3.43 | Best fitness in generation (Train): -4.53 | Mean fitness (Train): -15.26 | Mean fitness (Test): -8.66
Generation 610 | Best fitness (Train): 3.43 | Best fitness in generation (Train): -6.93 | Mean fitness (Train): -33.93 | Mean fitness (Test): -15.07
Generation 620 | Best fitness (Train): 3.43 | Best fitness in generation (Train): -3.92 | Mean fitness (Train): -11.16 | Mean fitness (Test): -7.69
Generation 630 | Best fitness (Train): 3.43 | Best fitness in generation (Train): -5.84 | Mean fitness (Train): -17.49 | Mean fitness (Test): -14.20
Generation 640 | Best fitness (Train): 3.43 | Best fitness in generation (Train): -6.70 | Mean fitness (Train): -10.05 | Mean fitness (Test): -8.63
Generation 650 | Best fitness (Train): 3.43 | Best fitness in generation (Train): -6.72 | Mean fitness (Train): -13.74 | Mean fitness (Test): -11.76
Generation 660 | Best fitness (Train): 3.43 | Best fitness in generation (Train): -4.21 | Mean fitness (Train): -16.93 | Mean fitness (Test): -7.13
Generation 670 | Best fitness (Train): 3.43 | Best fitness in generation (Train): -6.23 | Mean fitness (Train): -23.26 | Mean fitness (Test): -9.41
Generation 680 | Best fitness (Train): 3.43 | Best fitness in generation (Train): -4.90 | Mean fitness (Train): -13.23 | Mean fitness (Test): -9.83
Generation 690 | Best fitness (Train): 3.43 | Best fitness in generation (Train): -4.25 | Mean fitness (Train): -10.92 | Mean fitness (Test): -7.83
Generation 700 | Best fitness (Train): 3.43 | Best fitness in generation (Train): -8.94 | Mean fitness (Train): -13.65 | Mean fitness (Test): -11.01
Generation 710 | Best fitness (Train): 3.43 | Best fitness in generation (Train): -4.81 | Mean fitness (Train): -15.92 | Mean fitness (Test): -13.84
Generation 720 | Best fitness (Train): 3.43 | Best fitness in generation (Train): -4.80 | Mean fitness (Train): -32.00 | Mean fitness (Test): -9.16
Generation 730 | Best fitness (Train): 3.43 | Best fitness in generation (Train): -7.22 | Mean fitness (Train): -13.86 | Mean fitness (Test): -10.95
Generation 740 | Best fitness (Train): 3.43 | Best fitness in generation (Train): -6.28 | Mean fitness (Train): -38.30 | Mean fitness (Test): -53.36
Generation 750 | Best fitness (Train): 3.43 | Best fitness in generation (Train): -3.91 | Mean fitness (Train): -9.49 | Mean fitness (Test): -8.60
Generation 760 | Best fitness (Train): 3.43 | Best fitness in generation (Train): -5.14 | Mean fitness (Train): -28.76 | Mean fitness (Test): -9.55
Generation 770 | Best fitness (Train): 3.43 | Best fitness in generation (Train): -7.35 | Mean fitness (Train): -27.06 | Mean fitness (Test): -22.02
Generation 780 | Best fitness (Train): 3.43 | Best fitness in generation (Train): -6.14 | Mean fitness (Train): -15.97 | Mean fitness (Test): -11.46
Generation 790 | Best fitness (Train): 3.43 | Best fitness in generation (Train): -6.68 | Mean fitness (Train): -12.99 | Mean fitness (Test): -15.51
Generation 800 | Best fitness (Train): 3.43 | Best fitness in generation (Train): -5.42 | Mean fitness (Train): -9.06 | Mean fitness (Test): -7.61
Generation 810 | Best fitness (Train): 3.43 | Best fitness in generation (Train): -6.74 | Mean fitness (Train): -31.91 | Mean fitness (Test): -14.09
Generation 820 | Best fitness (Train): 3.43 | Best fitness in generation (Train): -6.46 | Mean fitness (Train): -30.44 | Mean fitness (Test): -14.05
Generation 830 | Best fitness (Train): 3.43 | Best fitness in generation (Train): -7.46 | Mean fitness (Train): -27.02 | Mean fitness (Test): -13.13
Generation 840 | Best fitness (Train): 3.43 | Best fitness in generation (Train): -5.87 | Mean fitness (Train): -12.94 | Mean fitness (Test): -8.06
Generation 850 | Best fitness (Train): 3.43 | Best fitness in generation (Train): -5.89 | Mean fitness (Train): -15.52 | Mean fitness (Test): -8.87
Generation 860 | Best fitness (Train): 3.43 | Best fitness in generation (Train): -5.43 | Mean fitness (Train): -8.98 | Mean fitness (Test): -9.42
Generation 870 | Best fitness (Train): 3.43 | Best fitness in generation (Train): -1.23 | Mean fitness (Train): -25.12 | Mean fitness (Test): -50.31
Generation 880 | Best fitness (Train): 3.43 | Best fitness in generation (Train): -7.01 | Mean fitness (Train): -33.11 | Mean fitness (Test): -8.47
Generation 890 | Best fitness (Train): 3.43 | Best fitness in generation (Train): -6.48 | Mean fitness (Train): -19.22 | Mean fitness (Test): -39.62
Generation 900 | Best fitness (Train): 3.43 | Best fitness in generation (Train): -4.78 | Mean fitness (Train): -19.73 | Mean fitness (Test): -11.30
Generation 910 | Best fitness (Train): 3.43 | Best fitness in generation (Train): -5.50 | Mean fitness (Train): -15.18 | Mean fitness (Test): -11.22
Generation 920 | Best fitness (Train): 3.43 | Best fitness in generation (Train): -3.75 | Mean fitness (Train): -23.03 | Mean fitness (Test): -22.69
Generation 930 | Best fitness (Train): 3.43 | Best fitness in generation (Train): -5.31 | Mean fitness (Train): -11.51 | Mean fitness (Test): -10.59
Generation 940 | Best fitness (Train): 3.43 | Best fitness in generation (Train): -7.45 | Mean fitness (Train): -28.28 | Mean fitness (Test): -11.28
Generation 950 | Best fitness (Train): 3.43 | Best fitness in generation (Train): -4.99 | Mean fitness (Train): -13.86 | Mean fitness (Test): -16.33
Generation 960 | Best fitness (Train): 3.43 | Best fitness in generation (Train): -5.89 | Mean fitness (Train): -12.28 | Mean fitness (Test): -6.39
Generation 970 | Best fitness (Train): 3.43 | Best fitness in generation (Train): -8.33 | Mean fitness (Train): -16.96 | Mean fitness (Test): -9.40
Generation 980 | Best fitness (Train): 3.43 | Best fitness in generation (Train): -6.44 | Mean fitness (Train): -24.49 | Mean fitness (Test): -8.44
Generation 990 | Best fitness (Train): 3.43 | Best fitness in generation (Train): -7.10 | Mean fitness (Train): -19.95 | Mean fitness (Test): -8.28
Generation 1000 | Best fitness (Train): 3.43 | Best fitness in generation (Train): -5.06 | Mean fitness (Train): -11.34 | Mean fitness (Test): -9.23
running the experiment ... [../../results/BraxProblem/ant/Open_ES/2]
Generation 010 | Best fitness (Train): -3.59 | Best fitness in generation (Train): -10.16 | Mean fitness (Train): -63.02 | Mean fitness (Test): -15.50
Generation 020 | Best fitness (Train): -3.59 | Best fitness in generation (Train): -6.66 | Mean fitness (Train): -48.99 | Mean fitness (Test): -54.42
Generation 030 | Best fitness (Train): -3.59 | Best fitness in generation (Train): -7.35 | Mean fitness (Train): -58.06 | Mean fitness (Test): -9.92
Generation 040 | Best fitness (Train): -2.57 | Best fitness in generation (Train): -5.52 | Mean fitness (Train): -47.15 | Mean fitness (Test): -35.36
Generation 050 | Best fitness (Train): -2.57 | Best fitness in generation (Train): -6.68 | Mean fitness (Train): -50.24 | Mean fitness (Test): -14.80
Generation 060 | Best fitness (Train): -2.57 | Best fitness in generation (Train): -7.76 | Mean fitness (Train): -46.17 | Mean fitness (Test): -20.52
Generation 070 | Best fitness (Train): -0.96 | Best fitness in generation (Train): -7.36 | Mean fitness (Train): -44.92 | Mean fitness (Test): -29.68
Generation 080 | Best fitness (Train): -0.96 | Best fitness in generation (Train): -5.48 | Mean fitness (Train): -53.36 | Mean fitness (Test): -19.93
Generation 090 | Best fitness (Train): -0.96 | Best fitness in generation (Train): -5.89 | Mean fitness (Train): -56.22 | Mean fitness (Test): -29.95
Generation 100 | Best fitness (Train): -0.96 | Best fitness in generation (Train): -7.86 | Mean fitness (Train): -44.74 | Mean fitness (Test): -8.95
Generation 110 | Best fitness (Train): -0.96 | Best fitness in generation (Train): -3.75 | Mean fitness (Train): -50.64 | Mean fitness (Test): -50.93
Generation 120 | Best fitness (Train): -0.96 | Best fitness in generation (Train): -7.50 | Mean fitness (Train): -48.35 | Mean fitness (Test): -7.52
Generation 130 | Best fitness (Train): -0.96 | Best fitness in generation (Train): -5.93 | Mean fitness (Train): -48.53 | Mean fitness (Test): -79.04
Generation 140 | Best fitness (Train): -0.96 | Best fitness in generation (Train): -7.84 | Mean fitness (Train): -48.46 | Mean fitness (Test): -73.96
Generation 150 | Best fitness (Train): -0.96 | Best fitness in generation (Train): -6.02 | Mean fitness (Train): -49.30 | Mean fitness (Test): -11.12
Generation 160 | Best fitness (Train): -0.96 | Best fitness in generation (Train): -7.94 | Mean fitness (Train): -51.65 | Mean fitness (Test): -41.65
Generation 170 | Best fitness (Train): -0.96 | Best fitness in generation (Train): -2.43 | Mean fitness (Train): -52.32 | Mean fitness (Test): -28.02
Generation 180 | Best fitness (Train): -0.96 | Best fitness in generation (Train): -7.87 | Mean fitness (Train): -55.21 | Mean fitness (Test): -51.67
Generation 190 | Best fitness (Train): -0.96 | Best fitness in generation (Train): -6.24 | Mean fitness (Train): -49.74 | Mean fitness (Test): -35.77
Generation 200 | Best fitness (Train): -0.96 | Best fitness in generation (Train): -3.85 | Mean fitness (Train): -45.66 | Mean fitness (Test): -21.05
Generation 210 | Best fitness (Train): -0.96 | Best fitness in generation (Train): -9.28 | Mean fitness (Train): -46.41 | Mean fitness (Test): -24.43
Generation 220 | Best fitness (Train): -0.96 | Best fitness in generation (Train): -7.24 | Mean fitness (Train): -51.09 | Mean fitness (Test): -31.70
Generation 230 | Best fitness (Train): -0.96 | Best fitness in generation (Train): -4.29 | Mean fitness (Train): -40.30 | Mean fitness (Test): -11.25
Generation 240 | Best fitness (Train): -0.96 | Best fitness in generation (Train): -6.68 | Mean fitness (Train): -50.35 | Mean fitness (Test): -21.47
Generation 250 | Best fitness (Train): -0.96 | Best fitness in generation (Train): -7.22 | Mean fitness (Train): -38.66 | Mean fitness (Test): -10.23
Generation 260 | Best fitness (Train): -0.96 | Best fitness in generation (Train): -8.54 | Mean fitness (Train): -47.23 | Mean fitness (Test): -14.16
Generation 270 | Best fitness (Train): -0.96 | Best fitness in generation (Train): -8.64 | Mean fitness (Train): -46.07 | Mean fitness (Test): -16.13
Generation 280 | Best fitness (Train): -0.96 | Best fitness in generation (Train): -6.38 | Mean fitness (Train): -45.23 | Mean fitness (Test): -60.72
Generation 290 | Best fitness (Train): -0.96 | Best fitness in generation (Train): -5.43 | Mean fitness (Train): -42.51 | Mean fitness (Test): -9.74
Generation 300 | Best fitness (Train): -0.96 | Best fitness in generation (Train): -6.48 | Mean fitness (Train): -37.75 | Mean fitness (Test): -77.11
Generation 310 | Best fitness (Train): -0.96 | Best fitness in generation (Train): -6.20 | Mean fitness (Train): -31.72 | Mean fitness (Test): -11.79
Generation 320 | Best fitness (Train): -0.96 | Best fitness in generation (Train): -7.18 | Mean fitness (Train): -36.19 | Mean fitness (Test): -35.14
Generation 330 | Best fitness (Train): -0.96 | Best fitness in generation (Train): -8.06 | Mean fitness (Train): -35.19 | Mean fitness (Test): -12.45
Generation 340 | Best fitness (Train): -0.96 | Best fitness in generation (Train): -8.59 | Mean fitness (Train): -27.66 | Mean fitness (Test): -10.85
Generation 350 | Best fitness (Train): -0.96 | Best fitness in generation (Train): -8.20 | Mean fitness (Train): -31.44 | Mean fitness (Test): -27.17
Generation 360 | Best fitness (Train): -0.96 | Best fitness in generation (Train): -6.09 | Mean fitness (Train): -23.41 | Mean fitness (Test): -9.37
Generation 370 | Best fitness (Train): -0.96 | Best fitness in generation (Train): -6.28 | Mean fitness (Train): -40.74 | Mean fitness (Test): -31.80
Generation 380 | Best fitness (Train): -0.96 | Best fitness in generation (Train): -4.35 | Mean fitness (Train): -19.86 | Mean fitness (Test): -16.05
Generation 390 | Best fitness (Train): -0.96 | Best fitness in generation (Train): -4.55 | Mean fitness (Train): -24.77 | Mean fitness (Test): -36.44
Generation 400 | Best fitness (Train): -0.96 | Best fitness in generation (Train): -8.46 | Mean fitness (Train): -32.45 | Mean fitness (Test): -32.85
Generation 410 | Best fitness (Train): -0.96 | Best fitness in generation (Train): -9.46 | Mean fitness (Train): -33.78 | Mean fitness (Test): -45.81
Generation 420 | Best fitness (Train): -0.96 | Best fitness in generation (Train): -5.63 | Mean fitness (Train): -14.34 | Mean fitness (Test): -8.75
Generation 430 | Best fitness (Train): -0.96 | Best fitness in generation (Train): -6.39 | Mean fitness (Train): -18.18 | Mean fitness (Test): -15.49
Generation 440 | Best fitness (Train): -0.96 | Best fitness in generation (Train): -6.75 | Mean fitness (Train): -25.95 | Mean fitness (Test): -14.69
Generation 450 | Best fitness (Train): -0.96 | Best fitness in generation (Train): -3.65 | Mean fitness (Train): -23.85 | Mean fitness (Test): -18.81
Generation 460 | Best fitness (Train): -0.96 | Best fitness in generation (Train): -8.94 | Mean fitness (Train): -19.88 | Mean fitness (Test): -13.43
Generation 470 | Best fitness (Train): -0.96 | Best fitness in generation (Train): -3.08 | Mean fitness (Train): -30.84 | Mean fitness (Test): -16.05
Generation 480 | Best fitness (Train): -0.96 | Best fitness in generation (Train): -6.77 | Mean fitness (Train): -21.43 | Mean fitness (Test): -11.04
Generation 490 | Best fitness (Train): -0.96 | Best fitness in generation (Train): -5.40 | Mean fitness (Train): -23.97 | Mean fitness (Test): -15.51
Generation 500 | Best fitness (Train): -0.96 | Best fitness in generation (Train): -4.83 | Mean fitness (Train): -15.76 | Mean fitness (Test): -13.11
Generation 510 | Best fitness (Train): -0.96 | Best fitness in generation (Train): -7.76 | Mean fitness (Train): -17.01 | Mean fitness (Test): -12.97
Generation 520 | Best fitness (Train): -0.96 | Best fitness in generation (Train): -7.29 | Mean fitness (Train): -17.13 | Mean fitness (Test): -14.34
Generation 530 | Best fitness (Train): -0.96 | Best fitness in generation (Train): -6.33 | Mean fitness (Train): -26.19 | Mean fitness (Test): -25.98
Generation 540 | Best fitness (Train): -0.96 | Best fitness in generation (Train): -7.31 | Mean fitness (Train): -13.27 | Mean fitness (Test): -13.69
Generation 550 | Best fitness (Train): -0.96 | Best fitness in generation (Train): -8.61 | Mean fitness (Train): -19.59 | Mean fitness (Test): -10.90
Generation 560 | Best fitness (Train): -0.96 | Best fitness in generation (Train): -8.37 | Mean fitness (Train): -30.71 | Mean fitness (Test): -16.35
Generation 570 | Best fitness (Train): -0.96 | Best fitness in generation (Train): -6.25 | Mean fitness (Train): -30.00 | Mean fitness (Test): -79.18
Generation 580 | Best fitness (Train): -0.96 | Best fitness in generation (Train): -5.49 | Mean fitness (Train): -32.68 | Mean fitness (Test): -16.71
Generation 590 | Best fitness (Train): -0.96 | Best fitness in generation (Train): -8.16 | Mean fitness (Train): -32.44 | Mean fitness (Test): -41.44
Generation 600 | Best fitness (Train): -0.96 | Best fitness in generation (Train): -5.69 | Mean fitness (Train): -15.92 | Mean fitness (Test): -15.63
Generation 610 | Best fitness (Train): -0.96 | Best fitness in generation (Train): -7.60 | Mean fitness (Train): -12.04 | Mean fitness (Test): -11.61
Generation 620 | Best fitness (Train): -0.96 | Best fitness in generation (Train): -9.28 | Mean fitness (Train): -37.30 | Mean fitness (Test): -97.14
Generation 630 | Best fitness (Train): -0.96 | Best fitness in generation (Train): -7.95 | Mean fitness (Train): -25.17 | Mean fitness (Test): -24.70
Generation 640 | Best fitness (Train): -0.96 | Best fitness in generation (Train): -6.73 | Mean fitness (Train): -23.69 | Mean fitness (Test): -11.62
Generation 650 | Best fitness (Train): -0.96 | Best fitness in generation (Train): -6.76 | Mean fitness (Train): -22.64 | Mean fitness (Test): -10.71
Generation 660 | Best fitness (Train): -0.96 | Best fitness in generation (Train): -5.88 | Mean fitness (Train): -34.49 | Mean fitness (Test): -32.06
Generation 670 | Best fitness (Train): -0.96 | Best fitness in generation (Train): -6.12 | Mean fitness (Train): -29.71 | Mean fitness (Test): -11.82
Generation 680 | Best fitness (Train): -0.96 | Best fitness in generation (Train): -5.49 | Mean fitness (Train): -36.54 | Mean fitness (Test): -10.08
Generation 690 | Best fitness (Train): -0.96 | Best fitness in generation (Train): -4.79 | Mean fitness (Train): -14.93 | Mean fitness (Test): -10.15
Generation 700 | Best fitness (Train): -0.96 | Best fitness in generation (Train): -6.12 | Mean fitness (Train): -25.92 | Mean fitness (Test): -48.97
Generation 710 | Best fitness (Train): -0.96 | Best fitness in generation (Train): -6.22 | Mean fitness (Train): -31.17 | Mean fitness (Test): -29.05
Generation 720 | Best fitness (Train): -0.96 | Best fitness in generation (Train): -6.11 | Mean fitness (Train): -13.72 | Mean fitness (Test): -14.72
Generation 730 | Best fitness (Train): -0.96 | Best fitness in generation (Train): -6.89 | Mean fitness (Train): -22.84 | Mean fitness (Test): -11.52
Generation 740 | Best fitness (Train): -0.96 | Best fitness in generation (Train): -5.75 | Mean fitness (Train): -19.89 | Mean fitness (Test): -12.90
Generation 750 | Best fitness (Train): -0.96 | Best fitness in generation (Train): -4.00 | Mean fitness (Train): -22.79 | Mean fitness (Test): -9.24
Generation 760 | Best fitness (Train): -0.96 | Best fitness in generation (Train): -5.76 | Mean fitness (Train): -23.08 | Mean fitness (Test): -14.54
Generation 770 | Best fitness (Train): -0.96 | Best fitness in generation (Train): -5.51 | Mean fitness (Train): -9.67 | Mean fitness (Test): -8.31
Generation 780 | Best fitness (Train): -0.96 | Best fitness in generation (Train): -5.58 | Mean fitness (Train): -19.77 | Mean fitness (Test): -14.45
Generation 790 | Best fitness (Train): -0.96 | Best fitness in generation (Train): -5.31 | Mean fitness (Train): -15.36 | Mean fitness (Test): -8.75
Generation 800 | Best fitness (Train): -0.96 | Best fitness in generation (Train): -5.24 | Mean fitness (Train): -25.41 | Mean fitness (Test): -22.78
Generation 810 | Best fitness (Train): -0.96 | Best fitness in generation (Train): -4.16 | Mean fitness (Train): -10.79 | Mean fitness (Test): -10.14
Generation 820 | Best fitness (Train): -0.96 | Best fitness in generation (Train): -5.10 | Mean fitness (Train): -19.90 | Mean fitness (Test): -16.56
Generation 830 | Best fitness (Train): -0.96 | Best fitness in generation (Train): -5.80 | Mean fitness (Train): -16.02 | Mean fitness (Test): -14.56
Generation 840 | Best fitness (Train): -0.96 | Best fitness in generation (Train): -5.57 | Mean fitness (Train): -10.17 | Mean fitness (Test): -6.01
Generation 850 | Best fitness (Train): -0.96 | Best fitness in generation (Train): -7.02 | Mean fitness (Train): -13.81 | Mean fitness (Test): -12.48
Generation 860 | Best fitness (Train): -0.96 | Best fitness in generation (Train): -7.09 | Mean fitness (Train): -25.40 | Mean fitness (Test): -25.25
Generation 870 | Best fitness (Train): -0.96 | Best fitness in generation (Train): -6.44 | Mean fitness (Train): -10.81 | Mean fitness (Test): -9.00
Generation 880 | Best fitness (Train): -0.96 | Best fitness in generation (Train): -5.44 | Mean fitness (Train): -15.51 | Mean fitness (Test): -16.79
Generation 890 | Best fitness (Train): -0.96 | Best fitness in generation (Train): -7.55 | Mean fitness (Train): -24.36 | Mean fitness (Test): -22.11
Generation 900 | Best fitness (Train): -0.96 | Best fitness in generation (Train): -6.61 | Mean fitness (Train): -29.69 | Mean fitness (Test): -8.90
Generation 910 | Best fitness (Train): -0.96 | Best fitness in generation (Train): -4.47 | Mean fitness (Train): -45.87 | Mean fitness (Test): -54.02
Generation 920 | Best fitness (Train): -0.96 | Best fitness in generation (Train): -4.44 | Mean fitness (Train): -10.17 | Mean fitness (Test): -12.17
Generation 930 | Best fitness (Train): -0.96 | Best fitness in generation (Train): -6.76 | Mean fitness (Train): -38.26 | Mean fitness (Test): -18.19
Generation 940 | Best fitness (Train): -0.96 | Best fitness in generation (Train): -5.37 | Mean fitness (Train): -11.73 | Mean fitness (Test): -6.88
Generation 950 | Best fitness (Train): -0.96 | Best fitness in generation (Train): -8.13 | Mean fitness (Train): -33.29 | Mean fitness (Test): -41.50
Generation 960 | Best fitness (Train): -0.96 | Best fitness in generation (Train): -5.85 | Mean fitness (Train): -11.99 | Mean fitness (Test): -69.15
Generation 970 | Best fitness (Train): -0.96 | Best fitness in generation (Train): -5.74 | Mean fitness (Train): -31.27 | Mean fitness (Test): -36.11
Generation 980 | Best fitness (Train): -0.96 | Best fitness in generation (Train): -5.80 | Mean fitness (Train): -27.58 | Mean fitness (Test): -50.76
Generation 990 | Best fitness (Train): -0.96 | Best fitness in generation (Train): -7.02 | Mean fitness (Train): -37.03 | Mean fitness (Test): -42.44
Generation 1000 | Best fitness (Train): -0.96 | Best fitness in generation (Train): -4.40 | Mean fitness (Train): -17.14 | Mean fitness (Test): -13.11
running the experiment ... [../../results/BraxProblem/ant/Open_ES/3]
Generation 010 | Best fitness (Train): -4.71 | Best fitness in generation (Train): -8.61 | Mean fitness (Train): -52.34 | Mean fitness (Test): -75.11
Generation 020 | Best fitness (Train): -3.23 | Best fitness in generation (Train): -7.08 | Mean fitness (Train): -51.11 | Mean fitness (Test): -26.44
Generation 030 | Best fitness (Train): -3.23 | Best fitness in generation (Train): -9.86 | Mean fitness (Train): -64.40 | Mean fitness (Test): -21.43
Generation 040 | Best fitness (Train): -2.78 | Best fitness in generation (Train): -8.48 | Mean fitness (Train): -56.84 | Mean fitness (Test): -26.96
Generation 050 | Best fitness (Train): -2.78 | Best fitness in generation (Train): -4.08 | Mean fitness (Train): -58.25 | Mean fitness (Test): -56.83
Generation 060 | Best fitness (Train): -2.78 | Best fitness in generation (Train): -5.86 | Mean fitness (Train): -42.63 | Mean fitness (Test): -43.35
Generation 070 | Best fitness (Train): -1.17 | Best fitness in generation (Train): -5.09 | Mean fitness (Train): -44.90 | Mean fitness (Test): -7.35
Generation 080 | Best fitness (Train): -1.17 | Best fitness in generation (Train): -10.05 | Mean fitness (Train): -50.83 | Mean fitness (Test): -21.83
Generation 090 | Best fitness (Train): -1.17 | Best fitness in generation (Train): -3.17 | Mean fitness (Train): -49.20 | Mean fitness (Test): -22.86
Generation 100 | Best fitness (Train): -1.17 | Best fitness in generation (Train): -7.10 | Mean fitness (Train): -45.42 | Mean fitness (Test): -9.06
Generation 110 | Best fitness (Train): -1.17 | Best fitness in generation (Train): -7.17 | Mean fitness (Train): -42.90 | Mean fitness (Test): -30.29
Generation 120 | Best fitness (Train): -1.17 | Best fitness in generation (Train): -6.81 | Mean fitness (Train): -49.25 | Mean fitness (Test): -108.90
Generation 130 | Best fitness (Train): -1.17 | Best fitness in generation (Train): -6.52 | Mean fitness (Train): -53.45 | Mean fitness (Test): -33.89
Generation 140 | Best fitness (Train): -1.17 | Best fitness in generation (Train): -9.08 | Mean fitness (Train): -47.88 | Mean fitness (Test): -54.20
Generation 150 | Best fitness (Train): -1.17 | Best fitness in generation (Train): -5.50 | Mean fitness (Train): -49.06 | Mean fitness (Test): -21.63
Generation 160 | Best fitness (Train): -1.17 | Best fitness in generation (Train): -6.45 | Mean fitness (Train): -49.39 | Mean fitness (Test): -48.84
Generation 170 | Best fitness (Train): -1.17 | Best fitness in generation (Train): -9.48 | Mean fitness (Train): -53.50 | Mean fitness (Test): -65.48
Generation 180 | Best fitness (Train): -1.17 | Best fitness in generation (Train): -5.53 | Mean fitness (Train): -47.72 | Mean fitness (Test): -8.30
Generation 190 | Best fitness (Train): -1.17 | Best fitness in generation (Train): -8.66 | Mean fitness (Train): -50.11 | Mean fitness (Test): -141.62
Generation 200 | Best fitness (Train): -1.17 | Best fitness in generation (Train): -5.34 | Mean fitness (Train): -47.42 | Mean fitness (Test): -11.35
Generation 210 | Best fitness (Train): 3.36 | Best fitness in generation (Train): -7.86 | Mean fitness (Train): -46.48 | Mean fitness (Test): -8.01
Generation 220 | Best fitness (Train): 3.36 | Best fitness in generation (Train): -6.82 | Mean fitness (Train): -45.71 | Mean fitness (Test): -22.53
Generation 230 | Best fitness (Train): 3.36 | Best fitness in generation (Train): -6.37 | Mean fitness (Train): -36.45 | Mean fitness (Test): -6.76
Generation 240 | Best fitness (Train): 3.36 | Best fitness in generation (Train): -7.01 | Mean fitness (Train): -41.24 | Mean fitness (Test): -9.64
Generation 250 | Best fitness (Train): 3.36 | Best fitness in generation (Train): -8.71 | Mean fitness (Train): -40.76 | Mean fitness (Test): -11.99
Generation 260 | Best fitness (Train): 3.36 | Best fitness in generation (Train): -9.16 | Mean fitness (Train): -51.47 | Mean fitness (Test): -13.47
Generation 270 | Best fitness (Train): 3.36 | Best fitness in generation (Train): -5.14 | Mean fitness (Train): -35.85 | Mean fitness (Test): -13.12
Generation 280 | Best fitness (Train): 3.36 | Best fitness in generation (Train): -7.67 | Mean fitness (Train): -41.22 | Mean fitness (Test): -10.80
Generation 290 | Best fitness (Train): 3.36 | Best fitness in generation (Train): -6.74 | Mean fitness (Train): -49.17 | Mean fitness (Test): -22.28
Generation 300 | Best fitness (Train): 3.36 | Best fitness in generation (Train): -6.99 | Mean fitness (Train): -40.27 | Mean fitness (Test): -43.00
Generation 310 | Best fitness (Train): 3.36 | Best fitness in generation (Train): -6.43 | Mean fitness (Train): -24.27 | Mean fitness (Test): -14.61
Generation 320 | Best fitness (Train): 3.36 | Best fitness in generation (Train): -5.94 | Mean fitness (Train): -17.75 | Mean fitness (Test): -8.12
Generation 330 | Best fitness (Train): 3.36 | Best fitness in generation (Train): -8.85 | Mean fitness (Train): -40.83 | Mean fitness (Test): -27.07
Generation 340 | Best fitness (Train): 3.36 | Best fitness in generation (Train): -5.96 | Mean fitness (Train): -18.40 | Mean fitness (Test): -10.74
Generation 350 | Best fitness (Train): 3.36 | Best fitness in generation (Train): -6.65 | Mean fitness (Train): -22.24 | Mean fitness (Test): -29.74
Generation 360 | Best fitness (Train): 3.36 | Best fitness in generation (Train): -5.25 | Mean fitness (Train): -23.02 | Mean fitness (Test): -9.08
Generation 370 | Best fitness (Train): 3.36 | Best fitness in generation (Train): -6.09 | Mean fitness (Train): -27.92 | Mean fitness (Test): -11.16
Generation 380 | Best fitness (Train): 3.36 | Best fitness in generation (Train): -7.30 | Mean fitness (Train): -33.29 | Mean fitness (Test): -15.16
Generation 390 | Best fitness (Train): 3.36 | Best fitness in generation (Train): -3.74 | Mean fitness (Train): -8.00 | Mean fitness (Test): -6.93
Generation 400 | Best fitness (Train): 3.36 | Best fitness in generation (Train): -6.06 | Mean fitness (Train): -9.75 | Mean fitness (Test): -10.24
Generation 410 | Best fitness (Train): 3.36 | Best fitness in generation (Train): -4.41 | Mean fitness (Train): -17.97 | Mean fitness (Test): -8.88
Generation 420 | Best fitness (Train): 3.36 | Best fitness in generation (Train): -6.98 | Mean fitness (Train): -15.18 | Mean fitness (Test): -11.43
Generation 430 | Best fitness (Train): 3.36 | Best fitness in generation (Train): -5.82 | Mean fitness (Train): -13.03 | Mean fitness (Test): -18.54
Generation 440 | Best fitness (Train): 3.36 | Best fitness in generation (Train): -6.55 | Mean fitness (Train): -28.62 | Mean fitness (Test): -26.51
Generation 450 | Best fitness (Train): 3.36 | Best fitness in generation (Train): -6.60 | Mean fitness (Train): -20.81 | Mean fitness (Test): -12.01
Generation 460 | Best fitness (Train): 3.36 | Best fitness in generation (Train): -6.47 | Mean fitness (Train): -26.47 | Mean fitness (Test): -14.33
Generation 470 | Best fitness (Train): 3.36 | Best fitness in generation (Train): -8.45 | Mean fitness (Train): -31.07 | Mean fitness (Test): -33.81
Generation 480 | Best fitness (Train): 3.36 | Best fitness in generation (Train): -7.11 | Mean fitness (Train): -44.01 | Mean fitness (Test): -50.44
Generation 490 | Best fitness (Train): 3.36 | Best fitness in generation (Train): -6.27 | Mean fitness (Train): -16.27 | Mean fitness (Test): -12.29
Generation 500 | Best fitness (Train): 3.36 | Best fitness in generation (Train): -5.62 | Mean fitness (Train): -19.70 | Mean fitness (Test): -14.98
Generation 510 | Best fitness (Train): 3.36 | Best fitness in generation (Train): -5.78 | Mean fitness (Train): -23.39 | Mean fitness (Test): -24.80
Generation 520 | Best fitness (Train): 3.36 | Best fitness in generation (Train): -6.15 | Mean fitness (Train): -13.84 | Mean fitness (Test): -12.17
Generation 530 | Best fitness (Train): 3.36 | Best fitness in generation (Train): -9.43 | Mean fitness (Train): -47.66 | Mean fitness (Test): -45.70
Generation 540 | Best fitness (Train): 3.36 | Best fitness in generation (Train): -7.48 | Mean fitness (Train): -23.29 | Mean fitness (Test): -10.34
Generation 550 | Best fitness (Train): 3.36 | Best fitness in generation (Train): -6.64 | Mean fitness (Train): -14.60 | Mean fitness (Test): -13.64
Generation 560 | Best fitness (Train): 3.36 | Best fitness in generation (Train): -6.08 | Mean fitness (Train): -25.73 | Mean fitness (Test): -10.67
Generation 570 | Best fitness (Train): 3.36 | Best fitness in generation (Train): -5.76 | Mean fitness (Train): -12.56 | Mean fitness (Test): -12.57
Generation 580 | Best fitness (Train): 3.36 | Best fitness in generation (Train): -5.53 | Mean fitness (Train): -12.75 | Mean fitness (Test): -13.75
Generation 590 | Best fitness (Train): 3.36 | Best fitness in generation (Train): -6.16 | Mean fitness (Train): -19.39 | Mean fitness (Test): -11.21
Generation 600 | Best fitness (Train): 3.36 | Best fitness in generation (Train): -8.17 | Mean fitness (Train): -12.09 | Mean fitness (Test): -10.39
Generation 610 | Best fitness (Train): 3.36 | Best fitness in generation (Train): -6.56 | Mean fitness (Train): -11.72 | Mean fitness (Test): -9.90
Generation 620 | Best fitness (Train): 3.36 | Best fitness in generation (Train): -7.49 | Mean fitness (Train): -49.24 | Mean fitness (Test): -33.08
Generation 630 | Best fitness (Train): 3.36 | Best fitness in generation (Train): -6.04 | Mean fitness (Train): -17.88 | Mean fitness (Test): -16.65
Generation 640 | Best fitness (Train): 3.36 | Best fitness in generation (Train): -6.23 | Mean fitness (Train): -9.44 | Mean fitness (Test): -7.52
Generation 650 | Best fitness (Train): 3.36 | Best fitness in generation (Train): -5.02 | Mean fitness (Train): -36.59 | Mean fitness (Test): -19.52
Generation 660 | Best fitness (Train): 3.36 | Best fitness in generation (Train): -6.26 | Mean fitness (Train): -41.96 | Mean fitness (Test): -89.67
Generation 670 | Best fitness (Train): 3.36 | Best fitness in generation (Train): -6.32 | Mean fitness (Train): -14.51 | Mean fitness (Test): -7.44
Generation 680 | Best fitness (Train): 3.36 | Best fitness in generation (Train): -6.28 | Mean fitness (Train): -22.43 | Mean fitness (Test): -15.62
Generation 690 | Best fitness (Train): 3.36 | Best fitness in generation (Train): -4.00 | Mean fitness (Train): -24.36 | Mean fitness (Test): -17.78
Generation 700 | Best fitness (Train): 3.36 | Best fitness in generation (Train): -7.37 | Mean fitness (Train): -22.15 | Mean fitness (Test): -10.84
Generation 710 | Best fitness (Train): 3.36 | Best fitness in generation (Train): -7.67 | Mean fitness (Train): -34.26 | Mean fitness (Test): -12.64
Generation 720 | Best fitness (Train): 3.36 | Best fitness in generation (Train): -5.89 | Mean fitness (Train): -9.71 | Mean fitness (Test): -7.36
Generation 730 | Best fitness (Train): 3.36 | Best fitness in generation (Train): -4.95 | Mean fitness (Train): -27.39 | Mean fitness (Test): -15.02
Generation 740 | Best fitness (Train): 3.36 | Best fitness in generation (Train): -5.28 | Mean fitness (Train): -16.31 | Mean fitness (Test): -10.96
Generation 750 | Best fitness (Train): 3.36 | Best fitness in generation (Train): -5.75 | Mean fitness (Train): -13.59 | Mean fitness (Test): -11.54
Generation 760 | Best fitness (Train): 3.36 | Best fitness in generation (Train): -8.03 | Mean fitness (Train): -41.79 | Mean fitness (Test): -16.10
Generation 770 | Best fitness (Train): 3.36 | Best fitness in generation (Train): -2.72 | Mean fitness (Train): -8.32 | Mean fitness (Test): -6.66
Generation 780 | Best fitness (Train): 3.36 | Best fitness in generation (Train): -6.35 | Mean fitness (Train): -16.47 | Mean fitness (Test): -9.30
Generation 790 | Best fitness (Train): 3.36 | Best fitness in generation (Train): -4.81 | Mean fitness (Train): -19.74 | Mean fitness (Test): -21.58
Generation 800 | Best fitness (Train): 3.36 | Best fitness in generation (Train): -8.67 | Mean fitness (Train): -12.65 | Mean fitness (Test): -10.06
Generation 810 | Best fitness (Train): 3.36 | Best fitness in generation (Train): -5.66 | Mean fitness (Train): -12.22 | Mean fitness (Test): -8.80
Generation 820 | Best fitness (Train): 3.36 | Best fitness in generation (Train): -5.61 | Mean fitness (Train): -17.09 | Mean fitness (Test): -7.89
Generation 830 | Best fitness (Train): 3.36 | Best fitness in generation (Train): -7.62 | Mean fitness (Train): -15.06 | Mean fitness (Test): -12.28
Generation 840 | Best fitness (Train): 3.36 | Best fitness in generation (Train): -3.01 | Mean fitness (Train): -30.52 | Mean fitness (Test): -12.42
Generation 850 | Best fitness (Train): 3.36 | Best fitness in generation (Train): -4.81 | Mean fitness (Train): -33.89 | Mean fitness (Test): -10.83
Generation 860 | Best fitness (Train): 3.36 | Best fitness in generation (Train): -6.67 | Mean fitness (Train): -18.87 | Mean fitness (Test): -11.22
Generation 870 | Best fitness (Train): 3.36 | Best fitness in generation (Train): -7.14 | Mean fitness (Train): -10.69 | Mean fitness (Test): -10.29
Generation 880 | Best fitness (Train): 3.36 | Best fitness in generation (Train): -6.40 | Mean fitness (Train): -17.03 | Mean fitness (Test): -10.75
Generation 890 | Best fitness (Train): 3.36 | Best fitness in generation (Train): -4.13 | Mean fitness (Train): -16.75 | Mean fitness (Test): -12.10
Generation 900 | Best fitness (Train): 3.36 | Best fitness in generation (Train): -4.63 | Mean fitness (Train): -18.74 | Mean fitness (Test): -16.82
Generation 910 | Best fitness (Train): 3.36 | Best fitness in generation (Train): -6.45 | Mean fitness (Train): -11.08 | Mean fitness (Test): -9.40
Generation 920 | Best fitness (Train): 3.36 | Best fitness in generation (Train): -5.56 | Mean fitness (Train): -45.92 | Mean fitness (Test): -73.67
Generation 930 | Best fitness (Train): 3.36 | Best fitness in generation (Train): -5.65 | Mean fitness (Train): -13.33 | Mean fitness (Test): -6.92
Generation 940 | Best fitness (Train): 3.36 | Best fitness in generation (Train): -4.72 | Mean fitness (Train): -13.10 | Mean fitness (Test): -11.98
Generation 950 | Best fitness (Train): 3.36 | Best fitness in generation (Train): -6.01 | Mean fitness (Train): -16.27 | Mean fitness (Test): -9.41
Generation 960 | Best fitness (Train): 3.36 | Best fitness in generation (Train): -5.90 | Mean fitness (Train): -13.18 | Mean fitness (Test): -11.19
Generation 970 | Best fitness (Train): 3.36 | Best fitness in generation (Train): -6.07 | Mean fitness (Train): -11.05 | Mean fitness (Test): -9.23
Generation 980 | Best fitness (Train): 3.36 | Best fitness in generation (Train): -5.80 | Mean fitness (Train): -13.78 | Mean fitness (Test): -12.04
Generation 990 | Best fitness (Train): 3.36 | Best fitness in generation (Train): -3.76 | Mean fitness (Train): -18.53 | Mean fitness (Test): -13.20
Generation 1000 | Best fitness (Train): 3.36 | Best fitness in generation (Train): -5.97 | Mean fitness (Train): -15.68 | Mean fitness (Test): -11.02
running the experiment ... [../../results/BraxProblem/ant/Open_ES/4]
Generation 010 | Best fitness (Train): -5.62 | Best fitness in generation (Train): -9.44 | Mean fitness (Train): -54.71 | Mean fitness (Test): -26.20
Generation 020 | Best fitness (Train): -2.33 | Best fitness in generation (Train): -8.28 | Mean fitness (Train): -54.04 | Mean fitness (Test): -12.67
Generation 030 | Best fitness (Train): -2.33 | Best fitness in generation (Train): -7.46 | Mean fitness (Train): -54.18 | Mean fitness (Test): -79.58
Generation 040 | Best fitness (Train): -0.14 | Best fitness in generation (Train): -6.20 | Mean fitness (Train): -47.88 | Mean fitness (Test): -169.62
Generation 050 | Best fitness (Train): -0.14 | Best fitness in generation (Train): -6.15 | Mean fitness (Train): -46.98 | Mean fitness (Test): -12.11
Generation 060 | Best fitness (Train): -0.14 | Best fitness in generation (Train): -9.75 | Mean fitness (Train): -55.12 | Mean fitness (Test): -18.46
Generation 070 | Best fitness (Train): -0.14 | Best fitness in generation (Train): -9.66 | Mean fitness (Train): -51.03 | Mean fitness (Test): -5.71
Generation 080 | Best fitness (Train): -0.14 | Best fitness in generation (Train): -9.33 | Mean fitness (Train): -52.95 | Mean fitness (Test): -19.45
Generation 090 | Best fitness (Train): -0.14 | Best fitness in generation (Train): -9.62 | Mean fitness (Train): -53.96 | Mean fitness (Test): -11.03
Generation 100 | Best fitness (Train): -0.14 | Best fitness in generation (Train): -5.83 | Mean fitness (Train): -50.40 | Mean fitness (Test): -8.28
Generation 110 | Best fitness (Train): 7.71 | Best fitness in generation (Train): -5.92 | Mean fitness (Train): -43.34 | Mean fitness (Test): -13.39
Generation 120 | Best fitness (Train): 7.71 | Best fitness in generation (Train): -5.75 | Mean fitness (Train): -41.53 | Mean fitness (Test): -28.43
Generation 130 | Best fitness (Train): 7.71 | Best fitness in generation (Train): -7.09 | Mean fitness (Train): -49.94 | Mean fitness (Test): -15.93
Generation 140 | Best fitness (Train): 7.71 | Best fitness in generation (Train): -5.50 | Mean fitness (Train): -43.01 | Mean fitness (Test): -77.09
Generation 150 | Best fitness (Train): 7.71 | Best fitness in generation (Train): -5.94 | Mean fitness (Train): -52.32 | Mean fitness (Test): -24.73
Generation 160 | Best fitness (Train): 7.71 | Best fitness in generation (Train): -8.15 | Mean fitness (Train): -48.55 | Mean fitness (Test): -32.63
Generation 170 | Best fitness (Train): 7.71 | Best fitness in generation (Train): -7.58 | Mean fitness (Train): -47.60 | Mean fitness (Test): -59.72
Generation 180 | Best fitness (Train): 7.71 | Best fitness in generation (Train): -7.03 | Mean fitness (Train): -46.34 | Mean fitness (Test): -12.51
Generation 190 | Best fitness (Train): 7.71 | Best fitness in generation (Train): -5.67 | Mean fitness (Train): -47.44 | Mean fitness (Test): -18.05
Generation 200 | Best fitness (Train): 7.71 | Best fitness in generation (Train): -7.16 | Mean fitness (Train): -53.79 | Mean fitness (Test): -59.28
Generation 210 | Best fitness (Train): 7.71 | Best fitness in generation (Train): -3.54 | Mean fitness (Train): -46.00 | Mean fitness (Test): -3.00
Generation 220 | Best fitness (Train): 7.71 | Best fitness in generation (Train): -5.50 | Mean fitness (Train): -47.04 | Mean fitness (Test): -11.67
Generation 230 | Best fitness (Train): 7.71 | Best fitness in generation (Train): -8.52 | Mean fitness (Train): -47.12 | Mean fitness (Test): -8.62
Generation 240 | Best fitness (Train): 7.71 | Best fitness in generation (Train): -6.71 | Mean fitness (Train): -40.61 | Mean fitness (Test): -85.98
Generation 250 | Best fitness (Train): 7.71 | Best fitness in generation (Train): -4.17 | Mean fitness (Train): -42.18 | Mean fitness (Test): -77.71
Generation 260 | Best fitness (Train): 7.71 | Best fitness in generation (Train): -2.89 | Mean fitness (Train): -44.72 | Mean fitness (Test): -6.17
Generation 270 | Best fitness (Train): 7.71 | Best fitness in generation (Train): -8.48 | Mean fitness (Train): -51.41 | Mean fitness (Test): -7.65
Generation 280 | Best fitness (Train): 7.71 | Best fitness in generation (Train): -8.00 | Mean fitness (Train): -46.70 | Mean fitness (Test): -9.52
Generation 290 | Best fitness (Train): 7.71 | Best fitness in generation (Train): -5.88 | Mean fitness (Train): -40.71 | Mean fitness (Test): -8.48
Generation 300 | Best fitness (Train): 7.71 | Best fitness in generation (Train): -8.27 | Mean fitness (Train): -43.00 | Mean fitness (Test): -17.63
Generation 310 | Best fitness (Train): 7.71 | Best fitness in generation (Train): -6.80 | Mean fitness (Train): -46.73 | Mean fitness (Test): -45.95
Generation 320 | Best fitness (Train): 7.71 | Best fitness in generation (Train): -6.99 | Mean fitness (Train): -47.09 | Mean fitness (Test): -12.02
Generation 330 | Best fitness (Train): 7.71 | Best fitness in generation (Train): -7.03 | Mean fitness (Train): -30.74 | Mean fitness (Test): -8.73
Generation 340 | Best fitness (Train): 7.71 | Best fitness in generation (Train): -5.05 | Mean fitness (Train): -39.28 | Mean fitness (Test): -69.05
Generation 350 | Best fitness (Train): 7.71 | Best fitness in generation (Train): -6.25 | Mean fitness (Train): -40.93 | Mean fitness (Test): -13.33
Generation 360 | Best fitness (Train): 7.71 | Best fitness in generation (Train): -6.90 | Mean fitness (Train): -15.30 | Mean fitness (Test): -7.86
Generation 370 | Best fitness (Train): 7.71 | Best fitness in generation (Train): -7.59 | Mean fitness (Train): -37.96 | Mean fitness (Test): -8.84
Generation 380 | Best fitness (Train): 7.71 | Best fitness in generation (Train): -4.78 | Mean fitness (Train): -31.03 | Mean fitness (Test): -66.55
Generation 390 | Best fitness (Train): 7.71 | Best fitness in generation (Train): -7.28 | Mean fitness (Train): -24.89 | Mean fitness (Test): -10.54
Generation 400 | Best fitness (Train): 7.71 | Best fitness in generation (Train): -7.61 | Mean fitness (Train): -26.82 | Mean fitness (Test): -13.84
Generation 410 | Best fitness (Train): 7.71 | Best fitness in generation (Train): -6.55 | Mean fitness (Train): -30.57 | Mean fitness (Test): -12.35
Generation 420 | Best fitness (Train): 7.71 | Best fitness in generation (Train): -8.19 | Mean fitness (Train): -17.94 | Mean fitness (Test): -14.68
Generation 430 | Best fitness (Train): 7.71 | Best fitness in generation (Train): -7.96 | Mean fitness (Train): -25.73 | Mean fitness (Test): -10.91
Generation 440 | Best fitness (Train): 7.71 | Best fitness in generation (Train): -5.97 | Mean fitness (Train): -41.60 | Mean fitness (Test): -26.46
Generation 450 | Best fitness (Train): 7.71 | Best fitness in generation (Train): -3.79 | Mean fitness (Train): -15.03 | Mean fitness (Test): -11.38
Generation 460 | Best fitness (Train): 7.71 | Best fitness in generation (Train): -8.58 | Mean fitness (Train): -35.00 | Mean fitness (Test): -30.09
Generation 470 | Best fitness (Train): 7.71 | Best fitness in generation (Train): -6.24 | Mean fitness (Train): -28.65 | Mean fitness (Test): -14.96
Generation 480 | Best fitness (Train): 7.71 | Best fitness in generation (Train): -9.16 | Mean fitness (Train): -21.85 | Mean fitness (Test): -13.28
Generation 490 | Best fitness (Train): 7.71 | Best fitness in generation (Train): -6.58 | Mean fitness (Train): -28.00 | Mean fitness (Test): -12.50
Generation 500 | Best fitness (Train): 7.71 | Best fitness in generation (Train): -7.78 | Mean fitness (Train): -32.59 | Mean fitness (Test): -15.38
Generation 510 | Best fitness (Train): 7.71 | Best fitness in generation (Train): -6.24 | Mean fitness (Train): -10.32 | Mean fitness (Test): -11.29
Generation 520 | Best fitness (Train): 7.71 | Best fitness in generation (Train): -4.92 | Mean fitness (Train): -17.07 | Mean fitness (Test): -7.36
Generation 530 | Best fitness (Train): 7.71 | Best fitness in generation (Train): -7.30 | Mean fitness (Train): -30.05 | Mean fitness (Test): -30.45
Generation 540 | Best fitness (Train): 7.71 | Best fitness in generation (Train): -6.42 | Mean fitness (Train): -10.93 | Mean fitness (Test): -11.13
Generation 550 | Best fitness (Train): 7.71 | Best fitness in generation (Train): -4.72 | Mean fitness (Train): -21.00 | Mean fitness (Test): -7.89
Generation 560 | Best fitness (Train): 7.71 | Best fitness in generation (Train): -5.39 | Mean fitness (Train): -18.09 | Mean fitness (Test): -14.40
Generation 570 | Best fitness (Train): 7.71 | Best fitness in generation (Train): -8.47 | Mean fitness (Train): -12.74 | Mean fitness (Test): -13.39
Generation 580 | Best fitness (Train): 7.71 | Best fitness in generation (Train): -6.05 | Mean fitness (Train): -12.21 | Mean fitness (Test): -9.85
Generation 590 | Best fitness (Train): 7.71 | Best fitness in generation (Train): -5.24 | Mean fitness (Train): -23.64 | Mean fitness (Test): -7.37
Generation 600 | Best fitness (Train): 7.71 | Best fitness in generation (Train): -5.65 | Mean fitness (Train): -30.62 | Mean fitness (Test): -7.16
Generation 610 | Best fitness (Train): 7.71 | Best fitness in generation (Train): -4.28 | Mean fitness (Train): -15.09 | Mean fitness (Test): -9.98
Generation 620 | Best fitness (Train): 7.71 | Best fitness in generation (Train): -6.16 | Mean fitness (Train): -17.37 | Mean fitness (Test): -6.92
Generation 630 | Best fitness (Train): 7.71 | Best fitness in generation (Train): -5.72 | Mean fitness (Train): -24.95 | Mean fitness (Test): -10.44
Generation 640 | Best fitness (Train): 7.71 | Best fitness in generation (Train): -6.51 | Mean fitness (Train): -27.63 | Mean fitness (Test): -13.65
Generation 650 | Best fitness (Train): 7.71 | Best fitness in generation (Train): -5.44 | Mean fitness (Train): -9.59 | Mean fitness (Test): -7.23
Generation 660 | Best fitness (Train): 7.71 | Best fitness in generation (Train): -4.37 | Mean fitness (Train): -10.99 | Mean fitness (Test): -8.85
Generation 670 | Best fitness (Train): 7.71 | Best fitness in generation (Train): -4.91 | Mean fitness (Train): -11.27 | Mean fitness (Test): -7.19
Generation 680 | Best fitness (Train): 7.71 | Best fitness in generation (Train): -6.33 | Mean fitness (Train): -12.46 | Mean fitness (Test): -11.75
Generation 690 | Best fitness (Train): 7.71 | Best fitness in generation (Train): -5.94 | Mean fitness (Train): -43.50 | Mean fitness (Test): -15.27
Generation 700 | Best fitness (Train): 7.71 | Best fitness in generation (Train): -7.01 | Mean fitness (Train): -23.12 | Mean fitness (Test): -18.64
Generation 710 | Best fitness (Train): 7.71 | Best fitness in generation (Train): -6.31 | Mean fitness (Train): -18.07 | Mean fitness (Test): -9.16
Generation 720 | Best fitness (Train): 7.71 | Best fitness in generation (Train): -6.96 | Mean fitness (Train): -20.14 | Mean fitness (Test): -29.57
Generation 730 | Best fitness (Train): 7.71 | Best fitness in generation (Train): -9.54 | Mean fitness (Train): -28.14 | Mean fitness (Test): -15.32
Generation 740 | Best fitness (Train): 7.71 | Best fitness in generation (Train): -8.96 | Mean fitness (Train): -24.28 | Mean fitness (Test): -39.37
Generation 750 | Best fitness (Train): 7.71 | Best fitness in generation (Train): -4.74 | Mean fitness (Train): -12.63 | Mean fitness (Test): -9.20
Generation 760 | Best fitness (Train): 7.71 | Best fitness in generation (Train): -8.08 | Mean fitness (Train): -34.91 | Mean fitness (Test): -53.40
Generation 770 | Best fitness (Train): 7.71 | Best fitness in generation (Train): -4.97 | Mean fitness (Train): -15.72 | Mean fitness (Test): -16.05
Generation 780 | Best fitness (Train): 7.71 | Best fitness in generation (Train): -5.95 | Mean fitness (Train): -14.62 | Mean fitness (Test): -12.90
Generation 790 | Best fitness (Train): 7.71 | Best fitness in generation (Train): -6.47 | Mean fitness (Train): -13.44 | Mean fitness (Test): -7.98
Generation 800 | Best fitness (Train): 7.71 | Best fitness in generation (Train): -7.40 | Mean fitness (Train): -23.63 | Mean fitness (Test): -23.14
Generation 810 | Best fitness (Train): 7.71 | Best fitness in generation (Train): -5.21 | Mean fitness (Train): -21.48 | Mean fitness (Test): -9.54
Generation 820 | Best fitness (Train): 7.71 | Best fitness in generation (Train): -7.36 | Mean fitness (Train): -12.13 | Mean fitness (Test): -10.87
Generation 830 | Best fitness (Train): 7.71 | Best fitness in generation (Train): -6.07 | Mean fitness (Train): -27.19 | Mean fitness (Test): -37.12
Generation 840 | Best fitness (Train): 7.71 | Best fitness in generation (Train): -6.92 | Mean fitness (Train): -29.52 | Mean fitness (Test): -89.67
Generation 850 | Best fitness (Train): 7.71 | Best fitness in generation (Train): -7.04 | Mean fitness (Train): -25.47 | Mean fitness (Test): -71.74
Generation 860 | Best fitness (Train): 7.71 | Best fitness in generation (Train): -5.86 | Mean fitness (Train): -9.12 | Mean fitness (Test): -6.91
Generation 870 | Best fitness (Train): 7.71 | Best fitness in generation (Train): -6.86 | Mean fitness (Train): -15.85 | Mean fitness (Test): -11.16
Generation 880 | Best fitness (Train): 7.71 | Best fitness in generation (Train): -7.74 | Mean fitness (Train): -23.32 | Mean fitness (Test): -12.52
Generation 890 | Best fitness (Train): 7.71 | Best fitness in generation (Train): -6.05 | Mean fitness (Train): -12.97 | Mean fitness (Test): -11.95
Generation 900 | Best fitness (Train): 7.71 | Best fitness in generation (Train): -9.52 | Mean fitness (Train): -42.02 | Mean fitness (Test): -14.16
Generation 910 | Best fitness (Train): 7.71 | Best fitness in generation (Train): -6.73 | Mean fitness (Train): -9.48 | Mean fitness (Test): -7.95
Generation 920 | Best fitness (Train): 7.71 | Best fitness in generation (Train): -3.53 | Mean fitness (Train): -11.97 | Mean fitness (Test): -10.90
Generation 930 | Best fitness (Train): 7.71 | Best fitness in generation (Train): -4.95 | Mean fitness (Train): -18.99 | Mean fitness (Test): -16.76
Generation 940 | Best fitness (Train): 7.71 | Best fitness in generation (Train): -7.75 | Mean fitness (Train): -16.52 | Mean fitness (Test): -11.79
Generation 950 | Best fitness (Train): 7.71 | Best fitness in generation (Train): -8.51 | Mean fitness (Train): -22.97 | Mean fitness (Test): -12.09
Generation 960 | Best fitness (Train): 7.71 | Best fitness in generation (Train): -5.87 | Mean fitness (Train): -18.39 | Mean fitness (Test): -11.59
Generation 970 | Best fitness (Train): 7.71 | Best fitness in generation (Train): -7.21 | Mean fitness (Train): -28.23 | Mean fitness (Test): -15.25
Generation 980 | Best fitness (Train): 7.71 | Best fitness in generation (Train): -6.53 | Mean fitness (Train): -23.28 | Mean fitness (Test): -17.48
Generation 990 | Best fitness (Train): 7.71 | Best fitness in generation (Train): -6.67 | Mean fitness (Train): -11.54 | Mean fitness (Test): -8.85
Generation 1000 | Best fitness (Train): 7.71 | Best fitness in generation (Train): -7.08 | Mean fitness (Train): -34.12 | Mean fitness (Test): -8.56
Running ES algorithms:   0%|                                                             | 0/1 [00:00<?, ?it/s][A
Running ES algorithms: 100%|███████████████████████████████████████████████| 1/1 [20:17:18<00:00, 73038.47s/it][ARunning ES algorithms: 100%|███████████████████████████████████████████████| 1/1 [20:17:18<00:00, 73038.47s/it]
Successfully loaded: fast
Loading Problems ..:   8%|███▋                                        | 1/12 [20:17:48<223:15:49, 73068.14s/it]
running the experiment ... [../../results/BraxProblem/fast/Open_ES/0]
Generation 010 | Best fitness (Train): 66867.05 | Best fitness in generation (Train): 66867.05 | Mean fitness (Train): 17173.79 | Mean fitness (Test): 66867.05
Generation 020 | Best fitness (Train): 66867.05 | Best fitness in generation (Train): 66867.05 | Mean fitness (Train): 19711.74 | Mean fitness (Test): 66867.05
Generation 030 | Best fitness (Train): 66867.05 | Best fitness in generation (Train): 66867.05 | Mean fitness (Train): 24368.14 | Mean fitness (Test): 66867.05
Generation 040 | Best fitness (Train): 66867.05 | Best fitness in generation (Train): 66867.05 | Mean fitness (Train): 30476.46 | Mean fitness (Test): 66867.05
Generation 050 | Best fitness (Train): 66867.05 | Best fitness in generation (Train): 66867.05 | Mean fitness (Train): 34500.31 | Mean fitness (Test): 66867.05
Generation 060 | Best fitness (Train): 66867.05 | Best fitness in generation (Train): 66867.05 | Mean fitness (Train): 36990.75 | Mean fitness (Test): 66867.05
Generation 070 | Best fitness (Train): 66867.05 | Best fitness in generation (Train): 66867.05 | Mean fitness (Train): 43737.82 | Mean fitness (Test): 66867.05
Generation 080 | Best fitness (Train): 66867.05 | Best fitness in generation (Train): 66867.05 | Mean fitness (Train): 46244.54 | Mean fitness (Test): 66867.05
Generation 090 | Best fitness (Train): 66867.05 | Best fitness in generation (Train): 66867.05 | Mean fitness (Train): 52322.00 | Mean fitness (Test): 66867.05
Generation 100 | Best fitness (Train): 66867.05 | Best fitness in generation (Train): 66867.05 | Mean fitness (Train): 55105.45 | Mean fitness (Test): 66867.05
Generation 110 | Best fitness (Train): 66867.05 | Best fitness in generation (Train): 66867.05 | Mean fitness (Train): 56266.84 | Mean fitness (Test): 66867.05
Generation 120 | Best fitness (Train): 66867.05 | Best fitness in generation (Train): 66867.05 | Mean fitness (Train): 59429.81 | Mean fitness (Test): 66867.05
Generation 130 | Best fitness (Train): 66867.05 | Best fitness in generation (Train): 66867.05 | Mean fitness (Train): 62997.08 | Mean fitness (Test): 66867.05
Generation 140 | Best fitness (Train): 66867.05 | Best fitness in generation (Train): 66867.05 | Mean fitness (Train): 64949.47 | Mean fitness (Test): 66867.05
Generation 150 | Best fitness (Train): 66867.05 | Best fitness in generation (Train): 66867.05 | Mean fitness (Train): 64565.41 | Mean fitness (Test): 66867.05
Generation 160 | Best fitness (Train): 66867.05 | Best fitness in generation (Train): 66867.05 | Mean fitness (Train): 65913.83 | Mean fitness (Test): 66867.05
Generation 170 | Best fitness (Train): 66867.05 | Best fitness in generation (Train): 66867.05 | Mean fitness (Train): 65836.50 | Mean fitness (Test): 66867.05
Generation 180 | Best fitness (Train): 66867.05 | Best fitness in generation (Train): 66867.05 | Mean fitness (Train): 66316.78 | Mean fitness (Test): 66867.05
Generation 190 | Best fitness (Train): 66867.05 | Best fitness in generation (Train): 66867.05 | Mean fitness (Train): 66409.63 | Mean fitness (Test): 66867.05
Generation 200 | Best fitness (Train): 66867.05 | Best fitness in generation (Train): 66867.05 | Mean fitness (Train): 66753.74 | Mean fitness (Test): 66867.05
Generation 210 | Best fitness (Train): 66867.05 | Best fitness in generation (Train): 66867.05 | Mean fitness (Train): 66538.66 | Mean fitness (Test): 66867.05
Generation 220 | Best fitness (Train): 66867.05 | Best fitness in generation (Train): 66867.05 | Mean fitness (Train): 66844.35 | Mean fitness (Test): 66867.05
Generation 230 | Best fitness (Train): 66867.05 | Best fitness in generation (Train): 66867.05 | Mean fitness (Train): 66827.81 | Mean fitness (Test): 66867.05
Generation 240 | Best fitness (Train): 66867.05 | Best fitness in generation (Train): 66867.05 | Mean fitness (Train): 66857.80 | Mean fitness (Test): 66867.05
Generation 250 | Best fitness (Train): 66867.05 | Best fitness in generation (Train): 66867.05 | Mean fitness (Train): 66796.30 | Mean fitness (Test): 66867.05
Generation 260 | Best fitness (Train): 66867.05 | Best fitness in generation (Train): 66867.05 | Mean fitness (Train): 66867.05 | Mean fitness (Test): 66867.05
Generation 270 | Best fitness (Train): 66867.05 | Best fitness in generation (Train): 66867.05 | Mean fitness (Train): 66822.33 | Mean fitness (Test): 66867.05
Generation 280 | Best fitness (Train): 66867.05 | Best fitness in generation (Train): 66867.05 | Mean fitness (Train): 66842.45 | Mean fitness (Test): 66867.05
Generation 290 | Best fitness (Train): 66867.05 | Best fitness in generation (Train): 66867.05 | Mean fitness (Train): 66863.38 | Mean fitness (Test): 66867.05
Generation 300 | Best fitness (Train): 66867.05 | Best fitness in generation (Train): 66867.05 | Mean fitness (Train): 66863.47 | Mean fitness (Test): 66867.05
Generation 310 | Best fitness (Train): 66867.05 | Best fitness in generation (Train): 66867.05 | Mean fitness (Train): 66572.27 | Mean fitness (Test): 66867.05
Generation 320 | Best fitness (Train): 66867.05 | Best fitness in generation (Train): 66867.05 | Mean fitness (Train): 66705.02 | Mean fitness (Test): 66867.05
Generation 330 | Best fitness (Train): 66867.05 | Best fitness in generation (Train): 66867.05 | Mean fitness (Train): 66544.09 | Mean fitness (Test): 66867.05
Generation 340 | Best fitness (Train): 66867.05 | Best fitness in generation (Train): 66867.05 | Mean fitness (Train): 66867.05 | Mean fitness (Test): 66867.05
Generation 350 | Best fitness (Train): 66867.05 | Best fitness in generation (Train): 66867.05 | Mean fitness (Train): 66604.27 | Mean fitness (Test): 66867.05
Generation 360 | Best fitness (Train): 66867.05 | Best fitness in generation (Train): 66867.05 | Mean fitness (Train): 66867.05 | Mean fitness (Test): 66867.05
Generation 370 | Best fitness (Train): 66867.05 | Best fitness in generation (Train): 66867.05 | Mean fitness (Train): 66604.01 | Mean fitness (Test): 66867.05
Generation 380 | Best fitness (Train): 66867.05 | Best fitness in generation (Train): 66867.05 | Mean fitness (Train): 66866.61 | Mean fitness (Test): 66867.05
Generation 390 | Best fitness (Train): 66867.05 | Best fitness in generation (Train): 66867.05 | Mean fitness (Train): 66604.02 | Mean fitness (Test): 66867.05
Generation 400 | Best fitness (Train): 66867.05 | Best fitness in generation (Train): 66867.05 | Mean fitness (Train): 66605.86 | Mean fitness (Test): 66867.05
Generation 410 | Best fitness (Train): 66867.05 | Best fitness in generation (Train): 66867.05 | Mean fitness (Train): 66844.09 | Mean fitness (Test): 66867.05
Generation 420 | Best fitness (Train): 66867.05 | Best fitness in generation (Train): 66867.05 | Mean fitness (Train): 66867.05 | Mean fitness (Test): 66867.05
Generation 430 | Best fitness (Train): 66867.05 | Best fitness in generation (Train): 66867.05 | Mean fitness (Train): 66864.00 | Mean fitness (Test): 66867.05
Generation 440 | Best fitness (Train): 66867.05 | Best fitness in generation (Train): 66867.05 | Mean fitness (Train): 66605.86 | Mean fitness (Test): 66867.05
Generation 450 | Best fitness (Train): 66867.05 | Best fitness in generation (Train): 66867.05 | Mean fitness (Train): 66867.05 | Mean fitness (Test): 66867.05
Generation 460 | Best fitness (Train): 66867.05 | Best fitness in generation (Train): 66867.05 | Mean fitness (Train): 66867.05 | Mean fitness (Test): 66867.05
Generation 470 | Best fitness (Train): 66867.05 | Best fitness in generation (Train): 66867.05 | Mean fitness (Train): 66867.05 | Mean fitness (Test): 66867.05
Generation 480 | Best fitness (Train): 66867.05 | Best fitness in generation (Train): 66867.05 | Mean fitness (Train): 66620.25 | Mean fitness (Test): 66867.05
Generation 490 | Best fitness (Train): 66867.05 | Best fitness in generation (Train): 66867.05 | Mean fitness (Train): 66867.05 | Mean fitness (Test): 66867.05
Generation 500 | Best fitness (Train): 66867.05 | Best fitness in generation (Train): 66867.05 | Mean fitness (Train): 66867.05 | Mean fitness (Test): 66867.05
Generation 510 | Best fitness (Train): 66867.05 | Best fitness in generation (Train): 66867.05 | Mean fitness (Train): 66867.05 | Mean fitness (Test): 66867.05
Generation 520 | Best fitness (Train): 66867.05 | Best fitness in generation (Train): 66867.05 | Mean fitness (Train): 66605.86 | Mean fitness (Test): 66867.05
Generation 530 | Best fitness (Train): 66867.05 | Best fitness in generation (Train): 66867.05 | Mean fitness (Train): 66866.94 | Mean fitness (Test): 66867.05
Generation 540 | Best fitness (Train): 66867.05 | Best fitness in generation (Train): 66867.05 | Mean fitness (Train): 66867.05 | Mean fitness (Test): 66867.05
Generation 550 | Best fitness (Train): 66867.05 | Best fitness in generation (Train): 66867.05 | Mean fitness (Train): 66867.05 | Mean fitness (Test): 66867.05
Generation 560 | Best fitness (Train): 66867.05 | Best fitness in generation (Train): 66867.05 | Mean fitness (Train): 66867.05 | Mean fitness (Test): 66867.05
Generation 570 | Best fitness (Train): 66867.05 | Best fitness in generation (Train): 66867.05 | Mean fitness (Train): 66864.11 | Mean fitness (Test): 66867.05
Generation 580 | Best fitness (Train): 66867.05 | Best fitness in generation (Train): 66867.05 | Mean fitness (Train): 66866.56 | Mean fitness (Test): 66867.05
Generation 590 | Best fitness (Train): 66867.05 | Best fitness in generation (Train): 66867.05 | Mean fitness (Train): 66867.05 | Mean fitness (Test): 66867.05
Generation 600 | Best fitness (Train): 66867.05 | Best fitness in generation (Train): 66867.05 | Mean fitness (Train): 66867.05 | Mean fitness (Test): 66867.05
Generation 610 | Best fitness (Train): 66867.05 | Best fitness in generation (Train): 66867.05 | Mean fitness (Train): 66867.05 | Mean fitness (Test): 66867.05
Generation 620 | Best fitness (Train): 66867.05 | Best fitness in generation (Train): 66867.05 | Mean fitness (Train): 66867.05 | Mean fitness (Test): 66867.05
Generation 630 | Best fitness (Train): 66867.05 | Best fitness in generation (Train): 66867.05 | Mean fitness (Train): 66867.05 | Mean fitness (Test): 66867.05
Generation 640 | Best fitness (Train): 66867.05 | Best fitness in generation (Train): 66867.05 | Mean fitness (Train): 66867.05 | Mean fitness (Test): 66867.05
Generation 650 | Best fitness (Train): 66867.05 | Best fitness in generation (Train): 66867.05 | Mean fitness (Train): 66867.05 | Mean fitness (Test): 66867.05
Generation 660 | Best fitness (Train): 66867.05 | Best fitness in generation (Train): 66867.05 | Mean fitness (Train): 66867.05 | Mean fitness (Test): 66867.05
Generation 670 | Best fitness (Train): 66867.05 | Best fitness in generation (Train): 66867.05 | Mean fitness (Train): 66862.33 | Mean fitness (Test): 66867.05
Generation 680 | Best fitness (Train): 66867.05 | Best fitness in generation (Train): 66867.05 | Mean fitness (Train): 66867.05 | Mean fitness (Test): 66867.05
Generation 690 | Best fitness (Train): 66867.05 | Best fitness in generation (Train): 66867.05 | Mean fitness (Train): 66867.05 | Mean fitness (Test): 66867.05
Generation 700 | Best fitness (Train): 66867.05 | Best fitness in generation (Train): 66867.05 | Mean fitness (Train): 66867.05 | Mean fitness (Test): 66867.05
Generation 710 | Best fitness (Train): 66867.05 | Best fitness in generation (Train): 66867.05 | Mean fitness (Train): 66867.05 | Mean fitness (Test): 66867.05
Generation 720 | Best fitness (Train): 66867.05 | Best fitness in generation (Train): 66867.05 | Mean fitness (Train): 66867.05 | Mean fitness (Test): 66867.05
Generation 730 | Best fitness (Train): 66867.05 | Best fitness in generation (Train): 66867.05 | Mean fitness (Train): 66605.86 | Mean fitness (Test): 66867.05
Generation 740 | Best fitness (Train): 66867.05 | Best fitness in generation (Train): 66867.05 | Mean fitness (Train): 66867.05 | Mean fitness (Test): 66867.05
Generation 750 | Best fitness (Train): 66867.05 | Best fitness in generation (Train): 66867.05 | Mean fitness (Train): 66867.05 | Mean fitness (Test): 66867.05
Generation 760 | Best fitness (Train): 66867.05 | Best fitness in generation (Train): 66867.05 | Mean fitness (Train): 66867.05 | Mean fitness (Test): 66867.05
Generation 770 | Best fitness (Train): 66867.05 | Best fitness in generation (Train): 66867.05 | Mean fitness (Train): 66866.42 | Mean fitness (Test): 66867.05
Generation 780 | Best fitness (Train): 66867.05 | Best fitness in generation (Train): 66867.05 | Mean fitness (Train): 66867.05 | Mean fitness (Test): 66867.05
Generation 790 | Best fitness (Train): 66867.05 | Best fitness in generation (Train): 66867.05 | Mean fitness (Train): 66867.05 | Mean fitness (Test): 66867.05
Generation 800 | Best fitness (Train): 66867.05 | Best fitness in generation (Train): 66867.05 | Mean fitness (Train): 66867.05 | Mean fitness (Test): 66867.05
Generation 810 | Best fitness (Train): 66867.05 | Best fitness in generation (Train): 66867.05 | Mean fitness (Train): 66867.05 | Mean fitness (Test): 66867.05
Generation 820 | Best fitness (Train): 66867.05 | Best fitness in generation (Train): 66867.05 | Mean fitness (Train): 66605.86 | Mean fitness (Test): 66867.05
Generation 830 | Best fitness (Train): 66867.05 | Best fitness in generation (Train): 66867.05 | Mean fitness (Train): 66750.89 | Mean fitness (Test): 66867.05
Generation 840 | Best fitness (Train): 66867.05 | Best fitness in generation (Train): 66867.05 | Mean fitness (Train): 66867.05 | Mean fitness (Test): 66867.05
Generation 850 | Best fitness (Train): 66867.05 | Best fitness in generation (Train): 66867.05 | Mean fitness (Train): 66867.05 | Mean fitness (Test): 66867.05
Generation 860 | Best fitness (Train): 66867.05 | Best fitness in generation (Train): 66867.05 | Mean fitness (Train): 66867.05 | Mean fitness (Test): 66867.05
Generation 870 | Best fitness (Train): 66867.05 | Best fitness in generation (Train): 66867.05 | Mean fitness (Train): 66867.05 | Mean fitness (Test): 66867.05
Generation 880 | Best fitness (Train): 66867.05 | Best fitness in generation (Train): 66867.05 | Mean fitness (Train): 66867.05 | Mean fitness (Test): 66867.05
Generation 890 | Best fitness (Train): 66867.05 | Best fitness in generation (Train): 66867.05 | Mean fitness (Train): 66605.86 | Mean fitness (Test): 66867.05
Generation 900 | Best fitness (Train): 66867.05 | Best fitness in generation (Train): 66867.05 | Mean fitness (Train): 66867.05 | Mean fitness (Test): 66867.05
Generation 910 | Best fitness (Train): 66867.05 | Best fitness in generation (Train): 66867.05 | Mean fitness (Train): 66867.05 | Mean fitness (Test): 66867.05
Generation 920 | Best fitness (Train): 66867.05 | Best fitness in generation (Train): 66867.05 | Mean fitness (Train): 66867.05 | Mean fitness (Test): 66867.05
Generation 930 | Best fitness (Train): 66867.05 | Best fitness in generation (Train): 66867.05 | Mean fitness (Train): 66619.08 | Mean fitness (Test): 66867.05
Generation 940 | Best fitness (Train): 66867.05 | Best fitness in generation (Train): 66867.05 | Mean fitness (Train): 66867.05 | Mean fitness (Test): 66867.05
Generation 950 | Best fitness (Train): 66867.05 | Best fitness in generation (Train): 66867.05 | Mean fitness (Train): 66867.05 | Mean fitness (Test): 66867.05
Generation 960 | Best fitness (Train): 66867.05 | Best fitness in generation (Train): 66867.05 | Mean fitness (Train): 66867.05 | Mean fitness (Test): 66867.05
Generation 970 | Best fitness (Train): 66867.05 | Best fitness in generation (Train): 66867.05 | Mean fitness (Train): 66867.05 | Mean fitness (Test): 66867.05
Generation 980 | Best fitness (Train): 66867.05 | Best fitness in generation (Train): 66867.05 | Mean fitness (Train): 66867.05 | Mean fitness (Test): 66867.05
Generation 990 | Best fitness (Train): 66867.05 | Best fitness in generation (Train): 66867.05 | Mean fitness (Train): 66867.05 | Mean fitness (Test): 66867.05
Generation 1000 | Best fitness (Train): 66867.05 | Best fitness in generation (Train): 66867.05 | Mean fitness (Train): 66867.05 | Mean fitness (Test): 66867.05
Failed to generate visualization: 'Fast' object has no attribute 'sys'
running the experiment ... [../../results/BraxProblem/fast/Open_ES/1]
Generation 010 | Best fitness (Train): 66867.05 | Best fitness in generation (Train): 66867.05 | Mean fitness (Train): 18800.31 | Mean fitness (Test): 66867.05
Generation 020 | Best fitness (Train): 66867.05 | Best fitness in generation (Train): 66867.05 | Mean fitness (Train): 21062.70 | Mean fitness (Test): 65640.32
Generation 030 | Best fitness (Train): 66867.05 | Best fitness in generation (Train): 66867.05 | Mean fitness (Train): 27073.81 | Mean fitness (Test): 66867.05
Generation 040 | Best fitness (Train): 66867.05 | Best fitness in generation (Train): 66867.05 | Mean fitness (Train): 26357.91 | Mean fitness (Test): 66867.05
Generation 050 | Best fitness (Train): 66867.05 | Best fitness in generation (Train): 66867.05 | Mean fitness (Train): 35028.33 | Mean fitness (Test): 66867.05
Generation 060 | Best fitness (Train): 66867.05 | Best fitness in generation (Train): 66867.05 | Mean fitness (Train): 40360.36 | Mean fitness (Test): 66867.05
Generation 070 | Best fitness (Train): 66867.05 | Best fitness in generation (Train): 66867.05 | Mean fitness (Train): 43092.31 | Mean fitness (Test): 66867.05
Generation 080 | Best fitness (Train): 66867.05 | Best fitness in generation (Train): 66867.05 | Mean fitness (Train): 48566.82 | Mean fitness (Test): 66867.05
Generation 090 | Best fitness (Train): 66867.05 | Best fitness in generation (Train): 66867.05 | Mean fitness (Train): 55253.99 | Mean fitness (Test): 66867.05
Generation 100 | Best fitness (Train): 66867.05 | Best fitness in generation (Train): 66867.05 | Mean fitness (Train): 54379.27 | Mean fitness (Test): 66867.05
Generation 110 | Best fitness (Train): 66867.05 | Best fitness in generation (Train): 66867.05 | Mean fitness (Train): 59888.43 | Mean fitness (Test): 66867.05
Generation 120 | Best fitness (Train): 66867.05 | Best fitness in generation (Train): 66867.05 | Mean fitness (Train): 62764.19 | Mean fitness (Test): 66867.05
Generation 130 | Best fitness (Train): 66867.05 | Best fitness in generation (Train): 66867.05 | Mean fitness (Train): 64454.78 | Mean fitness (Test): 66867.05
Generation 140 | Best fitness (Train): 66867.05 | Best fitness in generation (Train): 66867.05 | Mean fitness (Train): 65552.61 | Mean fitness (Test): 66867.05
Generation 150 | Best fitness (Train): 66867.05 | Best fitness in generation (Train): 66867.05 | Mean fitness (Train): 66030.60 | Mean fitness (Test): 66867.05
Generation 160 | Best fitness (Train): 66867.05 | Best fitness in generation (Train): 66867.05 | Mean fitness (Train): 66101.03 | Mean fitness (Test): 66867.05
Generation 170 | Best fitness (Train): 66867.05 | Best fitness in generation (Train): 66867.05 | Mean fitness (Train): 66106.16 | Mean fitness (Test): 66867.05
Generation 180 | Best fitness (Train): 66867.05 | Best fitness in generation (Train): 66867.05 | Mean fitness (Train): 65650.22 | Mean fitness (Test): 66867.05
Generation 190 | Best fitness (Train): 66867.05 | Best fitness in generation (Train): 66867.05 | Mean fitness (Train): 66595.43 | Mean fitness (Test): 66867.05
Generation 200 | Best fitness (Train): 66867.05 | Best fitness in generation (Train): 66867.05 | Mean fitness (Train): 66264.63 | Mean fitness (Test): 66867.05
Generation 210 | Best fitness (Train): 66867.05 | Best fitness in generation (Train): 66867.05 | Mean fitness (Train): 66100.91 | Mean fitness (Test): 66867.05
Generation 220 | Best fitness (Train): 66867.05 | Best fitness in generation (Train): 66867.05 | Mean fitness (Train): 66751.05 | Mean fitness (Test): 66867.05
Generation 230 | Best fitness (Train): 66867.05 | Best fitness in generation (Train): 66867.05 | Mean fitness (Train): 66664.17 | Mean fitness (Test): 66867.05
Generation 240 | Best fitness (Train): 66867.05 | Best fitness in generation (Train): 66867.05 | Mean fitness (Train): 66717.47 | Mean fitness (Test): 66867.05
Generation 250 | Best fitness (Train): 66867.05 | Best fitness in generation (Train): 66867.05 | Mean fitness (Train): 66587.94 | Mean fitness (Test): 66867.05
Generation 260 | Best fitness (Train): 66867.05 | Best fitness in generation (Train): 66867.05 | Mean fitness (Train): 66099.22 | Mean fitness (Test): 66867.05
Generation 270 | Best fitness (Train): 66867.05 | Best fitness in generation (Train): 66867.05 | Mean fitness (Train): 66826.64 | Mean fitness (Test): 66867.05
Generation 280 | Best fitness (Train): 66867.05 | Best fitness in generation (Train): 66867.05 | Mean fitness (Train): 66565.00 | Mean fitness (Test): 66867.05
Generation 290 | Best fitness (Train): 66867.05 | Best fitness in generation (Train): 66867.05 | Mean fitness (Train): 66597.56 | Mean fitness (Test): 66867.05
Generation 300 | Best fitness (Train): 66867.05 | Best fitness in generation (Train): 66867.05 | Mean fitness (Train): 65851.84 | Mean fitness (Test): 66867.05
Generation 310 | Best fitness (Train): 66867.05 | Best fitness in generation (Train): 66867.05 | Mean fitness (Train): 66696.28 | Mean fitness (Test): 66867.05
Generation 320 | Best fitness (Train): 66867.05 | Best fitness in generation (Train): 66867.05 | Mean fitness (Train): 66867.05 | Mean fitness (Test): 66867.05
Generation 330 | Best fitness (Train): 66867.05 | Best fitness in generation (Train): 66867.05 | Mean fitness (Train): 66561.14 | Mean fitness (Test): 66867.05
Generation 340 | Best fitness (Train): 66867.05 | Best fitness in generation (Train): 66867.05 | Mean fitness (Train): 66362.70 | Mean fitness (Test): 66867.05
Generation 350 | Best fitness (Train): 66867.05 | Best fitness in generation (Train): 66867.05 | Mean fitness (Train): 66351.62 | Mean fitness (Test): 66867.05
Generation 360 | Best fitness (Train): 66867.05 | Best fitness in generation (Train): 66867.05 | Mean fitness (Train): 66867.05 | Mean fitness (Test): 66867.05
Generation 370 | Best fitness (Train): 66867.05 | Best fitness in generation (Train): 66867.05 | Mean fitness (Train): 66864.80 | Mean fitness (Test): 66867.05
Generation 380 | Best fitness (Train): 66867.05 | Best fitness in generation (Train): 66867.05 | Mean fitness (Train): 66571.14 | Mean fitness (Test): 66867.05
Generation 390 | Best fitness (Train): 66867.05 | Best fitness in generation (Train): 66867.05 | Mean fitness (Train): 66635.64 | Mean fitness (Test): 66867.05
Generation 400 | Best fitness (Train): 66867.05 | Best fitness in generation (Train): 66867.05 | Mean fitness (Train): 66867.05 | Mean fitness (Test): 66867.05
Generation 410 | Best fitness (Train): 66867.05 | Best fitness in generation (Train): 66867.05 | Mean fitness (Train): 66866.30 | Mean fitness (Test): 66867.05
Generation 420 | Best fitness (Train): 66867.05 | Best fitness in generation (Train): 66867.05 | Mean fitness (Train): 66867.05 | Mean fitness (Test): 66867.05
Generation 430 | Best fitness (Train): 66867.05 | Best fitness in generation (Train): 66867.05 | Mean fitness (Train): 66867.05 | Mean fitness (Test): 66867.05
Generation 440 | Best fitness (Train): 66867.05 | Best fitness in generation (Train): 66867.05 | Mean fitness (Train): 66867.05 | Mean fitness (Test): 66867.05
Generation 450 | Best fitness (Train): 66867.05 | Best fitness in generation (Train): 66867.05 | Mean fitness (Train): 66867.05 | Mean fitness (Test): 66867.05
Generation 460 | Best fitness (Train): 66867.05 | Best fitness in generation (Train): 66867.05 | Mean fitness (Train): 66605.86 | Mean fitness (Test): 66867.05
Generation 470 | Best fitness (Train): 66867.05 | Best fitness in generation (Train): 66867.05 | Mean fitness (Train): 66719.52 | Mean fitness (Test): 66867.05
Generation 480 | Best fitness (Train): 66867.05 | Best fitness in generation (Train): 66867.05 | Mean fitness (Train): 66867.05 | Mean fitness (Test): 66867.05
Generation 490 | Best fitness (Train): 66867.05 | Best fitness in generation (Train): 66867.05 | Mean fitness (Train): 66615.72 | Mean fitness (Test): 66867.05
Generation 500 | Best fitness (Train): 66867.05 | Best fitness in generation (Train): 66867.05 | Mean fitness (Train): 66857.53 | Mean fitness (Test): 66867.05
Generation 510 | Best fitness (Train): 66867.05 | Best fitness in generation (Train): 66867.05 | Mean fitness (Train): 66605.86 | Mean fitness (Test): 66867.05
Generation 520 | Best fitness (Train): 66867.05 | Best fitness in generation (Train): 66867.05 | Mean fitness (Train): 66867.05 | Mean fitness (Test): 66867.05
Generation 530 | Best fitness (Train): 66867.05 | Best fitness in generation (Train): 66867.05 | Mean fitness (Train): 66865.47 | Mean fitness (Test): 66867.05
Generation 540 | Best fitness (Train): 66867.05 | Best fitness in generation (Train): 66867.05 | Mean fitness (Train): 66867.05 | Mean fitness (Test): 66867.05
Generation 550 | Best fitness (Train): 66867.05 | Best fitness in generation (Train): 66867.05 | Mean fitness (Train): 66859.48 | Mean fitness (Test): 66867.05
Generation 560 | Best fitness (Train): 66867.05 | Best fitness in generation (Train): 66867.05 | Mean fitness (Train): 66867.05 | Mean fitness (Test): 66867.05
Generation 570 | Best fitness (Train): 66867.05 | Best fitness in generation (Train): 66867.05 | Mean fitness (Train): 66867.03 | Mean fitness (Test): 66867.05
Generation 580 | Best fitness (Train): 66867.05 | Best fitness in generation (Train): 66867.05 | Mean fitness (Train): 66867.05 | Mean fitness (Test): 66867.05
Generation 590 | Best fitness (Train): 66867.05 | Best fitness in generation (Train): 66867.05 | Mean fitness (Train): 66866.42 | Mean fitness (Test): 66867.05
Generation 600 | Best fitness (Train): 66867.05 | Best fitness in generation (Train): 66867.05 | Mean fitness (Train): 66605.86 | Mean fitness (Test): 66867.05
Generation 610 | Best fitness (Train): 66867.05 | Best fitness in generation (Train): 66867.05 | Mean fitness (Train): 66777.12 | Mean fitness (Test): 66867.05
Generation 620 | Best fitness (Train): 66867.05 | Best fitness in generation (Train): 66867.05 | Mean fitness (Train): 66867.05 | Mean fitness (Test): 66867.05
Generation 630 | Best fitness (Train): 66867.05 | Best fitness in generation (Train): 66867.05 | Mean fitness (Train): 66867.05 | Mean fitness (Test): 66867.05
Generation 640 | Best fitness (Train): 66867.05 | Best fitness in generation (Train): 66867.05 | Mean fitness (Train): 66867.05 | Mean fitness (Test): 66867.05
Generation 650 | Best fitness (Train): 66867.05 | Best fitness in generation (Train): 66867.05 | Mean fitness (Train): 66867.05 | Mean fitness (Test): 66867.05
Generation 660 | Best fitness (Train): 66867.05 | Best fitness in generation (Train): 66867.05 | Mean fitness (Train): 66804.31 | Mean fitness (Test): 66867.05
Generation 670 | Best fitness (Train): 66867.05 | Best fitness in generation (Train): 66867.05 | Mean fitness (Train): 66867.05 | Mean fitness (Test): 66867.05
Generation 680 | Best fitness (Train): 66867.05 | Best fitness in generation (Train): 66867.05 | Mean fitness (Train): 66867.05 | Mean fitness (Test): 66867.05
Generation 690 | Best fitness (Train): 66867.05 | Best fitness in generation (Train): 66867.05 | Mean fitness (Train): 66866.94 | Mean fitness (Test): 66867.05
Generation 700 | Best fitness (Train): 66867.05 | Best fitness in generation (Train): 66867.05 | Mean fitness (Train): 66867.05 | Mean fitness (Test): 66867.05
Generation 710 | Best fitness (Train): 66867.05 | Best fitness in generation (Train): 66867.05 | Mean fitness (Train): 66867.05 | Mean fitness (Test): 66867.05
Generation 720 | Best fitness (Train): 66867.05 | Best fitness in generation (Train): 66867.05 | Mean fitness (Train): 66867.05 | Mean fitness (Test): 66867.05
Generation 730 | Best fitness (Train): 66867.05 | Best fitness in generation (Train): 66867.05 | Mean fitness (Train): 66867.05 | Mean fitness (Test): 66867.05
Generation 740 | Best fitness (Train): 66867.05 | Best fitness in generation (Train): 66867.05 | Mean fitness (Train): 66605.86 | Mean fitness (Test): 66867.05
Generation 750 | Best fitness (Train): 66867.05 | Best fitness in generation (Train): 66867.05 | Mean fitness (Train): 66863.15 | Mean fitness (Test): 66867.05
Generation 760 | Best fitness (Train): 66867.05 | Best fitness in generation (Train): 66867.05 | Mean fitness (Train): 66867.05 | Mean fitness (Test): 66867.05
Generation 770 | Best fitness (Train): 66867.05 | Best fitness in generation (Train): 66867.05 | Mean fitness (Train): 66866.97 | Mean fitness (Test): 66867.05
Generation 780 | Best fitness (Train): 66867.05 | Best fitness in generation (Train): 66867.05 | Mean fitness (Train): 66867.05 | Mean fitness (Test): 66867.05
Generation 790 | Best fitness (Train): 66867.05 | Best fitness in generation (Train): 66867.05 | Mean fitness (Train): 66867.05 | Mean fitness (Test): 66867.05
Generation 800 | Best fitness (Train): 66867.05 | Best fitness in generation (Train): 66867.05 | Mean fitness (Train): 66867.05 | Mean fitness (Test): 66867.05
Generation 810 | Best fitness (Train): 66867.05 | Best fitness in generation (Train): 66867.05 | Mean fitness (Train): 66867.05 | Mean fitness (Test): 66867.05
Generation 820 | Best fitness (Train): 66867.05 | Best fitness in generation (Train): 66867.05 | Mean fitness (Train): 66863.58 | Mean fitness (Test): 66867.05
Generation 830 | Best fitness (Train): 66867.05 | Best fitness in generation (Train): 66867.05 | Mean fitness (Train): 66867.05 | Mean fitness (Test): 66867.05
Generation 840 | Best fitness (Train): 66867.05 | Best fitness in generation (Train): 66867.05 | Mean fitness (Train): 66867.05 | Mean fitness (Test): 66867.05
Generation 850 | Best fitness (Train): 66867.05 | Best fitness in generation (Train): 66867.05 | Mean fitness (Train): 66866.42 | Mean fitness (Test): 66867.05
Generation 860 | Best fitness (Train): 66867.05 | Best fitness in generation (Train): 66867.05 | Mean fitness (Train): 66867.05 | Mean fitness (Test): 66867.05
Generation 870 | Best fitness (Train): 66867.05 | Best fitness in generation (Train): 66867.05 | Mean fitness (Train): 66867.05 | Mean fitness (Test): 66867.05
Generation 880 | Best fitness (Train): 66867.05 | Best fitness in generation (Train): 66867.05 | Mean fitness (Train): 66518.54 | Mean fitness (Test): 66867.05
Generation 890 | Best fitness (Train): 66867.05 | Best fitness in generation (Train): 66867.05 | Mean fitness (Train): 66867.05 | Mean fitness (Test): 66867.05
Generation 900 | Best fitness (Train): 66867.05 | Best fitness in generation (Train): 66867.05 | Mean fitness (Train): 66867.05 | Mean fitness (Test): 66867.05
Generation 910 | Best fitness (Train): 66867.05 | Best fitness in generation (Train): 66867.05 | Mean fitness (Train): 66867.05 | Mean fitness (Test): 66867.05
Generation 920 | Best fitness (Train): 66867.05 | Best fitness in generation (Train): 66867.05 | Mean fitness (Train): 66605.86 | Mean fitness (Test): 66867.05
Generation 930 | Best fitness (Train): 66867.05 | Best fitness in generation (Train): 66867.05 | Mean fitness (Train): 66867.05 | Mean fitness (Test): 66867.05
Generation 940 | Best fitness (Train): 66867.05 | Best fitness in generation (Train): 66867.05 | Mean fitness (Train): 66867.05 | Mean fitness (Test): 66867.05
Generation 950 | Best fitness (Train): 66867.05 | Best fitness in generation (Train): 66867.05 | Mean fitness (Train): 66867.05 | Mean fitness (Test): 66867.05
Generation 960 | Best fitness (Train): 66867.05 | Best fitness in generation (Train): 66867.05 | Mean fitness (Train): 66867.05 | Mean fitness (Test): 66867.05
Generation 970 | Best fitness (Train): 66867.05 | Best fitness in generation (Train): 66867.05 | Mean fitness (Train): 66863.66 | Mean fitness (Test): 66867.05
Generation 980 | Best fitness (Train): 66867.05 | Best fitness in generation (Train): 66867.05 | Mean fitness (Train): 66866.92 | Mean fitness (Test): 66867.05
Generation 990 | Best fitness (Train): 66867.05 | Best fitness in generation (Train): 66867.05 | Mean fitness (Train): 66867.05 | Mean fitness (Test): 66867.05
Generation 1000 | Best fitness (Train): 66867.05 | Best fitness in generation (Train): 66867.05 | Mean fitness (Train): 66867.05 | Mean fitness (Test): 66867.05
Failed to generate visualization: 'Fast' object has no attribute 'sys'
running the experiment ... [../../results/BraxProblem/fast/Open_ES/2]
Generation 010 | Best fitness (Train): 66867.05 | Best fitness in generation (Train): 66867.05 | Mean fitness (Train): 21389.24 | Mean fitness (Test): 66867.05
Generation 020 | Best fitness (Train): 66867.05 | Best fitness in generation (Train): 66867.05 | Mean fitness (Train): 20866.89 | Mean fitness (Test): 66867.05
Generation 030 | Best fitness (Train): 66867.05 | Best fitness in generation (Train): 66867.05 | Mean fitness (Train): 25828.06 | Mean fitness (Test): 66867.05
Generation 040 | Best fitness (Train): 66867.05 | Best fitness in generation (Train): 66867.05 | Mean fitness (Train): 29888.87 | Mean fitness (Test): 66867.05
Generation 050 | Best fitness (Train): 66867.05 | Best fitness in generation (Train): 66867.05 | Mean fitness (Train): 34254.88 | Mean fitness (Test): 66866.68
Generation 060 | Best fitness (Train): 66867.05 | Best fitness in generation (Train): 66867.05 | Mean fitness (Train): 41407.41 | Mean fitness (Test): 66867.05
Generation 070 | Best fitness (Train): 66867.05 | Best fitness in generation (Train): 66867.05 | Mean fitness (Train): 47209.32 | Mean fitness (Test): 66867.05
Generation 080 | Best fitness (Train): 66867.05 | Best fitness in generation (Train): 66867.05 | Mean fitness (Train): 46318.28 | Mean fitness (Test): 66867.05
Generation 090 | Best fitness (Train): 66867.05 | Best fitness in generation (Train): 66867.05 | Mean fitness (Train): 56272.32 | Mean fitness (Test): 66867.05
Generation 100 | Best fitness (Train): 66867.05 | Best fitness in generation (Train): 66867.05 | Mean fitness (Train): 58765.39 | Mean fitness (Test): 66867.05
Generation 110 | Best fitness (Train): 66867.05 | Best fitness in generation (Train): 66867.05 | Mean fitness (Train): 61062.77 | Mean fitness (Test): 66867.05
Generation 120 | Best fitness (Train): 66867.05 | Best fitness in generation (Train): 66867.05 | Mean fitness (Train): 63473.97 | Mean fitness (Test): 66867.05
Generation 130 | Best fitness (Train): 66867.05 | Best fitness in generation (Train): 66867.05 | Mean fitness (Train): 64767.31 | Mean fitness (Test): 66867.05
Generation 140 | Best fitness (Train): 66867.05 | Best fitness in generation (Train): 66867.05 | Mean fitness (Train): 65498.48 | Mean fitness (Test): 66867.05
Generation 150 | Best fitness (Train): 66867.05 | Best fitness in generation (Train): 66867.05 | Mean fitness (Train): 66132.02 | Mean fitness (Test): 66867.05
Generation 160 | Best fitness (Train): 66867.05 | Best fitness in generation (Train): 66867.05 | Mean fitness (Train): 65578.27 | Mean fitness (Test): 66867.05
Generation 170 | Best fitness (Train): 66867.05 | Best fitness in generation (Train): 66867.05 | Mean fitness (Train): 65644.88 | Mean fitness (Test): 66867.05
Generation 180 | Best fitness (Train): 66867.05 | Best fitness in generation (Train): 66867.05 | Mean fitness (Train): 66171.38 | Mean fitness (Test): 66867.05
Generation 190 | Best fitness (Train): 66867.05 | Best fitness in generation (Train): 66867.05 | Mean fitness (Train): 66163.52 | Mean fitness (Test): 66867.05
Generation 200 | Best fitness (Train): 66867.05 | Best fitness in generation (Train): 66867.05 | Mean fitness (Train): 66749.05 | Mean fitness (Test): 66867.05
Generation 210 | Best fitness (Train): 66867.05 | Best fitness in generation (Train): 66867.05 | Mean fitness (Train): 66602.48 | Mean fitness (Test): 66867.05
Generation 220 | Best fitness (Train): 66867.05 | Best fitness in generation (Train): 66867.05 | Mean fitness (Train): 66604.17 | Mean fitness (Test): 66867.05
Generation 230 | Best fitness (Train): 66867.05 | Best fitness in generation (Train): 66867.05 | Mean fitness (Train): 66502.48 | Mean fitness (Test): 66867.05
Generation 240 | Best fitness (Train): 66867.05 | Best fitness in generation (Train): 66867.05 | Mean fitness (Train): 66865.49 | Mean fitness (Test): 66867.05
Generation 250 | Best fitness (Train): 66867.05 | Best fitness in generation (Train): 66867.05 | Mean fitness (Train): 66479.95 | Mean fitness (Test): 66867.05
Generation 260 | Best fitness (Train): 66867.05 | Best fitness in generation (Train): 66867.05 | Mean fitness (Train): 66605.83 | Mean fitness (Test): 66867.05
Generation 270 | Best fitness (Train): 66867.05 | Best fitness in generation (Train): 66867.05 | Mean fitness (Train): 66651.24 | Mean fitness (Test): 66867.05
Generation 280 | Best fitness (Train): 66867.05 | Best fitness in generation (Train): 66867.05 | Mean fitness (Train): 66344.41 | Mean fitness (Test): 66867.05
Generation 290 | Best fitness (Train): 66867.05 | Best fitness in generation (Train): 66867.05 | Mean fitness (Train): 66867.05 | Mean fitness (Test): 66867.05
Generation 300 | Best fitness (Train): 66867.05 | Best fitness in generation (Train): 66867.05 | Mean fitness (Train): 66598.37 | Mean fitness (Test): 66867.05
Generation 310 | Best fitness (Train): 66867.05 | Best fitness in generation (Train): 66867.05 | Mean fitness (Train): 66867.05 | Mean fitness (Test): 66867.05
Generation 320 | Best fitness (Train): 66867.05 | Best fitness in generation (Train): 66867.05 | Mean fitness (Train): 66571.62 | Mean fitness (Test): 66867.05
Generation 330 | Best fitness (Train): 66867.05 | Best fitness in generation (Train): 66867.05 | Mean fitness (Train): 66427.16 | Mean fitness (Test): 66867.05
Generation 340 | Best fitness (Train): 66867.05 | Best fitness in generation (Train): 66867.05 | Mean fitness (Train): 66866.40 | Mean fitness (Test): 66867.05
Generation 350 | Best fitness (Train): 66867.05 | Best fitness in generation (Train): 66867.05 | Mean fitness (Train): 66867.05 | Mean fitness (Test): 66867.05
Generation 360 | Best fitness (Train): 66867.05 | Best fitness in generation (Train): 66867.05 | Mean fitness (Train): 66867.05 | Mean fitness (Test): 66867.05
Generation 370 | Best fitness (Train): 66867.05 | Best fitness in generation (Train): 66867.05 | Mean fitness (Train): 66858.27 | Mean fitness (Test): 66867.05
Generation 380 | Best fitness (Train): 66867.05 | Best fitness in generation (Train): 66867.05 | Mean fitness (Train): 66636.23 | Mean fitness (Test): 66867.05
Generation 390 | Best fitness (Train): 66867.05 | Best fitness in generation (Train): 66867.05 | Mean fitness (Train): 66867.05 | Mean fitness (Test): 66867.05
Generation 400 | Best fitness (Train): 66867.05 | Best fitness in generation (Train): 66867.05 | Mean fitness (Train): 66867.05 | Mean fitness (Test): 66867.05
Generation 410 | Best fitness (Train): 66867.05 | Best fitness in generation (Train): 66867.05 | Mean fitness (Train): 66867.05 | Mean fitness (Test): 66867.05
Generation 420 | Best fitness (Train): 66867.05 | Best fitness in generation (Train): 66867.05 | Mean fitness (Train): 66605.86 | Mean fitness (Test): 66867.05
Generation 430 | Best fitness (Train): 66867.05 | Best fitness in generation (Train): 66867.05 | Mean fitness (Train): 66867.05 | Mean fitness (Test): 66867.05
Generation 440 | Best fitness (Train): 66867.05 | Best fitness in generation (Train): 66867.05 | Mean fitness (Train): 66842.27 | Mean fitness (Test): 66867.05
Generation 450 | Best fitness (Train): 66867.05 | Best fitness in generation (Train): 66867.05 | Mean fitness (Train): 66866.59 | Mean fitness (Test): 66867.05
Generation 460 | Best fitness (Train): 66867.05 | Best fitness in generation (Train): 66867.05 | Mean fitness (Train): 66866.98 | Mean fitness (Test): 66867.05
Generation 470 | Best fitness (Train): 66867.05 | Best fitness in generation (Train): 66867.05 | Mean fitness (Train): 66867.05 | Mean fitness (Test): 66867.05
Generation 480 | Best fitness (Train): 66867.05 | Best fitness in generation (Train): 66867.05 | Mean fitness (Train): 66867.05 | Mean fitness (Test): 66867.05
Generation 490 | Best fitness (Train): 66867.05 | Best fitness in generation (Train): 66867.05 | Mean fitness (Train): 66867.03 | Mean fitness (Test): 66867.05
Generation 500 | Best fitness (Train): 66867.05 | Best fitness in generation (Train): 66867.05 | Mean fitness (Train): 66867.05 | Mean fitness (Test): 66867.05
Generation 510 | Best fitness (Train): 66867.05 | Best fitness in generation (Train): 66867.05 | Mean fitness (Train): 66867.05 | Mean fitness (Test): 66867.05
Generation 520 | Best fitness (Train): 66867.05 | Best fitness in generation (Train): 66867.05 | Mean fitness (Train): 66867.00 | Mean fitness (Test): 66867.05
Generation 530 | Best fitness (Train): 66867.05 | Best fitness in generation (Train): 66867.05 | Mean fitness (Train): 66866.63 | Mean fitness (Test): 66867.05
Generation 540 | Best fitness (Train): 66867.05 | Best fitness in generation (Train): 66867.05 | Mean fitness (Train): 66867.05 | Mean fitness (Test): 66867.05
Generation 550 | Best fitness (Train): 66867.05 | Best fitness in generation (Train): 66867.05 | Mean fitness (Train): 66867.05 | Mean fitness (Test): 66867.05
Generation 560 | Best fitness (Train): 66867.05 | Best fitness in generation (Train): 66867.05 | Mean fitness (Train): 66867.05 | Mean fitness (Test): 66867.05
Generation 570 | Best fitness (Train): 66867.05 | Best fitness in generation (Train): 66867.05 | Mean fitness (Train): 66605.86 | Mean fitness (Test): 66867.05
Generation 580 | Best fitness (Train): 66867.05 | Best fitness in generation (Train): 66867.05 | Mean fitness (Train): 66867.05 | Mean fitness (Test): 66867.05
Generation 590 | Best fitness (Train): 66867.05 | Best fitness in generation (Train): 66867.05 | Mean fitness (Train): 66867.05 | Mean fitness (Test): 66867.05
Generation 600 | Best fitness (Train): 66867.05 | Best fitness in generation (Train): 66867.05 | Mean fitness (Train): 66867.05 | Mean fitness (Test): 66867.05
Generation 610 | Best fitness (Train): 66867.05 | Best fitness in generation (Train): 66867.05 | Mean fitness (Train): 66867.05 | Mean fitness (Test): 66867.05
Generation 620 | Best fitness (Train): 66867.05 | Best fitness in generation (Train): 66867.05 | Mean fitness (Train): 66867.05 | Mean fitness (Test): 66867.05
Generation 630 | Best fitness (Train): 66867.05 | Best fitness in generation (Train): 66867.05 | Mean fitness (Train): 66867.05 | Mean fitness (Test): 66867.05
Generation 640 | Best fitness (Train): 66867.05 | Best fitness in generation (Train): 66867.05 | Mean fitness (Train): 66867.05 | Mean fitness (Test): 66867.05
Generation 650 | Best fitness (Train): 66867.05 | Best fitness in generation (Train): 66867.05 | Mean fitness (Train): 66867.05 | Mean fitness (Test): 66867.05
Generation 660 | Best fitness (Train): 66867.05 | Best fitness in generation (Train): 66867.05 | Mean fitness (Train): 66867.05 | Mean fitness (Test): 66867.05
Generation 670 | Best fitness (Train): 66867.05 | Best fitness in generation (Train): 66867.05 | Mean fitness (Train): 66605.86 | Mean fitness (Test): 66867.05
Generation 680 | Best fitness (Train): 66867.05 | Best fitness in generation (Train): 66867.05 | Mean fitness (Train): 66867.05 | Mean fitness (Test): 66867.05
Generation 690 | Best fitness (Train): 66867.05 | Best fitness in generation (Train): 66867.05 | Mean fitness (Train): 66867.05 | Mean fitness (Test): 66867.05
Generation 700 | Best fitness (Train): 66867.05 | Best fitness in generation (Train): 66867.05 | Mean fitness (Train): 66867.05 | Mean fitness (Test): 66867.05
Generation 710 | Best fitness (Train): 66867.05 | Best fitness in generation (Train): 66867.05 | Mean fitness (Train): 66867.05 | Mean fitness (Test): 66867.05
Generation 720 | Best fitness (Train): 66867.05 | Best fitness in generation (Train): 66867.05 | Mean fitness (Train): 66867.05 | Mean fitness (Test): 66867.05
Generation 730 | Best fitness (Train): 66867.05 | Best fitness in generation (Train): 66867.05 | Mean fitness (Train): 66867.05 | Mean fitness (Test): 66867.05
Generation 740 | Best fitness (Train): 66867.05 | Best fitness in generation (Train): 66867.05 | Mean fitness (Train): 66867.05 | Mean fitness (Test): 66867.05
Generation 750 | Best fitness (Train): 66867.05 | Best fitness in generation (Train): 66867.05 | Mean fitness (Train): 66867.05 | Mean fitness (Test): 66867.05
Generation 760 | Best fitness (Train): 66867.05 | Best fitness in generation (Train): 66867.05 | Mean fitness (Train): 66867.05 | Mean fitness (Test): 66867.05
Generation 770 | Best fitness (Train): 66867.05 | Best fitness in generation (Train): 66867.05 | Mean fitness (Train): 66694.50 | Mean fitness (Test): 66867.05
Generation 780 | Best fitness (Train): 66867.05 | Best fitness in generation (Train): 66867.05 | Mean fitness (Train): 66867.00 | Mean fitness (Test): 66867.05
Generation 790 | Best fitness (Train): 66867.05 | Best fitness in generation (Train): 66867.05 | Mean fitness (Train): 66867.05 | Mean fitness (Test): 66867.05
Generation 800 | Best fitness (Train): 66867.05 | Best fitness in generation (Train): 66867.05 | Mean fitness (Train): 66867.05 | Mean fitness (Test): 66867.05
Generation 810 | Best fitness (Train): 66867.05 | Best fitness in generation (Train): 66867.05 | Mean fitness (Train): 66867.05 | Mean fitness (Test): 66867.05
Generation 820 | Best fitness (Train): 66867.05 | Best fitness in generation (Train): 66867.05 | Mean fitness (Train): 66867.05 | Mean fitness (Test): 66867.05
Generation 830 | Best fitness (Train): 66867.05 | Best fitness in generation (Train): 66867.05 | Mean fitness (Train): 66867.05 | Mean fitness (Test): 66867.05
Generation 840 | Best fitness (Train): 66867.05 | Best fitness in generation (Train): 66867.05 | Mean fitness (Train): 66867.05 | Mean fitness (Test): 66867.05
Generation 850 | Best fitness (Train): 66867.05 | Best fitness in generation (Train): 66867.05 | Mean fitness (Train): 66867.05 | Mean fitness (Test): 66867.05
Generation 860 | Best fitness (Train): 66867.05 | Best fitness in generation (Train): 66867.05 | Mean fitness (Train): 66867.05 | Mean fitness (Test): 66867.05
Generation 870 | Best fitness (Train): 66867.05 | Best fitness in generation (Train): 66867.05 | Mean fitness (Train): 66867.05 | Mean fitness (Test): 66867.05
Generation 880 | Best fitness (Train): 66867.05 | Best fitness in generation (Train): 66867.05 | Mean fitness (Train): 66867.05 | Mean fitness (Test): 66867.05
Generation 890 | Best fitness (Train): 66867.05 | Best fitness in generation (Train): 66867.05 | Mean fitness (Train): 66867.05 | Mean fitness (Test): 66867.05
Generation 900 | Best fitness (Train): 66867.05 | Best fitness in generation (Train): 66867.05 | Mean fitness (Train): 66867.05 | Mean fitness (Test): 66867.05
Generation 910 | Best fitness (Train): 66867.05 | Best fitness in generation (Train): 66867.05 | Mean fitness (Train): 66867.05 | Mean fitness (Test): 66867.05
Generation 920 | Best fitness (Train): 66867.05 | Best fitness in generation (Train): 66867.05 | Mean fitness (Train): 66867.05 | Mean fitness (Test): 66867.05
Generation 930 | Best fitness (Train): 66867.05 | Best fitness in generation (Train): 66867.05 | Mean fitness (Train): 66867.05 | Mean fitness (Test): 66867.05
Generation 940 | Best fitness (Train): 66867.05 | Best fitness in generation (Train): 66867.05 | Mean fitness (Train): 66867.05 | Mean fitness (Test): 66867.05
Generation 950 | Best fitness (Train): 66867.05 | Best fitness in generation (Train): 66867.05 | Mean fitness (Train): 66867.05 | Mean fitness (Test): 66867.05
Generation 960 | Best fitness (Train): 66867.05 | Best fitness in generation (Train): 66867.05 | Mean fitness (Train): 66867.05 | Mean fitness (Test): 66867.05
Generation 970 | Best fitness (Train): 66867.05 | Best fitness in generation (Train): 66867.05 | Mean fitness (Train): 66867.05 | Mean fitness (Test): 66867.05
Generation 980 | Best fitness (Train): 66867.05 | Best fitness in generation (Train): 66867.05 | Mean fitness (Train): 66867.05 | Mean fitness (Test): 66867.05
Generation 990 | Best fitness (Train): 66867.05 | Best fitness in generation (Train): 66867.05 | Mean fitness (Train): 66867.05 | Mean fitness (Test): 66867.05
Generation 1000 | Best fitness (Train): 66867.05 | Best fitness in generation (Train): 66867.05 | Mean fitness (Train): 66867.05 | Mean fitness (Test): 66867.05
Failed to generate visualization: 'Fast' object has no attribute 'sys'
running the experiment ... [../../results/BraxProblem/fast/Open_ES/3]
Generation 010 | Best fitness (Train): 66867.05 | Best fitness in generation (Train): 66867.05 | Mean fitness (Train): 19563.81 | Mean fitness (Test): 66867.05
Generation 020 | Best fitness (Train): 66867.05 | Best fitness in generation (Train): 66867.05 | Mean fitness (Train): 22821.45 | Mean fitness (Test): 66867.05
Generation 030 | Best fitness (Train): 66867.05 | Best fitness in generation (Train): 66867.05 | Mean fitness (Train): 25383.06 | Mean fitness (Test): 66867.05
Generation 040 | Best fitness (Train): 66867.05 | Best fitness in generation (Train): 66867.05 | Mean fitness (Train): 26307.80 | Mean fitness (Test): 66867.05
Generation 050 | Best fitness (Train): 66867.05 | Best fitness in generation (Train): 66867.05 | Mean fitness (Train): 29684.88 | Mean fitness (Test): 66867.05
Generation 060 | Best fitness (Train): 66867.05 | Best fitness in generation (Train): 66867.05 | Mean fitness (Train): 36814.51 | Mean fitness (Test): 66867.05
Generation 070 | Best fitness (Train): 66867.05 | Best fitness in generation (Train): 66867.05 | Mean fitness (Train): 40633.81 | Mean fitness (Test): 66867.05
Generation 080 | Best fitness (Train): 66867.05 | Best fitness in generation (Train): 66867.05 | Mean fitness (Train): 47078.40 | Mean fitness (Test): 66867.05
Generation 090 | Best fitness (Train): 66867.05 | Best fitness in generation (Train): 66867.05 | Mean fitness (Train): 51682.80 | Mean fitness (Test): 66867.05
Generation 100 | Best fitness (Train): 66867.05 | Best fitness in generation (Train): 66867.05 | Mean fitness (Train): 54709.33 | Mean fitness (Test): 66867.05
Generation 110 | Best fitness (Train): 66867.05 | Best fitness in generation (Train): 66867.05 | Mean fitness (Train): 59949.00 | Mean fitness (Test): 66867.05
Generation 120 | Best fitness (Train): 66867.05 | Best fitness in generation (Train): 66867.05 | Mean fitness (Train): 61439.86 | Mean fitness (Test): 66867.05
Generation 130 | Best fitness (Train): 66867.05 | Best fitness in generation (Train): 66867.05 | Mean fitness (Train): 64477.06 | Mean fitness (Test): 66867.05
Generation 140 | Best fitness (Train): 66867.05 | Best fitness in generation (Train): 66867.05 | Mean fitness (Train): 65602.16 | Mean fitness (Test): 66867.05
Generation 150 | Best fitness (Train): 66867.05 | Best fitness in generation (Train): 66867.05 | Mean fitness (Train): 65525.60 | Mean fitness (Test): 66867.05
Generation 160 | Best fitness (Train): 66867.05 | Best fitness in generation (Train): 66867.05 | Mean fitness (Train): 66208.02 | Mean fitness (Test): 66867.05
Generation 170 | Best fitness (Train): 66867.05 | Best fitness in generation (Train): 66867.05 | Mean fitness (Train): 66280.06 | Mean fitness (Test): 66867.05
Generation 180 | Best fitness (Train): 66867.05 | Best fitness in generation (Train): 66867.05 | Mean fitness (Train): 66700.83 | Mean fitness (Test): 66867.05
Generation 190 | Best fitness (Train): 66867.05 | Best fitness in generation (Train): 66867.05 | Mean fitness (Train): 66780.12 | Mean fitness (Test): 66867.05
Generation 200 | Best fitness (Train): 66867.05 | Best fitness in generation (Train): 66867.05 | Mean fitness (Train): 66573.39 | Mean fitness (Test): 66867.05
Generation 210 | Best fitness (Train): 66867.05 | Best fitness in generation (Train): 66867.05 | Mean fitness (Train): 66074.38 | Mean fitness (Test): 66867.05
Generation 220 | Best fitness (Train): 66867.05 | Best fitness in generation (Train): 66867.05 | Mean fitness (Train): 66842.05 | Mean fitness (Test): 66867.05
Generation 230 | Best fitness (Train): 66867.05 | Best fitness in generation (Train): 66867.05 | Mean fitness (Train): 66214.18 | Mean fitness (Test): 66867.05
Generation 240 | Best fitness (Train): 66867.05 | Best fitness in generation (Train): 66867.05 | Mean fitness (Train): 66508.07 | Mean fitness (Test): 66867.05
Generation 250 | Best fitness (Train): 66867.05 | Best fitness in generation (Train): 66867.05 | Mean fitness (Train): 66605.86 | Mean fitness (Test): 66867.05
Generation 260 | Best fitness (Train): 66867.05 | Best fitness in generation (Train): 66867.05 | Mean fitness (Train): 66858.03 | Mean fitness (Test): 66867.05
Generation 270 | Best fitness (Train): 66867.05 | Best fitness in generation (Train): 66867.05 | Mean fitness (Train): 66332.31 | Mean fitness (Test): 66867.05
Generation 280 | Best fitness (Train): 66867.05 | Best fitness in generation (Train): 66867.05 | Mean fitness (Train): 66605.86 | Mean fitness (Test): 66867.05
Generation 290 | Best fitness (Train): 66867.05 | Best fitness in generation (Train): 66867.05 | Mean fitness (Train): 66798.78 | Mean fitness (Test): 66867.05
Generation 300 | Best fitness (Train): 66867.05 | Best fitness in generation (Train): 66867.05 | Mean fitness (Train): 66867.05 | Mean fitness (Test): 66867.05
Generation 310 | Best fitness (Train): 66867.05 | Best fitness in generation (Train): 66867.05 | Mean fitness (Train): 66762.19 | Mean fitness (Test): 66867.05
Generation 320 | Best fitness (Train): 66867.05 | Best fitness in generation (Train): 66867.05 | Mean fitness (Train): 66605.59 | Mean fitness (Test): 66867.05
Generation 330 | Best fitness (Train): 66867.05 | Best fitness in generation (Train): 66867.05 | Mean fitness (Train): 66604.57 | Mean fitness (Test): 66867.05
Generation 340 | Best fitness (Train): 66867.05 | Best fitness in generation (Train): 66867.05 | Mean fitness (Train): 66866.97 | Mean fitness (Test): 66867.05
Generation 350 | Best fitness (Train): 66867.05 | Best fitness in generation (Train): 66867.05 | Mean fitness (Train): 66605.86 | Mean fitness (Test): 66867.05
Generation 360 | Best fitness (Train): 66867.05 | Best fitness in generation (Train): 66867.05 | Mean fitness (Train): 66866.70 | Mean fitness (Test): 66867.05
Generation 370 | Best fitness (Train): 66867.05 | Best fitness in generation (Train): 66867.05 | Mean fitness (Train): 66867.05 | Mean fitness (Test): 66867.05
Generation 380 | Best fitness (Train): 66867.05 | Best fitness in generation (Train): 66867.05 | Mean fitness (Train): 66605.86 | Mean fitness (Test): 66867.05
Generation 390 | Best fitness (Train): 66867.05 | Best fitness in generation (Train): 66867.05 | Mean fitness (Train): 66867.05 | Mean fitness (Test): 66867.05
Generation 400 | Best fitness (Train): 66867.05 | Best fitness in generation (Train): 66867.05 | Mean fitness (Train): 66344.66 | Mean fitness (Test): 66867.05
Generation 410 | Best fitness (Train): 66867.05 | Best fitness in generation (Train): 66867.05 | Mean fitness (Train): 66866.89 | Mean fitness (Test): 66867.05
Generation 420 | Best fitness (Train): 66867.05 | Best fitness in generation (Train): 66867.05 | Mean fitness (Train): 66867.05 | Mean fitness (Test): 66867.05
Generation 430 | Best fitness (Train): 66867.05 | Best fitness in generation (Train): 66867.05 | Mean fitness (Train): 66867.05 | Mean fitness (Test): 66867.05
Generation 440 | Best fitness (Train): 66867.05 | Best fitness in generation (Train): 66867.05 | Mean fitness (Train): 66605.86 | Mean fitness (Test): 66867.05
Generation 450 | Best fitness (Train): 66867.05 | Best fitness in generation (Train): 66867.05 | Mean fitness (Train): 66866.95 | Mean fitness (Test): 66867.05
Generation 460 | Best fitness (Train): 66867.05 | Best fitness in generation (Train): 66867.05 | Mean fitness (Train): 66867.02 | Mean fitness (Test): 66867.05
Generation 470 | Best fitness (Train): 66867.05 | Best fitness in generation (Train): 66867.05 | Mean fitness (Train): 66867.05 | Mean fitness (Test): 66867.05
Generation 480 | Best fitness (Train): 66867.05 | Best fitness in generation (Train): 66867.05 | Mean fitness (Train): 66867.05 | Mean fitness (Test): 66867.05
Generation 490 | Best fitness (Train): 66867.05 | Best fitness in generation (Train): 66867.05 | Mean fitness (Train): 66867.05 | Mean fitness (Test): 66867.05
Generation 500 | Best fitness (Train): 66867.05 | Best fitness in generation (Train): 66867.05 | Mean fitness (Train): 66867.05 | Mean fitness (Test): 66867.05
Generation 510 | Best fitness (Train): 66867.05 | Best fitness in generation (Train): 66867.05 | Mean fitness (Train): 66790.88 | Mean fitness (Test): 66867.05
Generation 520 | Best fitness (Train): 66867.05 | Best fitness in generation (Train): 66867.05 | Mean fitness (Train): 66867.05 | Mean fitness (Test): 66867.05
Generation 530 | Best fitness (Train): 66867.05 | Best fitness in generation (Train): 66867.05 | Mean fitness (Train): 66867.05 | Mean fitness (Test): 66867.05
Generation 540 | Best fitness (Train): 66867.05 | Best fitness in generation (Train): 66867.05 | Mean fitness (Train): 66605.86 | Mean fitness (Test): 66867.05
Generation 550 | Best fitness (Train): 66867.05 | Best fitness in generation (Train): 66867.05 | Mean fitness (Train): 66867.05 | Mean fitness (Test): 66867.05
Generation 560 | Best fitness (Train): 66867.05 | Best fitness in generation (Train): 66867.05 | Mean fitness (Train): 66867.05 | Mean fitness (Test): 66867.05
Generation 570 | Best fitness (Train): 66867.05 | Best fitness in generation (Train): 66867.05 | Mean fitness (Train): 66867.05 | Mean fitness (Test): 66867.05
Generation 580 | Best fitness (Train): 66867.05 | Best fitness in generation (Train): 66867.05 | Mean fitness (Train): 66867.05 | Mean fitness (Test): 66867.05
Generation 590 | Best fitness (Train): 66867.05 | Best fitness in generation (Train): 66867.05 | Mean fitness (Train): 66867.05 | Mean fitness (Test): 66867.05
Generation 600 | Best fitness (Train): 66867.05 | Best fitness in generation (Train): 66867.05 | Mean fitness (Train): 66867.05 | Mean fitness (Test): 66867.05
Generation 610 | Best fitness (Train): 66867.05 | Best fitness in generation (Train): 66867.05 | Mean fitness (Train): 66867.05 | Mean fitness (Test): 66867.05
Generation 620 | Best fitness (Train): 66867.05 | Best fitness in generation (Train): 66867.05 | Mean fitness (Train): 66866.75 | Mean fitness (Test): 66867.05
Generation 630 | Best fitness (Train): 66867.05 | Best fitness in generation (Train): 66867.05 | Mean fitness (Train): 66867.05 | Mean fitness (Test): 66867.05
Generation 640 | Best fitness (Train): 66867.05 | Best fitness in generation (Train): 66867.05 | Mean fitness (Train): 66867.05 | Mean fitness (Test): 66867.05
Generation 650 | Best fitness (Train): 66867.05 | Best fitness in generation (Train): 66867.05 | Mean fitness (Train): 66867.05 | Mean fitness (Test): 66867.05
Generation 660 | Best fitness (Train): 66867.05 | Best fitness in generation (Train): 66867.05 | Mean fitness (Train): 66867.05 | Mean fitness (Test): 66867.05
Generation 670 | Best fitness (Train): 66867.05 | Best fitness in generation (Train): 66867.05 | Mean fitness (Train): 66862.16 | Mean fitness (Test): 66867.05
Generation 680 | Best fitness (Train): 66867.05 | Best fitness in generation (Train): 66867.05 | Mean fitness (Train): 66867.05 | Mean fitness (Test): 66867.05
Generation 690 | Best fitness (Train): 66867.05 | Best fitness in generation (Train): 66867.05 | Mean fitness (Train): 66633.09 | Mean fitness (Test): 66867.05
Generation 700 | Best fitness (Train): 66867.05 | Best fitness in generation (Train): 66867.05 | Mean fitness (Train): 66866.70 | Mean fitness (Test): 66867.05
Generation 710 | Best fitness (Train): 66867.05 | Best fitness in generation (Train): 66867.05 | Mean fitness (Train): 66649.20 | Mean fitness (Test): 66867.05
Generation 720 | Best fitness (Train): 66867.05 | Best fitness in generation (Train): 66867.05 | Mean fitness (Train): 66828.39 | Mean fitness (Test): 66867.05
Generation 730 | Best fitness (Train): 66867.05 | Best fitness in generation (Train): 66867.05 | Mean fitness (Train): 66867.05 | Mean fitness (Test): 66867.05
Generation 740 | Best fitness (Train): 66867.05 | Best fitness in generation (Train): 66867.05 | Mean fitness (Train): 66867.05 | Mean fitness (Test): 66867.05
Generation 750 | Best fitness (Train): 66867.05 | Best fitness in generation (Train): 66867.05 | Mean fitness (Train): 66605.86 | Mean fitness (Test): 66867.05
Generation 760 | Best fitness (Train): 66867.05 | Best fitness in generation (Train): 66867.05 | Mean fitness (Train): 66866.92 | Mean fitness (Test): 66867.05
Generation 770 | Best fitness (Train): 66867.05 | Best fitness in generation (Train): 66867.05 | Mean fitness (Train): 66867.05 | Mean fitness (Test): 66867.05
Generation 780 | Best fitness (Train): 66867.05 | Best fitness in generation (Train): 66867.05 | Mean fitness (Train): 66867.05 | Mean fitness (Test): 66867.05
Generation 790 | Best fitness (Train): 66867.05 | Best fitness in generation (Train): 66867.05 | Mean fitness (Train): 66867.05 | Mean fitness (Test): 66867.05
Generation 800 | Best fitness (Train): 66867.05 | Best fitness in generation (Train): 66867.05 | Mean fitness (Train): 66867.05 | Mean fitness (Test): 66867.05
Generation 810 | Best fitness (Train): 66867.05 | Best fitness in generation (Train): 66867.05 | Mean fitness (Train): 66867.05 | Mean fitness (Test): 66867.05
Generation 820 | Best fitness (Train): 66867.05 | Best fitness in generation (Train): 66867.05 | Mean fitness (Train): 66867.05 | Mean fitness (Test): 66867.05
Generation 830 | Best fitness (Train): 66867.05 | Best fitness in generation (Train): 66867.05 | Mean fitness (Train): 66867.05 | Mean fitness (Test): 66867.05
Generation 840 | Best fitness (Train): 66867.05 | Best fitness in generation (Train): 66867.05 | Mean fitness (Train): 66867.05 | Mean fitness (Test): 66867.05
Generation 850 | Best fitness (Train): 66867.05 | Best fitness in generation (Train): 66867.05 | Mean fitness (Train): 66867.05 | Mean fitness (Test): 66867.05
Generation 860 | Best fitness (Train): 66867.05 | Best fitness in generation (Train): 66867.05 | Mean fitness (Train): 66867.05 | Mean fitness (Test): 66867.05
Generation 870 | Best fitness (Train): 66867.05 | Best fitness in generation (Train): 66867.05 | Mean fitness (Train): 66867.05 | Mean fitness (Test): 66867.05
Generation 880 | Best fitness (Train): 66867.05 | Best fitness in generation (Train): 66867.05 | Mean fitness (Train): 66867.05 | Mean fitness (Test): 66867.05
Generation 890 | Best fitness (Train): 66867.05 | Best fitness in generation (Train): 66867.05 | Mean fitness (Train): 66605.86 | Mean fitness (Test): 66867.05
Generation 900 | Best fitness (Train): 66867.05 | Best fitness in generation (Train): 66867.05 | Mean fitness (Train): 66867.05 | Mean fitness (Test): 66867.05
Generation 910 | Best fitness (Train): 66867.05 | Best fitness in generation (Train): 66867.05 | Mean fitness (Train): 66867.05 | Mean fitness (Test): 66867.05
Generation 920 | Best fitness (Train): 66867.05 | Best fitness in generation (Train): 66867.05 | Mean fitness (Train): 66867.05 | Mean fitness (Test): 66867.05
Generation 930 | Best fitness (Train): 66867.05 | Best fitness in generation (Train): 66867.05 | Mean fitness (Train): 66867.05 | Mean fitness (Test): 66867.05
Generation 940 | Best fitness (Train): 66867.05 | Best fitness in generation (Train): 66867.05 | Mean fitness (Train): 66605.86 | Mean fitness (Test): 66867.05
Generation 950 | Best fitness (Train): 66867.05 | Best fitness in generation (Train): 66867.05 | Mean fitness (Train): 66867.05 | Mean fitness (Test): 66867.05
Generation 960 | Best fitness (Train): 66867.05 | Best fitness in generation (Train): 66867.05 | Mean fitness (Train): 66867.05 | Mean fitness (Test): 66867.05
Generation 970 | Best fitness (Train): 66867.05 | Best fitness in generation (Train): 66867.05 | Mean fitness (Train): 66867.05 | Mean fitness (Test): 66867.05
Generation 980 | Best fitness (Train): 66867.05 | Best fitness in generation (Train): 66867.05 | Mean fitness (Train): 66867.05 | Mean fitness (Test): 66867.05
Generation 990 | Best fitness (Train): 66867.05 | Best fitness in generation (Train): 66867.05 | Mean fitness (Train): 66867.05 | Mean fitness (Test): 66867.05
Generation 1000 | Best fitness (Train): 66867.05 | Best fitness in generation (Train): 66867.05 | Mean fitness (Train): 66867.05 | Mean fitness (Test): 66867.05
Failed to generate visualization: 'Fast' object has no attribute 'sys'
running the experiment ... [../../results/BraxProblem/fast/Open_ES/4]
Generation 010 | Best fitness (Train): 66867.05 | Best fitness in generation (Train): 66867.05 | Mean fitness (Train): 19956.56 | Mean fitness (Test): 45061.58
Generation 020 | Best fitness (Train): 66867.05 | Best fitness in generation (Train): 66867.05 | Mean fitness (Train): 23247.79 | Mean fitness (Test): 66867.05
Generation 030 | Best fitness (Train): 66867.05 | Best fitness in generation (Train): 66867.05 | Mean fitness (Train): 23470.04 | Mean fitness (Test): 66867.05
Generation 040 | Best fitness (Train): 66867.05 | Best fitness in generation (Train): 66867.05 | Mean fitness (Train): 28336.80 | Mean fitness (Test): 66867.05
Generation 050 | Best fitness (Train): 66867.05 | Best fitness in generation (Train): 66867.05 | Mean fitness (Train): 29853.14 | Mean fitness (Test): 66867.05
Generation 060 | Best fitness (Train): 66867.05 | Best fitness in generation (Train): 66867.05 | Mean fitness (Train): 37876.59 | Mean fitness (Test): 66867.05
Generation 070 | Best fitness (Train): 66867.05 | Best fitness in generation (Train): 66867.05 | Mean fitness (Train): 41153.62 | Mean fitness (Test): 66867.05
Generation 080 | Best fitness (Train): 66867.05 | Best fitness in generation (Train): 66867.05 | Mean fitness (Train): 41650.35 | Mean fitness (Test): 66867.05
Generation 090 | Best fitness (Train): 66867.05 | Best fitness in generation (Train): 66867.05 | Mean fitness (Train): 47719.97 | Mean fitness (Test): 66867.05
Generation 100 | Best fitness (Train): 66867.05 | Best fitness in generation (Train): 66867.05 | Mean fitness (Train): 49327.63 | Mean fitness (Test): 66867.05
Generation 110 | Best fitness (Train): 66867.05 | Best fitness in generation (Train): 66867.05 | Mean fitness (Train): 56473.67 | Mean fitness (Test): 66867.05
Generation 120 | Best fitness (Train): 66867.05 | Best fitness in generation (Train): 66867.05 | Mean fitness (Train): 57994.19 | Mean fitness (Test): 66867.05
Generation 130 | Best fitness (Train): 66867.05 | Best fitness in generation (Train): 66867.05 | Mean fitness (Train): 59642.07 | Mean fitness (Test): 66867.05
Generation 140 | Best fitness (Train): 66867.05 | Best fitness in generation (Train): 66867.05 | Mean fitness (Train): 64508.28 | Mean fitness (Test): 66867.05
Generation 150 | Best fitness (Train): 66867.05 | Best fitness in generation (Train): 66867.05 | Mean fitness (Train): 65915.91 | Mean fitness (Test): 66867.05
Generation 160 | Best fitness (Train): 66867.05 | Best fitness in generation (Train): 66867.05 | Mean fitness (Train): 65312.48 | Mean fitness (Test): 66867.05
Generation 170 | Best fitness (Train): 66867.05 | Best fitness in generation (Train): 66867.05 | Mean fitness (Train): 65356.47 | Mean fitness (Test): 66867.05
Generation 180 | Best fitness (Train): 66867.05 | Best fitness in generation (Train): 66867.05 | Mean fitness (Train): 66052.75 | Mean fitness (Test): 66867.05
Generation 190 | Best fitness (Train): 66867.05 | Best fitness in generation (Train): 66867.05 | Mean fitness (Train): 66785.06 | Mean fitness (Test): 66867.05
Generation 200 | Best fitness (Train): 66867.05 | Best fitness in generation (Train): 66867.05 | Mean fitness (Train): 65963.52 | Mean fitness (Test): 66867.05
Generation 210 | Best fitness (Train): 66867.05 | Best fitness in generation (Train): 66867.05 | Mean fitness (Train): 65777.20 | Mean fitness (Test): 66867.05
Generation 220 | Best fitness (Train): 66867.05 | Best fitness in generation (Train): 66867.05 | Mean fitness (Train): 66440.30 | Mean fitness (Test): 66867.05
Generation 230 | Best fitness (Train): 66867.05 | Best fitness in generation (Train): 66867.05 | Mean fitness (Train): 66748.57 | Mean fitness (Test): 66867.05
Generation 240 | Best fitness (Train): 66867.05 | Best fitness in generation (Train): 66867.05 | Mean fitness (Train): 66602.45 | Mean fitness (Test): 66867.05
Generation 250 | Best fitness (Train): 66867.05 | Best fitness in generation (Train): 66867.05 | Mean fitness (Train): 66865.01 | Mean fitness (Test): 66867.05
Generation 260 | Best fitness (Train): 66867.05 | Best fitness in generation (Train): 66867.05 | Mean fitness (Train): 66861.52 | Mean fitness (Test): 66867.05
Generation 270 | Best fitness (Train): 66867.05 | Best fitness in generation (Train): 66867.05 | Mean fitness (Train): 66858.46 | Mean fitness (Test): 66867.05
Generation 280 | Best fitness (Train): 66867.05 | Best fitness in generation (Train): 66867.05 | Mean fitness (Train): 66162.66 | Mean fitness (Test): 66867.05
Generation 290 | Best fitness (Train): 66867.05 | Best fitness in generation (Train): 66867.05 | Mean fitness (Train): 66864.49 | Mean fitness (Test): 66867.05
Generation 300 | Best fitness (Train): 66867.05 | Best fitness in generation (Train): 66867.05 | Mean fitness (Train): 66735.67 | Mean fitness (Test): 66867.05
Generation 310 | Best fitness (Train): 66867.05 | Best fitness in generation (Train): 66867.05 | Mean fitness (Train): 66605.36 | Mean fitness (Test): 66867.05
Generation 320 | Best fitness (Train): 66867.05 | Best fitness in generation (Train): 66867.05 | Mean fitness (Train): 66598.08 | Mean fitness (Test): 66867.05
Generation 330 | Best fitness (Train): 66867.05 | Best fitness in generation (Train): 66867.05 | Mean fitness (Train): 66757.68 | Mean fitness (Test): 66867.05
Generation 340 | Best fitness (Train): 66867.05 | Best fitness in generation (Train): 66867.05 | Mean fitness (Train): 66867.02 | Mean fitness (Test): 66867.05
Generation 350 | Best fitness (Train): 66867.05 | Best fitness in generation (Train): 66867.05 | Mean fitness (Train): 66567.32 | Mean fitness (Test): 66867.05
Generation 360 | Best fitness (Train): 66867.05 | Best fitness in generation (Train): 66867.05 | Mean fitness (Train): 66867.05 | Mean fitness (Test): 66867.05
Generation 370 | Best fitness (Train): 66867.05 | Best fitness in generation (Train): 66867.05 | Mean fitness (Train): 66753.70 | Mean fitness (Test): 66867.05
Generation 380 | Best fitness (Train): 66867.05 | Best fitness in generation (Train): 66867.05 | Mean fitness (Train): 66866.98 | Mean fitness (Test): 66867.05
Generation 390 | Best fitness (Train): 66867.05 | Best fitness in generation (Train): 66867.05 | Mean fitness (Train): 66598.53 | Mean fitness (Test): 66867.05
Generation 400 | Best fitness (Train): 66867.05 | Best fitness in generation (Train): 66867.05 | Mean fitness (Train): 66804.92 | Mean fitness (Test): 66867.05
Generation 410 | Best fitness (Train): 66867.05 | Best fitness in generation (Train): 66867.05 | Mean fitness (Train): 66867.05 | Mean fitness (Test): 66867.05
Generation 420 | Best fitness (Train): 66867.05 | Best fitness in generation (Train): 66867.05 | Mean fitness (Train): 66866.94 | Mean fitness (Test): 66867.05
Generation 430 | Best fitness (Train): 66867.05 | Best fitness in generation (Train): 66867.05 | Mean fitness (Train): 66867.05 | Mean fitness (Test): 66867.05
Generation 440 | Best fitness (Train): 66867.05 | Best fitness in generation (Train): 66867.05 | Mean fitness (Train): 66867.05 | Mean fitness (Test): 66867.05
Generation 450 | Best fitness (Train): 66867.05 | Best fitness in generation (Train): 66867.05 | Mean fitness (Train): 66865.89 | Mean fitness (Test): 66867.05
Generation 460 | Best fitness (Train): 66867.05 | Best fitness in generation (Train): 66867.05 | Mean fitness (Train): 66771.73 | Mean fitness (Test): 66867.05
Generation 470 | Best fitness (Train): 66867.05 | Best fitness in generation (Train): 66867.05 | Mean fitness (Train): 66867.05 | Mean fitness (Test): 66867.05
Generation 480 | Best fitness (Train): 66867.05 | Best fitness in generation (Train): 66867.05 | Mean fitness (Train): 66867.05 | Mean fitness (Test): 66867.05
Generation 490 | Best fitness (Train): 66867.05 | Best fitness in generation (Train): 66867.05 | Mean fitness (Train): 66842.02 | Mean fitness (Test): 66867.05
Generation 500 | Best fitness (Train): 66867.05 | Best fitness in generation (Train): 66867.05 | Mean fitness (Train): 66867.05 | Mean fitness (Test): 66867.05
Generation 510 | Best fitness (Train): 66867.05 | Best fitness in generation (Train): 66867.05 | Mean fitness (Train): 66793.75 | Mean fitness (Test): 66867.05
Generation 520 | Best fitness (Train): 66867.05 | Best fitness in generation (Train): 66867.05 | Mean fitness (Train): 66849.17 | Mean fitness (Test): 66867.05
Generation 530 | Best fitness (Train): 66867.05 | Best fitness in generation (Train): 66867.05 | Mean fitness (Train): 66866.53 | Mean fitness (Test): 66867.05
Generation 540 | Best fitness (Train): 66867.05 | Best fitness in generation (Train): 66867.05 | Mean fitness (Train): 66866.86 | Mean fitness (Test): 66867.05
Generation 550 | Best fitness (Train): 66867.05 | Best fitness in generation (Train): 66867.05 | Mean fitness (Train): 66605.86 | Mean fitness (Test): 66867.05
Generation 560 | Best fitness (Train): 66867.05 | Best fitness in generation (Train): 66867.05 | Mean fitness (Train): 66866.78 | Mean fitness (Test): 66867.05
Generation 570 | Best fitness (Train): 66867.05 | Best fitness in generation (Train): 66867.05 | Mean fitness (Train): 66714.91 | Mean fitness (Test): 66867.05
Generation 580 | Best fitness (Train): 66867.05 | Best fitness in generation (Train): 66867.05 | Mean fitness (Train): 66867.05 | Mean fitness (Test): 66867.05
Generation 590 | Best fitness (Train): 66867.05 | Best fitness in generation (Train): 66867.05 | Mean fitness (Train): 66867.05 | Mean fitness (Test): 66867.05
Generation 600 | Best fitness (Train): 66867.05 | Best fitness in generation (Train): 66867.05 | Mean fitness (Train): 66867.05 | Mean fitness (Test): 66867.05
Generation 610 | Best fitness (Train): 66867.05 | Best fitness in generation (Train): 66867.05 | Mean fitness (Train): 66867.05 | Mean fitness (Test): 66867.05
Generation 620 | Best fitness (Train): 66867.05 | Best fitness in generation (Train): 66867.05 | Mean fitness (Train): 66867.05 | Mean fitness (Test): 66867.05
Generation 630 | Best fitness (Train): 66867.05 | Best fitness in generation (Train): 66867.05 | Mean fitness (Train): 66867.05 | Mean fitness (Test): 66867.05
Generation 640 | Best fitness (Train): 66867.05 | Best fitness in generation (Train): 66867.05 | Mean fitness (Train): 66867.05 | Mean fitness (Test): 66867.05
Generation 650 | Best fitness (Train): 66867.05 | Best fitness in generation (Train): 66867.05 | Mean fitness (Train): 66637.79 | Mean fitness (Test): 66867.05
Generation 660 | Best fitness (Train): 66867.05 | Best fitness in generation (Train): 66867.05 | Mean fitness (Train): 66867.05 | Mean fitness (Test): 66867.05
Generation 670 | Best fitness (Train): 66867.05 | Best fitness in generation (Train): 66867.05 | Mean fitness (Train): 66755.25 | Mean fitness (Test): 66867.05
Generation 680 | Best fitness (Train): 66867.05 | Best fitness in generation (Train): 66867.05 | Mean fitness (Train): 66866.94 | Mean fitness (Test): 66867.05
Generation 690 | Best fitness (Train): 66867.05 | Best fitness in generation (Train): 66867.05 | Mean fitness (Train): 66867.05 | Mean fitness (Test): 66867.05
Generation 700 | Best fitness (Train): 66867.05 | Best fitness in generation (Train): 66867.05 | Mean fitness (Train): 66866.80 | Mean fitness (Test): 66867.05
Generation 710 | Best fitness (Train): 66867.05 | Best fitness in generation (Train): 66867.05 | Mean fitness (Train): 66867.05 | Mean fitness (Test): 66867.05
Generation 720 | Best fitness (Train): 66867.05 | Best fitness in generation (Train): 66867.05 | Mean fitness (Train): 66867.05 | Mean fitness (Test): 66867.05
Generation 730 | Best fitness (Train): 66867.05 | Best fitness in generation (Train): 66867.05 | Mean fitness (Train): 66867.05 | Mean fitness (Test): 66867.05
Generation 740 | Best fitness (Train): 66867.05 | Best fitness in generation (Train): 66867.05 | Mean fitness (Train): 66867.05 | Mean fitness (Test): 66867.05
Generation 750 | Best fitness (Train): 66867.05 | Best fitness in generation (Train): 66867.05 | Mean fitness (Train): 66867.05 | Mean fitness (Test): 66867.05
Generation 760 | Best fitness (Train): 66867.05 | Best fitness in generation (Train): 66867.05 | Mean fitness (Train): 66605.86 | Mean fitness (Test): 66867.05
Generation 770 | Best fitness (Train): 66867.05 | Best fitness in generation (Train): 66867.05 | Mean fitness (Train): 66867.05 | Mean fitness (Test): 66867.05
Generation 780 | Best fitness (Train): 66867.05 | Best fitness in generation (Train): 66867.05 | Mean fitness (Train): 66867.05 | Mean fitness (Test): 66867.05
Generation 790 | Best fitness (Train): 66867.05 | Best fitness in generation (Train): 66867.05 | Mean fitness (Train): 66836.27 | Mean fitness (Test): 66867.05
Generation 800 | Best fitness (Train): 66867.05 | Best fitness in generation (Train): 66867.05 | Mean fitness (Train): 66867.05 | Mean fitness (Test): 66867.05
Generation 810 | Best fitness (Train): 66867.05 | Best fitness in generation (Train): 66867.05 | Mean fitness (Train): 66867.05 | Mean fitness (Test): 66867.05
Generation 820 | Best fitness (Train): 66867.05 | Best fitness in generation (Train): 66867.05 | Mean fitness (Train): 66867.05 | Mean fitness (Test): 66867.05
Generation 830 | Best fitness (Train): 66867.05 | Best fitness in generation (Train): 66867.05 | Mean fitness (Train): 66867.05 | Mean fitness (Test): 66867.05
Generation 840 | Best fitness (Train): 66867.05 | Best fitness in generation (Train): 66867.05 | Mean fitness (Train): 66867.05 | Mean fitness (Test): 66867.05
Generation 850 | Best fitness (Train): 66867.05 | Best fitness in generation (Train): 66867.05 | Mean fitness (Train): 66867.05 | Mean fitness (Test): 66867.05
Generation 860 | Best fitness (Train): 66867.05 | Best fitness in generation (Train): 66867.05 | Mean fitness (Train): 66859.31 | Mean fitness (Test): 66867.05
Generation 870 | Best fitness (Train): 66867.05 | Best fitness in generation (Train): 66867.05 | Mean fitness (Train): 66867.05 | Mean fitness (Test): 66867.05
Generation 880 | Best fitness (Train): 66867.05 | Best fitness in generation (Train): 66867.05 | Mean fitness (Train): 66867.05 | Mean fitness (Test): 66867.05
Generation 890 | Best fitness (Train): 66867.05 | Best fitness in generation (Train): 66867.05 | Mean fitness (Train): 66867.05 | Mean fitness (Test): 66867.05
Generation 900 | Best fitness (Train): 66867.05 | Best fitness in generation (Train): 66867.05 | Mean fitness (Train): 66867.05 | Mean fitness (Test): 66867.05
Generation 910 | Best fitness (Train): 66867.05 | Best fitness in generation (Train): 66867.05 | Mean fitness (Train): 66867.05 | Mean fitness (Test): 66867.05
Generation 920 | Best fitness (Train): 66867.05 | Best fitness in generation (Train): 66867.05 | Mean fitness (Train): 66867.05 | Mean fitness (Test): 66867.05
Generation 930 | Best fitness (Train): 66867.05 | Best fitness in generation (Train): 66867.05 | Mean fitness (Train): 66867.05 | Mean fitness (Test): 66867.05
Generation 940 | Best fitness (Train): 66867.05 | Best fitness in generation (Train): 66867.05 | Mean fitness (Train): 66867.05 | Mean fitness (Test): 66867.05
Generation 950 | Best fitness (Train): 66867.05 | Best fitness in generation (Train): 66867.05 | Mean fitness (Train): 66833.45 | Mean fitness (Test): 66867.05
Generation 960 | Best fitness (Train): 66867.05 | Best fitness in generation (Train): 66867.05 | Mean fitness (Train): 66867.05 | Mean fitness (Test): 66867.05
Generation 970 | Best fitness (Train): 66867.05 | Best fitness in generation (Train): 66867.05 | Mean fitness (Train): 66867.05 | Mean fitness (Test): 66867.05
Generation 980 | Best fitness (Train): 66867.05 | Best fitness in generation (Train): 66867.05 | Mean fitness (Train): 66867.05 | Mean fitness (Test): 66867.05
Generation 990 | Best fitness (Train): 66867.05 | Best fitness in generation (Train): 66867.05 | Mean fitness (Train): 66867.05 | Mean fitness (Test): 66867.05
Generation 1000 | Best fitness (Train): 66867.05 | Best fitness in generation (Train): 66867.05 | Mean fitness (Train): 66867.05 | Mean fitness (Test): 66867.05
Failed to generate visualization: 'Fast' object has no attribute 'sys'
Running ES algorithms:   0%|                                                             | 0/1 [00:00<?, ?it/s][A
Running ES algorithms: 100%|███████████████████████████████████████████████████| 1/1 [20:05<00:00, 1205.18s/it][ARunning ES algorithms: 100%|███████████████████████████████████████████████████| 1/1 [20:05<00:00, 1205.18s/it]
Successfully loaded: halfcheetah
Loading Problems ..:  17%|███████▌                                     | 2/12 [20:37:54<85:32:44, 30796.50s/it]
running the experiment ... [../../results/BraxProblem/halfcheetah/Open_ES/0]
Generation 010 | Best fitness (Train): -206.97 | Best fitness in generation (Train): -308.86 | Mean fitness (Train): -527.72 | Mean fitness (Test): -888.64
Generation 020 | Best fitness (Train): 13.79 | Best fitness in generation (Train): -297.20 | Mean fitness (Train): -529.26 | Mean fitness (Test): -324.00
Generation 030 | Best fitness (Train): 13.79 | Best fitness in generation (Train): -178.04 | Mean fitness (Train): -511.91 | Mean fitness (Test): -481.67
Generation 040 | Best fitness (Train): 13.79 | Best fitness in generation (Train): -282.66 | Mean fitness (Train): -498.84 | Mean fitness (Test): -393.72
Generation 050 | Best fitness (Train): 13.79 | Best fitness in generation (Train): -178.64 | Mean fitness (Train): -507.19 | Mean fitness (Test): -418.40
Generation 060 | Best fitness (Train): 13.79 | Best fitness in generation (Train): -186.42 | Mean fitness (Train): -500.28 | Mean fitness (Test): -348.21
Generation 070 | Best fitness (Train): 13.79 | Best fitness in generation (Train): -109.77 | Mean fitness (Train): -478.17 | Mean fitness (Test): 1112.29
Generation 080 | Best fitness (Train): 13.79 | Best fitness in generation (Train): -242.70 | Mean fitness (Train): -500.93 | Mean fitness (Test): 1102.24
Generation 090 | Best fitness (Train): 13.79 | Best fitness in generation (Train): -200.27 | Mean fitness (Train): -494.95 | Mean fitness (Test): 1077.98
Generation 100 | Best fitness (Train): 13.79 | Best fitness in generation (Train): -165.87 | Mean fitness (Train): -478.03 | Mean fitness (Test): 61.67
Generation 110 | Best fitness (Train): 1407.33 | Best fitness in generation (Train): 50.64 | Mean fitness (Train): -466.90 | Mean fitness (Test): 1658.16
Generation 120 | Best fitness (Train): 1407.33 | Best fitness in generation (Train): 76.90 | Mean fitness (Train): -476.10 | Mean fitness (Test): 1813.03
Generation 130 | Best fitness (Train): 1407.33 | Best fitness in generation (Train): -126.87 | Mean fitness (Train): -455.60 | Mean fitness (Test): 1077.16
Generation 140 | Best fitness (Train): 1407.33 | Best fitness in generation (Train): 671.87 | Mean fitness (Train): -457.24 | Mean fitness (Test): 1345.84
Generation 150 | Best fitness (Train): 1407.33 | Best fitness in generation (Train): 249.60 | Mean fitness (Train): -437.20 | Mean fitness (Test): 1694.92
Generation 160 | Best fitness (Train): 2603.06 | Best fitness in generation (Train): 1640.48 | Mean fitness (Train): -413.96 | Mean fitness (Test): 1302.47
Generation 170 | Best fitness (Train): 2603.06 | Best fitness in generation (Train): 1297.23 | Mean fitness (Train): -373.12 | Mean fitness (Test): 1360.14
Generation 180 | Best fitness (Train): 2603.06 | Best fitness in generation (Train): 2334.21 | Mean fitness (Train): -336.56 | Mean fitness (Test): 1946.54
Generation 190 | Best fitness (Train): 2603.06 | Best fitness in generation (Train): 2506.43 | Mean fitness (Train): -225.37 | Mean fitness (Test): 1602.47
[2025-11-09T22:44:45.966] error: *** JOB 8041818 ON cs-pheno-07 CANCELLED AT 2025-11-09T22:44:45 DUE to SIGNAL Terminated ***
srun: Job step aborted: Waiting up to 302 seconds for job step to finish.
Running ES algorithms:   0%|                                                             | 0/1 [00:00<?, ?it/s][A[2025-11-09T22:44:45.966] error: *** STEP 8041818.0 ON cs-pheno-07 CANCELLED AT 2025-11-09T22:44:45 DUE to SIGNAL Terminated ***
