Sun 09 Nov 2025 00:24:21 IST

SLURM_JOBID:		 8041820
SLURM_JOB_NODELIST:	 ise-pheno-08 

configuration parmas running: problem_type=brax es_algorithms=LES
Loading Problems ..:   0%|                                                              | 0/12 [00:00<?, ?it/s]/home/ronedr/.conda/envs/ronedr_es_env/lib/python3.10/site-packages/brax/io/mjcf.py:480: UserWarning: Brax System, piplines and environments are not actively being maintained. Please see MJX for a well maintained JAX-based physics engine: https://github.com/google-deepmind/mujoco/tree/main/mjx. For a host of environments that use MJX, see: https://github.com/google-deepmind/mujoco_playground.
  warnings.warn(
E1109 00:24:42.982046 2942615 hlo_lexer.cc:443] Failed to parse int literal: 1986902096214075708017
Successfully loaded: ant

running the experiment ... [../../results/BraxProblem/ant/LearnedES/0]
Generation 010 | Best fitness (Train): -5.31 | Best fitness in generation (Train): -7.03 | Mean fitness (Train): -52.58 | Mean fitness (Test): -24.86
Generation 020 | Best fitness (Train): -4.14 | Best fitness in generation (Train): -7.57 | Mean fitness (Train): -55.75 | Mean fitness (Test): -81.20
Generation 030 | Best fitness (Train): -4.14 | Best fitness in generation (Train): -11.21 | Mean fitness (Train): -47.44 | Mean fitness (Test): -16.55
Generation 040 | Best fitness (Train): -4.14 | Best fitness in generation (Train): -6.10 | Mean fitness (Train): -48.17 | Mean fitness (Test): -26.29
Generation 050 | Best fitness (Train): -4.14 | Best fitness in generation (Train): -5.88 | Mean fitness (Train): -25.11 | Mean fitness (Test): -14.56
Generation 060 | Best fitness (Train): -4.14 | Best fitness in generation (Train): -9.64 | Mean fitness (Train): -50.52 | Mean fitness (Test): -14.41
Generation 070 | Best fitness (Train): -3.20 | Best fitness in generation (Train): -3.20 | Mean fitness (Train): -33.89 | Mean fitness (Test): -58.03
Generation 080 | Best fitness (Train): -3.20 | Best fitness in generation (Train): -7.88 | Mean fitness (Train): -50.72 | Mean fitness (Test): -27.93
Generation 090 | Best fitness (Train): -3.20 | Best fitness in generation (Train): -5.35 | Mean fitness (Train): -54.35 | Mean fitness (Test): -29.47
Generation 100 | Best fitness (Train): -3.20 | Best fitness in generation (Train): -6.54 | Mean fitness (Train): -43.40 | Mean fitness (Test): -77.74
Generation 110 | Best fitness (Train): -3.20 | Best fitness in generation (Train): -8.59 | Mean fitness (Train): -61.33 | Mean fitness (Test): -17.27
Generation 120 | Best fitness (Train): -3.20 | Best fitness in generation (Train): -7.65 | Mean fitness (Train): -28.88 | Mean fitness (Test): -27.49
Generation 130 | Best fitness (Train): -3.20 | Best fitness in generation (Train): -6.12 | Mean fitness (Train): -54.55 | Mean fitness (Test): -38.54
Generation 140 | Best fitness (Train): -2.79 | Best fitness in generation (Train): -7.29 | Mean fitness (Train): -45.67 | Mean fitness (Test): -66.83
Generation 150 | Best fitness (Train): -2.79 | Best fitness in generation (Train): -6.24 | Mean fitness (Train): -49.57 | Mean fitness (Test): -95.72
Generation 160 | Best fitness (Train): -2.79 | Best fitness in generation (Train): -7.02 | Mean fitness (Train): -53.68 | Mean fitness (Test): -46.95
Generation 170 | Best fitness (Train): -2.79 | Best fitness in generation (Train): -5.58 | Mean fitness (Train): -41.95 | Mean fitness (Test): -15.82
Generation 180 | Best fitness (Train): -2.79 | Best fitness in generation (Train): -5.69 | Mean fitness (Train): -50.58 | Mean fitness (Test): -163.93
Generation 190 | Best fitness (Train): -2.79 | Best fitness in generation (Train): -7.04 | Mean fitness (Train): -51.96 | Mean fitness (Test): -41.72
Generation 200 | Best fitness (Train): -2.79 | Best fitness in generation (Train): -7.47 | Mean fitness (Train): -28.51 | Mean fitness (Test): -15.53
Generation 210 | Best fitness (Train): -2.79 | Best fitness in generation (Train): -4.77 | Mean fitness (Train): -25.16 | Mean fitness (Test): -15.54
Generation 220 | Best fitness (Train): -2.79 | Best fitness in generation (Train): -11.83 | Mean fitness (Train): -47.34 | Mean fitness (Test): -21.17
Generation 230 | Best fitness (Train): -2.79 | Best fitness in generation (Train): -4.69 | Mean fitness (Train): -51.00 | Mean fitness (Test): -161.78
Generation 240 | Best fitness (Train): -2.79 | Best fitness in generation (Train): -9.86 | Mean fitness (Train): -45.21 | Mean fitness (Test): -12.63
Generation 250 | Best fitness (Train): -2.79 | Best fitness in generation (Train): -9.72 | Mean fitness (Train): -55.19 | Mean fitness (Test): -117.24
Generation 260 | Best fitness (Train): -2.79 | Best fitness in generation (Train): -10.97 | Mean fitness (Train): -67.30 | Mean fitness (Test): -18.85
Generation 270 | Best fitness (Train): -2.79 | Best fitness in generation (Train): -5.75 | Mean fitness (Train): -47.36 | Mean fitness (Test): -113.61
Generation 280 | Best fitness (Train): -2.32 | Best fitness in generation (Train): -6.54 | Mean fitness (Train): -51.97 | Mean fitness (Test): -14.03
Generation 290 | Best fitness (Train): -2.32 | Best fitness in generation (Train): -9.69 | Mean fitness (Train): -65.73 | Mean fitness (Test): -50.05
Generation 300 | Best fitness (Train): -2.32 | Best fitness in generation (Train): -4.62 | Mean fitness (Train): -31.68 | Mean fitness (Test): -14.45
Generation 310 | Best fitness (Train): -2.32 | Best fitness in generation (Train): -9.89 | Mean fitness (Train): -51.25 | Mean fitness (Test): -26.27
Generation 320 | Best fitness (Train): -2.32 | Best fitness in generation (Train): -7.47 | Mean fitness (Train): -46.41 | Mean fitness (Test): -50.75
Generation 330 | Best fitness (Train): -2.32 | Best fitness in generation (Train): -9.39 | Mean fitness (Train): -50.66 | Mean fitness (Test): -31.47
Generation 340 | Best fitness (Train): -2.32 | Best fitness in generation (Train): -9.20 | Mean fitness (Train): -56.93 | Mean fitness (Test): -101.25
Generation 350 | Best fitness (Train): -2.32 | Best fitness in generation (Train): -8.24 | Mean fitness (Train): -50.17 | Mean fitness (Test): -12.11
Generation 360 | Best fitness (Train): -2.32 | Best fitness in generation (Train): -11.65 | Mean fitness (Train): -61.53 | Mean fitness (Test): -45.93
Generation 370 | Best fitness (Train): -2.32 | Best fitness in generation (Train): -8.84 | Mean fitness (Train): -47.55 | Mean fitness (Test): -12.35
Generation 380 | Best fitness (Train): -2.32 | Best fitness in generation (Train): -6.49 | Mean fitness (Train): -32.15 | Mean fitness (Test): -11.58
Generation 390 | Best fitness (Train): -2.32 | Best fitness in generation (Train): -10.45 | Mean fitness (Train): -61.50 | Mean fitness (Test): -137.86
Generation 400 | Best fitness (Train): -2.32 | Best fitness in generation (Train): -8.58 | Mean fitness (Train): -35.19 | Mean fitness (Test): -16.82
Generation 410 | Best fitness (Train): -2.32 | Best fitness in generation (Train): -7.81 | Mean fitness (Train): -72.04 | Mean fitness (Test): -81.71
Generation 420 | Best fitness (Train): -2.32 | Best fitness in generation (Train): -14.91 | Mean fitness (Train): -51.13 | Mean fitness (Test): -48.60
Generation 430 | Best fitness (Train): -2.32 | Best fitness in generation (Train): -7.19 | Mean fitness (Train): -61.69 | Mean fitness (Test): -55.35
Generation 440 | Best fitness (Train): -2.32 | Best fitness in generation (Train): -6.63 | Mean fitness (Train): -19.07 | Mean fitness (Test): -30.94
Generation 450 | Best fitness (Train): -2.32 | Best fitness in generation (Train): -6.30 | Mean fitness (Train): -40.23 | Mean fitness (Test): -9.18
Generation 460 | Best fitness (Train): -2.32 | Best fitness in generation (Train): -10.58 | Mean fitness (Train): -43.17 | Mean fitness (Test): -20.78
Generation 470 | Best fitness (Train): -2.32 | Best fitness in generation (Train): -11.96 | Mean fitness (Train): -62.65 | Mean fitness (Test): -72.78
Generation 480 | Best fitness (Train): -2.32 | Best fitness in generation (Train): -7.65 | Mean fitness (Train): -36.88 | Mean fitness (Test): -11.52
Generation 490 | Best fitness (Train): 11.64 | Best fitness in generation (Train): -9.43 | Mean fitness (Train): -27.47 | Mean fitness (Test): -65.54
Generation 500 | Best fitness (Train): 11.64 | Best fitness in generation (Train): -6.77 | Mean fitness (Train): -55.48 | Mean fitness (Test): -20.32
Generation 510 | Best fitness (Train): 11.64 | Best fitness in generation (Train): -6.44 | Mean fitness (Train): -61.26 | Mean fitness (Test): -48.74
Generation 520 | Best fitness (Train): 11.64 | Best fitness in generation (Train): -14.06 | Mean fitness (Train): -49.15 | Mean fitness (Test): -19.81
Generation 530 | Best fitness (Train): 11.64 | Best fitness in generation (Train): -7.81 | Mean fitness (Train): -49.92 | Mean fitness (Test): -28.28
Generation 540 | Best fitness (Train): 11.64 | Best fitness in generation (Train): -15.98 | Mean fitness (Train): -60.46 | Mean fitness (Test): -82.18
Generation 550 | Best fitness (Train): 11.64 | Best fitness in generation (Train): -8.02 | Mean fitness (Train): -24.39 | Mean fitness (Test): -9.62
Generation 560 | Best fitness (Train): 11.64 | Best fitness in generation (Train): -7.77 | Mean fitness (Train): -61.01 | Mean fitness (Test): -26.98
Generation 570 | Best fitness (Train): 11.64 | Best fitness in generation (Train): -7.55 | Mean fitness (Train): -15.31 | Mean fitness (Test): -12.34
Generation 580 | Best fitness (Train): 11.64 | Best fitness in generation (Train): -6.05 | Mean fitness (Train): -26.89 | Mean fitness (Test): -19.82
Generation 590 | Best fitness (Train): 11.64 | Best fitness in generation (Train): -7.64 | Mean fitness (Train): -7.97 | Mean fitness (Test): -8.27
Generation 600 | Best fitness (Train): 11.64 | Best fitness in generation (Train): -15.23 | Mean fitness (Train): -54.62 | Mean fitness (Test): -100.22
Generation 610 | Best fitness (Train): 11.64 | Best fitness in generation (Train): -7.07 | Mean fitness (Train): -68.49 | Mean fitness (Test): -76.01
Generation 620 | Best fitness (Train): 11.64 | Best fitness in generation (Train): -8.22 | Mean fitness (Train): -18.16 | Mean fitness (Test): -22.39
Generation 630 | Best fitness (Train): 11.64 | Best fitness in generation (Train): -6.06 | Mean fitness (Train): -40.10 | Mean fitness (Test): -6.93
Generation 640 | Best fitness (Train): 11.64 | Best fitness in generation (Train): -10.52 | Mean fitness (Train): -30.65 | Mean fitness (Test): -11.50
Generation 650 | Best fitness (Train): 11.64 | Best fitness in generation (Train): -10.47 | Mean fitness (Train): -41.50 | Mean fitness (Test): -30.49
Generation 660 | Best fitness (Train): 11.64 | Best fitness in generation (Train): -8.02 | Mean fitness (Train): -35.67 | Mean fitness (Test): -74.70
Generation 670 | Best fitness (Train): 11.64 | Best fitness in generation (Train): -10.22 | Mean fitness (Train): -57.72 | Mean fitness (Test): -15.95
Generation 680 | Best fitness (Train): 11.64 | Best fitness in generation (Train): -10.02 | Mean fitness (Train): -64.60 | Mean fitness (Test): -45.30
Generation 690 | Best fitness (Train): 11.64 | Best fitness in generation (Train): -7.20 | Mean fitness (Train): -24.02 | Mean fitness (Test): -156.24
Generation 700 | Best fitness (Train): 11.64 | Best fitness in generation (Train): -7.35 | Mean fitness (Train): -36.55 | Mean fitness (Test): -7.93
Generation 710 | Best fitness (Train): 11.64 | Best fitness in generation (Train): -9.19 | Mean fitness (Train): -40.06 | Mean fitness (Test): -13.28
Generation 720 | Best fitness (Train): 11.64 | Best fitness in generation (Train): -16.60 | Mean fitness (Train): -63.17 | Mean fitness (Test): -61.43
Generation 730 | Best fitness (Train): 11.64 | Best fitness in generation (Train): -12.33 | Mean fitness (Train): -52.07 | Mean fitness (Test): -12.23
Generation 740 | Best fitness (Train): 11.64 | Best fitness in generation (Train): -15.39 | Mean fitness (Train): -69.90 | Mean fitness (Test): -58.91
Generation 750 | Best fitness (Train): 11.64 | Best fitness in generation (Train): -9.99 | Mean fitness (Train): -53.07 | Mean fitness (Test): -46.81
Generation 760 | Best fitness (Train): 11.64 | Best fitness in generation (Train): -7.64 | Mean fitness (Train): -50.38 | Mean fitness (Test): -47.36
Generation 770 | Best fitness (Train): 11.64 | Best fitness in generation (Train): -10.57 | Mean fitness (Train): -52.19 | Mean fitness (Test): -6.54
Generation 780 | Best fitness (Train): 11.64 | Best fitness in generation (Train): -7.27 | Mean fitness (Train): -37.40 | Mean fitness (Test): -13.00
Generation 790 | Best fitness (Train): 11.64 | Best fitness in generation (Train): -6.72 | Mean fitness (Train): -37.58 | Mean fitness (Test): -28.35
Generation 800 | Best fitness (Train): 11.64 | Best fitness in generation (Train): -14.29 | Mean fitness (Train): -70.59 | Mean fitness (Test): -104.76
Generation 810 | Best fitness (Train): 11.64 | Best fitness in generation (Train): -16.21 | Mean fitness (Train): -60.06 | Mean fitness (Test): -54.06
Generation 820 | Best fitness (Train): 11.64 | Best fitness in generation (Train): -12.17 | Mean fitness (Train): -56.27 | Mean fitness (Test): -38.01
Generation 830 | Best fitness (Train): 11.64 | Best fitness in generation (Train): -7.03 | Mean fitness (Train): -48.62 | Mean fitness (Test): -8.01
Generation 840 | Best fitness (Train): 11.64 | Best fitness in generation (Train): -8.08 | Mean fitness (Train): -42.48 | Mean fitness (Test): -92.51
Generation 850 | Best fitness (Train): 11.64 | Best fitness in generation (Train): -12.31 | Mean fitness (Train): -61.95 | Mean fitness (Test): -94.84
Generation 860 | Best fitness (Train): 11.64 | Best fitness in generation (Train): -7.85 | Mean fitness (Train): -38.61 | Mean fitness (Test): -40.84
Generation 870 | Best fitness (Train): 11.64 | Best fitness in generation (Train): -17.91 | Mean fitness (Train): -55.53 | Mean fitness (Test): -23.31
Generation 880 | Best fitness (Train): 11.64 | Best fitness in generation (Train): -13.08 | Mean fitness (Train): -58.61 | Mean fitness (Test): -46.38
Generation 890 | Best fitness (Train): 11.64 | Best fitness in generation (Train): -13.63 | Mean fitness (Train): -43.88 | Mean fitness (Test): -19.71
Generation 900 | Best fitness (Train): 11.64 | Best fitness in generation (Train): -6.94 | Mean fitness (Train): -28.17 | Mean fitness (Test): -7.42
Generation 910 | Best fitness (Train): 11.64 | Best fitness in generation (Train): -10.05 | Mean fitness (Train): -44.16 | Mean fitness (Test): -46.19
Generation 920 | Best fitness (Train): 11.64 | Best fitness in generation (Train): -12.87 | Mean fitness (Train): -58.67 | Mean fitness (Test): -14.99
Generation 930 | Best fitness (Train): 11.64 | Best fitness in generation (Train): -9.03 | Mean fitness (Train): -39.77 | Mean fitness (Test): -18.36
Generation 940 | Best fitness (Train): 11.64 | Best fitness in generation (Train): -6.34 | Mean fitness (Train): -16.27 | Mean fitness (Test): -10.65
Generation 950 | Best fitness (Train): 11.64 | Best fitness in generation (Train): -10.21 | Mean fitness (Train): -42.65 | Mean fitness (Test): -13.32
Generation 960 | Best fitness (Train): 11.64 | Best fitness in generation (Train): -9.25 | Mean fitness (Train): -40.23 | Mean fitness (Test): -11.99
Generation 970 | Best fitness (Train): 11.64 | Best fitness in generation (Train): -16.84 | Mean fitness (Train): -58.31 | Mean fitness (Test): -75.82
Generation 980 | Best fitness (Train): 11.64 | Best fitness in generation (Train): -13.79 | Mean fitness (Train): -58.91 | Mean fitness (Test): -62.07
Generation 990 | Best fitness (Train): 11.64 | Best fitness in generation (Train): -7.59 | Mean fitness (Train): -48.42 | Mean fitness (Test): -52.86
Generation 1000 | Best fitness (Train): 11.64 | Best fitness in generation (Train): -9.28 | Mean fitness (Train): -57.22 | Mean fitness (Test): -30.87
running the experiment ... [../../results/BraxProblem/ant/LearnedES/1]
Generation 010 | Best fitness (Train): -5.18 | Best fitness in generation (Train): -8.84 | Mean fitness (Train): -57.50 | Mean fitness (Test): -35.09
Generation 020 | Best fitness (Train): -3.71 | Best fitness in generation (Train): -5.74 | Mean fitness (Train): -51.45 | Mean fitness (Test): -67.31
Generation 030 | Best fitness (Train): -3.71 | Best fitness in generation (Train): -6.39 | Mean fitness (Train): -41.01 | Mean fitness (Test): -13.19
Generation 040 | Best fitness (Train): -3.71 | Best fitness in generation (Train): -6.96 | Mean fitness (Train): -41.97 | Mean fitness (Test): -17.09
Generation 050 | Best fitness (Train): -3.71 | Best fitness in generation (Train): -5.37 | Mean fitness (Train): -40.25 | Mean fitness (Test): -34.07
Generation 060 | Best fitness (Train): -3.71 | Best fitness in generation (Train): -6.63 | Mean fitness (Train): -48.44 | Mean fitness (Test): -110.23
Generation 070 | Best fitness (Train): -3.71 | Best fitness in generation (Train): -8.18 | Mean fitness (Train): -39.68 | Mean fitness (Test): -15.16
Generation 080 | Best fitness (Train): -3.71 | Best fitness in generation (Train): -6.49 | Mean fitness (Train): -31.71 | Mean fitness (Test): -13.97
Generation 090 | Best fitness (Train): -3.71 | Best fitness in generation (Train): -5.27 | Mean fitness (Train): -31.71 | Mean fitness (Test): -29.79
Generation 100 | Best fitness (Train): -3.71 | Best fitness in generation (Train): -5.62 | Mean fitness (Train): -35.75 | Mean fitness (Test): -34.33
Generation 110 | Best fitness (Train): -3.71 | Best fitness in generation (Train): -7.10 | Mean fitness (Train): -40.19 | Mean fitness (Test): -89.93
Generation 120 | Best fitness (Train): -3.71 | Best fitness in generation (Train): -10.98 | Mean fitness (Train): -39.59 | Mean fitness (Test): -52.50
Generation 130 | Best fitness (Train): -3.71 | Best fitness in generation (Train): -5.75 | Mean fitness (Train): -37.21 | Mean fitness (Test): -33.07
Generation 140 | Best fitness (Train): -3.71 | Best fitness in generation (Train): -11.55 | Mean fitness (Train): -44.30 | Mean fitness (Test): -55.27
Generation 150 | Best fitness (Train): -2.95 | Best fitness in generation (Train): -6.76 | Mean fitness (Train): -28.05 | Mean fitness (Test): -12.44
Generation 160 | Best fitness (Train): -2.95 | Best fitness in generation (Train): -4.52 | Mean fitness (Train): -24.94 | Mean fitness (Test): -14.72
Generation 170 | Best fitness (Train): -2.95 | Best fitness in generation (Train): -6.90 | Mean fitness (Train): -41.13 | Mean fitness (Test): -7.40
Generation 180 | Best fitness (Train): -2.95 | Best fitness in generation (Train): -10.50 | Mean fitness (Train): -31.56 | Mean fitness (Test): -27.44
Generation 190 | Best fitness (Train): -2.95 | Best fitness in generation (Train): -6.45 | Mean fitness (Train): -27.16 | Mean fitness (Test): -56.00
Generation 200 | Best fitness (Train): -2.95 | Best fitness in generation (Train): -7.35 | Mean fitness (Train): -28.96 | Mean fitness (Test): -58.26
Generation 210 | Best fitness (Train): -2.95 | Best fitness in generation (Train): -8.91 | Mean fitness (Train): -26.69 | Mean fitness (Test): -30.73
Generation 220 | Best fitness (Train): -2.95 | Best fitness in generation (Train): -4.63 | Mean fitness (Train): -31.89 | Mean fitness (Test): -12.44
Generation 230 | Best fitness (Train): -2.95 | Best fitness in generation (Train): -11.13 | Mean fitness (Train): -43.45 | Mean fitness (Test): -35.58
Generation 240 | Best fitness (Train): -2.95 | Best fitness in generation (Train): -6.33 | Mean fitness (Train): -53.16 | Mean fitness (Test): -45.78
Generation 250 | Best fitness (Train): -2.95 | Best fitness in generation (Train): -9.40 | Mean fitness (Train): -44.13 | Mean fitness (Test): -30.08
Generation 260 | Best fitness (Train): -2.95 | Best fitness in generation (Train): -8.42 | Mean fitness (Train): -35.10 | Mean fitness (Test): -11.04
Generation 270 | Best fitness (Train): -2.95 | Best fitness in generation (Train): -4.90 | Mean fitness (Train): -25.59 | Mean fitness (Test): -12.59
Generation 280 | Best fitness (Train): -2.95 | Best fitness in generation (Train): -6.24 | Mean fitness (Train): -35.69 | Mean fitness (Test): -13.04
Generation 290 | Best fitness (Train): -2.95 | Best fitness in generation (Train): -13.73 | Mean fitness (Train): -53.09 | Mean fitness (Test): -32.26
Generation 300 | Best fitness (Train): -2.95 | Best fitness in generation (Train): -5.88 | Mean fitness (Train): -41.47 | Mean fitness (Test): -52.96
Generation 310 | Best fitness (Train): -2.95 | Best fitness in generation (Train): -7.28 | Mean fitness (Train): -39.02 | Mean fitness (Test): -8.70
Generation 320 | Best fitness (Train): -2.95 | Best fitness in generation (Train): -7.20 | Mean fitness (Train): -36.32 | Mean fitness (Test): -18.78
Generation 330 | Best fitness (Train): 0.32 | Best fitness in generation (Train): -14.88 | Mean fitness (Train): -50.79 | Mean fitness (Test): -96.13
Generation 340 | Best fitness (Train): 0.32 | Best fitness in generation (Train): -6.20 | Mean fitness (Train): -47.66 | Mean fitness (Test): -11.72
Generation 350 | Best fitness (Train): 0.32 | Best fitness in generation (Train): -5.75 | Mean fitness (Train): -29.24 | Mean fitness (Test): -17.09
Generation 360 | Best fitness (Train): 0.32 | Best fitness in generation (Train): -9.89 | Mean fitness (Train): -42.55 | Mean fitness (Test): -33.65
Generation 370 | Best fitness (Train): 0.32 | Best fitness in generation (Train): -9.78 | Mean fitness (Train): -33.26 | Mean fitness (Test): -30.91
Generation 380 | Best fitness (Train): 0.32 | Best fitness in generation (Train): -8.18 | Mean fitness (Train): -25.03 | Mean fitness (Test): -13.23
Generation 390 | Best fitness (Train): 0.32 | Best fitness in generation (Train): -12.22 | Mean fitness (Train): -46.97 | Mean fitness (Test): -92.64
Generation 400 | Best fitness (Train): 0.32 | Best fitness in generation (Train): -8.64 | Mean fitness (Train): -51.05 | Mean fitness (Test): -43.18
Generation 410 | Best fitness (Train): 1.14 | Best fitness in generation (Train): -4.59 | Mean fitness (Train): -35.26 | Mean fitness (Test): -12.51
Generation 420 | Best fitness (Train): 1.14 | Best fitness in generation (Train): -8.20 | Mean fitness (Train): -30.24 | Mean fitness (Test): -20.00
Generation 430 | Best fitness (Train): 1.14 | Best fitness in generation (Train): -9.03 | Mean fitness (Train): -19.87 | Mean fitness (Test): -13.74
Generation 440 | Best fitness (Train): 1.14 | Best fitness in generation (Train): -10.79 | Mean fitness (Train): -32.53 | Mean fitness (Test): -18.61
Generation 450 | Best fitness (Train): 1.14 | Best fitness in generation (Train): -11.29 | Mean fitness (Train): -27.50 | Mean fitness (Test): -13.03
Generation 460 | Best fitness (Train): 1.14 | Best fitness in generation (Train): -9.45 | Mean fitness (Train): -36.40 | Mean fitness (Test): -24.14
Generation 470 | Best fitness (Train): 1.14 | Best fitness in generation (Train): -5.95 | Mean fitness (Train): -12.79 | Mean fitness (Test): -8.46
Generation 480 | Best fitness (Train): 1.14 | Best fitness in generation (Train): -11.53 | Mean fitness (Train): -30.54 | Mean fitness (Test): -102.55
Generation 490 | Best fitness (Train): 1.14 | Best fitness in generation (Train): -7.76 | Mean fitness (Train): -45.45 | Mean fitness (Test): -191.43
Generation 500 | Best fitness (Train): 1.14 | Best fitness in generation (Train): -8.38 | Mean fitness (Train): -29.87 | Mean fitness (Test): -11.28
Generation 510 | Best fitness (Train): 1.14 | Best fitness in generation (Train): -7.20 | Mean fitness (Train): -29.79 | Mean fitness (Test): -11.56
Generation 520 | Best fitness (Train): 1.14 | Best fitness in generation (Train): -19.64 | Mean fitness (Train): -48.60 | Mean fitness (Test): -104.61
Generation 530 | Best fitness (Train): 1.14 | Best fitness in generation (Train): -6.20 | Mean fitness (Train): -32.22 | Mean fitness (Test): -6.57
Generation 540 | Best fitness (Train): 1.14 | Best fitness in generation (Train): -9.12 | Mean fitness (Train): -30.03 | Mean fitness (Test): -17.30
Generation 550 | Best fitness (Train): 10.69 | Best fitness in generation (Train): -18.18 | Mean fitness (Train): -35.15 | Mean fitness (Test): -49.49
Generation 560 | Best fitness (Train): 10.69 | Best fitness in generation (Train): -13.78 | Mean fitness (Train): -39.95 | Mean fitness (Test): -14.89
Generation 570 | Best fitness (Train): 10.69 | Best fitness in generation (Train): -8.26 | Mean fitness (Train): -23.94 | Mean fitness (Test): -52.21
Generation 580 | Best fitness (Train): 10.69 | Best fitness in generation (Train): -15.25 | Mean fitness (Train): -40.10 | Mean fitness (Test): -15.96
Generation 590 | Best fitness (Train): 10.69 | Best fitness in generation (Train): -11.38 | Mean fitness (Train): -49.09 | Mean fitness (Test): -45.78
Generation 600 | Best fitness (Train): 10.69 | Best fitness in generation (Train): -5.82 | Mean fitness (Train): -18.95 | Mean fitness (Test): -36.73
Generation 610 | Best fitness (Train): 10.69 | Best fitness in generation (Train): -14.92 | Mean fitness (Train): -61.80 | Mean fitness (Test): -79.82
Generation 620 | Best fitness (Train): 10.69 | Best fitness in generation (Train): -14.64 | Mean fitness (Train): -46.64 | Mean fitness (Test): -19.31
Generation 630 | Best fitness (Train): 10.69 | Best fitness in generation (Train): -6.86 | Mean fitness (Train): -20.37 | Mean fitness (Test): -7.26
Generation 640 | Best fitness (Train): 10.69 | Best fitness in generation (Train): -8.98 | Mean fitness (Train): -14.36 | Mean fitness (Test): -16.24
Generation 650 | Best fitness (Train): 10.69 | Best fitness in generation (Train): -10.50 | Mean fitness (Train): -12.24 | Mean fitness (Test): -11.40
Generation 660 | Best fitness (Train): 10.69 | Best fitness in generation (Train): -7.35 | Mean fitness (Train): -26.55 | Mean fitness (Test): -60.11
Generation 670 | Best fitness (Train): 10.69 | Best fitness in generation (Train): -8.14 | Mean fitness (Train): -39.61 | Mean fitness (Test): -14.95
Generation 680 | Best fitness (Train): 10.69 | Best fitness in generation (Train): -12.50 | Mean fitness (Train): -20.38 | Mean fitness (Test): -12.59
Generation 690 | Best fitness (Train): 10.69 | Best fitness in generation (Train): -6.56 | Mean fitness (Train): -28.52 | Mean fitness (Test): -43.40
Generation 700 | Best fitness (Train): 10.69 | Best fitness in generation (Train): -22.64 | Mean fitness (Train): -66.19 | Mean fitness (Test): -73.64
Generation 710 | Best fitness (Train): 10.69 | Best fitness in generation (Train): -15.93 | Mean fitness (Train): -47.71 | Mean fitness (Test): -22.79
Generation 720 | Best fitness (Train): 10.69 | Best fitness in generation (Train): -7.37 | Mean fitness (Train): -38.74 | Mean fitness (Test): -110.48
Generation 730 | Best fitness (Train): 10.69 | Best fitness in generation (Train): -15.36 | Mean fitness (Train): -29.06 | Mean fitness (Test): -25.31
Generation 740 | Best fitness (Train): 10.69 | Best fitness in generation (Train): -25.78 | Mean fitness (Train): -67.99 | Mean fitness (Test): -37.14
Generation 750 | Best fitness (Train): 10.69 | Best fitness in generation (Train): -12.86 | Mean fitness (Train): -29.41 | Mean fitness (Test): -13.54
Generation 760 | Best fitness (Train): 10.69 | Best fitness in generation (Train): -9.31 | Mean fitness (Train): -34.96 | Mean fitness (Test): -9.71
Generation 770 | Best fitness (Train): 10.69 | Best fitness in generation (Train): -6.60 | Mean fitness (Train): -34.92 | Mean fitness (Test): -6.73
Generation 780 | Best fitness (Train): 10.69 | Best fitness in generation (Train): -17.81 | Mean fitness (Train): -63.70 | Mean fitness (Test): -147.37
Generation 790 | Best fitness (Train): 10.69 | Best fitness in generation (Train): -13.81 | Mean fitness (Train): -43.48 | Mean fitness (Test): -16.78
Generation 800 | Best fitness (Train): 10.69 | Best fitness in generation (Train): -11.85 | Mean fitness (Train): -34.49 | Mean fitness (Test): -11.89
Generation 810 | Best fitness (Train): 10.69 | Best fitness in generation (Train): -11.25 | Mean fitness (Train): -30.82 | Mean fitness (Test): -68.42
Generation 820 | Best fitness (Train): 10.69 | Best fitness in generation (Train): -6.90 | Mean fitness (Train): -31.57 | Mean fitness (Test): -13.20
Generation 830 | Best fitness (Train): 10.69 | Best fitness in generation (Train): -18.28 | Mean fitness (Train): -51.94 | Mean fitness (Test): -26.31
Generation 840 | Best fitness (Train): 10.69 | Best fitness in generation (Train): -9.94 | Mean fitness (Train): -14.69 | Mean fitness (Test): -20.81
Generation 850 | Best fitness (Train): 10.69 | Best fitness in generation (Train): -13.20 | Mean fitness (Train): -78.12 | Mean fitness (Test): -33.17
Generation 860 | Best fitness (Train): 10.69 | Best fitness in generation (Train): -20.35 | Mean fitness (Train): -54.38 | Mean fitness (Test): -95.20
Generation 870 | Best fitness (Train): 10.69 | Best fitness in generation (Train): -13.30 | Mean fitness (Train): -41.28 | Mean fitness (Test): -66.23
Generation 880 | Best fitness (Train): 10.69 | Best fitness in generation (Train): -10.04 | Mean fitness (Train): -39.56 | Mean fitness (Test): -10.08
Generation 890 | Best fitness (Train): 10.69 | Best fitness in generation (Train): -9.89 | Mean fitness (Train): -13.87 | Mean fitness (Test): -13.86
Generation 900 | Best fitness (Train): 10.69 | Best fitness in generation (Train): -11.66 | Mean fitness (Train): -24.85 | Mean fitness (Test): -11.77
Generation 910 | Best fitness (Train): 10.69 | Best fitness in generation (Train): -10.77 | Mean fitness (Train): -30.10 | Mean fitness (Test): -21.82
Generation 920 | Best fitness (Train): 10.69 | Best fitness in generation (Train): -7.49 | Mean fitness (Train): -12.71 | Mean fitness (Test): -16.09
Generation 930 | Best fitness (Train): 10.69 | Best fitness in generation (Train): -14.24 | Mean fitness (Train): -41.86 | Mean fitness (Test): -36.33
Generation 940 | Best fitness (Train): 10.69 | Best fitness in generation (Train): -8.15 | Mean fitness (Train): -11.98 | Mean fitness (Test): -8.27
Generation 950 | Best fitness (Train): 10.69 | Best fitness in generation (Train): -11.20 | Mean fitness (Train): -40.83 | Mean fitness (Test): -121.39
Generation 960 | Best fitness (Train): 10.69 | Best fitness in generation (Train): -15.36 | Mean fitness (Train): -35.07 | Mean fitness (Test): -86.15
Generation 970 | Best fitness (Train): 10.69 | Best fitness in generation (Train): -10.47 | Mean fitness (Train): -28.36 | Mean fitness (Test): -80.79
Generation 980 | Best fitness (Train): 10.69 | Best fitness in generation (Train): -15.49 | Mean fitness (Train): -38.48 | Mean fitness (Test): -38.64
Generation 990 | Best fitness (Train): 10.69 | Best fitness in generation (Train): -17.52 | Mean fitness (Train): -55.16 | Mean fitness (Test): -63.07
Generation 1000 | Best fitness (Train): 10.69 | Best fitness in generation (Train): -8.07 | Mean fitness (Train): -17.74 | Mean fitness (Test): -8.82
running the experiment ... [../../results/BraxProblem/ant/LearnedES/2]
Generation 010 | Best fitness (Train): -4.70 | Best fitness in generation (Train): -7.13 | Mean fitness (Train): -60.16 | Mean fitness (Test): -76.83
Generation 020 | Best fitness (Train): -3.85 | Best fitness in generation (Train): -6.17 | Mean fitness (Train): -45.44 | Mean fitness (Test): -8.55
Generation 030 | Best fitness (Train): -3.85 | Best fitness in generation (Train): -5.04 | Mean fitness (Train): -46.98 | Mean fitness (Test): -22.04
Generation 040 | Best fitness (Train): 3.14 | Best fitness in generation (Train): -7.59 | Mean fitness (Train): -44.61 | Mean fitness (Test): -14.07
Generation 050 | Best fitness (Train): 3.14 | Best fitness in generation (Train): -5.97 | Mean fitness (Train): -48.59 | Mean fitness (Test): -70.04
Generation 060 | Best fitness (Train): 3.14 | Best fitness in generation (Train): -8.50 | Mean fitness (Train): -42.24 | Mean fitness (Test): -12.53
Generation 070 | Best fitness (Train): 3.14 | Best fitness in generation (Train): -7.05 | Mean fitness (Train): -51.15 | Mean fitness (Test): -42.54
Generation 080 | Best fitness (Train): 3.14 | Best fitness in generation (Train): -7.98 | Mean fitness (Train): -49.76 | Mean fitness (Test): -91.02
Generation 090 | Best fitness (Train): 3.14 | Best fitness in generation (Train): -8.06 | Mean fitness (Train): -59.99 | Mean fitness (Test): -55.96
Generation 100 | Best fitness (Train): 6.43 | Best fitness in generation (Train): -8.07 | Mean fitness (Train): -41.06 | Mean fitness (Test): -48.83
Generation 110 | Best fitness (Train): 6.43 | Best fitness in generation (Train): -7.40 | Mean fitness (Train): -53.66 | Mean fitness (Test): -96.29
Generation 120 | Best fitness (Train): 6.43 | Best fitness in generation (Train): -5.86 | Mean fitness (Train): -41.97 | Mean fitness (Test): -37.65
Generation 130 | Best fitness (Train): 6.43 | Best fitness in generation (Train): -5.97 | Mean fitness (Train): -40.17 | Mean fitness (Test): -16.69
Generation 140 | Best fitness (Train): 6.43 | Best fitness in generation (Train): -8.34 | Mean fitness (Train): -41.81 | Mean fitness (Test): -10.04
Generation 150 | Best fitness (Train): 6.43 | Best fitness in generation (Train): -8.25 | Mean fitness (Train): -53.09 | Mean fitness (Test): -66.79
Generation 160 | Best fitness (Train): 6.43 | Best fitness in generation (Train): -4.32 | Mean fitness (Train): -55.08 | Mean fitness (Test): -26.28
Generation 170 | Best fitness (Train): 6.43 | Best fitness in generation (Train): -5.82 | Mean fitness (Train): -46.94 | Mean fitness (Test): -24.02
Generation 180 | Best fitness (Train): 6.43 | Best fitness in generation (Train): -7.90 | Mean fitness (Train): -50.48 | Mean fitness (Test): -10.87
Generation 190 | Best fitness (Train): 6.43 | Best fitness in generation (Train): -6.25 | Mean fitness (Train): -42.17 | Mean fitness (Test): -62.03
Generation 200 | Best fitness (Train): 6.43 | Best fitness in generation (Train): -5.87 | Mean fitness (Train): -39.70 | Mean fitness (Test): -34.51
Generation 210 | Best fitness (Train): 6.43 | Best fitness in generation (Train): -6.90 | Mean fitness (Train): -54.41 | Mean fitness (Test): -16.95
Generation 220 | Best fitness (Train): 6.43 | Best fitness in generation (Train): -8.57 | Mean fitness (Train): -55.32 | Mean fitness (Test): -18.62
Generation 230 | Best fitness (Train): 6.43 | Best fitness in generation (Train): -7.40 | Mean fitness (Train): -36.16 | Mean fitness (Test): -40.95
Generation 240 | Best fitness (Train): 6.43 | Best fitness in generation (Train): -10.71 | Mean fitness (Train): -59.01 | Mean fitness (Test): -73.09
Generation 250 | Best fitness (Train): 6.43 | Best fitness in generation (Train): -7.38 | Mean fitness (Train): -39.30 | Mean fitness (Test): -12.50
Generation 260 | Best fitness (Train): 6.43 | Best fitness in generation (Train): -11.48 | Mean fitness (Train): -49.87 | Mean fitness (Test): -71.32
Generation 270 | Best fitness (Train): 6.43 | Best fitness in generation (Train): -7.95 | Mean fitness (Train): -35.66 | Mean fitness (Test): -15.79
Generation 280 | Best fitness (Train): 6.43 | Best fitness in generation (Train): -6.94 | Mean fitness (Train): -42.06 | Mean fitness (Test): -29.73
Generation 290 | Best fitness (Train): 6.43 | Best fitness in generation (Train): -7.65 | Mean fitness (Train): -41.03 | Mean fitness (Test): -16.67
Generation 300 | Best fitness (Train): 6.43 | Best fitness in generation (Train): -9.38 | Mean fitness (Train): -37.42 | Mean fitness (Test): -38.63
Generation 310 | Best fitness (Train): 6.43 | Best fitness in generation (Train): -5.89 | Mean fitness (Train): -45.98 | Mean fitness (Test): -79.72
Generation 320 | Best fitness (Train): 6.43 | Best fitness in generation (Train): -7.38 | Mean fitness (Train): -43.02 | Mean fitness (Test): -35.94
Generation 330 | Best fitness (Train): 6.43 | Best fitness in generation (Train): -4.64 | Mean fitness (Train): -46.85 | Mean fitness (Test): -8.61
Generation 340 | Best fitness (Train): 6.43 | Best fitness in generation (Train): -7.21 | Mean fitness (Train): -51.57 | Mean fitness (Test): -17.20
Generation 350 | Best fitness (Train): 6.43 | Best fitness in generation (Train): -6.95 | Mean fitness (Train): -49.33 | Mean fitness (Test): -33.25
Generation 360 | Best fitness (Train): 6.43 | Best fitness in generation (Train): -6.42 | Mean fitness (Train): -28.54 | Mean fitness (Test): -5.14
Generation 370 | Best fitness (Train): 6.43 | Best fitness in generation (Train): -4.73 | Mean fitness (Train): -24.65 | Mean fitness (Test): -10.42
Generation 380 | Best fitness (Train): 6.43 | Best fitness in generation (Train): -7.19 | Mean fitness (Train): -39.50 | Mean fitness (Test): -16.72
Generation 390 | Best fitness (Train): 6.43 | Best fitness in generation (Train): -10.10 | Mean fitness (Train): -56.70 | Mean fitness (Test): -89.92
Generation 400 | Best fitness (Train): 6.43 | Best fitness in generation (Train): -5.61 | Mean fitness (Train): -54.72 | Mean fitness (Test): -8.35
Generation 410 | Best fitness (Train): 6.43 | Best fitness in generation (Train): -10.80 | Mean fitness (Train): -39.37 | Mean fitness (Test): -20.27
Generation 420 | Best fitness (Train): 6.43 | Best fitness in generation (Train): 0.86 | Mean fitness (Train): -38.24 | Mean fitness (Test): -13.48
Generation 430 | Best fitness (Train): 6.43 | Best fitness in generation (Train): -6.72 | Mean fitness (Train): -59.92 | Mean fitness (Test): -49.60
Generation 440 | Best fitness (Train): 6.43 | Best fitness in generation (Train): -10.08 | Mean fitness (Train): -61.32 | Mean fitness (Test): -55.66
Generation 450 | Best fitness (Train): 6.43 | Best fitness in generation (Train): -7.50 | Mean fitness (Train): -53.02 | Mean fitness (Test): -54.02
Generation 460 | Best fitness (Train): 6.43 | Best fitness in generation (Train): -9.90 | Mean fitness (Train): -56.21 | Mean fitness (Test): -47.72
Generation 470 | Best fitness (Train): 6.43 | Best fitness in generation (Train): -4.79 | Mean fitness (Train): -27.08 | Mean fitness (Test): -4.56
Generation 480 | Best fitness (Train): 6.43 | Best fitness in generation (Train): -10.85 | Mean fitness (Train): -58.12 | Mean fitness (Test): -98.81
Generation 490 | Best fitness (Train): 6.43 | Best fitness in generation (Train): -4.78 | Mean fitness (Train): -27.86 | Mean fitness (Test): -5.65
Generation 500 | Best fitness (Train): 6.43 | Best fitness in generation (Train): -6.88 | Mean fitness (Train): -45.76 | Mean fitness (Test): -29.84
Generation 510 | Best fitness (Train): 6.43 | Best fitness in generation (Train): -9.91 | Mean fitness (Train): -47.56 | Mean fitness (Test): -88.61
Generation 520 | Best fitness (Train): 6.43 | Best fitness in generation (Train): -10.59 | Mean fitness (Train): -58.91 | Mean fitness (Test): -89.31
Generation 530 | Best fitness (Train): 6.43 | Best fitness in generation (Train): -7.55 | Mean fitness (Train): -32.60 | Mean fitness (Test): -39.30
Generation 540 | Best fitness (Train): 6.43 | Best fitness in generation (Train): -7.36 | Mean fitness (Train): -21.98 | Mean fitness (Test): -15.01
Generation 550 | Best fitness (Train): 6.43 | Best fitness in generation (Train): -7.47 | Mean fitness (Train): -40.34 | Mean fitness (Test): -8.68
Generation 560 | Best fitness (Train): 6.43 | Best fitness in generation (Train): -9.70 | Mean fitness (Train): -37.58 | Mean fitness (Test): -15.62
Generation 570 | Best fitness (Train): 6.43 | Best fitness in generation (Train): -6.19 | Mean fitness (Train): -16.64 | Mean fitness (Test): -7.32
Generation 580 | Best fitness (Train): 7.54 | Best fitness in generation (Train): -12.02 | Mean fitness (Train): -44.35 | Mean fitness (Test): -19.01
Generation 590 | Best fitness (Train): 7.54 | Best fitness in generation (Train): -9.30 | Mean fitness (Train): -14.34 | Mean fitness (Test): -13.67
Generation 600 | Best fitness (Train): 7.54 | Best fitness in generation (Train): -13.26 | Mean fitness (Train): -57.89 | Mean fitness (Test): -19.59
Generation 610 | Best fitness (Train): 7.54 | Best fitness in generation (Train): -9.07 | Mean fitness (Train): -23.13 | Mean fitness (Test): -12.11
Generation 620 | Best fitness (Train): 7.54 | Best fitness in generation (Train): -19.34 | Mean fitness (Train): -76.97 | Mean fitness (Test): -83.92
Generation 630 | Best fitness (Train): 7.54 | Best fitness in generation (Train): -7.64 | Mean fitness (Train): -74.14 | Mean fitness (Test): -30.22
Generation 640 | Best fitness (Train): 7.54 | Best fitness in generation (Train): -7.13 | Mean fitness (Train): -15.59 | Mean fitness (Test): -9.05
Generation 650 | Best fitness (Train): 7.54 | Best fitness in generation (Train): -7.53 | Mean fitness (Train): -21.93 | Mean fitness (Test): -11.20
Generation 660 | Best fitness (Train): 7.54 | Best fitness in generation (Train): -7.28 | Mean fitness (Train): -46.38 | Mean fitness (Test): -7.87
Generation 670 | Best fitness (Train): 7.54 | Best fitness in generation (Train): -5.89 | Mean fitness (Train): -59.00 | Mean fitness (Test): -65.48
Generation 680 | Best fitness (Train): 7.54 | Best fitness in generation (Train): -7.18 | Mean fitness (Train): -33.68 | Mean fitness (Test): -15.81
Generation 690 | Best fitness (Train): 7.54 | Best fitness in generation (Train): -8.30 | Mean fitness (Train): -27.88 | Mean fitness (Test): -12.44
Generation 700 | Best fitness (Train): 7.54 | Best fitness in generation (Train): -5.47 | Mean fitness (Train): -40.86 | Mean fitness (Test): -147.74
Generation 710 | Best fitness (Train): 7.54 | Best fitness in generation (Train): -10.10 | Mean fitness (Train): -57.14 | Mean fitness (Test): -64.35
Generation 720 | Best fitness (Train): 7.54 | Best fitness in generation (Train): -11.53 | Mean fitness (Train): -56.95 | Mean fitness (Test): -64.48
Generation 730 | Best fitness (Train): 7.54 | Best fitness in generation (Train): -11.04 | Mean fitness (Train): -53.13 | Mean fitness (Test): -65.34
Generation 740 | Best fitness (Train): 7.54 | Best fitness in generation (Train): -8.07 | Mean fitness (Train): -52.59 | Mean fitness (Test): -19.97
Generation 750 | Best fitness (Train): 7.54 | Best fitness in generation (Train): -10.12 | Mean fitness (Train): -57.50 | Mean fitness (Test): -124.83
Generation 760 | Best fitness (Train): 7.54 | Best fitness in generation (Train): -15.10 | Mean fitness (Train): -62.72 | Mean fitness (Test): -76.62
Generation 770 | Best fitness (Train): 7.54 | Best fitness in generation (Train): -14.90 | Mean fitness (Train): -62.99 | Mean fitness (Test): -51.42
Generation 780 | Best fitness (Train): 7.54 | Best fitness in generation (Train): -21.19 | Mean fitness (Train): -67.27 | Mean fitness (Test): -101.70
Generation 790 | Best fitness (Train): 7.54 | Best fitness in generation (Train): -8.85 | Mean fitness (Train): -39.63 | Mean fitness (Test): -10.98
Generation 800 | Best fitness (Train): 7.54 | Best fitness in generation (Train): -5.22 | Mean fitness (Train): -62.55 | Mean fitness (Test): -38.16
Generation 810 | Best fitness (Train): 7.54 | Best fitness in generation (Train): -10.59 | Mean fitness (Train): -42.13 | Mean fitness (Test): -23.46
Generation 820 | Best fitness (Train): 7.54 | Best fitness in generation (Train): -10.02 | Mean fitness (Train): -30.88 | Mean fitness (Test): -13.51
Generation 830 | Best fitness (Train): 7.54 | Best fitness in generation (Train): -15.86 | Mean fitness (Train): -53.28 | Mean fitness (Test): -64.64
Generation 840 | Best fitness (Train): 7.54 | Best fitness in generation (Train): -7.98 | Mean fitness (Train): -15.05 | Mean fitness (Test): -10.36
Generation 850 | Best fitness (Train): 7.54 | Best fitness in generation (Train): -8.10 | Mean fitness (Train): -64.83 | Mean fitness (Test): -67.93
Generation 860 | Best fitness (Train): 7.54 | Best fitness in generation (Train): -13.18 | Mean fitness (Train): -40.21 | Mean fitness (Test): -159.56
Generation 870 | Best fitness (Train): 7.54 | Best fitness in generation (Train): -7.41 | Mean fitness (Train): -33.68 | Mean fitness (Test): -8.30
Generation 880 | Best fitness (Train): 7.54 | Best fitness in generation (Train): -8.57 | Mean fitness (Train): -39.14 | Mean fitness (Test): -56.43
Generation 890 | Best fitness (Train): 7.54 | Best fitness in generation (Train): 0.13 | Mean fitness (Train): -56.85 | Mean fitness (Test): -18.73
Generation 900 | Best fitness (Train): 7.54 | Best fitness in generation (Train): -8.35 | Mean fitness (Train): -35.83 | Mean fitness (Test): -9.40
Generation 910 | Best fitness (Train): 7.54 | Best fitness in generation (Train): -11.65 | Mean fitness (Train): -35.02 | Mean fitness (Test): -22.98
Generation 920 | Best fitness (Train): 7.54 | Best fitness in generation (Train): -7.10 | Mean fitness (Train): -55.71 | Mean fitness (Test): -108.07
Generation 930 | Best fitness (Train): 7.54 | Best fitness in generation (Train): -11.06 | Mean fitness (Train): -45.79 | Mean fitness (Test): -14.86
Generation 940 | Best fitness (Train): 7.54 | Best fitness in generation (Train): -9.31 | Mean fitness (Train): -32.76 | Mean fitness (Test): -9.32
Generation 950 | Best fitness (Train): 7.54 | Best fitness in generation (Train): -13.76 | Mean fitness (Train): -19.44 | Mean fitness (Test): -15.10
Generation 960 | Best fitness (Train): 7.54 | Best fitness in generation (Train): -10.90 | Mean fitness (Train): -40.10 | Mean fitness (Test): -10.90
Generation 970 | Best fitness (Train): 7.54 | Best fitness in generation (Train): -6.28 | Mean fitness (Train): -49.68 | Mean fitness (Test): -6.37
Generation 980 | Best fitness (Train): 7.54 | Best fitness in generation (Train): -9.34 | Mean fitness (Train): -29.41 | Mean fitness (Test): -42.93
Generation 990 | Best fitness (Train): 7.54 | Best fitness in generation (Train): -5.94 | Mean fitness (Train): -50.85 | Mean fitness (Test): -29.20
Generation 1000 | Best fitness (Train): 7.54 | Best fitness in generation (Train): -7.56 | Mean fitness (Train): -28.65 | Mean fitness (Test): -12.92
running the experiment ... [../../results/BraxProblem/ant/LearnedES/3]
Generation 010 | Best fitness (Train): -4.74 | Best fitness in generation (Train): -5.89 | Mean fitness (Train): -56.51 | Mean fitness (Test): -16.10
Generation 020 | Best fitness (Train): -4.74 | Best fitness in generation (Train): -6.53 | Mean fitness (Train): -48.72 | Mean fitness (Test): -17.62
Generation 030 | Best fitness (Train): -4.74 | Best fitness in generation (Train): -11.05 | Mean fitness (Train): -65.23 | Mean fitness (Test): -55.52
Generation 040 | Best fitness (Train): -4.55 | Best fitness in generation (Train): -6.63 | Mean fitness (Train): -45.98 | Mean fitness (Test): -29.69
Generation 050 | Best fitness (Train): -4.27 | Best fitness in generation (Train): -4.27 | Mean fitness (Train): -57.60 | Mean fitness (Test): -80.90
Generation 060 | Best fitness (Train): -3.94 | Best fitness in generation (Train): -3.94 | Mean fitness (Train): -34.91 | Mean fitness (Test): -16.47
Generation 070 | Best fitness (Train): -3.46 | Best fitness in generation (Train): -3.68 | Mean fitness (Train): -34.37 | Mean fitness (Test): -6.69
Generation 080 | Best fitness (Train): -3.46 | Best fitness in generation (Train): -4.08 | Mean fitness (Train): -47.93 | Mean fitness (Test): -12.54
Generation 090 | Best fitness (Train): -3.46 | Best fitness in generation (Train): -4.76 | Mean fitness (Train): -51.84 | Mean fitness (Test): -77.27
Generation 100 | Best fitness (Train): -3.46 | Best fitness in generation (Train): -7.70 | Mean fitness (Train): -44.85 | Mean fitness (Test): -25.50
Generation 110 | Best fitness (Train): -2.85 | Best fitness in generation (Train): -5.67 | Mean fitness (Train): -32.45 | Mean fitness (Test): -45.01
Generation 120 | Best fitness (Train): -2.85 | Best fitness in generation (Train): -4.50 | Mean fitness (Train): -43.67 | Mean fitness (Test): -14.00
Generation 130 | Best fitness (Train): -2.85 | Best fitness in generation (Train): -12.51 | Mean fitness (Train): -62.14 | Mean fitness (Test): -88.68
Generation 140 | Best fitness (Train): -2.85 | Best fitness in generation (Train): -5.81 | Mean fitness (Train): -43.64 | Mean fitness (Test): -11.29
Generation 150 | Best fitness (Train): -2.85 | Best fitness in generation (Train): -5.25 | Mean fitness (Train): -50.06 | Mean fitness (Test): -17.71
Generation 160 | Best fitness (Train): -2.85 | Best fitness in generation (Train): -7.74 | Mean fitness (Train): -41.87 | Mean fitness (Test): -12.12
Generation 170 | Best fitness (Train): -0.40 | Best fitness in generation (Train): -5.66 | Mean fitness (Train): -43.77 | Mean fitness (Test): -41.23
Generation 180 | Best fitness (Train): -0.40 | Best fitness in generation (Train): -6.78 | Mean fitness (Train): -24.41 | Mean fitness (Test): -18.07
Generation 190 | Best fitness (Train): -0.40 | Best fitness in generation (Train): -7.91 | Mean fitness (Train): -63.42 | Mean fitness (Test): -77.92
Generation 200 | Best fitness (Train): -0.40 | Best fitness in generation (Train): -4.86 | Mean fitness (Train): -31.60 | Mean fitness (Test): -58.68
Generation 210 | Best fitness (Train): -0.40 | Best fitness in generation (Train): -5.20 | Mean fitness (Train): -33.83 | Mean fitness (Test): -10.30
Generation 220 | Best fitness (Train): -0.40 | Best fitness in generation (Train): -4.01 | Mean fitness (Train): -62.04 | Mean fitness (Test): -20.25
Generation 230 | Best fitness (Train): -0.40 | Best fitness in generation (Train): -5.08 | Mean fitness (Train): -24.52 | Mean fitness (Test): -6.76
Generation 240 | Best fitness (Train): -0.40 | Best fitness in generation (Train): -8.45 | Mean fitness (Train): -42.89 | Mean fitness (Test): -11.98
Generation 250 | Best fitness (Train): -0.40 | Best fitness in generation (Train): -6.79 | Mean fitness (Train): -55.39 | Mean fitness (Test): -90.17
Generation 260 | Best fitness (Train): -0.40 | Best fitness in generation (Train): -8.56 | Mean fitness (Train): -74.69 | Mean fitness (Test): -47.69
Generation 270 | Best fitness (Train): -0.40 | Best fitness in generation (Train): -4.95 | Mean fitness (Train): -44.72 | Mean fitness (Test): -14.80
Generation 280 | Best fitness (Train): -0.40 | Best fitness in generation (Train): -6.11 | Mean fitness (Train): -58.68 | Mean fitness (Test): -11.48
Generation 290 | Best fitness (Train): -0.40 | Best fitness in generation (Train): -6.53 | Mean fitness (Train): -65.70 | Mean fitness (Test): -56.58
Generation 300 | Best fitness (Train): -0.40 | Best fitness in generation (Train): -4.83 | Mean fitness (Train): -60.76 | Mean fitness (Test): -35.15
Generation 310 | Best fitness (Train): -0.40 | Best fitness in generation (Train): -8.49 | Mean fitness (Train): -69.67 | Mean fitness (Test): -12.13
Generation 320 | Best fitness (Train): -0.40 | Best fitness in generation (Train): -8.05 | Mean fitness (Train): -39.67 | Mean fitness (Test): -9.58
Generation 330 | Best fitness (Train): -0.40 | Best fitness in generation (Train): -9.87 | Mean fitness (Train): -67.99 | Mean fitness (Test): -15.43
Generation 340 | Best fitness (Train): -0.40 | Best fitness in generation (Train): -7.11 | Mean fitness (Train): -64.00 | Mean fitness (Test): -121.39
Generation 350 | Best fitness (Train): -0.40 | Best fitness in generation (Train): -4.95 | Mean fitness (Train): -45.58 | Mean fitness (Test): -7.71
Generation 360 | Best fitness (Train): -0.40 | Best fitness in generation (Train): -7.24 | Mean fitness (Train): -55.44 | Mean fitness (Test): -201.74
Generation 370 | Best fitness (Train): -0.40 | Best fitness in generation (Train): -8.35 | Mean fitness (Train): -57.60 | Mean fitness (Test): -88.16
Generation 380 | Best fitness (Train): -0.40 | Best fitness in generation (Train): -3.19 | Mean fitness (Train): -66.97 | Mean fitness (Test): -106.37
Generation 390 | Best fitness (Train): -0.40 | Best fitness in generation (Train): -6.79 | Mean fitness (Train): -45.19 | Mean fitness (Test): -92.30
Generation 400 | Best fitness (Train): -0.40 | Best fitness in generation (Train): -7.49 | Mean fitness (Train): -54.04 | Mean fitness (Test): -9.42
Generation 410 | Best fitness (Train): -0.40 | Best fitness in generation (Train): -7.73 | Mean fitness (Train): -38.25 | Mean fitness (Test): -12.88
Generation 420 | Best fitness (Train): -0.40 | Best fitness in generation (Train): -7.22 | Mean fitness (Train): -43.09 | Mean fitness (Test): -27.12
Generation 430 | Best fitness (Train): -0.40 | Best fitness in generation (Train): -6.59 | Mean fitness (Train): -58.83 | Mean fitness (Test): -68.07
Generation 440 | Best fitness (Train): -0.40 | Best fitness in generation (Train): -10.52 | Mean fitness (Train): -65.30 | Mean fitness (Test): -70.56
Generation 450 | Best fitness (Train): -0.40 | Best fitness in generation (Train): -6.37 | Mean fitness (Train): -65.07 | Mean fitness (Test): -51.58
Generation 460 | Best fitness (Train): -0.40 | Best fitness in generation (Train): -11.62 | Mean fitness (Train): -69.16 | Mean fitness (Test): -73.68
Generation 470 | Best fitness (Train): -0.40 | Best fitness in generation (Train): -7.32 | Mean fitness (Train): -46.12 | Mean fitness (Test): -74.10
Generation 480 | Best fitness (Train): -0.40 | Best fitness in generation (Train): -8.18 | Mean fitness (Train): -70.51 | Mean fitness (Test): -53.75
Generation 490 | Best fitness (Train): -0.40 | Best fitness in generation (Train): -10.87 | Mean fitness (Train): -46.48 | Mean fitness (Test): -15.51
Generation 500 | Best fitness (Train): -0.40 | Best fitness in generation (Train): -5.87 | Mean fitness (Train): -27.20 | Mean fitness (Test): -12.27
Generation 510 | Best fitness (Train): -0.40 | Best fitness in generation (Train): -6.00 | Mean fitness (Train): -48.33 | Mean fitness (Test): -7.81
Generation 520 | Best fitness (Train): -0.40 | Best fitness in generation (Train): -5.63 | Mean fitness (Train): -42.73 | Mean fitness (Test): -23.91
Generation 530 | Best fitness (Train): -0.40 | Best fitness in generation (Train): -16.32 | Mean fitness (Train): -75.54 | Mean fitness (Test): -31.89
Generation 540 | Best fitness (Train): -0.40 | Best fitness in generation (Train): -17.52 | Mean fitness (Train): -77.36 | Mean fitness (Test): -110.19
Generation 550 | Best fitness (Train): -0.40 | Best fitness in generation (Train): -8.37 | Mean fitness (Train): -65.07 | Mean fitness (Test): -54.06
Generation 560 | Best fitness (Train): -0.40 | Best fitness in generation (Train): -7.97 | Mean fitness (Train): -63.13 | Mean fitness (Test): -43.42
Generation 570 | Best fitness (Train): -0.40 | Best fitness in generation (Train): -6.64 | Mean fitness (Train): -47.73 | Mean fitness (Test): -33.19
Generation 580 | Best fitness (Train): -0.40 | Best fitness in generation (Train): -6.91 | Mean fitness (Train): -68.69 | Mean fitness (Test): -34.71
Generation 590 | Best fitness (Train): -0.40 | Best fitness in generation (Train): -17.52 | Mean fitness (Train): -67.92 | Mean fitness (Test): -89.42
Generation 600 | Best fitness (Train): -0.40 | Best fitness in generation (Train): -8.53 | Mean fitness (Train): -62.00 | Mean fitness (Test): -10.95
Generation 610 | Best fitness (Train): -0.40 | Best fitness in generation (Train): -9.42 | Mean fitness (Train): -20.53 | Mean fitness (Test): -18.18
Generation 620 | Best fitness (Train): -0.40 | Best fitness in generation (Train): -10.65 | Mean fitness (Train): -71.72 | Mean fitness (Test): -132.04
Generation 630 | Best fitness (Train): -0.40 | Best fitness in generation (Train): -16.04 | Mean fitness (Train): -69.61 | Mean fitness (Test): -43.30
Generation 640 | Best fitness (Train): -0.40 | Best fitness in generation (Train): -9.48 | Mean fitness (Train): -40.83 | Mean fitness (Test): -59.34
Generation 650 | Best fitness (Train): 1.96 | Best fitness in generation (Train): -15.04 | Mean fitness (Train): -91.57 | Mean fitness (Test): -80.38
Generation 660 | Best fitness (Train): 1.96 | Best fitness in generation (Train): -8.45 | Mean fitness (Train): -66.16 | Mean fitness (Test): -28.80
Generation 670 | Best fitness (Train): 1.96 | Best fitness in generation (Train): -9.39 | Mean fitness (Train): -45.47 | Mean fitness (Test): -42.37
Generation 680 | Best fitness (Train): 1.96 | Best fitness in generation (Train): -6.12 | Mean fitness (Train): -52.05 | Mean fitness (Test): -39.54
Generation 690 | Best fitness (Train): 1.96 | Best fitness in generation (Train): -9.69 | Mean fitness (Train): -49.10 | Mean fitness (Test): -65.61
Generation 700 | Best fitness (Train): 1.96 | Best fitness in generation (Train): -5.21 | Mean fitness (Train): -42.59 | Mean fitness (Test): -42.50
Generation 710 | Best fitness (Train): 1.96 | Best fitness in generation (Train): -11.93 | Mean fitness (Train): -47.28 | Mean fitness (Test): -12.85
Generation 720 | Best fitness (Train): 1.96 | Best fitness in generation (Train): -9.35 | Mean fitness (Train): -68.07 | Mean fitness (Test): -93.11
Generation 730 | Best fitness (Train): 1.96 | Best fitness in generation (Train): -9.77 | Mean fitness (Train): -50.03 | Mean fitness (Test): -10.95
Generation 740 | Best fitness (Train): 1.96 | Best fitness in generation (Train): -7.55 | Mean fitness (Train): -78.50 | Mean fitness (Test): -38.23
Generation 750 | Best fitness (Train): 1.96 | Best fitness in generation (Train): -14.23 | Mean fitness (Train): -65.22 | Mean fitness (Test): -104.16
Generation 760 | Best fitness (Train): 1.96 | Best fitness in generation (Train): -9.74 | Mean fitness (Train): -47.51 | Mean fitness (Test): -9.21
Generation 770 | Best fitness (Train): 1.96 | Best fitness in generation (Train): -4.33 | Mean fitness (Train): -46.07 | Mean fitness (Test): -59.45
Generation 780 | Best fitness (Train): 1.96 | Best fitness in generation (Train): -16.92 | Mean fitness (Train): -67.11 | Mean fitness (Test): -71.93
Generation 790 | Best fitness (Train): 1.96 | Best fitness in generation (Train): -10.43 | Mean fitness (Train): -56.51 | Mean fitness (Test): -22.19
Generation 800 | Best fitness (Train): 1.96 | Best fitness in generation (Train): -9.15 | Mean fitness (Train): -53.88 | Mean fitness (Test): -10.40
Generation 810 | Best fitness (Train): 1.96 | Best fitness in generation (Train): -7.10 | Mean fitness (Train): -55.50 | Mean fitness (Test): -84.95
Generation 820 | Best fitness (Train): 1.96 | Best fitness in generation (Train): -8.33 | Mean fitness (Train): -35.47 | Mean fitness (Test): -18.12
Generation 830 | Best fitness (Train): 1.96 | Best fitness in generation (Train): -12.08 | Mean fitness (Train): -45.39 | Mean fitness (Test): -160.64
Generation 840 | Best fitness (Train): 1.96 | Best fitness in generation (Train): -6.07 | Mean fitness (Train): -68.85 | Mean fitness (Test): -44.23
Generation 850 | Best fitness (Train): 1.96 | Best fitness in generation (Train): -10.18 | Mean fitness (Train): -47.91 | Mean fitness (Test): -130.04
Generation 860 | Best fitness (Train): 1.96 | Best fitness in generation (Train): -4.62 | Mean fitness (Train): -13.97 | Mean fitness (Test): -14.21
Generation 870 | Best fitness (Train): 1.96 | Best fitness in generation (Train): -18.02 | Mean fitness (Train): -52.94 | Mean fitness (Test): -65.46
Generation 880 | Best fitness (Train): 1.96 | Best fitness in generation (Train): -11.70 | Mean fitness (Train): -62.01 | Mean fitness (Test): -68.65
Generation 890 | Best fitness (Train): 1.96 | Best fitness in generation (Train): -10.55 | Mean fitness (Train): -61.83 | Mean fitness (Test): -104.19
Generation 900 | Best fitness (Train): 1.96 | Best fitness in generation (Train): -8.11 | Mean fitness (Train): -58.67 | Mean fitness (Test): -40.18
Generation 910 | Best fitness (Train): 1.96 | Best fitness in generation (Train): -6.63 | Mean fitness (Train): -31.55 | Mean fitness (Test): -135.51
Generation 920 | Best fitness (Train): 1.96 | Best fitness in generation (Train): -21.38 | Mean fitness (Train): -52.07 | Mean fitness (Test): -26.11
Generation 930 | Best fitness (Train): 1.96 | Best fitness in generation (Train): -11.20 | Mean fitness (Train): -51.15 | Mean fitness (Test): -14.17
Generation 940 | Best fitness (Train): 1.96 | Best fitness in generation (Train): -11.96 | Mean fitness (Train): -79.35 | Mean fitness (Test): -87.36
Generation 950 | Best fitness (Train): 1.96 | Best fitness in generation (Train): -13.76 | Mean fitness (Train): -80.93 | Mean fitness (Test): -79.63
Generation 960 | Best fitness (Train): 1.96 | Best fitness in generation (Train): -10.38 | Mean fitness (Train): -36.36 | Mean fitness (Test): -48.28
Generation 970 | Best fitness (Train): 1.96 | Best fitness in generation (Train): -9.69 | Mean fitness (Train): -55.90 | Mean fitness (Test): -47.01
Generation 980 | Best fitness (Train): 1.96 | Best fitness in generation (Train): -14.12 | Mean fitness (Train): -45.20 | Mean fitness (Test): -31.32
Generation 990 | Best fitness (Train): 1.96 | Best fitness in generation (Train): -5.67 | Mean fitness (Train): -65.63 | Mean fitness (Test): -46.00
Generation 1000 | Best fitness (Train): 1.96 | Best fitness in generation (Train): -9.09 | Mean fitness (Train): -43.83 | Mean fitness (Test): -40.54
running the experiment ... [../../results/BraxProblem/ant/LearnedES/4]
Generation 010 | Best fitness (Train): -4.02 | Best fitness in generation (Train): -7.71 | Mean fitness (Train): -52.68 | Mean fitness (Test): -144.30
Generation 020 | Best fitness (Train): -4.02 | Best fitness in generation (Train): -10.62 | Mean fitness (Train): -56.16 | Mean fitness (Test): -45.95
Generation 030 | Best fitness (Train): -4.02 | Best fitness in generation (Train): -7.05 | Mean fitness (Train): -49.64 | Mean fitness (Test): -8.65
Generation 040 | Best fitness (Train): -4.02 | Best fitness in generation (Train): -5.95 | Mean fitness (Train): -36.01 | Mean fitness (Test): -21.14
Generation 050 | Best fitness (Train): -4.02 | Best fitness in generation (Train): -5.53 | Mean fitness (Train): -31.42 | Mean fitness (Test): -8.71
Generation 060 | Best fitness (Train): -4.02 | Best fitness in generation (Train): -6.57 | Mean fitness (Train): -45.60 | Mean fitness (Test): -51.74
Generation 070 | Best fitness (Train): -4.02 | Best fitness in generation (Train): -10.21 | Mean fitness (Train): -43.65 | Mean fitness (Test): -45.11
Generation 080 | Best fitness (Train): -4.02 | Best fitness in generation (Train): -9.79 | Mean fitness (Train): -40.90 | Mean fitness (Test): -23.06
Generation 090 | Best fitness (Train): -4.02 | Best fitness in generation (Train): -6.84 | Mean fitness (Train): -36.26 | Mean fitness (Test): -19.94
Generation 100 | Best fitness (Train): -4.02 | Best fitness in generation (Train): -8.00 | Mean fitness (Train): -51.07 | Mean fitness (Test): -55.24
Generation 110 | Best fitness (Train): -4.02 | Best fitness in generation (Train): -6.61 | Mean fitness (Train): -38.05 | Mean fitness (Test): -19.86
Generation 120 | Best fitness (Train): -4.02 | Best fitness in generation (Train): -6.95 | Mean fitness (Train): -39.18 | Mean fitness (Test): -93.16
Generation 130 | Best fitness (Train): -4.02 | Best fitness in generation (Train): -6.62 | Mean fitness (Train): -44.75 | Mean fitness (Test): -14.03
Generation 140 | Best fitness (Train): -4.02 | Best fitness in generation (Train): -7.03 | Mean fitness (Train): -34.44 | Mean fitness (Test): -8.76
Generation 150 | Best fitness (Train): -4.02 | Best fitness in generation (Train): -9.55 | Mean fitness (Train): -59.97 | Mean fitness (Test): -80.17
Generation 160 | Best fitness (Train): -4.02 | Best fitness in generation (Train): -9.11 | Mean fitness (Train): -51.57 | Mean fitness (Test): -40.70
Generation 170 | Best fitness (Train): -2.94 | Best fitness in generation (Train): -2.94 | Mean fitness (Train): -49.65 | Mean fitness (Test): -30.62
Generation 180 | Best fitness (Train): -2.94 | Best fitness in generation (Train): -6.27 | Mean fitness (Train): -43.39 | Mean fitness (Test): -74.06
Generation 190 | Best fitness (Train): -2.94 | Best fitness in generation (Train): -7.44 | Mean fitness (Train): -51.94 | Mean fitness (Test): -58.29
Generation 200 | Best fitness (Train): -2.94 | Best fitness in generation (Train): -8.16 | Mean fitness (Train): -45.65 | Mean fitness (Test): -19.28
Generation 210 | Best fitness (Train): -2.94 | Best fitness in generation (Train): -4.54 | Mean fitness (Train): -19.92 | Mean fitness (Test): -6.16
Generation 220 | Best fitness (Train): -2.94 | Best fitness in generation (Train): -7.08 | Mean fitness (Train): -37.21 | Mean fitness (Test): -15.79
Generation 230 | Best fitness (Train): -2.94 | Best fitness in generation (Train): -9.04 | Mean fitness (Train): -37.30 | Mean fitness (Test): -12.71
Generation 240 | Best fitness (Train): -2.94 | Best fitness in generation (Train): -4.14 | Mean fitness (Train): -43.25 | Mean fitness (Test): -9.64
Generation 250 | Best fitness (Train): -2.94 | Best fitness in generation (Train): -5.75 | Mean fitness (Train): -45.94 | Mean fitness (Test): -18.97
Generation 260 | Best fitness (Train): -2.94 | Best fitness in generation (Train): -6.43 | Mean fitness (Train): -27.56 | Mean fitness (Test): -7.31
Generation 270 | Best fitness (Train): -2.94 | Best fitness in generation (Train): -8.29 | Mean fitness (Train): -45.14 | Mean fitness (Test): -12.67
Generation 280 | Best fitness (Train): -2.94 | Best fitness in generation (Train): -9.65 | Mean fitness (Train): -30.52 | Mean fitness (Test): -11.00
Generation 290 | Best fitness (Train): -2.94 | Best fitness in generation (Train): -5.41 | Mean fitness (Train): -13.00 | Mean fitness (Test): -13.39
Generation 300 | Best fitness (Train): -2.94 | Best fitness in generation (Train): -8.37 | Mean fitness (Train): -40.33 | Mean fitness (Test): -24.25
Generation 310 | Best fitness (Train): -2.94 | Best fitness in generation (Train): -8.67 | Mean fitness (Train): -58.77 | Mean fitness (Test): -40.59
Generation 320 | Best fitness (Train): -2.94 | Best fitness in generation (Train): -11.38 | Mean fitness (Train): -58.91 | Mean fitness (Test): -71.36
Generation 330 | Best fitness (Train): -1.60 | Best fitness in generation (Train): -7.85 | Mean fitness (Train): -25.05 | Mean fitness (Test): -9.39
Generation 340 | Best fitness (Train): -1.60 | Best fitness in generation (Train): -10.08 | Mean fitness (Train): -47.97 | Mean fitness (Test): -47.22
Generation 350 | Best fitness (Train): -1.60 | Best fitness in generation (Train): -7.66 | Mean fitness (Train): -43.21 | Mean fitness (Test): -8.77
Generation 360 | Best fitness (Train): -1.60 | Best fitness in generation (Train): -8.64 | Mean fitness (Train): -24.52 | Mean fitness (Test): -13.37
Generation 370 | Best fitness (Train): -1.60 | Best fitness in generation (Train): -8.86 | Mean fitness (Train): -25.66 | Mean fitness (Test): -10.71
Generation 380 | Best fitness (Train): -1.60 | Best fitness in generation (Train): -8.68 | Mean fitness (Train): -39.49 | Mean fitness (Test): -24.13
Generation 390 | Best fitness (Train): -1.60 | Best fitness in generation (Train): -8.84 | Mean fitness (Train): -14.86 | Mean fitness (Test): -10.22
Generation 400 | Best fitness (Train): -1.60 | Best fitness in generation (Train): -11.02 | Mean fitness (Train): -38.58 | Mean fitness (Test): -154.49
Generation 410 | Best fitness (Train): -1.60 | Best fitness in generation (Train): -15.14 | Mean fitness (Train): -64.54 | Mean fitness (Test): -31.59
Generation 420 | Best fitness (Train): -1.60 | Best fitness in generation (Train): -11.00 | Mean fitness (Train): -45.18 | Mean fitness (Test): -50.98
Generation 430 | Best fitness (Train): -1.60 | Best fitness in generation (Train): -4.92 | Mean fitness (Train): -22.16 | Mean fitness (Test): -12.93
Generation 440 | Best fitness (Train): -1.60 | Best fitness in generation (Train): -9.42 | Mean fitness (Train): -61.82 | Mean fitness (Test): -14.15
Generation 450 | Best fitness (Train): -1.60 | Best fitness in generation (Train): -8.67 | Mean fitness (Train): -22.30 | Mean fitness (Test): -11.67
Generation 460 | Best fitness (Train): -1.60 | Best fitness in generation (Train): -17.36 | Mean fitness (Train): -54.39 | Mean fitness (Test): -109.57
Generation 470 | Best fitness (Train): -1.60 | Best fitness in generation (Train): -10.36 | Mean fitness (Train): -53.36 | Mean fitness (Test): -11.48
Generation 480 | Best fitness (Train): -1.60 | Best fitness in generation (Train): -10.33 | Mean fitness (Train): -65.71 | Mean fitness (Test): -78.11
Generation 490 | Best fitness (Train): -1.60 | Best fitness in generation (Train): -9.35 | Mean fitness (Train): -19.71 | Mean fitness (Test): -12.48
Generation 500 | Best fitness (Train): -1.60 | Best fitness in generation (Train): -15.13 | Mean fitness (Train): -60.71 | Mean fitness (Test): -56.88
Generation 510 | Best fitness (Train): -1.60 | Best fitness in generation (Train): -13.92 | Mean fitness (Train): -49.86 | Mean fitness (Test): -77.65
Generation 520 | Best fitness (Train): -1.60 | Best fitness in generation (Train): -6.80 | Mean fitness (Train): -34.54 | Mean fitness (Test): -7.02
Generation 530 | Best fitness (Train): -1.60 | Best fitness in generation (Train): -11.02 | Mean fitness (Train): -43.66 | Mean fitness (Test): -45.13
Generation 540 | Best fitness (Train): -1.60 | Best fitness in generation (Train): -10.76 | Mean fitness (Train): -57.61 | Mean fitness (Test): -18.31
Generation 550 | Best fitness (Train): -1.60 | Best fitness in generation (Train): -10.17 | Mean fitness (Train): -41.77 | Mean fitness (Test): -10.57
Generation 560 | Best fitness (Train): -1.60 | Best fitness in generation (Train): -12.56 | Mean fitness (Train): -37.41 | Mean fitness (Test): -14.72
Generation 570 | Best fitness (Train): -1.60 | Best fitness in generation (Train): -13.47 | Mean fitness (Train): -45.22 | Mean fitness (Test): -14.28
Generation 580 | Best fitness (Train): -1.60 | Best fitness in generation (Train): -14.12 | Mean fitness (Train): -50.73 | Mean fitness (Test): -44.78
Generation 590 | Best fitness (Train): -1.60 | Best fitness in generation (Train): -7.19 | Mean fitness (Train): -36.52 | Mean fitness (Test): -8.83
Generation 600 | Best fitness (Train): -1.60 | Best fitness in generation (Train): -9.94 | Mean fitness (Train): -11.53 | Mean fitness (Test): -10.17
Generation 610 | Best fitness (Train): -1.60 | Best fitness in generation (Train): -6.98 | Mean fitness (Train): -36.49 | Mean fitness (Test): -7.90
Generation 620 | Best fitness (Train): -1.60 | Best fitness in generation (Train): -10.79 | Mean fitness (Train): -14.63 | Mean fitness (Test): -12.46
Generation 630 | Best fitness (Train): -1.60 | Best fitness in generation (Train): -9.72 | Mean fitness (Train): -36.61 | Mean fitness (Test): -10.97
Generation 640 | Best fitness (Train): -1.60 | Best fitness in generation (Train): -5.52 | Mean fitness (Train): -50.56 | Mean fitness (Test): -17.25
Generation 650 | Best fitness (Train): -1.60 | Best fitness in generation (Train): -11.14 | Mean fitness (Train): -39.38 | Mean fitness (Test): -25.83
Generation 660 | Best fitness (Train): -1.60 | Best fitness in generation (Train): -9.50 | Mean fitness (Train): -10.21 | Mean fitness (Test): -11.17
Generation 670 | Best fitness (Train): -1.60 | Best fitness in generation (Train): -7.45 | Mean fitness (Train): -17.02 | Mean fitness (Test): -15.07
Generation 680 | Best fitness (Train): -1.60 | Best fitness in generation (Train): -13.99 | Mean fitness (Train): -19.53 | Mean fitness (Test): -15.15
Generation 690 | Best fitness (Train): -1.60 | Best fitness in generation (Train): -8.39 | Mean fitness (Train): -61.36 | Mean fitness (Test): -142.62
Generation 700 | Best fitness (Train): -1.56 | Best fitness in generation (Train): -29.55 | Mean fitness (Train): -74.54 | Mean fitness (Test): -29.84
Generation 710 | Best fitness (Train): -1.56 | Best fitness in generation (Train): -16.88 | Mean fitness (Train): -35.36 | Mean fitness (Test): -19.94
Generation 720 | Best fitness (Train): -1.56 | Best fitness in generation (Train): -14.78 | Mean fitness (Train): -38.23 | Mean fitness (Test): -14.64
Generation 730 | Best fitness (Train): -1.56 | Best fitness in generation (Train): -11.44 | Mean fitness (Train): -17.15 | Mean fitness (Test): -16.72
Generation 740 | Best fitness (Train): -1.56 | Best fitness in generation (Train): -32.10 | Mean fitness (Train): -75.07 | Mean fitness (Test): -90.52
Generation 750 | Best fitness (Train): -1.56 | Best fitness in generation (Train): -9.50 | Mean fitness (Train): -14.07 | Mean fitness (Test): -9.55
Generation 760 | Best fitness (Train): -1.56 | Best fitness in generation (Train): -16.27 | Mean fitness (Train): -67.88 | Mean fitness (Test): -22.85
Generation 770 | Best fitness (Train): -1.56 | Best fitness in generation (Train): -27.14 | Mean fitness (Train): -78.00 | Mean fitness (Test): -98.19
Generation 780 | Best fitness (Train): -1.56 | Best fitness in generation (Train): -13.90 | Mean fitness (Train): -32.15 | Mean fitness (Test): -18.47
Generation 790 | Best fitness (Train): -1.56 | Best fitness in generation (Train): -8.06 | Mean fitness (Train): -22.93 | Mean fitness (Test): -8.06
Generation 800 | Best fitness (Train): -1.56 | Best fitness in generation (Train): -15.49 | Mean fitness (Train): -37.31 | Mean fitness (Test): -28.84
Generation 810 | Best fitness (Train): -1.56 | Best fitness in generation (Train): -11.09 | Mean fitness (Train): -34.23 | Mean fitness (Test): -51.47
Generation 820 | Best fitness (Train): -1.56 | Best fitness in generation (Train): -14.99 | Mean fitness (Train): -37.06 | Mean fitness (Test): -26.78
Generation 830 | Best fitness (Train): -1.56 | Best fitness in generation (Train): -7.08 | Mean fitness (Train): -40.02 | Mean fitness (Test): -76.61
Generation 840 | Best fitness (Train): -1.56 | Best fitness in generation (Train): -22.06 | Mean fitness (Train): -79.97 | Mean fitness (Test): -15.78
Generation 850 | Best fitness (Train): -1.56 | Best fitness in generation (Train): -29.04 | Mean fitness (Train): -75.45 | Mean fitness (Test): -46.58
Generation 860 | Best fitness (Train): -1.56 | Best fitness in generation (Train): -6.82 | Mean fitness (Train): -10.29 | Mean fitness (Test): -9.00
Generation 870 | Best fitness (Train): -1.56 | Best fitness in generation (Train): -13.54 | Mean fitness (Train): -42.60 | Mean fitness (Test): -49.57
Generation 880 | Best fitness (Train): -1.56 | Best fitness in generation (Train): -15.92 | Mean fitness (Train): -52.41 | Mean fitness (Test): -35.02
Generation 890 | Best fitness (Train): -1.56 | Best fitness in generation (Train): -10.77 | Mean fitness (Train): -26.16 | Mean fitness (Test): -11.95
Generation 900 | Best fitness (Train): -1.56 | Best fitness in generation (Train): -14.55 | Mean fitness (Train): -18.58 | Mean fitness (Test): -17.64
Generation 910 | Best fitness (Train): -1.56 | Best fitness in generation (Train): -9.30 | Mean fitness (Train): -39.57 | Mean fitness (Test): -9.31
Generation 920 | Best fitness (Train): -1.56 | Best fitness in generation (Train): -6.26 | Mean fitness (Train): -8.89 | Mean fitness (Test): -6.37
Generation 930 | Best fitness (Train): -1.56 | Best fitness in generation (Train): -8.15 | Mean fitness (Train): -14.27 | Mean fitness (Test): -13.50
Generation 940 | Best fitness (Train): -1.56 | Best fitness in generation (Train): -11.88 | Mean fitness (Train): -41.33 | Mean fitness (Test): -11.88
Generation 950 | Best fitness (Train): -1.56 | Best fitness in generation (Train): -15.46 | Mean fitness (Train): -17.39 | Mean fitness (Test): -19.06
Generation 960 | Best fitness (Train): -1.56 | Best fitness in generation (Train): -8.73 | Mean fitness (Train): -42.56 | Mean fitness (Test): -152.20
Generation 970 | Best fitness (Train): -1.56 | Best fitness in generation (Train): -12.15 | Mean fitness (Train): -14.63 | Mean fitness (Test): -16.83
Generation 980 | Best fitness (Train): -1.56 | Best fitness in generation (Train): -8.46 | Mean fitness (Train): -20.30 | Mean fitness (Test): -13.73
Generation 990 | Best fitness (Train): -1.56 | Best fitness in generation (Train): -9.95 | Mean fitness (Train): -21.08 | Mean fitness (Test): -185.66
Generation 1000 | Best fitness (Train): -1.56 | Best fitness in generation (Train): -18.12 | Mean fitness (Train): -34.29 | Mean fitness (Test): -24.62
Running ES algorithms:   0%|                                                             | 0/1 [00:00<?, ?it/s][A
Running ES algorithms: 100%|███████████████████████████████████████████████| 1/1 [20:09:10<00:00, 72550.32s/it][ARunning ES algorithms: 100%|███████████████████████████████████████████████| 1/1 [20:09:10<00:00, 72550.33s/it]
Successfully loaded: fast
Loading Problems ..:   8%|███▋                                        | 1/12 [20:09:39<221:46:18, 72579.90s/it]
running the experiment ... [../../results/BraxProblem/fast/LearnedES/0]
Generation 010 | Best fitness (Train): 66867.05 | Best fitness in generation (Train): 66867.05 | Mean fitness (Train): 32910.82 | Mean fitness (Test): 65768.15
Generation 020 | Best fitness (Train): 66867.05 | Best fitness in generation (Train): 66867.05 | Mean fitness (Train): 51871.01 | Mean fitness (Test): 66867.05
Generation 030 | Best fitness (Train): 66867.05 | Best fitness in generation (Train): 66867.05 | Mean fitness (Train): 60466.80 | Mean fitness (Test): 66867.05
Generation 040 | Best fitness (Train): 66867.05 | Best fitness in generation (Train): 66867.05 | Mean fitness (Train): 58428.12 | Mean fitness (Test): 66867.05
Generation 050 | Best fitness (Train): 66867.05 | Best fitness in generation (Train): 66867.05 | Mean fitness (Train): 62027.55 | Mean fitness (Test): 66867.05
Generation 060 | Best fitness (Train): 66867.05 | Best fitness in generation (Train): 66867.05 | Mean fitness (Train): 64879.21 | Mean fitness (Test): 66867.05
Generation 070 | Best fitness (Train): 66867.05 | Best fitness in generation (Train): 66867.05 | Mean fitness (Train): 64059.31 | Mean fitness (Test): 66867.05
Generation 080 | Best fitness (Train): 66867.05 | Best fitness in generation (Train): 66867.05 | Mean fitness (Train): 64545.34 | Mean fitness (Test): 66867.05
Generation 090 | Best fitness (Train): 66867.05 | Best fitness in generation (Train): 66867.05 | Mean fitness (Train): 64550.99 | Mean fitness (Test): 66867.05
Generation 100 | Best fitness (Train): 66867.05 | Best fitness in generation (Train): 66867.05 | Mean fitness (Train): 64570.93 | Mean fitness (Test): 66867.05
Generation 110 | Best fitness (Train): 66867.05 | Best fitness in generation (Train): 66867.05 | Mean fitness (Train): 65043.16 | Mean fitness (Test): 66867.05
Generation 120 | Best fitness (Train): 66867.05 | Best fitness in generation (Train): 66867.05 | Mean fitness (Train): 65013.70 | Mean fitness (Test): 66867.05
Generation 130 | Best fitness (Train): 66867.05 | Best fitness in generation (Train): 66867.05 | Mean fitness (Train): 66240.59 | Mean fitness (Test): 66867.05
Generation 140 | Best fitness (Train): 66867.05 | Best fitness in generation (Train): 66867.05 | Mean fitness (Train): 65283.24 | Mean fitness (Test): 66867.05
Generation 150 | Best fitness (Train): 66867.05 | Best fitness in generation (Train): 66867.05 | Mean fitness (Train): 65363.84 | Mean fitness (Test): 66867.05
Generation 160 | Best fitness (Train): 66867.05 | Best fitness in generation (Train): 66867.05 | Mean fitness (Train): 64833.67 | Mean fitness (Test): 66867.05
Generation 170 | Best fitness (Train): 66867.05 | Best fitness in generation (Train): 66867.05 | Mean fitness (Train): 64540.33 | Mean fitness (Test): 66867.05
Generation 180 | Best fitness (Train): 66867.05 | Best fitness in generation (Train): 66867.05 | Mean fitness (Train): 66095.62 | Mean fitness (Test): 66867.05
Generation 190 | Best fitness (Train): 66867.05 | Best fitness in generation (Train): 66867.05 | Mean fitness (Train): 66064.01 | Mean fitness (Test): 66867.05
Generation 200 | Best fitness (Train): 66867.05 | Best fitness in generation (Train): 66867.05 | Mean fitness (Train): 64883.99 | Mean fitness (Test): 66867.05
Generation 210 | Best fitness (Train): 66867.05 | Best fitness in generation (Train): 66867.05 | Mean fitness (Train): 64317.32 | Mean fitness (Test): 66867.05
Generation 220 | Best fitness (Train): 66867.05 | Best fitness in generation (Train): 66867.05 | Mean fitness (Train): 65685.17 | Mean fitness (Test): 66867.05
Generation 230 | Best fitness (Train): 66867.05 | Best fitness in generation (Train): 66867.05 | Mean fitness (Train): 65692.25 | Mean fitness (Test): 66867.05
Generation 240 | Best fitness (Train): 66867.05 | Best fitness in generation (Train): 66867.05 | Mean fitness (Train): 65842.30 | Mean fitness (Test): 66867.05
Generation 250 | Best fitness (Train): 66867.05 | Best fitness in generation (Train): 66867.05 | Mean fitness (Train): 65477.66 | Mean fitness (Test): 66867.05
Generation 260 | Best fitness (Train): 66867.05 | Best fitness in generation (Train): 66867.05 | Mean fitness (Train): 65682.05 | Mean fitness (Test): 66867.05
Generation 270 | Best fitness (Train): 66867.05 | Best fitness in generation (Train): 66867.05 | Mean fitness (Train): 65703.77 | Mean fitness (Test): 66867.05
Generation 280 | Best fitness (Train): 66867.05 | Best fitness in generation (Train): 66867.05 | Mean fitness (Train): 65506.07 | Mean fitness (Test): 66867.05
Generation 290 | Best fitness (Train): 66867.05 | Best fitness in generation (Train): 66867.05 | Mean fitness (Train): 65056.45 | Mean fitness (Test): 66867.05
Generation 300 | Best fitness (Train): 66867.05 | Best fitness in generation (Train): 66867.05 | Mean fitness (Train): 64860.99 | Mean fitness (Test): 66867.05
Generation 310 | Best fitness (Train): 66867.05 | Best fitness in generation (Train): 66867.05 | Mean fitness (Train): 65414.23 | Mean fitness (Test): 66867.05
Generation 320 | Best fitness (Train): 66867.05 | Best fitness in generation (Train): 66867.05 | Mean fitness (Train): 65199.99 | Mean fitness (Test): 66867.05
Generation 330 | Best fitness (Train): 66867.05 | Best fitness in generation (Train): 66867.05 | Mean fitness (Train): 65460.85 | Mean fitness (Test): 66867.05
Generation 340 | Best fitness (Train): 66867.05 | Best fitness in generation (Train): 66867.05 | Mean fitness (Train): 66175.65 | Mean fitness (Test): 66867.05
Generation 350 | Best fitness (Train): 66867.05 | Best fitness in generation (Train): 66867.05 | Mean fitness (Train): 66088.06 | Mean fitness (Test): 66867.05
Generation 360 | Best fitness (Train): 66867.05 | Best fitness in generation (Train): 66867.05 | Mean fitness (Train): 66165.06 | Mean fitness (Test): 66867.05
Generation 370 | Best fitness (Train): 66867.05 | Best fitness in generation (Train): 66867.05 | Mean fitness (Train): 66397.98 | Mean fitness (Test): 66867.05
Generation 380 | Best fitness (Train): 66867.05 | Best fitness in generation (Train): 66867.05 | Mean fitness (Train): 65594.52 | Mean fitness (Test): 66867.05
Generation 390 | Best fitness (Train): 66867.05 | Best fitness in generation (Train): 66867.05 | Mean fitness (Train): 65815.05 | Mean fitness (Test): 66867.05
Generation 400 | Best fitness (Train): 66867.05 | Best fitness in generation (Train): 66867.05 | Mean fitness (Train): 66180.19 | Mean fitness (Test): 66867.05
Generation 410 | Best fitness (Train): 66867.05 | Best fitness in generation (Train): 66867.05 | Mean fitness (Train): 65674.32 | Mean fitness (Test): 66867.05
Generation 420 | Best fitness (Train): 66867.05 | Best fitness in generation (Train): 66867.05 | Mean fitness (Train): 66020.00 | Mean fitness (Test): 66867.05
Generation 430 | Best fitness (Train): 66867.05 | Best fitness in generation (Train): 66867.05 | Mean fitness (Train): 66489.62 | Mean fitness (Test): 66867.05
Generation 440 | Best fitness (Train): 66867.05 | Best fitness in generation (Train): 66867.05 | Mean fitness (Train): 65974.99 | Mean fitness (Test): 66867.05
Generation 450 | Best fitness (Train): 66867.05 | Best fitness in generation (Train): 66867.05 | Mean fitness (Train): 66336.30 | Mean fitness (Test): 66867.05
Generation 460 | Best fitness (Train): 66867.05 | Best fitness in generation (Train): 66867.05 | Mean fitness (Train): 66798.89 | Mean fitness (Test): 66867.05
Generation 470 | Best fitness (Train): 66867.05 | Best fitness in generation (Train): 66867.05 | Mean fitness (Train): 66091.07 | Mean fitness (Test): 66867.05
Generation 480 | Best fitness (Train): 66867.05 | Best fitness in generation (Train): 66867.05 | Mean fitness (Train): 66702.95 | Mean fitness (Test): 66867.05
Generation 490 | Best fitness (Train): 66867.05 | Best fitness in generation (Train): 66867.05 | Mean fitness (Train): 66574.41 | Mean fitness (Test): 66867.05
Generation 500 | Best fitness (Train): 66867.05 | Best fitness in generation (Train): 66867.05 | Mean fitness (Train): 66051.80 | Mean fitness (Test): 66867.05
Generation 510 | Best fitness (Train): 66867.05 | Best fitness in generation (Train): 66867.05 | Mean fitness (Train): 66574.54 | Mean fitness (Test): 66867.05
Generation 520 | Best fitness (Train): 66867.05 | Best fitness in generation (Train): 66867.05 | Mean fitness (Train): 66621.72 | Mean fitness (Test): 66867.05
Generation 530 | Best fitness (Train): 66867.05 | Best fitness in generation (Train): 66867.05 | Mean fitness (Train): 66280.59 | Mean fitness (Test): 66867.05
Generation 540 | Best fitness (Train): 66867.05 | Best fitness in generation (Train): 66867.05 | Mean fitness (Train): 66199.28 | Mean fitness (Test): 66867.05
Generation 550 | Best fitness (Train): 66867.05 | Best fitness in generation (Train): 66867.05 | Mean fitness (Train): 66384.88 | Mean fitness (Test): 66867.05
Generation 560 | Best fitness (Train): 66867.05 | Best fitness in generation (Train): 66867.05 | Mean fitness (Train): 66743.52 | Mean fitness (Test): 66867.05
Generation 570 | Best fitness (Train): 66867.05 | Best fitness in generation (Train): 66867.05 | Mean fitness (Train): 66335.87 | Mean fitness (Test): 66867.05
Generation 580 | Best fitness (Train): 66867.05 | Best fitness in generation (Train): 66867.05 | Mean fitness (Train): 66673.21 | Mean fitness (Test): 66867.05
Generation 590 | Best fitness (Train): 66867.05 | Best fitness in generation (Train): 66867.05 | Mean fitness (Train): 65988.09 | Mean fitness (Test): 66867.05
Generation 600 | Best fitness (Train): 66867.05 | Best fitness in generation (Train): 66867.05 | Mean fitness (Train): 66523.73 | Mean fitness (Test): 66867.05
Generation 610 | Best fitness (Train): 66867.05 | Best fitness in generation (Train): 66867.05 | Mean fitness (Train): 66601.69 | Mean fitness (Test): 66867.05
Generation 620 | Best fitness (Train): 66867.05 | Best fitness in generation (Train): 66867.05 | Mean fitness (Train): 66783.31 | Mean fitness (Test): 66867.05
Generation 630 | Best fitness (Train): 66867.05 | Best fitness in generation (Train): 66867.05 | Mean fitness (Train): 66148.98 | Mean fitness (Test): 66867.05
Generation 640 | Best fitness (Train): 66867.05 | Best fitness in generation (Train): 66867.05 | Mean fitness (Train): 66086.38 | Mean fitness (Test): 66867.05
Generation 650 | Best fitness (Train): 66867.05 | Best fitness in generation (Train): 66867.05 | Mean fitness (Train): 66049.17 | Mean fitness (Test): 66867.05
Generation 660 | Best fitness (Train): 66867.05 | Best fitness in generation (Train): 66867.05 | Mean fitness (Train): 66691.71 | Mean fitness (Test): 66867.05
Generation 670 | Best fitness (Train): 66867.05 | Best fitness in generation (Train): 66867.05 | Mean fitness (Train): 66557.84 | Mean fitness (Test): 66867.05
Generation 680 | Best fitness (Train): 66867.05 | Best fitness in generation (Train): 66867.05 | Mean fitness (Train): 66515.12 | Mean fitness (Test): 66867.05
Generation 690 | Best fitness (Train): 66867.05 | Best fitness in generation (Train): 66867.05 | Mean fitness (Train): 65823.66 | Mean fitness (Test): 66867.05
Generation 700 | Best fitness (Train): 66867.05 | Best fitness in generation (Train): 66867.05 | Mean fitness (Train): 66532.36 | Mean fitness (Test): 66867.05
Generation 710 | Best fitness (Train): 66867.05 | Best fitness in generation (Train): 66867.05 | Mean fitness (Train): 66442.36 | Mean fitness (Test): 66867.05
Generation 720 | Best fitness (Train): 66867.05 | Best fitness in generation (Train): 66867.05 | Mean fitness (Train): 66504.78 | Mean fitness (Test): 66867.05
Generation 730 | Best fitness (Train): 66867.05 | Best fitness in generation (Train): 66867.05 | Mean fitness (Train): 66153.52 | Mean fitness (Test): 66867.05
Generation 740 | Best fitness (Train): 66867.05 | Best fitness in generation (Train): 66867.05 | Mean fitness (Train): 66045.52 | Mean fitness (Test): 66867.05
Generation 750 | Best fitness (Train): 66867.05 | Best fitness in generation (Train): 66867.05 | Mean fitness (Train): 66463.47 | Mean fitness (Test): 66867.05
Generation 760 | Best fitness (Train): 66867.05 | Best fitness in generation (Train): 66867.05 | Mean fitness (Train): 65996.67 | Mean fitness (Test): 66867.05
Generation 770 | Best fitness (Train): 66867.05 | Best fitness in generation (Train): 66867.05 | Mean fitness (Train): 66314.72 | Mean fitness (Test): 66867.05
Generation 780 | Best fitness (Train): 66867.05 | Best fitness in generation (Train): 66867.05 | Mean fitness (Train): 66735.69 | Mean fitness (Test): 66867.05
Generation 790 | Best fitness (Train): 66867.05 | Best fitness in generation (Train): 66867.05 | Mean fitness (Train): 66584.50 | Mean fitness (Test): 66867.05
Generation 800 | Best fitness (Train): 66867.05 | Best fitness in generation (Train): 66867.05 | Mean fitness (Train): 66082.06 | Mean fitness (Test): 66867.05
Generation 810 | Best fitness (Train): 66867.05 | Best fitness in generation (Train): 66867.05 | Mean fitness (Train): 66273.11 | Mean fitness (Test): 66867.05
Generation 820 | Best fitness (Train): 66867.05 | Best fitness in generation (Train): 66867.05 | Mean fitness (Train): 66295.27 | Mean fitness (Test): 66867.05
Generation 830 | Best fitness (Train): 66867.05 | Best fitness in generation (Train): 66867.05 | Mean fitness (Train): 66563.36 | Mean fitness (Test): 66867.05
Generation 840 | Best fitness (Train): 66867.05 | Best fitness in generation (Train): 66867.05 | Mean fitness (Train): 66251.31 | Mean fitness (Test): 66867.05
Generation 850 | Best fitness (Train): 66867.05 | Best fitness in generation (Train): 66867.05 | Mean fitness (Train): 66754.34 | Mean fitness (Test): 66867.05
Generation 860 | Best fitness (Train): 66867.05 | Best fitness in generation (Train): 66867.05 | Mean fitness (Train): 66417.45 | Mean fitness (Test): 66867.05
Generation 870 | Best fitness (Train): 66867.05 | Best fitness in generation (Train): 66867.05 | Mean fitness (Train): 66806.92 | Mean fitness (Test): 66867.05
Generation 880 | Best fitness (Train): 66867.05 | Best fitness in generation (Train): 66867.05 | Mean fitness (Train): 66580.55 | Mean fitness (Test): 66867.05
Generation 890 | Best fitness (Train): 66867.05 | Best fitness in generation (Train): 66867.05 | Mean fitness (Train): 66594.38 | Mean fitness (Test): 66867.05
Generation 900 | Best fitness (Train): 66867.05 | Best fitness in generation (Train): 66867.05 | Mean fitness (Train): 66724.91 | Mean fitness (Test): 66867.05
Generation 910 | Best fitness (Train): 66867.05 | Best fitness in generation (Train): 66867.05 | Mean fitness (Train): 66566.25 | Mean fitness (Test): 66867.05
Generation 920 | Best fitness (Train): 66867.05 | Best fitness in generation (Train): 0.00 | Mean fitness (Train): 0.00 | Mean fitness (Test): 0.00
Generation 930 | Best fitness (Train): 66867.05 | Best fitness in generation (Train): 0.00 | Mean fitness (Train): 0.00 | Mean fitness (Test): 0.00
Generation 940 | Best fitness (Train): 66867.05 | Best fitness in generation (Train): 0.00 | Mean fitness (Train): 0.00 | Mean fitness (Test): 0.00
Generation 950 | Best fitness (Train): 66867.05 | Best fitness in generation (Train): 0.00 | Mean fitness (Train): 0.00 | Mean fitness (Test): 0.00
Generation 960 | Best fitness (Train): 66867.05 | Best fitness in generation (Train): 0.00 | Mean fitness (Train): 0.00 | Mean fitness (Test): 0.00
Generation 970 | Best fitness (Train): 66867.05 | Best fitness in generation (Train): 0.00 | Mean fitness (Train): 0.00 | Mean fitness (Test): 0.00
Generation 980 | Best fitness (Train): 66867.05 | Best fitness in generation (Train): 0.00 | Mean fitness (Train): 0.00 | Mean fitness (Test): 0.00
Generation 990 | Best fitness (Train): 66867.05 | Best fitness in generation (Train): 0.00 | Mean fitness (Train): 0.00 | Mean fitness (Test): 0.00
Generation 1000 | Best fitness (Train): 66867.05 | Best fitness in generation (Train): 0.00 | Mean fitness (Train): 0.00 | Mean fitness (Test): 0.00
Failed to generate visualization: 'Fast' object has no attribute 'sys'
running the experiment ... [../../results/BraxProblem/fast/LearnedES/1]
Generation 010 | Best fitness (Train): 66867.05 | Best fitness in generation (Train): 66867.05 | Mean fitness (Train): 34301.80 | Mean fitness (Test): 66867.05
Generation 020 | Best fitness (Train): 66867.05 | Best fitness in generation (Train): 66867.05 | Mean fitness (Train): 54229.79 | Mean fitness (Test): 66867.05
Generation 030 | Best fitness (Train): 66867.05 | Best fitness in generation (Train): 66867.05 | Mean fitness (Train): 59852.34 | Mean fitness (Test): 66867.05
Generation 040 | Best fitness (Train): 66867.05 | Best fitness in generation (Train): 66867.05 | Mean fitness (Train): 60675.51 | Mean fitness (Test): 66867.05
Generation 050 | Best fitness (Train): 66867.05 | Best fitness in generation (Train): 66867.05 | Mean fitness (Train): 63422.79 | Mean fitness (Test): 66867.05
Generation 060 | Best fitness (Train): 66867.05 | Best fitness in generation (Train): 66867.05 | Mean fitness (Train): 62168.62 | Mean fitness (Test): 66867.05
Generation 070 | Best fitness (Train): 66867.05 | Best fitness in generation (Train): 66867.05 | Mean fitness (Train): 64251.70 | Mean fitness (Test): 66867.05
Generation 080 | Best fitness (Train): 66867.05 | Best fitness in generation (Train): 66867.05 | Mean fitness (Train): 63985.85 | Mean fitness (Test): 66867.05
Generation 090 | Best fitness (Train): 66867.05 | Best fitness in generation (Train): 66867.05 | Mean fitness (Train): 63435.62 | Mean fitness (Test): 66867.05
Generation 100 | Best fitness (Train): 66867.05 | Best fitness in generation (Train): 66867.05 | Mean fitness (Train): 63553.38 | Mean fitness (Test): 66867.05
Generation 110 | Best fitness (Train): 66867.05 | Best fitness in generation (Train): 66867.05 | Mean fitness (Train): 64851.39 | Mean fitness (Test): 66867.05
Generation 120 | Best fitness (Train): 66867.05 | Best fitness in generation (Train): 66867.05 | Mean fitness (Train): 64099.98 | Mean fitness (Test): 66867.05
Generation 130 | Best fitness (Train): 66867.05 | Best fitness in generation (Train): 66867.05 | Mean fitness (Train): 64984.62 | Mean fitness (Test): 66867.05
Generation 140 | Best fitness (Train): 66867.05 | Best fitness in generation (Train): 66867.05 | Mean fitness (Train): 64419.47 | Mean fitness (Test): 66867.05
Generation 150 | Best fitness (Train): 66867.05 | Best fitness in generation (Train): 66867.05 | Mean fitness (Train): 65006.39 | Mean fitness (Test): 66867.05
Generation 160 | Best fitness (Train): 66867.05 | Best fitness in generation (Train): 66867.05 | Mean fitness (Train): 64967.08 | Mean fitness (Test): 66867.05
Generation 170 | Best fitness (Train): 66867.05 | Best fitness in generation (Train): 66867.05 | Mean fitness (Train): 64223.62 | Mean fitness (Test): 66867.05
Generation 180 | Best fitness (Train): 66867.05 | Best fitness in generation (Train): 66867.05 | Mean fitness (Train): 65585.09 | Mean fitness (Test): 66867.05
Generation 190 | Best fitness (Train): 66867.05 | Best fitness in generation (Train): 66867.05 | Mean fitness (Train): 66085.13 | Mean fitness (Test): 66867.05
Generation 200 | Best fitness (Train): 66867.05 | Best fitness in generation (Train): 66867.05 | Mean fitness (Train): 64548.88 | Mean fitness (Test): 66867.05
Generation 210 | Best fitness (Train): 66867.05 | Best fitness in generation (Train): 66867.05 | Mean fitness (Train): 65592.56 | Mean fitness (Test): 66867.05
Generation 220 | Best fitness (Train): 66867.05 | Best fitness in generation (Train): 66867.05 | Mean fitness (Train): 65633.66 | Mean fitness (Test): 66867.05
Generation 230 | Best fitness (Train): 66867.05 | Best fitness in generation (Train): 66867.05 | Mean fitness (Train): 65927.44 | Mean fitness (Test): 66867.05
Generation 240 | Best fitness (Train): 66867.05 | Best fitness in generation (Train): 66867.05 | Mean fitness (Train): 66101.38 | Mean fitness (Test): 66867.05
Generation 250 | Best fitness (Train): 66867.05 | Best fitness in generation (Train): 66867.05 | Mean fitness (Train): 65777.55 | Mean fitness (Test): 66867.05
Generation 260 | Best fitness (Train): 66867.05 | Best fitness in generation (Train): 66867.05 | Mean fitness (Train): 65198.30 | Mean fitness (Test): 66867.05
Generation 270 | Best fitness (Train): 66867.05 | Best fitness in generation (Train): 66867.05 | Mean fitness (Train): 65807.61 | Mean fitness (Test): 66867.05
Generation 280 | Best fitness (Train): 66867.05 | Best fitness in generation (Train): 66867.05 | Mean fitness (Train): 65114.79 | Mean fitness (Test): 66867.05
Generation 290 | Best fitness (Train): 66867.05 | Best fitness in generation (Train): 66867.05 | Mean fitness (Train): 65487.79 | Mean fitness (Test): 66867.05
Generation 300 | Best fitness (Train): 66867.05 | Best fitness in generation (Train): 66867.05 | Mean fitness (Train): 66080.62 | Mean fitness (Test): 66867.05
Generation 310 | Best fitness (Train): 66867.05 | Best fitness in generation (Train): 66867.05 | Mean fitness (Train): 65855.11 | Mean fitness (Test): 66867.05
Generation 320 | Best fitness (Train): 66867.05 | Best fitness in generation (Train): 66867.05 | Mean fitness (Train): 66120.80 | Mean fitness (Test): 66867.05
Generation 330 | Best fitness (Train): 66867.05 | Best fitness in generation (Train): 66867.05 | Mean fitness (Train): 65607.70 | Mean fitness (Test): 66867.05
Generation 340 | Best fitness (Train): 66867.05 | Best fitness in generation (Train): 66867.05 | Mean fitness (Train): 65964.11 | Mean fitness (Test): 66867.05
Generation 350 | Best fitness (Train): 66867.05 | Best fitness in generation (Train): 66867.05 | Mean fitness (Train): 66396.14 | Mean fitness (Test): 66867.05
Generation 360 | Best fitness (Train): 66867.05 | Best fitness in generation (Train): 66867.05 | Mean fitness (Train): 66018.59 | Mean fitness (Test): 66867.05
Generation 370 | Best fitness (Train): 66867.05 | Best fitness in generation (Train): 66867.05 | Mean fitness (Train): 65383.74 | Mean fitness (Test): 66867.05
Generation 380 | Best fitness (Train): 66867.05 | Best fitness in generation (Train): 66867.05 | Mean fitness (Train): 66738.38 | Mean fitness (Test): 66867.05
Generation 390 | Best fitness (Train): 66867.05 | Best fitness in generation (Train): 66867.05 | Mean fitness (Train): 66823.73 | Mean fitness (Test): 66867.05
Generation 400 | Best fitness (Train): 66867.05 | Best fitness in generation (Train): 66867.05 | Mean fitness (Train): 66545.92 | Mean fitness (Test): 66867.05
Generation 410 | Best fitness (Train): 66867.05 | Best fitness in generation (Train): 66867.05 | Mean fitness (Train): 66009.50 | Mean fitness (Test): 66867.05
Generation 420 | Best fitness (Train): 66867.05 | Best fitness in generation (Train): 66867.05 | Mean fitness (Train): 66744.42 | Mean fitness (Test): 66867.05
Generation 430 | Best fitness (Train): 66867.05 | Best fitness in generation (Train): 66867.05 | Mean fitness (Train): 66300.66 | Mean fitness (Test): 66867.05
Generation 440 | Best fitness (Train): 66867.05 | Best fitness in generation (Train): 66867.05 | Mean fitness (Train): 66042.94 | Mean fitness (Test): 66867.05
Generation 450 | Best fitness (Train): 66867.05 | Best fitness in generation (Train): 66867.05 | Mean fitness (Train): 66270.90 | Mean fitness (Test): 66867.05
Generation 460 | Best fitness (Train): 66867.05 | Best fitness in generation (Train): 66867.05 | Mean fitness (Train): 66464.46 | Mean fitness (Test): 66867.05
Generation 470 | Best fitness (Train): 66867.05 | Best fitness in generation (Train): 66867.05 | Mean fitness (Train): 66163.66 | Mean fitness (Test): 66867.05
Generation 480 | Best fitness (Train): 66867.05 | Best fitness in generation (Train): 66867.05 | Mean fitness (Train): 65789.27 | Mean fitness (Test): 66867.05
Generation 490 | Best fitness (Train): 66867.05 | Best fitness in generation (Train): 66867.05 | Mean fitness (Train): 66633.34 | Mean fitness (Test): 66867.05
Generation 500 | Best fitness (Train): 66867.05 | Best fitness in generation (Train): 66867.05 | Mean fitness (Train): 66173.91 | Mean fitness (Test): 66867.05
Generation 510 | Best fitness (Train): 66867.05 | Best fitness in generation (Train): 66867.05 | Mean fitness (Train): 66655.23 | Mean fitness (Test): 66867.05
Generation 520 | Best fitness (Train): 66867.05 | Best fitness in generation (Train): 66867.05 | Mean fitness (Train): 66827.39 | Mean fitness (Test): 66867.05
Generation 530 | Best fitness (Train): 66867.05 | Best fitness in generation (Train): 66867.05 | Mean fitness (Train): 66835.30 | Mean fitness (Test): 66867.05
Generation 540 | Best fitness (Train): 66867.05 | Best fitness in generation (Train): 66867.05 | Mean fitness (Train): 66302.08 | Mean fitness (Test): 66867.05
Generation 550 | Best fitness (Train): 66867.05 | Best fitness in generation (Train): 66867.05 | Mean fitness (Train): 66820.48 | Mean fitness (Test): 66867.05
Generation 560 | Best fitness (Train): 66867.05 | Best fitness in generation (Train): 66867.05 | Mean fitness (Train): 66779.94 | Mean fitness (Test): 66867.05
Generation 570 | Best fitness (Train): 66867.05 | Best fitness in generation (Train): 66867.05 | Mean fitness (Train): 66323.48 | Mean fitness (Test): 66867.05
Generation 580 | Best fitness (Train): 66867.05 | Best fitness in generation (Train): 66867.05 | Mean fitness (Train): 66526.75 | Mean fitness (Test): 66867.05
Generation 590 | Best fitness (Train): 66867.05 | Best fitness in generation (Train): 66867.05 | Mean fitness (Train): 66390.75 | Mean fitness (Test): 66867.05
Generation 600 | Best fitness (Train): 66867.05 | Best fitness in generation (Train): 66867.05 | Mean fitness (Train): 66769.98 | Mean fitness (Test): 66867.05
Generation 610 | Best fitness (Train): 66867.05 | Best fitness in generation (Train): 66867.05 | Mean fitness (Train): 66234.09 | Mean fitness (Test): 66867.05
Generation 620 | Best fitness (Train): 66867.05 | Best fitness in generation (Train): 66867.05 | Mean fitness (Train): 66767.94 | Mean fitness (Test): 66867.05
Generation 630 | Best fitness (Train): 66867.05 | Best fitness in generation (Train): 66867.05 | Mean fitness (Train): 65677.69 | Mean fitness (Test): 66867.05
Generation 640 | Best fitness (Train): 66867.05 | Best fitness in generation (Train): 66867.05 | Mean fitness (Train): 66591.93 | Mean fitness (Test): 66867.05
Generation 650 | Best fitness (Train): 66867.05 | Best fitness in generation (Train): 66867.05 | Mean fitness (Train): 66049.48 | Mean fitness (Test): 66867.05
Generation 660 | Best fitness (Train): 66867.05 | Best fitness in generation (Train): 66867.05 | Mean fitness (Train): 66497.05 | Mean fitness (Test): 66867.05
Generation 670 | Best fitness (Train): 66867.05 | Best fitness in generation (Train): 66867.05 | Mean fitness (Train): 66049.42 | Mean fitness (Test): 66867.05
Generation 680 | Best fitness (Train): 66867.05 | Best fitness in generation (Train): 66867.05 | Mean fitness (Train): 66831.52 | Mean fitness (Test): 66867.05
Generation 690 | Best fitness (Train): 66867.05 | Best fitness in generation (Train): 66867.05 | Mean fitness (Train): 66681.86 | Mean fitness (Test): 66867.05
Generation 700 | Best fitness (Train): 66867.05 | Best fitness in generation (Train): 66867.05 | Mean fitness (Train): 66827.84 | Mean fitness (Test): 66867.05
Generation 710 | Best fitness (Train): 66867.05 | Best fitness in generation (Train): 66867.05 | Mean fitness (Train): 65886.73 | Mean fitness (Test): 66867.05
Generation 720 | Best fitness (Train): 66867.05 | Best fitness in generation (Train): 66867.05 | Mean fitness (Train): 66747.52 | Mean fitness (Test): 66867.05
Generation 730 | Best fitness (Train): 66867.05 | Best fitness in generation (Train): 66867.05 | Mean fitness (Train): 66555.17 | Mean fitness (Test): 66867.05
Generation 740 | Best fitness (Train): 66867.05 | Best fitness in generation (Train): 66867.05 | Mean fitness (Train): 66623.05 | Mean fitness (Test): 66867.05
Generation 750 | Best fitness (Train): 66867.05 | Best fitness in generation (Train): 66867.05 | Mean fitness (Train): 66078.84 | Mean fitness (Test): 66867.05
Generation 760 | Best fitness (Train): 66867.05 | Best fitness in generation (Train): 66867.05 | Mean fitness (Train): 66506.67 | Mean fitness (Test): 66867.05
Generation 770 | Best fitness (Train): 66867.05 | Best fitness in generation (Train): 66867.05 | Mean fitness (Train): 66750.52 | Mean fitness (Test): 66867.05
Generation 780 | Best fitness (Train): 66867.05 | Best fitness in generation (Train): 66867.05 | Mean fitness (Train): 66823.21 | Mean fitness (Test): 66867.05
Generation 790 | Best fitness (Train): 66867.05 | Best fitness in generation (Train): 66867.05 | Mean fitness (Train): 66846.48 | Mean fitness (Test): 66867.05
Generation 800 | Best fitness (Train): 66867.05 | Best fitness in generation (Train): 66867.05 | Mean fitness (Train): 66583.90 | Mean fitness (Test): 66867.05
Generation 810 | Best fitness (Train): 66867.05 | Best fitness in generation (Train): 66867.05 | Mean fitness (Train): 66479.31 | Mean fitness (Test): 66867.05
Generation 820 | Best fitness (Train): 66867.05 | Best fitness in generation (Train): 66867.05 | Mean fitness (Train): 66521.55 | Mean fitness (Test): 66867.05
Generation 830 | Best fitness (Train): 66867.05 | Best fitness in generation (Train): 66867.05 | Mean fitness (Train): 66842.77 | Mean fitness (Test): 66867.05
Generation 840 | Best fitness (Train): 66867.05 | Best fitness in generation (Train): 66867.05 | Mean fitness (Train): 66393.45 | Mean fitness (Test): 66867.05
Generation 850 | Best fitness (Train): 66867.05 | Best fitness in generation (Train): 66867.05 | Mean fitness (Train): 66790.42 | Mean fitness (Test): 66867.05
Generation 860 | Best fitness (Train): 66867.05 | Best fitness in generation (Train): 66867.05 | Mean fitness (Train): 66290.62 | Mean fitness (Test): 66867.05
Generation 870 | Best fitness (Train): 66867.05 | Best fitness in generation (Train): 66867.05 | Mean fitness (Train): 66745.94 | Mean fitness (Test): 66867.05
Generation 880 | Best fitness (Train): 66867.05 | Best fitness in generation (Train): 66867.05 | Mean fitness (Train): 66556.78 | Mean fitness (Test): 66867.05
Generation 890 | Best fitness (Train): 66867.05 | Best fitness in generation (Train): 66867.05 | Mean fitness (Train): 66658.13 | Mean fitness (Test): 66867.05
Generation 900 | Best fitness (Train): 66867.05 | Best fitness in generation (Train): 66867.05 | Mean fitness (Train): 66593.91 | Mean fitness (Test): 66867.05
Generation 910 | Best fitness (Train): 66867.05 | Best fitness in generation (Train): 66867.05 | Mean fitness (Train): 66737.87 | Mean fitness (Test): 66867.05
Generation 920 | Best fitness (Train): 66867.05 | Best fitness in generation (Train): 66867.05 | Mean fitness (Train): 66003.05 | Mean fitness (Test): 66867.05
Generation 930 | Best fitness (Train): 66867.05 | Best fitness in generation (Train): 66867.05 | Mean fitness (Train): 66841.50 | Mean fitness (Test): 66867.05
Generation 940 | Best fitness (Train): 66867.05 | Best fitness in generation (Train): 66867.05 | Mean fitness (Train): 66845.34 | Mean fitness (Test): 66867.05
Generation 950 | Best fitness (Train): 66867.05 | Best fitness in generation (Train): 66867.05 | Mean fitness (Train): 66596.78 | Mean fitness (Test): 66867.05
Generation 960 | Best fitness (Train): 66867.05 | Best fitness in generation (Train): 66867.05 | Mean fitness (Train): 66692.45 | Mean fitness (Test): 66867.05
Generation 970 | Best fitness (Train): 66867.05 | Best fitness in generation (Train): 66867.05 | Mean fitness (Train): 66585.23 | Mean fitness (Test): 66867.05
Generation 980 | Best fitness (Train): 66867.05 | Best fitness in generation (Train): 66867.05 | Mean fitness (Train): 66850.81 | Mean fitness (Test): 66867.05
Generation 990 | Best fitness (Train): 66867.05 | Best fitness in generation (Train): 0.00 | Mean fitness (Train): 0.00 | Mean fitness (Test): 0.00
Generation 1000 | Best fitness (Train): 66867.05 | Best fitness in generation (Train): 0.00 | Mean fitness (Train): 0.00 | Mean fitness (Test): 0.00
Failed to generate visualization: 'Fast' object has no attribute 'sys'
running the experiment ... [../../results/BraxProblem/fast/LearnedES/2]
Generation 010 | Best fitness (Train): 66867.05 | Best fitness in generation (Train): 66867.05 | Mean fitness (Train): 29486.38 | Mean fitness (Test): 66867.05
Generation 020 | Best fitness (Train): 66867.05 | Best fitness in generation (Train): 66867.05 | Mean fitness (Train): 46406.75 | Mean fitness (Test): 66867.05
Generation 030 | Best fitness (Train): 66867.05 | Best fitness in generation (Train): 66867.05 | Mean fitness (Train): 58219.05 | Mean fitness (Test): 66867.05
Generation 040 | Best fitness (Train): 66867.05 | Best fitness in generation (Train): 66867.05 | Mean fitness (Train): 62206.68 | Mean fitness (Test): 66867.05
Generation 050 | Best fitness (Train): 66867.05 | Best fitness in generation (Train): 66867.05 | Mean fitness (Train): 61957.22 | Mean fitness (Test): 66867.05
Generation 060 | Best fitness (Train): 66867.05 | Best fitness in generation (Train): 66867.05 | Mean fitness (Train): 63557.48 | Mean fitness (Test): 66867.05
Generation 070 | Best fitness (Train): 66867.05 | Best fitness in generation (Train): 66867.05 | Mean fitness (Train): 64381.33 | Mean fitness (Test): 66867.05
Generation 080 | Best fitness (Train): 66867.05 | Best fitness in generation (Train): 66867.05 | Mean fitness (Train): 63309.52 | Mean fitness (Test): 66867.05
Generation 090 | Best fitness (Train): 66867.05 | Best fitness in generation (Train): 66867.05 | Mean fitness (Train): 63990.37 | Mean fitness (Test): 66867.05
Generation 100 | Best fitness (Train): 66867.05 | Best fitness in generation (Train): 66867.05 | Mean fitness (Train): 64375.80 | Mean fitness (Test): 66867.05
Generation 110 | Best fitness (Train): 66867.05 | Best fitness in generation (Train): 66867.05 | Mean fitness (Train): 65029.21 | Mean fitness (Test): 66867.05
Generation 120 | Best fitness (Train): 66867.05 | Best fitness in generation (Train): 66867.05 | Mean fitness (Train): 64764.35 | Mean fitness (Test): 66867.05
Generation 130 | Best fitness (Train): 66867.05 | Best fitness in generation (Train): 66867.05 | Mean fitness (Train): 64208.75 | Mean fitness (Test): 66867.05
Generation 140 | Best fitness (Train): 66867.05 | Best fitness in generation (Train): 66867.05 | Mean fitness (Train): 64995.80 | Mean fitness (Test): 66867.05
Generation 150 | Best fitness (Train): 66867.05 | Best fitness in generation (Train): 66867.05 | Mean fitness (Train): 64880.75 | Mean fitness (Test): 66867.05
Generation 160 | Best fitness (Train): 66867.05 | Best fitness in generation (Train): 66867.05 | Mean fitness (Train): 66284.93 | Mean fitness (Test): 66867.05
Generation 170 | Best fitness (Train): 66867.05 | Best fitness in generation (Train): 66867.05 | Mean fitness (Train): 65334.56 | Mean fitness (Test): 66867.05
Generation 180 | Best fitness (Train): 66867.05 | Best fitness in generation (Train): 66867.05 | Mean fitness (Train): 65557.14 | Mean fitness (Test): 66867.05
Generation 190 | Best fitness (Train): 66867.05 | Best fitness in generation (Train): 66867.05 | Mean fitness (Train): 65792.08 | Mean fitness (Test): 66867.05
Generation 200 | Best fitness (Train): 66867.05 | Best fitness in generation (Train): 66867.05 | Mean fitness (Train): 65602.00 | Mean fitness (Test): 66867.05
Generation 210 | Best fitness (Train): 66867.05 | Best fitness in generation (Train): 66867.05 | Mean fitness (Train): 66268.15 | Mean fitness (Test): 66867.05
Generation 220 | Best fitness (Train): 66867.05 | Best fitness in generation (Train): 66867.05 | Mean fitness (Train): 65879.33 | Mean fitness (Test): 66867.05
Generation 230 | Best fitness (Train): 66867.05 | Best fitness in generation (Train): 66867.05 | Mean fitness (Train): 66391.52 | Mean fitness (Test): 66867.05
Generation 240 | Best fitness (Train): 66867.05 | Best fitness in generation (Train): 66867.05 | Mean fitness (Train): 65546.47 | Mean fitness (Test): 66867.05
Generation 250 | Best fitness (Train): 66867.05 | Best fitness in generation (Train): 66867.05 | Mean fitness (Train): 66473.52 | Mean fitness (Test): 66867.05
Generation 260 | Best fitness (Train): 66867.05 | Best fitness in generation (Train): 66867.05 | Mean fitness (Train): 66298.30 | Mean fitness (Test): 66867.05
Generation 270 | Best fitness (Train): 66867.05 | Best fitness in generation (Train): 66867.05 | Mean fitness (Train): 66486.80 | Mean fitness (Test): 66867.05
Generation 280 | Best fitness (Train): 66867.05 | Best fitness in generation (Train): 66867.05 | Mean fitness (Train): 65965.91 | Mean fitness (Test): 66867.05
Generation 290 | Best fitness (Train): 66867.05 | Best fitness in generation (Train): 66867.05 | Mean fitness (Train): 65380.04 | Mean fitness (Test): 66867.05
Generation 300 | Best fitness (Train): 66867.05 | Best fitness in generation (Train): 66867.05 | Mean fitness (Train): 66124.28 | Mean fitness (Test): 66867.05
Generation 310 | Best fitness (Train): 66867.05 | Best fitness in generation (Train): 66867.05 | Mean fitness (Train): 65378.82 | Mean fitness (Test): 66867.05
Generation 320 | Best fitness (Train): 66867.05 | Best fitness in generation (Train): 66867.05 | Mean fitness (Train): 63723.74 | Mean fitness (Test): 66867.05
Generation 330 | Best fitness (Train): 66867.05 | Best fitness in generation (Train): 66867.05 | Mean fitness (Train): 65509.62 | Mean fitness (Test): 66867.05
Generation 340 | Best fitness (Train): 66867.05 | Best fitness in generation (Train): 66867.05 | Mean fitness (Train): 65385.53 | Mean fitness (Test): 66867.05
Generation 350 | Best fitness (Train): 66867.05 | Best fitness in generation (Train): 66867.05 | Mean fitness (Train): 66132.34 | Mean fitness (Test): 66867.05
Generation 360 | Best fitness (Train): 66867.05 | Best fitness in generation (Train): 66867.05 | Mean fitness (Train): 66757.05 | Mean fitness (Test): 66867.05
Generation 370 | Best fitness (Train): 66867.05 | Best fitness in generation (Train): 66867.05 | Mean fitness (Train): 65740.16 | Mean fitness (Test): 66867.05
Generation 380 | Best fitness (Train): 66867.05 | Best fitness in generation (Train): 66867.05 | Mean fitness (Train): 65530.88 | Mean fitness (Test): 66867.05
Generation 390 | Best fitness (Train): 66867.05 | Best fitness in generation (Train): 66867.05 | Mean fitness (Train): 66015.66 | Mean fitness (Test): 66867.05
Generation 400 | Best fitness (Train): 66867.05 | Best fitness in generation (Train): 66867.05 | Mean fitness (Train): 65712.76 | Mean fitness (Test): 66867.05
Generation 410 | Best fitness (Train): 66867.05 | Best fitness in generation (Train): 66867.05 | Mean fitness (Train): 66240.00 | Mean fitness (Test): 66867.05
Generation 420 | Best fitness (Train): 66867.05 | Best fitness in generation (Train): 66867.05 | Mean fitness (Train): 66000.54 | Mean fitness (Test): 66867.05
Generation 430 | Best fitness (Train): 66867.05 | Best fitness in generation (Train): 66867.05 | Mean fitness (Train): 66803.61 | Mean fitness (Test): 66867.05
Generation 440 | Best fitness (Train): 66867.05 | Best fitness in generation (Train): 66867.05 | Mean fitness (Train): 66670.17 | Mean fitness (Test): 66867.05
Generation 450 | Best fitness (Train): 66867.05 | Best fitness in generation (Train): 66867.05 | Mean fitness (Train): 65880.14 | Mean fitness (Test): 66867.05
Generation 460 | Best fitness (Train): 66867.05 | Best fitness in generation (Train): 66867.05 | Mean fitness (Train): 65838.59 | Mean fitness (Test): 66867.05
Generation 470 | Best fitness (Train): 66867.05 | Best fitness in generation (Train): 66867.05 | Mean fitness (Train): 65725.73 | Mean fitness (Test): 66867.05
Generation 480 | Best fitness (Train): 66867.05 | Best fitness in generation (Train): 66867.05 | Mean fitness (Train): 66183.43 | Mean fitness (Test): 66867.05
Generation 490 | Best fitness (Train): 66867.05 | Best fitness in generation (Train): 66867.05 | Mean fitness (Train): 66611.23 | Mean fitness (Test): 66867.05
Generation 500 | Best fitness (Train): 66867.05 | Best fitness in generation (Train): 66867.05 | Mean fitness (Train): 65732.81 | Mean fitness (Test): 66867.05
Generation 510 | Best fitness (Train): 66867.05 | Best fitness in generation (Train): 66867.05 | Mean fitness (Train): 66552.39 | Mean fitness (Test): 66867.05
Generation 520 | Best fitness (Train): 66867.05 | Best fitness in generation (Train): 66867.05 | Mean fitness (Train): 65838.41 | Mean fitness (Test): 66867.05
Generation 530 | Best fitness (Train): 66867.05 | Best fitness in generation (Train): 66867.05 | Mean fitness (Train): 65762.95 | Mean fitness (Test): 66867.05
Generation 540 | Best fitness (Train): 66867.05 | Best fitness in generation (Train): 66867.05 | Mean fitness (Train): 66564.69 | Mean fitness (Test): 66867.05
Generation 550 | Best fitness (Train): 66867.05 | Best fitness in generation (Train): 66867.05 | Mean fitness (Train): 66553.64 | Mean fitness (Test): 66867.05
Generation 560 | Best fitness (Train): 66867.05 | Best fitness in generation (Train): 66867.05 | Mean fitness (Train): 66725.17 | Mean fitness (Test): 66867.05
Generation 570 | Best fitness (Train): 66867.05 | Best fitness in generation (Train): 66867.05 | Mean fitness (Train): 66583.44 | Mean fitness (Test): 66867.05
Generation 580 | Best fitness (Train): 66867.05 | Best fitness in generation (Train): 66867.05 | Mean fitness (Train): 65713.19 | Mean fitness (Test): 66867.05
Generation 590 | Best fitness (Train): 66867.05 | Best fitness in generation (Train): 66867.05 | Mean fitness (Train): 66515.66 | Mean fitness (Test): 66867.05
Generation 600 | Best fitness (Train): 66867.05 | Best fitness in generation (Train): 66867.05 | Mean fitness (Train): 66847.03 | Mean fitness (Test): 66867.05
Generation 610 | Best fitness (Train): 66867.05 | Best fitness in generation (Train): 66867.05 | Mean fitness (Train): 66403.84 | Mean fitness (Test): 66867.05
Generation 620 | Best fitness (Train): 66867.05 | Best fitness in generation (Train): 66867.05 | Mean fitness (Train): 66598.72 | Mean fitness (Test): 66867.05
Generation 630 | Best fitness (Train): 66867.05 | Best fitness in generation (Train): 66867.05 | Mean fitness (Train): 66322.16 | Mean fitness (Test): 66867.05
Generation 640 | Best fitness (Train): 66867.05 | Best fitness in generation (Train): 66867.05 | Mean fitness (Train): 66646.51 | Mean fitness (Test): 66867.05
Generation 650 | Best fitness (Train): 66867.05 | Best fitness in generation (Train): 66867.05 | Mean fitness (Train): 66629.92 | Mean fitness (Test): 66867.05
Generation 660 | Best fitness (Train): 66867.05 | Best fitness in generation (Train): 66867.05 | Mean fitness (Train): 66854.56 | Mean fitness (Test): 66867.05
Generation 670 | Best fitness (Train): 66867.05 | Best fitness in generation (Train): 66867.05 | Mean fitness (Train): 66851.47 | Mean fitness (Test): 66867.05
Generation 680 | Best fitness (Train): 66867.05 | Best fitness in generation (Train): 66867.05 | Mean fitness (Train): 66824.49 | Mean fitness (Test): 66867.05
Generation 690 | Best fitness (Train): 66867.05 | Best fitness in generation (Train): 66867.05 | Mean fitness (Train): 66806.89 | Mean fitness (Test): 66867.05
Generation 700 | Best fitness (Train): 66867.05 | Best fitness in generation (Train): 66867.05 | Mean fitness (Train): 66541.00 | Mean fitness (Test): 66867.05
Generation 710 | Best fitness (Train): 66867.05 | Best fitness in generation (Train): 66867.05 | Mean fitness (Train): 66836.04 | Mean fitness (Test): 66867.05
Generation 720 | Best fitness (Train): 66867.05 | Best fitness in generation (Train): 66867.05 | Mean fitness (Train): 65804.14 | Mean fitness (Test): 66867.05
Generation 730 | Best fitness (Train): 66867.05 | Best fitness in generation (Train): 66867.05 | Mean fitness (Train): 66817.66 | Mean fitness (Test): 66867.05
Generation 740 | Best fitness (Train): 66867.05 | Best fitness in generation (Train): 66867.05 | Mean fitness (Train): 66745.44 | Mean fitness (Test): 66867.05
Generation 750 | Best fitness (Train): 66867.05 | Best fitness in generation (Train): 0.00 | Mean fitness (Train): 0.00 | Mean fitness (Test): 0.00
Generation 760 | Best fitness (Train): 66867.05 | Best fitness in generation (Train): 0.00 | Mean fitness (Train): 0.00 | Mean fitness (Test): 0.00
Generation 770 | Best fitness (Train): 66867.05 | Best fitness in generation (Train): 0.00 | Mean fitness (Train): 0.00 | Mean fitness (Test): 0.00
Generation 780 | Best fitness (Train): 66867.05 | Best fitness in generation (Train): 0.00 | Mean fitness (Train): 0.00 | Mean fitness (Test): 0.00
Generation 790 | Best fitness (Train): 66867.05 | Best fitness in generation (Train): 0.00 | Mean fitness (Train): 0.00 | Mean fitness (Test): 0.00
Generation 800 | Best fitness (Train): 66867.05 | Best fitness in generation (Train): 0.00 | Mean fitness (Train): 0.00 | Mean fitness (Test): 0.00
Generation 810 | Best fitness (Train): 66867.05 | Best fitness in generation (Train): 0.00 | Mean fitness (Train): 0.00 | Mean fitness (Test): 0.00
Generation 820 | Best fitness (Train): 66867.05 | Best fitness in generation (Train): 0.00 | Mean fitness (Train): 0.00 | Mean fitness (Test): 0.00
Generation 830 | Best fitness (Train): 66867.05 | Best fitness in generation (Train): 0.00 | Mean fitness (Train): 0.00 | Mean fitness (Test): 0.00
Generation 840 | Best fitness (Train): 66867.05 | Best fitness in generation (Train): 0.00 | Mean fitness (Train): 0.00 | Mean fitness (Test): 0.00
Generation 850 | Best fitness (Train): 66867.05 | Best fitness in generation (Train): 0.00 | Mean fitness (Train): 0.00 | Mean fitness (Test): 0.00
Generation 860 | Best fitness (Train): 66867.05 | Best fitness in generation (Train): 0.00 | Mean fitness (Train): 0.00 | Mean fitness (Test): 0.00
Generation 870 | Best fitness (Train): 66867.05 | Best fitness in generation (Train): 0.00 | Mean fitness (Train): 0.00 | Mean fitness (Test): 0.00
Generation 880 | Best fitness (Train): 66867.05 | Best fitness in generation (Train): 0.00 | Mean fitness (Train): 0.00 | Mean fitness (Test): 0.00
Generation 890 | Best fitness (Train): 66867.05 | Best fitness in generation (Train): 0.00 | Mean fitness (Train): 0.00 | Mean fitness (Test): 0.00
Generation 900 | Best fitness (Train): 66867.05 | Best fitness in generation (Train): 0.00 | Mean fitness (Train): 0.00 | Mean fitness (Test): 0.00
Generation 910 | Best fitness (Train): 66867.05 | Best fitness in generation (Train): 0.00 | Mean fitness (Train): 0.00 | Mean fitness (Test): 0.00
Generation 920 | Best fitness (Train): 66867.05 | Best fitness in generation (Train): 0.00 | Mean fitness (Train): 0.00 | Mean fitness (Test): 0.00
Generation 930 | Best fitness (Train): 66867.05 | Best fitness in generation (Train): 0.00 | Mean fitness (Train): 0.00 | Mean fitness (Test): 0.00
Generation 940 | Best fitness (Train): 66867.05 | Best fitness in generation (Train): 0.00 | Mean fitness (Train): 0.00 | Mean fitness (Test): 0.00
Generation 950 | Best fitness (Train): 66867.05 | Best fitness in generation (Train): 0.00 | Mean fitness (Train): 0.00 | Mean fitness (Test): 0.00
Generation 960 | Best fitness (Train): 66867.05 | Best fitness in generation (Train): 0.00 | Mean fitness (Train): 0.00 | Mean fitness (Test): 0.00
Generation 970 | Best fitness (Train): 66867.05 | Best fitness in generation (Train): 0.00 | Mean fitness (Train): 0.00 | Mean fitness (Test): 0.00
Generation 980 | Best fitness (Train): 66867.05 | Best fitness in generation (Train): 0.00 | Mean fitness (Train): 0.00 | Mean fitness (Test): 0.00
Generation 990 | Best fitness (Train): 66867.05 | Best fitness in generation (Train): 0.00 | Mean fitness (Train): 0.00 | Mean fitness (Test): 0.00
Generation 1000 | Best fitness (Train): 66867.05 | Best fitness in generation (Train): 0.00 | Mean fitness (Train): 0.00 | Mean fitness (Test): 0.00
Failed to generate visualization: 'Fast' object has no attribute 'sys'
running the experiment ... [../../results/BraxProblem/fast/LearnedES/3]
Generation 010 | Best fitness (Train): 66867.05 | Best fitness in generation (Train): 66867.05 | Mean fitness (Train): 30277.21 | Mean fitness (Test): 66867.05
Generation 020 | Best fitness (Train): 66867.05 | Best fitness in generation (Train): 66867.05 | Mean fitness (Train): 55629.80 | Mean fitness (Test): 66867.05
Generation 030 | Best fitness (Train): 66867.05 | Best fitness in generation (Train): 66867.05 | Mean fitness (Train): 58899.76 | Mean fitness (Test): 66867.05
Generation 040 | Best fitness (Train): 66867.05 | Best fitness in generation (Train): 66867.05 | Mean fitness (Train): 63086.01 | Mean fitness (Test): 66867.05
Generation 050 | Best fitness (Train): 66867.05 | Best fitness in generation (Train): 66867.05 | Mean fitness (Train): 61731.09 | Mean fitness (Test): 66867.05
Generation 060 | Best fitness (Train): 66867.05 | Best fitness in generation (Train): 66867.05 | Mean fitness (Train): 63773.08 | Mean fitness (Test): 66867.05
Generation 070 | Best fitness (Train): 66867.05 | Best fitness in generation (Train): 66867.05 | Mean fitness (Train): 64081.83 | Mean fitness (Test): 66867.05
Generation 080 | Best fitness (Train): 66867.05 | Best fitness in generation (Train): 66867.05 | Mean fitness (Train): 63284.18 | Mean fitness (Test): 66867.05
Generation 090 | Best fitness (Train): 66867.05 | Best fitness in generation (Train): 66867.05 | Mean fitness (Train): 65006.41 | Mean fitness (Test): 66867.05
Generation 100 | Best fitness (Train): 66867.05 | Best fitness in generation (Train): 66867.05 | Mean fitness (Train): 65094.48 | Mean fitness (Test): 66867.05
Generation 110 | Best fitness (Train): 66867.05 | Best fitness in generation (Train): 66867.05 | Mean fitness (Train): 65384.74 | Mean fitness (Test): 66867.05
Generation 120 | Best fitness (Train): 66867.05 | Best fitness in generation (Train): 66867.05 | Mean fitness (Train): 65518.40 | Mean fitness (Test): 66867.05
Generation 130 | Best fitness (Train): 66867.05 | Best fitness in generation (Train): 66867.05 | Mean fitness (Train): 66728.85 | Mean fitness (Test): 66867.05
Generation 140 | Best fitness (Train): 66867.05 | Best fitness in generation (Train): 66867.05 | Mean fitness (Train): 65089.40 | Mean fitness (Test): 66867.05
Generation 150 | Best fitness (Train): 66867.05 | Best fitness in generation (Train): 66867.05 | Mean fitness (Train): 65539.73 | Mean fitness (Test): 66867.05
Generation 160 | Best fitness (Train): 66867.05 | Best fitness in generation (Train): 66867.05 | Mean fitness (Train): 65729.78 | Mean fitness (Test): 66867.05
Generation 170 | Best fitness (Train): 66867.05 | Best fitness in generation (Train): 66867.05 | Mean fitness (Train): 64778.75 | Mean fitness (Test): 66867.05
Generation 180 | Best fitness (Train): 66867.05 | Best fitness in generation (Train): 66867.05 | Mean fitness (Train): 65840.76 | Mean fitness (Test): 66867.05
Generation 190 | Best fitness (Train): 66867.05 | Best fitness in generation (Train): 66867.05 | Mean fitness (Train): 65879.11 | Mean fitness (Test): 66867.05
Generation 200 | Best fitness (Train): 66867.05 | Best fitness in generation (Train): 66867.05 | Mean fitness (Train): 65748.70 | Mean fitness (Test): 66867.05
Generation 210 | Best fitness (Train): 66867.05 | Best fitness in generation (Train): 66867.05 | Mean fitness (Train): 65641.91 | Mean fitness (Test): 66867.05
Generation 220 | Best fitness (Train): 66867.05 | Best fitness in generation (Train): 66867.05 | Mean fitness (Train): 66519.27 | Mean fitness (Test): 66867.05
Generation 230 | Best fitness (Train): 66867.05 | Best fitness in generation (Train): 66867.05 | Mean fitness (Train): 65470.98 | Mean fitness (Test): 66867.05
Generation 240 | Best fitness (Train): 66867.05 | Best fitness in generation (Train): 66867.05 | Mean fitness (Train): 66640.46 | Mean fitness (Test): 66867.05
Generation 250 | Best fitness (Train): 66867.05 | Best fitness in generation (Train): 66867.05 | Mean fitness (Train): 66205.81 | Mean fitness (Test): 66867.05
Generation 260 | Best fitness (Train): 66867.05 | Best fitness in generation (Train): 66867.05 | Mean fitness (Train): 65292.32 | Mean fitness (Test): 66867.05
Generation 270 | Best fitness (Train): 66867.05 | Best fitness in generation (Train): 66867.05 | Mean fitness (Train): 65427.19 | Mean fitness (Test): 66867.05
Generation 280 | Best fitness (Train): 66867.05 | Best fitness in generation (Train): 66867.05 | Mean fitness (Train): 65875.42 | Mean fitness (Test): 66867.05
Generation 290 | Best fitness (Train): 66867.05 | Best fitness in generation (Train): 66867.05 | Mean fitness (Train): 65318.39 | Mean fitness (Test): 66867.05
Generation 300 | Best fitness (Train): 66867.05 | Best fitness in generation (Train): 66867.05 | Mean fitness (Train): 66060.25 | Mean fitness (Test): 66867.05
Generation 310 | Best fitness (Train): 66867.05 | Best fitness in generation (Train): 66867.05 | Mean fitness (Train): 66325.46 | Mean fitness (Test): 66867.05
Generation 320 | Best fitness (Train): 66867.05 | Best fitness in generation (Train): 66867.05 | Mean fitness (Train): 65434.77 | Mean fitness (Test): 66867.05
Generation 330 | Best fitness (Train): 66867.05 | Best fitness in generation (Train): 66867.05 | Mean fitness (Train): 65953.20 | Mean fitness (Test): 66867.05
Generation 340 | Best fitness (Train): 66867.05 | Best fitness in generation (Train): 66867.05 | Mean fitness (Train): 66294.47 | Mean fitness (Test): 66867.05
Generation 350 | Best fitness (Train): 66867.05 | Best fitness in generation (Train): 66867.05 | Mean fitness (Train): 65951.59 | Mean fitness (Test): 66867.05
Generation 360 | Best fitness (Train): 66867.05 | Best fitness in generation (Train): 66867.05 | Mean fitness (Train): 66158.48 | Mean fitness (Test): 66867.05
Generation 370 | Best fitness (Train): 66867.05 | Best fitness in generation (Train): 66867.05 | Mean fitness (Train): 65915.29 | Mean fitness (Test): 66867.05
Generation 380 | Best fitness (Train): 66867.05 | Best fitness in generation (Train): 66867.05 | Mean fitness (Train): 66188.17 | Mean fitness (Test): 66867.05
Generation 390 | Best fitness (Train): 66867.05 | Best fitness in generation (Train): 66867.05 | Mean fitness (Train): 66313.42 | Mean fitness (Test): 66867.05
Generation 400 | Best fitness (Train): 66867.05 | Best fitness in generation (Train): 66867.05 | Mean fitness (Train): 66328.08 | Mean fitness (Test): 66867.05
Generation 410 | Best fitness (Train): 66867.05 | Best fitness in generation (Train): 66867.05 | Mean fitness (Train): 66320.69 | Mean fitness (Test): 66867.05
Generation 420 | Best fitness (Train): 66867.05 | Best fitness in generation (Train): 66867.05 | Mean fitness (Train): 66542.31 | Mean fitness (Test): 66867.05
Generation 430 | Best fitness (Train): 66867.05 | Best fitness in generation (Train): 66867.05 | Mean fitness (Train): 66338.66 | Mean fitness (Test): 66867.05
Generation 440 | Best fitness (Train): 66867.05 | Best fitness in generation (Train): 66867.05 | Mean fitness (Train): 66289.45 | Mean fitness (Test): 66867.05
Generation 450 | Best fitness (Train): 66867.05 | Best fitness in generation (Train): 66867.05 | Mean fitness (Train): 66710.80 | Mean fitness (Test): 66867.05
Generation 460 | Best fitness (Train): 66867.05 | Best fitness in generation (Train): 66867.05 | Mean fitness (Train): 66368.62 | Mean fitness (Test): 66867.05
Generation 470 | Best fitness (Train): 66867.05 | Best fitness in generation (Train): 66867.05 | Mean fitness (Train): 66852.06 | Mean fitness (Test): 66867.05
Generation 480 | Best fitness (Train): 66867.05 | Best fitness in generation (Train): 66867.05 | Mean fitness (Train): 66498.15 | Mean fitness (Test): 66867.05
Generation 490 | Best fitness (Train): 66867.05 | Best fitness in generation (Train): 66867.05 | Mean fitness (Train): 66265.89 | Mean fitness (Test): 66867.05
Generation 500 | Best fitness (Train): 66867.05 | Best fitness in generation (Train): 66867.05 | Mean fitness (Train): 66523.30 | Mean fitness (Test): 66867.05
Generation 510 | Best fitness (Train): 66867.05 | Best fitness in generation (Train): 66867.05 | Mean fitness (Train): 66828.03 | Mean fitness (Test): 66867.05
Generation 520 | Best fitness (Train): 66867.05 | Best fitness in generation (Train): 66867.05 | Mean fitness (Train): 66679.81 | Mean fitness (Test): 66867.05
Generation 530 | Best fitness (Train): 66867.05 | Best fitness in generation (Train): 66867.05 | Mean fitness (Train): 66531.15 | Mean fitness (Test): 66867.05
Generation 540 | Best fitness (Train): 66867.05 | Best fitness in generation (Train): 66867.05 | Mean fitness (Train): 66565.67 | Mean fitness (Test): 66867.05
Generation 550 | Best fitness (Train): 66867.05 | Best fitness in generation (Train): 66867.05 | Mean fitness (Train): 66239.52 | Mean fitness (Test): 66867.05
Generation 560 | Best fitness (Train): 66867.05 | Best fitness in generation (Train): 66867.05 | Mean fitness (Train): 66249.78 | Mean fitness (Test): 66867.05
Generation 570 | Best fitness (Train): 66867.05 | Best fitness in generation (Train): 66867.05 | Mean fitness (Train): 66843.01 | Mean fitness (Test): 66867.05
Generation 580 | Best fitness (Train): 66867.05 | Best fitness in generation (Train): 66867.05 | Mean fitness (Train): 66429.39 | Mean fitness (Test): 66867.05
Generation 590 | Best fitness (Train): 66867.05 | Best fitness in generation (Train): 66867.05 | Mean fitness (Train): 66818.88 | Mean fitness (Test): 66867.05
Generation 600 | Best fitness (Train): 66867.05 | Best fitness in generation (Train): 66867.05 | Mean fitness (Train): 66747.53 | Mean fitness (Test): 66867.05
Generation 610 | Best fitness (Train): 66867.05 | Best fitness in generation (Train): 66867.05 | Mean fitness (Train): 66798.45 | Mean fitness (Test): 66867.05
Generation 620 | Best fitness (Train): 66867.05 | Best fitness in generation (Train): 66867.05 | Mean fitness (Train): 66426.20 | Mean fitness (Test): 66867.05
Generation 630 | Best fitness (Train): 66867.05 | Best fitness in generation (Train): 66867.05 | Mean fitness (Train): 66591.78 | Mean fitness (Test): 66867.05
Generation 640 | Best fitness (Train): 66867.05 | Best fitness in generation (Train): 66867.05 | Mean fitness (Train): 66760.78 | Mean fitness (Test): 66867.05
Generation 650 | Best fitness (Train): 66867.05 | Best fitness in generation (Train): 66867.05 | Mean fitness (Train): 66770.77 | Mean fitness (Test): 66867.05
Generation 660 | Best fitness (Train): 66867.05 | Best fitness in generation (Train): 66867.05 | Mean fitness (Train): 66843.32 | Mean fitness (Test): 66867.05
Generation 670 | Best fitness (Train): 66867.05 | Best fitness in generation (Train): 66867.05 | Mean fitness (Train): 66640.48 | Mean fitness (Test): 66867.05
Generation 680 | Best fitness (Train): 66867.05 | Best fitness in generation (Train): 66867.05 | Mean fitness (Train): 66814.98 | Mean fitness (Test): 66867.05
Generation 690 | Best fitness (Train): 66867.05 | Best fitness in generation (Train): 66867.05 | Mean fitness (Train): 66863.70 | Mean fitness (Test): 66867.05
Generation 700 | Best fitness (Train): 66867.05 | Best fitness in generation (Train): 0.00 | Mean fitness (Train): 0.00 | Mean fitness (Test): 0.00
Generation 710 | Best fitness (Train): 66867.05 | Best fitness in generation (Train): 0.00 | Mean fitness (Train): 0.00 | Mean fitness (Test): 0.00
Generation 720 | Best fitness (Train): 66867.05 | Best fitness in generation (Train): 0.00 | Mean fitness (Train): 0.00 | Mean fitness (Test): 0.00
Generation 730 | Best fitness (Train): 66867.05 | Best fitness in generation (Train): 0.00 | Mean fitness (Train): 0.00 | Mean fitness (Test): 0.00
Generation 740 | Best fitness (Train): 66867.05 | Best fitness in generation (Train): 0.00 | Mean fitness (Train): 0.00 | Mean fitness (Test): 0.00
Generation 750 | Best fitness (Train): 66867.05 | Best fitness in generation (Train): 0.00 | Mean fitness (Train): 0.00 | Mean fitness (Test): 0.00
Generation 760 | Best fitness (Train): 66867.05 | Best fitness in generation (Train): 0.00 | Mean fitness (Train): 0.00 | Mean fitness (Test): 0.00
Generation 770 | Best fitness (Train): 66867.05 | Best fitness in generation (Train): 0.00 | Mean fitness (Train): 0.00 | Mean fitness (Test): 0.00
Generation 780 | Best fitness (Train): 66867.05 | Best fitness in generation (Train): 0.00 | Mean fitness (Train): 0.00 | Mean fitness (Test): 0.00
Generation 790 | Best fitness (Train): 66867.05 | Best fitness in generation (Train): 0.00 | Mean fitness (Train): 0.00 | Mean fitness (Test): 0.00
Generation 800 | Best fitness (Train): 66867.05 | Best fitness in generation (Train): 0.00 | Mean fitness (Train): 0.00 | Mean fitness (Test): 0.00
Generation 810 | Best fitness (Train): 66867.05 | Best fitness in generation (Train): 0.00 | Mean fitness (Train): 0.00 | Mean fitness (Test): 0.00
Generation 820 | Best fitness (Train): 66867.05 | Best fitness in generation (Train): 0.00 | Mean fitness (Train): 0.00 | Mean fitness (Test): 0.00
Generation 830 | Best fitness (Train): 66867.05 | Best fitness in generation (Train): 0.00 | Mean fitness (Train): 0.00 | Mean fitness (Test): 0.00
Generation 840 | Best fitness (Train): 66867.05 | Best fitness in generation (Train): 0.00 | Mean fitness (Train): 0.00 | Mean fitness (Test): 0.00
Generation 850 | Best fitness (Train): 66867.05 | Best fitness in generation (Train): 0.00 | Mean fitness (Train): 0.00 | Mean fitness (Test): 0.00
Generation 860 | Best fitness (Train): 66867.05 | Best fitness in generation (Train): 0.00 | Mean fitness (Train): 0.00 | Mean fitness (Test): 0.00
Generation 870 | Best fitness (Train): 66867.05 | Best fitness in generation (Train): 0.00 | Mean fitness (Train): 0.00 | Mean fitness (Test): 0.00
Generation 880 | Best fitness (Train): 66867.05 | Best fitness in generation (Train): 0.00 | Mean fitness (Train): 0.00 | Mean fitness (Test): 0.00
Generation 890 | Best fitness (Train): 66867.05 | Best fitness in generation (Train): 0.00 | Mean fitness (Train): 0.00 | Mean fitness (Test): 0.00
Generation 900 | Best fitness (Train): 66867.05 | Best fitness in generation (Train): 0.00 | Mean fitness (Train): 0.00 | Mean fitness (Test): 0.00
Generation 910 | Best fitness (Train): 66867.05 | Best fitness in generation (Train): 0.00 | Mean fitness (Train): 0.00 | Mean fitness (Test): 0.00
Generation 920 | Best fitness (Train): 66867.05 | Best fitness in generation (Train): 0.00 | Mean fitness (Train): 0.00 | Mean fitness (Test): 0.00
Generation 930 | Best fitness (Train): 66867.05 | Best fitness in generation (Train): 0.00 | Mean fitness (Train): 0.00 | Mean fitness (Test): 0.00
Generation 940 | Best fitness (Train): 66867.05 | Best fitness in generation (Train): 0.00 | Mean fitness (Train): 0.00 | Mean fitness (Test): 0.00
Generation 950 | Best fitness (Train): 66867.05 | Best fitness in generation (Train): 0.00 | Mean fitness (Train): 0.00 | Mean fitness (Test): 0.00
Generation 960 | Best fitness (Train): 66867.05 | Best fitness in generation (Train): 0.00 | Mean fitness (Train): 0.00 | Mean fitness (Test): 0.00
Generation 970 | Best fitness (Train): 66867.05 | Best fitness in generation (Train): 0.00 | Mean fitness (Train): 0.00 | Mean fitness (Test): 0.00
Generation 980 | Best fitness (Train): 66867.05 | Best fitness in generation (Train): 0.00 | Mean fitness (Train): 0.00 | Mean fitness (Test): 0.00
Generation 990 | Best fitness (Train): 66867.05 | Best fitness in generation (Train): 0.00 | Mean fitness (Train): 0.00 | Mean fitness (Test): 0.00
Generation 1000 | Best fitness (Train): 66867.05 | Best fitness in generation (Train): 0.00 | Mean fitness (Train): 0.00 | Mean fitness (Test): 0.00
Failed to generate visualization: 'Fast' object has no attribute 'sys'
running the experiment ... [../../results/BraxProblem/fast/LearnedES/4]
Generation 010 | Best fitness (Train): 66867.05 | Best fitness in generation (Train): 66867.05 | Mean fitness (Train): 33687.08 | Mean fitness (Test): 66867.05
Generation 020 | Best fitness (Train): 66867.05 | Best fitness in generation (Train): 66867.05 | Mean fitness (Train): 51576.81 | Mean fitness (Test): 66867.05
Generation 030 | Best fitness (Train): 66867.05 | Best fitness in generation (Train): 66867.05 | Mean fitness (Train): 60222.53 | Mean fitness (Test): 66867.05
Generation 040 | Best fitness (Train): 66867.05 | Best fitness in generation (Train): 66867.05 | Mean fitness (Train): 62329.67 | Mean fitness (Test): 66867.05
Generation 050 | Best fitness (Train): 66867.05 | Best fitness in generation (Train): 66867.05 | Mean fitness (Train): 63666.32 | Mean fitness (Test): 66867.05
Generation 060 | Best fitness (Train): 66867.05 | Best fitness in generation (Train): 66867.05 | Mean fitness (Train): 62375.30 | Mean fitness (Test): 66867.05
Generation 070 | Best fitness (Train): 66867.05 | Best fitness in generation (Train): 66867.05 | Mean fitness (Train): 63257.32 | Mean fitness (Test): 66867.05
Generation 080 | Best fitness (Train): 66867.05 | Best fitness in generation (Train): 66867.05 | Mean fitness (Train): 65986.02 | Mean fitness (Test): 66867.05
Generation 090 | Best fitness (Train): 66867.05 | Best fitness in generation (Train): 66867.05 | Mean fitness (Train): 63736.76 | Mean fitness (Test): 66867.05
Generation 100 | Best fitness (Train): 66867.05 | Best fitness in generation (Train): 66867.05 | Mean fitness (Train): 64352.35 | Mean fitness (Test): 66867.05
Generation 110 | Best fitness (Train): 66867.05 | Best fitness in generation (Train): 66867.05 | Mean fitness (Train): 65516.15 | Mean fitness (Test): 66867.05
Generation 120 | Best fitness (Train): 66867.05 | Best fitness in generation (Train): 66867.05 | Mean fitness (Train): 65449.66 | Mean fitness (Test): 66867.05
Generation 130 | Best fitness (Train): 66867.05 | Best fitness in generation (Train): 66867.05 | Mean fitness (Train): 64966.08 | Mean fitness (Test): 66867.05
Generation 140 | Best fitness (Train): 66867.05 | Best fitness in generation (Train): 66867.05 | Mean fitness (Train): 66233.10 | Mean fitness (Test): 66867.05
Generation 150 | Best fitness (Train): 66867.05 | Best fitness in generation (Train): 66867.05 | Mean fitness (Train): 66192.67 | Mean fitness (Test): 66867.05
Generation 160 | Best fitness (Train): 66867.05 | Best fitness in generation (Train): 66867.05 | Mean fitness (Train): 66308.02 | Mean fitness (Test): 66867.05
Generation 170 | Best fitness (Train): 66867.05 | Best fitness in generation (Train): 66867.05 | Mean fitness (Train): 65369.49 | Mean fitness (Test): 66867.05
Generation 180 | Best fitness (Train): 66867.05 | Best fitness in generation (Train): 66867.05 | Mean fitness (Train): 65787.01 | Mean fitness (Test): 66867.05
Generation 190 | Best fitness (Train): 66867.05 | Best fitness in generation (Train): 66867.05 | Mean fitness (Train): 65752.73 | Mean fitness (Test): 66867.05
Generation 200 | Best fitness (Train): 66867.05 | Best fitness in generation (Train): 66867.05 | Mean fitness (Train): 66311.11 | Mean fitness (Test): 66867.05
Generation 210 | Best fitness (Train): 66867.05 | Best fitness in generation (Train): 66867.05 | Mean fitness (Train): 66297.26 | Mean fitness (Test): 66867.05
Generation 220 | Best fitness (Train): 66867.05 | Best fitness in generation (Train): 66867.05 | Mean fitness (Train): 66384.79 | Mean fitness (Test): 66867.05
Generation 230 | Best fitness (Train): 66867.05 | Best fitness in generation (Train): 66867.05 | Mean fitness (Train): 65456.65 | Mean fitness (Test): 66867.05
Generation 240 | Best fitness (Train): 66867.05 | Best fitness in generation (Train): 66867.05 | Mean fitness (Train): 65379.04 | Mean fitness (Test): 66867.05
Generation 250 | Best fitness (Train): 66867.05 | Best fitness in generation (Train): 66867.05 | Mean fitness (Train): 65065.07 | Mean fitness (Test): 66867.05
Generation 260 | Best fitness (Train): 66867.05 | Best fitness in generation (Train): 66867.05 | Mean fitness (Train): 66319.09 | Mean fitness (Test): 66867.05
Generation 270 | Best fitness (Train): 66867.05 | Best fitness in generation (Train): 66867.05 | Mean fitness (Train): 65585.91 | Mean fitness (Test): 66867.05
Generation 280 | Best fitness (Train): 66867.05 | Best fitness in generation (Train): 66867.05 | Mean fitness (Train): 66178.00 | Mean fitness (Test): 66867.05
Generation 290 | Best fitness (Train): 66867.05 | Best fitness in generation (Train): 66867.05 | Mean fitness (Train): 66579.08 | Mean fitness (Test): 66867.05
Generation 300 | Best fitness (Train): 66867.05 | Best fitness in generation (Train): 66867.05 | Mean fitness (Train): 66538.05 | Mean fitness (Test): 66867.05
Generation 310 | Best fitness (Train): 66867.05 | Best fitness in generation (Train): 66867.05 | Mean fitness (Train): 66140.15 | Mean fitness (Test): 66867.05
Generation 320 | Best fitness (Train): 66867.05 | Best fitness in generation (Train): 66867.05 | Mean fitness (Train): 66233.00 | Mean fitness (Test): 66867.05
Generation 330 | Best fitness (Train): 66867.05 | Best fitness in generation (Train): 66867.05 | Mean fitness (Train): 65305.79 | Mean fitness (Test): 66867.05
Generation 340 | Best fitness (Train): 66867.05 | Best fitness in generation (Train): 66867.05 | Mean fitness (Train): 65943.41 | Mean fitness (Test): 66867.05
Generation 350 | Best fitness (Train): 66867.05 | Best fitness in generation (Train): 66867.05 | Mean fitness (Train): 66536.76 | Mean fitness (Test): 66867.05
Generation 360 | Best fitness (Train): 66867.05 | Best fitness in generation (Train): 66867.05 | Mean fitness (Train): 66660.27 | Mean fitness (Test): 66867.05
Generation 370 | Best fitness (Train): 66867.05 | Best fitness in generation (Train): 66867.05 | Mean fitness (Train): 66499.28 | Mean fitness (Test): 66867.05
Generation 380 | Best fitness (Train): 66867.05 | Best fitness in generation (Train): 66867.05 | Mean fitness (Train): 66391.22 | Mean fitness (Test): 66867.05
Generation 390 | Best fitness (Train): 66867.05 | Best fitness in generation (Train): 66867.05 | Mean fitness (Train): 66512.55 | Mean fitness (Test): 66867.05
Generation 400 | Best fitness (Train): 66867.05 | Best fitness in generation (Train): 66867.05 | Mean fitness (Train): 66714.19 | Mean fitness (Test): 66867.05
Generation 410 | Best fitness (Train): 66867.05 | Best fitness in generation (Train): 66867.05 | Mean fitness (Train): 66650.48 | Mean fitness (Test): 66867.05
Generation 420 | Best fitness (Train): 66867.05 | Best fitness in generation (Train): 66867.05 | Mean fitness (Train): 66842.92 | Mean fitness (Test): 66867.05
Generation 430 | Best fitness (Train): 66867.05 | Best fitness in generation (Train): 66867.05 | Mean fitness (Train): 66597.80 | Mean fitness (Test): 66867.05
Generation 440 | Best fitness (Train): 66867.05 | Best fitness in generation (Train): 66867.05 | Mean fitness (Train): 66635.36 | Mean fitness (Test): 66867.05
Generation 450 | Best fitness (Train): 66867.05 | Best fitness in generation (Train): 0.00 | Mean fitness (Train): 0.00 | Mean fitness (Test): 0.00
Generation 460 | Best fitness (Train): 66867.05 | Best fitness in generation (Train): 0.00 | Mean fitness (Train): 0.00 | Mean fitness (Test): 0.00
Generation 470 | Best fitness (Train): 66867.05 | Best fitness in generation (Train): 0.00 | Mean fitness (Train): 0.00 | Mean fitness (Test): 0.00
Generation 480 | Best fitness (Train): 66867.05 | Best fitness in generation (Train): 0.00 | Mean fitness (Train): 0.00 | Mean fitness (Test): 0.00
Generation 490 | Best fitness (Train): 66867.05 | Best fitness in generation (Train): 0.00 | Mean fitness (Train): 0.00 | Mean fitness (Test): 0.00
Generation 500 | Best fitness (Train): 66867.05 | Best fitness in generation (Train): 0.00 | Mean fitness (Train): 0.00 | Mean fitness (Test): 0.00
Generation 510 | Best fitness (Train): 66867.05 | Best fitness in generation (Train): 0.00 | Mean fitness (Train): 0.00 | Mean fitness (Test): 0.00
Generation 520 | Best fitness (Train): 66867.05 | Best fitness in generation (Train): 0.00 | Mean fitness (Train): 0.00 | Mean fitness (Test): 0.00
Generation 530 | Best fitness (Train): 66867.05 | Best fitness in generation (Train): 0.00 | Mean fitness (Train): 0.00 | Mean fitness (Test): 0.00
Generation 540 | Best fitness (Train): 66867.05 | Best fitness in generation (Train): 0.00 | Mean fitness (Train): 0.00 | Mean fitness (Test): 0.00
Generation 550 | Best fitness (Train): 66867.05 | Best fitness in generation (Train): 0.00 | Mean fitness (Train): 0.00 | Mean fitness (Test): 0.00
Generation 560 | Best fitness (Train): 66867.05 | Best fitness in generation (Train): 0.00 | Mean fitness (Train): 0.00 | Mean fitness (Test): 0.00
Generation 570 | Best fitness (Train): 66867.05 | Best fitness in generation (Train): 0.00 | Mean fitness (Train): 0.00 | Mean fitness (Test): 0.00
Generation 580 | Best fitness (Train): 66867.05 | Best fitness in generation (Train): 0.00 | Mean fitness (Train): 0.00 | Mean fitness (Test): 0.00
Generation 590 | Best fitness (Train): 66867.05 | Best fitness in generation (Train): 0.00 | Mean fitness (Train): 0.00 | Mean fitness (Test): 0.00
Generation 600 | Best fitness (Train): 66867.05 | Best fitness in generation (Train): 0.00 | Mean fitness (Train): 0.00 | Mean fitness (Test): 0.00
Generation 610 | Best fitness (Train): 66867.05 | Best fitness in generation (Train): 0.00 | Mean fitness (Train): 0.00 | Mean fitness (Test): 0.00
Generation 620 | Best fitness (Train): 66867.05 | Best fitness in generation (Train): 0.00 | Mean fitness (Train): 0.00 | Mean fitness (Test): 0.00
Generation 630 | Best fitness (Train): 66867.05 | Best fitness in generation (Train): 0.00 | Mean fitness (Train): 0.00 | Mean fitness (Test): 0.00
Generation 640 | Best fitness (Train): 66867.05 | Best fitness in generation (Train): 0.00 | Mean fitness (Train): 0.00 | Mean fitness (Test): 0.00
Generation 650 | Best fitness (Train): 66867.05 | Best fitness in generation (Train): 0.00 | Mean fitness (Train): 0.00 | Mean fitness (Test): 0.00
Generation 660 | Best fitness (Train): 66867.05 | Best fitness in generation (Train): 0.00 | Mean fitness (Train): 0.00 | Mean fitness (Test): 0.00
Generation 670 | Best fitness (Train): 66867.05 | Best fitness in generation (Train): 0.00 | Mean fitness (Train): 0.00 | Mean fitness (Test): 0.00
Generation 680 | Best fitness (Train): 66867.05 | Best fitness in generation (Train): 0.00 | Mean fitness (Train): 0.00 | Mean fitness (Test): 0.00
Generation 690 | Best fitness (Train): 66867.05 | Best fitness in generation (Train): 0.00 | Mean fitness (Train): 0.00 | Mean fitness (Test): 0.00
Generation 700 | Best fitness (Train): 66867.05 | Best fitness in generation (Train): 0.00 | Mean fitness (Train): 0.00 | Mean fitness (Test): 0.00
Generation 710 | Best fitness (Train): 66867.05 | Best fitness in generation (Train): 0.00 | Mean fitness (Train): 0.00 | Mean fitness (Test): 0.00
Generation 720 | Best fitness (Train): 66867.05 | Best fitness in generation (Train): 0.00 | Mean fitness (Train): 0.00 | Mean fitness (Test): 0.00
Generation 730 | Best fitness (Train): 66867.05 | Best fitness in generation (Train): 0.00 | Mean fitness (Train): 0.00 | Mean fitness (Test): 0.00
Generation 740 | Best fitness (Train): 66867.05 | Best fitness in generation (Train): 0.00 | Mean fitness (Train): 0.00 | Mean fitness (Test): 0.00
Generation 750 | Best fitness (Train): 66867.05 | Best fitness in generation (Train): 0.00 | Mean fitness (Train): 0.00 | Mean fitness (Test): 0.00
Generation 760 | Best fitness (Train): 66867.05 | Best fitness in generation (Train): 0.00 | Mean fitness (Train): 0.00 | Mean fitness (Test): 0.00
Generation 770 | Best fitness (Train): 66867.05 | Best fitness in generation (Train): 0.00 | Mean fitness (Train): 0.00 | Mean fitness (Test): 0.00
Generation 780 | Best fitness (Train): 66867.05 | Best fitness in generation (Train): 0.00 | Mean fitness (Train): 0.00 | Mean fitness (Test): 0.00
Generation 790 | Best fitness (Train): 66867.05 | Best fitness in generation (Train): 0.00 | Mean fitness (Train): 0.00 | Mean fitness (Test): 0.00
Generation 800 | Best fitness (Train): 66867.05 | Best fitness in generation (Train): 0.00 | Mean fitness (Train): 0.00 | Mean fitness (Test): 0.00
Generation 810 | Best fitness (Train): 66867.05 | Best fitness in generation (Train): 0.00 | Mean fitness (Train): 0.00 | Mean fitness (Test): 0.00
Generation 820 | Best fitness (Train): 66867.05 | Best fitness in generation (Train): 0.00 | Mean fitness (Train): 0.00 | Mean fitness (Test): 0.00
Generation 830 | Best fitness (Train): 66867.05 | Best fitness in generation (Train): 0.00 | Mean fitness (Train): 0.00 | Mean fitness (Test): 0.00
Generation 840 | Best fitness (Train): 66867.05 | Best fitness in generation (Train): 0.00 | Mean fitness (Train): 0.00 | Mean fitness (Test): 0.00
Generation 850 | Best fitness (Train): 66867.05 | Best fitness in generation (Train): 0.00 | Mean fitness (Train): 0.00 | Mean fitness (Test): 0.00
Generation 860 | Best fitness (Train): 66867.05 | Best fitness in generation (Train): 0.00 | Mean fitness (Train): 0.00 | Mean fitness (Test): 0.00
Generation 870 | Best fitness (Train): 66867.05 | Best fitness in generation (Train): 0.00 | Mean fitness (Train): 0.00 | Mean fitness (Test): 0.00
Generation 880 | Best fitness (Train): 66867.05 | Best fitness in generation (Train): 0.00 | Mean fitness (Train): 0.00 | Mean fitness (Test): 0.00
Generation 890 | Best fitness (Train): 66867.05 | Best fitness in generation (Train): 0.00 | Mean fitness (Train): 0.00 | Mean fitness (Test): 0.00
Generation 900 | Best fitness (Train): 66867.05 | Best fitness in generation (Train): 0.00 | Mean fitness (Train): 0.00 | Mean fitness (Test): 0.00
Generation 910 | Best fitness (Train): 66867.05 | Best fitness in generation (Train): 0.00 | Mean fitness (Train): 0.00 | Mean fitness (Test): 0.00
Generation 920 | Best fitness (Train): 66867.05 | Best fitness in generation (Train): 0.00 | Mean fitness (Train): 0.00 | Mean fitness (Test): 0.00
Generation 930 | Best fitness (Train): 66867.05 | Best fitness in generation (Train): 0.00 | Mean fitness (Train): 0.00 | Mean fitness (Test): 0.00
Generation 940 | Best fitness (Train): 66867.05 | Best fitness in generation (Train): 0.00 | Mean fitness (Train): 0.00 | Mean fitness (Test): 0.00
Generation 950 | Best fitness (Train): 66867.05 | Best fitness in generation (Train): 0.00 | Mean fitness (Train): 0.00 | Mean fitness (Test): 0.00
Generation 960 | Best fitness (Train): 66867.05 | Best fitness in generation (Train): 0.00 | Mean fitness (Train): 0.00 | Mean fitness (Test): 0.00
Generation 970 | Best fitness (Train): 66867.05 | Best fitness in generation (Train): 0.00 | Mean fitness (Train): 0.00 | Mean fitness (Test): 0.00
Generation 980 | Best fitness (Train): 66867.05 | Best fitness in generation (Train): 0.00 | Mean fitness (Train): 0.00 | Mean fitness (Test): 0.00
Generation 990 | Best fitness (Train): 66867.05 | Best fitness in generation (Train): 0.00 | Mean fitness (Train): 0.00 | Mean fitness (Test): 0.00
Generation 1000 | Best fitness (Train): 66867.05 | Best fitness in generation (Train): 0.00 | Mean fitness (Train): 0.00 | Mean fitness (Test): 0.00
Failed to generate visualization: 'Fast' object has no attribute 'sys'
Running ES algorithms:   0%|                                                             | 0/1 [00:00<?, ?it/s][A
Running ES algorithms: 100%|███████████████████████████████████████████████████| 1/1 [22:42<00:00, 1362.29s/it][ARunning ES algorithms: 100%|███████████████████████████████████████████████████| 1/1 [22:42<00:00, 1362.29s/it]
Successfully loaded: halfcheetah
Loading Problems ..:  17%|███████▌                                     | 2/12 [20:32:23<85:14:38, 30687.88s/it]
running the experiment ... [../../results/BraxProblem/halfcheetah/LearnedES/0]
Generation 010 | Best fitness (Train): -69.42 | Best fitness in generation (Train): -69.42 | Mean fitness (Train): -479.18 | Mean fitness (Test): -270.70
Generation 020 | Best fitness (Train): -22.43 | Best fitness in generation (Train): -22.43 | Mean fitness (Train): -458.61 | Mean fitness (Test): -490.11
Generation 030 | Best fitness (Train): 344.33 | Best fitness in generation (Train): 262.92 | Mean fitness (Train): -379.34 | Mean fitness (Test): -279.43
Generation 040 | Best fitness (Train): 570.73 | Best fitness in generation (Train): 495.53 | Mean fitness (Train): -289.21 | Mean fitness (Test): -469.88
Generation 050 | Best fitness (Train): 836.39 | Best fitness in generation (Train): 658.71 | Mean fitness (Train): -241.61 | Mean fitness (Test): -494.34
Generation 060 | Best fitness (Train): 977.47 | Best fitness in generation (Train): 641.28 | Mean fitness (Train): -255.39 | Mean fitness (Test): -361.26
Generation 070 | Best fitness (Train): 977.47 | Best fitness in generation (Train): 903.28 | Mean fitness (Train): -167.83 | Mean fitness (Test): -394.50
Generation 080 | Best fitness (Train): 1115.90 | Best fitness in generation (Train): 939.11 | Mean fitness (Train): -149.14 | Mean fitness (Test): -487.78
Generation 090 | Best fitness (Train): 1115.90 | Best fitness in generation (Train): 1075.00 | Mean fitness (Train): -49.62 | Mean fitness (Test): -131.08
Generation 100 | Best fitness (Train): 1292.96 | Best fitness in generation (Train): 1167.30 | Mean fitness (Train): -33.23 | Mean fitness (Test): -499.64
Generation 110 | Best fitness (Train): 1429.37 | Best fitness in generation (Train): 1182.56 | Mean fitness (Train): -55.74 | Mean fitness (Test): -525.03
Generation 120 | Best fitness (Train): 1429.37 | Best fitness in generation (Train): 1197.37 | Mean fitness (Train): 44.48 | Mean fitness (Test): 276.08
Generation 130 | Best fitness (Train): 1429.37 | Best fitness in generation (Train): 1132.76 | Mean fitness (Train): 88.97 | Mean fitness (Test): 1021.60
Generation 140 | Best fitness (Train): 1489.13 | Best fitness in generation (Train): 1367.57 | Mean fitness (Train): 95.76 | Mean fitness (Test): 1021.59
Generation 150 | Best fitness (Train): 1725.42 | Best fitness in generation (Train): 1347.49 | Mean fitness (Train): 122.58 | Mean fitness (Test): 290.58
Generation 160 | Best fitness (Train): 1725.42 | Best fitness in generation (Train): 1278.13 | Mean fitness (Train): 169.96 | Mean fitness (Test): 1316.79
Generation 170 | Best fitness (Train): 1725.42 | Best fitness in generation (Train): 1399.67 | Mean fitness (Train): 177.46 | Mean fitness (Test): -498.14
Generation 180 | Best fitness (Train): 1725.42 | Best fitness in generation (Train): 1421.55 | Mean fitness (Train): 149.00 | Mean fitness (Test): 1258.90
Generation 190 | Best fitness (Train): 1755.94 | Best fitness in generation (Train): 1688.95 | Mean fitness (Train): 129.39 | Mean fitness (Test): 1477.29
Generation 200 | Best fitness (Train): 1755.94 | Best fitness in generation (Train): 1652.06 | Mean fitness (Train): 242.98 | Mean fitness (Test): -516.10
[2025-11-09T22:44:45.954] error: *** JOB 8041820 ON ise-pheno-08 CANCELLED AT 2025-11-09T22:44:45 DUE to SIGNAL Terminated ***
Running ES algorithms:   0%|                                                             | 0/1 [00:00<?, ?it/s][A[2025-11-09T22:44:45.954] error: *** STEP 8041820.0 ON ise-pheno-08 CANCELLED AT 2025-11-09T22:44:45 DUE to SIGNAL Terminated ***
srun: Job step aborted: Waiting up to 302 seconds for job step to finish.
