Tue 11 Nov 2025 15:20:36 IST

SLURM_JOBID:		 8108717
SLURM_JOB_NODELIST:	 ise-3090-02 

configuration parmas running: problem_type=brax es_algorithms=Sep_CMA_ES
Loading Problems ..:   0%|                                                                                                           | 0/12 [00:00<?, ?it/s]/home/ronedr/.conda/envs/ronedr_es_env/lib/python3.10/site-packages/brax/io/mjcf.py:480: UserWarning: Brax System, piplines and environments are not actively being maintained. Please see MJX for a well maintained JAX-based physics engine: https://github.com/google-deepmind/mujoco/tree/main/mjx. For a host of environments that use MJX, see: https://github.com/google-deepmind/mujoco_playground.
  warnings.warn(
E1111 15:20:57.451751 3294903 hlo_lexer.cc:443] Failed to parse int literal: 1986902096214075708017
Successfully loaded: ant

running the experiment ... [../../results/BraxProblem/ant/Sep_CMA_ES/0]
Generation 010 | Best fitness (Train): 73.95 | Best fitness in generation (Train): 73.95 | Mean fitness (Train): 29.04 | Mean fitness (Test): 123.71
Generation 020 | Best fitness (Train): 129.70 | Best fitness in generation (Train): 121.30 | Mean fitness (Train): 46.52 | Mean fitness (Test): 207.53
Generation 030 | Best fitness (Train): 387.87 | Best fitness in generation (Train): 223.61 | Mean fitness (Train): 64.29 | Mean fitness (Test): 448.48
Generation 040 | Best fitness (Train): 628.67 | Best fitness in generation (Train): 553.13 | Mean fitness (Train): 105.11 | Mean fitness (Test): 951.27
Generation 050 | Best fitness (Train): 936.91 | Best fitness in generation (Train): 691.53 | Mean fitness (Train): 140.16 | Mean fitness (Test): 571.62
Generation 060 | Best fitness (Train): 1015.48 | Best fitness in generation (Train): 888.97 | Mean fitness (Train): 227.59 | Mean fitness (Test): 704.72
Generation 070 | Best fitness (Train): 1213.19 | Best fitness in generation (Train): 979.85 | Mean fitness (Train): 298.50 | Mean fitness (Test): 789.24
Generation 080 | Best fitness (Train): 1213.19 | Best fitness in generation (Train): 893.64 | Mean fitness (Train): 342.88 | Mean fitness (Test): 953.71
Generation 090 | Best fitness (Train): 1213.19 | Best fitness in generation (Train): 949.97 | Mean fitness (Train): 422.86 | Mean fitness (Test): 985.54
Generation 100 | Best fitness (Train): 1270.62 | Best fitness in generation (Train): 1156.04 | Mean fitness (Train): 490.68 | Mean fitness (Test): 1143.42
Generation 110 | Best fitness (Train): 1270.62 | Best fitness in generation (Train): 1168.94 | Mean fitness (Train): 517.71 | Mean fitness (Test): 1190.64
Generation 120 | Best fitness (Train): 1377.09 | Best fitness in generation (Train): 1159.52 | Mean fitness (Train): 584.28 | Mean fitness (Test): 1160.27
Generation 130 | Best fitness (Train): 1377.09 | Best fitness in generation (Train): 1196.06 | Mean fitness (Train): 576.37 | Mean fitness (Test): 1252.78
Generation 140 | Best fitness (Train): 1428.08 | Best fitness in generation (Train): 1363.89 | Mean fitness (Train): 632.33 | Mean fitness (Test): 1334.62
Generation 150 | Best fitness (Train): 1428.08 | Best fitness in generation (Train): 1307.18 | Mean fitness (Train): 676.27 | Mean fitness (Test): 1400.50
Generation 160 | Best fitness (Train): 1433.21 | Best fitness in generation (Train): 1313.03 | Mean fitness (Train): 698.08 | Mean fitness (Test): 1534.48
Generation 170 | Best fitness (Train): 1433.21 | Best fitness in generation (Train): 1315.71 | Mean fitness (Train): 747.93 | Mean fitness (Test): 1617.91
Generation 180 | Best fitness (Train): 1492.23 | Best fitness in generation (Train): 1426.26 | Mean fitness (Train): 752.69 | Mean fitness (Test): 1675.00
Generation 190 | Best fitness (Train): 1518.62 | Best fitness in generation (Train): 1518.62 | Mean fitness (Train): 776.33 | Mean fitness (Test): 1844.35
Generation 200 | Best fitness (Train): 1540.78 | Best fitness in generation (Train): 1342.29 | Mean fitness (Train): 794.05 | Mean fitness (Test): 1767.67
Generation 210 | Best fitness (Train): 1573.15 | Best fitness in generation (Train): 1433.91 | Mean fitness (Train): 834.21 | Mean fitness (Test): 1820.80
Generation 220 | Best fitness (Train): 1658.42 | Best fitness in generation (Train): 1495.62 | Mean fitness (Train): 846.72 | Mean fitness (Test): 1841.37
Generation 230 | Best fitness (Train): 1658.42 | Best fitness in generation (Train): 1468.02 | Mean fitness (Train): 862.10 | Mean fitness (Test): 1719.73
Generation 240 | Best fitness (Train): 1658.42 | Best fitness in generation (Train): 1482.32 | Mean fitness (Train): 835.79 | Mean fitness (Test): 1797.31
Generation 250 | Best fitness (Train): 1658.42 | Best fitness in generation (Train): 1474.34 | Mean fitness (Train): 889.05 | Mean fitness (Test): 1842.59
Generation 260 | Best fitness (Train): 1658.42 | Best fitness in generation (Train): 1540.99 | Mean fitness (Train): 913.61 | Mean fitness (Test): 1759.63
Generation 270 | Best fitness (Train): 1677.12 | Best fitness in generation (Train): 1554.61 | Mean fitness (Train): 927.85 | Mean fitness (Test): 1931.46
Generation 280 | Best fitness (Train): 1677.12 | Best fitness in generation (Train): 1563.45 | Mean fitness (Train): 940.33 | Mean fitness (Test): 1912.49
Generation 290 | Best fitness (Train): 1677.12 | Best fitness in generation (Train): 1509.65 | Mean fitness (Train): 954.09 | Mean fitness (Test): 1926.38
Generation 300 | Best fitness (Train): 1677.12 | Best fitness in generation (Train): 1579.30 | Mean fitness (Train): 945.83 | Mean fitness (Test): 1941.13
Generation 310 | Best fitness (Train): 1707.94 | Best fitness in generation (Train): 1707.94 | Mean fitness (Train): 971.62 | Mean fitness (Test): 1940.01
Generation 320 | Best fitness (Train): 1707.94 | Best fitness in generation (Train): 1474.83 | Mean fitness (Train): 983.68 | Mean fitness (Test): 1909.13
Generation 330 | Best fitness (Train): 1707.94 | Best fitness in generation (Train): 1664.89 | Mean fitness (Train): 983.45 | Mean fitness (Test): 1951.33
Generation 340 | Best fitness (Train): 1707.94 | Best fitness in generation (Train): 1571.91 | Mean fitness (Train): 963.52 | Mean fitness (Test): 1942.81
Generation 350 | Best fitness (Train): 1707.94 | Best fitness in generation (Train): 1623.85 | Mean fitness (Train): 1020.11 | Mean fitness (Test): 1938.33
Generation 360 | Best fitness (Train): 1714.02 | Best fitness in generation (Train): 1594.13 | Mean fitness (Train): 1034.58 | Mean fitness (Test): 1933.15
Generation 370 | Best fitness (Train): 1714.02 | Best fitness in generation (Train): 1602.89 | Mean fitness (Train): 1004.28 | Mean fitness (Test): 1936.32
Generation 380 | Best fitness (Train): 1714.02 | Best fitness in generation (Train): 1590.70 | Mean fitness (Train): 1064.72 | Mean fitness (Test): 1919.71
Generation 390 | Best fitness (Train): 1794.31 | Best fitness in generation (Train): 1548.32 | Mean fitness (Train): 1020.86 | Mean fitness (Test): 1852.15
Generation 400 | Best fitness (Train): 1794.31 | Best fitness in generation (Train): 1711.03 | Mean fitness (Train): 1121.85 | Mean fitness (Test): 1947.21
Generation 410 | Best fitness (Train): 1828.31 | Best fitness in generation (Train): 1698.50 | Mean fitness (Train): 1068.00 | Mean fitness (Test): 2018.00
Generation 420 | Best fitness (Train): 1828.31 | Best fitness in generation (Train): 1712.48 | Mean fitness (Train): 1008.07 | Mean fitness (Test): 1833.53
Generation 430 | Best fitness (Train): 1828.31 | Best fitness in generation (Train): 1607.67 | Mean fitness (Train): 1076.67 | Mean fitness (Test): 1991.67
Generation 440 | Best fitness (Train): 1828.31 | Best fitness in generation (Train): 1574.10 | Mean fitness (Train): 1086.64 | Mean fitness (Test): 1895.27
Generation 450 | Best fitness (Train): 1828.31 | Best fitness in generation (Train): 1638.27 | Mean fitness (Train): 1127.02 | Mean fitness (Test): 2071.78
Generation 460 | Best fitness (Train): 1828.31 | Best fitness in generation (Train): 1732.77 | Mean fitness (Train): 1168.79 | Mean fitness (Test): 2052.59
Generation 470 | Best fitness (Train): 1832.42 | Best fitness in generation (Train): 1622.89 | Mean fitness (Train): 1131.88 | Mean fitness (Test): 1953.79
Generation 480 | Best fitness (Train): 1901.38 | Best fitness in generation (Train): 1651.70 | Mean fitness (Train): 1186.25 | Mean fitness (Test): 2061.07
Generation 490 | Best fitness (Train): 1901.38 | Best fitness in generation (Train): 1789.50 | Mean fitness (Train): 1188.23 | Mean fitness (Test): 2092.06
Generation 500 | Best fitness (Train): 1901.38 | Best fitness in generation (Train): 1734.66 | Mean fitness (Train): 1166.31 | Mean fitness (Test): 2060.63
Generation 510 | Best fitness (Train): 1901.38 | Best fitness in generation (Train): 1774.35 | Mean fitness (Train): 1192.36 | Mean fitness (Test): 2036.60
Generation 520 | Best fitness (Train): 1951.01 | Best fitness in generation (Train): 1700.73 | Mean fitness (Train): 1159.65 | Mean fitness (Test): 1854.56
Generation 530 | Best fitness (Train): 1951.01 | Best fitness in generation (Train): nan | Mean fitness (Train): nan | Mean fitness (Test): nan
Generation 540 | Best fitness (Train): 1951.01 | Best fitness in generation (Train): nan | Mean fitness (Train): nan | Mean fitness (Test): nan
Generation 550 | Best fitness (Train): 1951.01 | Best fitness in generation (Train): nan | Mean fitness (Train): nan | Mean fitness (Test): nan
Generation 560 | Best fitness (Train): 1951.01 | Best fitness in generation (Train): nan | Mean fitness (Train): nan | Mean fitness (Test): nan
Generation 570 | Best fitness (Train): 1951.01 | Best fitness in generation (Train): nan | Mean fitness (Train): nan | Mean fitness (Test): nan
Generation 580 | Best fitness (Train): 1951.01 | Best fitness in generation (Train): nan | Mean fitness (Train): nan | Mean fitness (Test): nan
Generation 590 | Best fitness (Train): 1951.01 | Best fitness in generation (Train): nan | Mean fitness (Train): nan | Mean fitness (Test): nan
Generation 600 | Best fitness (Train): 1951.01 | Best fitness in generation (Train): nan | Mean fitness (Train): nan | Mean fitness (Test): nan
Generation 610 | Best fitness (Train): 1951.01 | Best fitness in generation (Train): nan | Mean fitness (Train): nan | Mean fitness (Test): nan
Generation 620 | Best fitness (Train): 1951.01 | Best fitness in generation (Train): nan | Mean fitness (Train): nan | Mean fitness (Test): nan
Generation 630 | Best fitness (Train): 1951.01 | Best fitness in generation (Train): nan | Mean fitness (Train): nan | Mean fitness (Test): nan
Generation 640 | Best fitness (Train): 1951.01 | Best fitness in generation (Train): nan | Mean fitness (Train): nan | Mean fitness (Test): nan
Generation 650 | Best fitness (Train): 1951.01 | Best fitness in generation (Train): nan | Mean fitness (Train): nan | Mean fitness (Test): nan
Generation 660 | Best fitness (Train): 1951.01 | Best fitness in generation (Train): nan | Mean fitness (Train): nan | Mean fitness (Test): nan
Generation 670 | Best fitness (Train): 1951.01 | Best fitness in generation (Train): nan | Mean fitness (Train): nan | Mean fitness (Test): nan
Generation 680 | Best fitness (Train): 1951.01 | Best fitness in generation (Train): nan | Mean fitness (Train): nan | Mean fitness (Test): nan
Generation 690 | Best fitness (Train): 1951.01 | Best fitness in generation (Train): nan | Mean fitness (Train): nan | Mean fitness (Test): nan
Generation 700 | Best fitness (Train): 1951.01 | Best fitness in generation (Train): nan | Mean fitness (Train): nan | Mean fitness (Test): nan
Generation 710 | Best fitness (Train): 1951.01 | Best fitness in generation (Train): nan | Mean fitness (Train): nan | Mean fitness (Test): nan
Generation 720 | Best fitness (Train): 1951.01 | Best fitness in generation (Train): nan | Mean fitness (Train): nan | Mean fitness (Test): nan
Generation 730 | Best fitness (Train): 1951.01 | Best fitness in generation (Train): nan | Mean fitness (Train): nan | Mean fitness (Test): nan
Generation 740 | Best fitness (Train): 1951.01 | Best fitness in generation (Train): nan | Mean fitness (Train): nan | Mean fitness (Test): nan
Generation 750 | Best fitness (Train): 1951.01 | Best fitness in generation (Train): nan | Mean fitness (Train): nan | Mean fitness (Test): nan
Generation 760 | Best fitness (Train): 1951.01 | Best fitness in generation (Train): nan | Mean fitness (Train): nan | Mean fitness (Test): nan
Generation 770 | Best fitness (Train): 1951.01 | Best fitness in generation (Train): nan | Mean fitness (Train): nan | Mean fitness (Test): nan
Generation 780 | Best fitness (Train): 1951.01 | Best fitness in generation (Train): nan | Mean fitness (Train): nan | Mean fitness (Test): nan
Generation 790 | Best fitness (Train): 1951.01 | Best fitness in generation (Train): nan | Mean fitness (Train): nan | Mean fitness (Test): nan
Generation 800 | Best fitness (Train): 1951.01 | Best fitness in generation (Train): nan | Mean fitness (Train): nan | Mean fitness (Test): nan
Generation 810 | Best fitness (Train): 1951.01 | Best fitness in generation (Train): nan | Mean fitness (Train): nan | Mean fitness (Test): nan
Generation 820 | Best fitness (Train): 1951.01 | Best fitness in generation (Train): nan | Mean fitness (Train): nan | Mean fitness (Test): nan
Generation 830 | Best fitness (Train): 1951.01 | Best fitness in generation (Train): nan | Mean fitness (Train): nan | Mean fitness (Test): nan
Generation 840 | Best fitness (Train): 1951.01 | Best fitness in generation (Train): nan | Mean fitness (Train): nan | Mean fitness (Test): nan
Generation 850 | Best fitness (Train): 1951.01 | Best fitness in generation (Train): nan | Mean fitness (Train): nan | Mean fitness (Test): nan
Generation 860 | Best fitness (Train): 1951.01 | Best fitness in generation (Train): nan | Mean fitness (Train): nan | Mean fitness (Test): nan
Generation 870 | Best fitness (Train): 1951.01 | Best fitness in generation (Train): nan | Mean fitness (Train): nan | Mean fitness (Test): nan
Generation 880 | Best fitness (Train): 1951.01 | Best fitness in generation (Train): nan | Mean fitness (Train): nan | Mean fitness (Test): nan
Generation 890 | Best fitness (Train): 1951.01 | Best fitness in generation (Train): nan | Mean fitness (Train): nan | Mean fitness (Test): nan
Generation 900 | Best fitness (Train): 1951.01 | Best fitness in generation (Train): nan | Mean fitness (Train): nan | Mean fitness (Test): nan
Generation 910 | Best fitness (Train): 1951.01 | Best fitness in generation (Train): nan | Mean fitness (Train): nan | Mean fitness (Test): nan
Generation 920 | Best fitness (Train): 1951.01 | Best fitness in generation (Train): nan | Mean fitness (Train): nan | Mean fitness (Test): nan
Generation 930 | Best fitness (Train): 1951.01 | Best fitness in generation (Train): nan | Mean fitness (Train): nan | Mean fitness (Test): nan
Generation 940 | Best fitness (Train): 1951.01 | Best fitness in generation (Train): nan | Mean fitness (Train): nan | Mean fitness (Test): nan
Generation 950 | Best fitness (Train): 1951.01 | Best fitness in generation (Train): nan | Mean fitness (Train): nan | Mean fitness (Test): nan
Generation 960 | Best fitness (Train): 1951.01 | Best fitness in generation (Train): nan | Mean fitness (Train): nan | Mean fitness (Test): nan
Generation 970 | Best fitness (Train): 1951.01 | Best fitness in generation (Train): nan | Mean fitness (Train): nan | Mean fitness (Test): nan
Generation 980 | Best fitness (Train): 1951.01 | Best fitness in generation (Train): nan | Mean fitness (Train): nan | Mean fitness (Test): nan
Generation 990 | Best fitness (Train): 1951.01 | Best fitness in generation (Train): nan | Mean fitness (Train): nan | Mean fitness (Test): nan
Generation 1000 | Best fitness (Train): 1951.01 | Best fitness in generation (Train): nan | Mean fitness (Train): nan | Mean fitness (Test): nan
running the experiment ... [../../results/BraxProblem/ant/Sep_CMA_ES/1]
Generation 010 | Best fitness (Train): 72.39 | Best fitness in generation (Train): 67.35 | Mean fitness (Train): 31.12 | Mean fitness (Test): 91.01
Generation 020 | Best fitness (Train): 150.39 | Best fitness in generation (Train): 125.89 | Mean fitness (Train): 56.48 | Mean fitness (Test): 160.45
Generation 030 | Best fitness (Train): 380.14 | Best fitness in generation (Train): 324.01 | Mean fitness (Train): 100.42 | Mean fitness (Test): 767.95
Generation 040 | Best fitness (Train): 631.97 | Best fitness in generation (Train): 618.24 | Mean fitness (Train): 169.74 | Mean fitness (Test): 578.32
Generation 050 | Best fitness (Train): 1136.12 | Best fitness in generation (Train): 668.93 | Mean fitness (Train): 267.62 | Mean fitness (Test): 738.09
Generation 060 | Best fitness (Train): 1136.12 | Best fitness in generation (Train): 805.21 | Mean fitness (Train): 353.56 | Mean fitness (Test): 724.24
Generation 070 | Best fitness (Train): 1136.12 | Best fitness in generation (Train): 1049.99 | Mean fitness (Train): 428.10 | Mean fitness (Test): 824.85
Generation 080 | Best fitness (Train): 1278.86 | Best fitness in generation (Train): 1026.28 | Mean fitness (Train): 493.18 | Mean fitness (Test): 899.09
Generation 090 | Best fitness (Train): 1278.86 | Best fitness in generation (Train): 1208.14 | Mean fitness (Train): 540.17 | Mean fitness (Test): 1003.07
Generation 100 | Best fitness (Train): 1278.86 | Best fitness in generation (Train): 1082.55 | Mean fitness (Train): 593.55 | Mean fitness (Test): 1085.22
Generation 110 | Best fitness (Train): 1316.91 | Best fitness in generation (Train): 1313.67 | Mean fitness (Train): 646.92 | Mean fitness (Test): 1188.87
Generation 120 | Best fitness (Train): 1355.55 | Best fitness in generation (Train): 1306.31 | Mean fitness (Train): 707.33 | Mean fitness (Test): 1281.41
Generation 130 | Best fitness (Train): 1478.75 | Best fitness in generation (Train): 1478.75 | Mean fitness (Train): 758.17 | Mean fitness (Test): 1453.64
Generation 140 | Best fitness (Train): 1478.75 | Best fitness in generation (Train): 1315.83 | Mean fitness (Train): 790.18 | Mean fitness (Test): 1542.77
Generation 150 | Best fitness (Train): 1621.10 | Best fitness in generation (Train): 1621.10 | Mean fitness (Train): 792.40 | Mean fitness (Test): 1685.83
Generation 160 | Best fitness (Train): 1621.10 | Best fitness in generation (Train): 1490.86 | Mean fitness (Train): 830.33 | Mean fitness (Test): 1710.18
Generation 170 | Best fitness (Train): 1722.61 | Best fitness in generation (Train): 1569.99 | Mean fitness (Train): 897.26 | Mean fitness (Test): 1739.90
Generation 180 | Best fitness (Train): 1876.46 | Best fitness in generation (Train): 1623.33 | Mean fitness (Train): 905.66 | Mean fitness (Test): 2013.07
Generation 190 | Best fitness (Train): 2011.88 | Best fitness in generation (Train): 2011.88 | Mean fitness (Train): 993.03 | Mean fitness (Test): 2035.08
Generation 200 | Best fitness (Train): 2011.88 | Best fitness in generation (Train): 1869.51 | Mean fitness (Train): 990.32 | Mean fitness (Test): 2071.14
Generation 210 | Best fitness (Train): 2163.56 | Best fitness in generation (Train): 1957.39 | Mean fitness (Train): 1114.53 | Mean fitness (Test): 2303.19
Generation 220 | Best fitness (Train): 2234.66 | Best fitness in generation (Train): 1973.72 | Mean fitness (Train): 1130.77 | Mean fitness (Test): 2183.31
Generation 230 | Best fitness (Train): 2234.66 | Best fitness in generation (Train): 2168.62 | Mean fitness (Train): 1110.23 | Mean fitness (Test): 2486.65
Generation 240 | Best fitness (Train): 2382.32 | Best fitness in generation (Train): 2281.40 | Mean fitness (Train): 1185.53 | Mean fitness (Test): 2571.14
Generation 250 | Best fitness (Train): 2428.90 | Best fitness in generation (Train): 2133.73 | Mean fitness (Train): 1246.12 | Mean fitness (Test): 2382.58
Generation 260 | Best fitness (Train): 2526.48 | Best fitness in generation (Train): 2491.48 | Mean fitness (Train): 1318.48 | Mean fitness (Test): 2700.43
Generation 270 | Best fitness (Train): 2656.72 | Best fitness in generation (Train): 2465.14 | Mean fitness (Train): 1275.46 | Mean fitness (Test): 2890.65
Generation 280 | Best fitness (Train): 2717.76 | Best fitness in generation (Train): 2705.37 | Mean fitness (Train): 1361.06 | Mean fitness (Test): 2761.82
Generation 290 | Best fitness (Train): 2797.78 | Best fitness in generation (Train): 2597.00 | Mean fitness (Train): 1374.00 | Mean fitness (Test): 2608.89
Generation 300 | Best fitness (Train): 2829.31 | Best fitness in generation (Train): 2570.87 | Mean fitness (Train): 1385.23 | Mean fitness (Test): 2922.28
Generation 310 | Best fitness (Train): 3090.25 | Best fitness in generation (Train): 2753.64 | Mean fitness (Train): 1482.35 | Mean fitness (Test): 3186.58
Generation 320 | Best fitness (Train): 3090.25 | Best fitness in generation (Train): 2808.11 | Mean fitness (Train): 1561.24 | Mean fitness (Test): 3156.24
Generation 330 | Best fitness (Train): 3090.25 | Best fitness in generation (Train): 2909.58 | Mean fitness (Train): 1534.24 | Mean fitness (Test): 3244.65
Generation 340 | Best fitness (Train): 3090.25 | Best fitness in generation (Train): 2728.60 | Mean fitness (Train): 1509.29 | Mean fitness (Test): 3057.91
Generation 350 | Best fitness (Train): 3090.25 | Best fitness in generation (Train): 2676.12 | Mean fitness (Train): 1566.15 | Mean fitness (Test): 3255.85
Generation 360 | Best fitness (Train): 3090.25 | Best fitness in generation (Train): 2902.26 | Mean fitness (Train): 1556.13 | Mean fitness (Test): 3302.96
Generation 370 | Best fitness (Train): 3090.25 | Best fitness in generation (Train): 2826.66 | Mean fitness (Train): 1569.68 | Mean fitness (Test): 3106.88
Generation 380 | Best fitness (Train): 3109.18 | Best fitness in generation (Train): 2915.28 | Mean fitness (Train): 1626.88 | Mean fitness (Test): 3167.88
Generation 390 | Best fitness (Train): 3109.18 | Best fitness in generation (Train): 2802.65 | Mean fitness (Train): 1527.10 | Mean fitness (Test): 3158.12
Generation 400 | Best fitness (Train): 3109.18 | Best fitness in generation (Train): 2803.24 | Mean fitness (Train): 1541.02 | Mean fitness (Test): 3189.81
Generation 410 | Best fitness (Train): 3109.18 | Best fitness in generation (Train): 2952.59 | Mean fitness (Train): 1602.38 | Mean fitness (Test): 3387.39
Generation 420 | Best fitness (Train): 3286.76 | Best fitness in generation (Train): 2837.73 | Mean fitness (Train): 1628.74 | Mean fitness (Test): 3405.59
Generation 430 | Best fitness (Train): 3402.40 | Best fitness in generation (Train): 3042.55 | Mean fitness (Train): 1670.05 | Mean fitness (Test): 3409.81
Generation 440 | Best fitness (Train): 3402.40 | Best fitness in generation (Train): 3068.55 | Mean fitness (Train): 1553.06 | Mean fitness (Test): 3173.19
Generation 450 | Best fitness (Train): 3402.40 | Best fitness in generation (Train): 2976.09 | Mean fitness (Train): 1655.52 | Mean fitness (Test): 3277.60
Generation 460 | Best fitness (Train): 3402.40 | Best fitness in generation (Train): 3086.20 | Mean fitness (Train): 1740.11 | Mean fitness (Test): 3359.73
Generation 470 | Best fitness (Train): 3402.40 | Best fitness in generation (Train): 3203.37 | Mean fitness (Train): 1789.46 | Mean fitness (Test): 3369.91
Generation 480 | Best fitness (Train): 3402.40 | Best fitness in generation (Train): 3023.97 | Mean fitness (Train): 1843.73 | Mean fitness (Test): 3438.82
Generation 490 | Best fitness (Train): 3402.40 | Best fitness in generation (Train): 3106.87 | Mean fitness (Train): 1717.80 | Mean fitness (Test): 3214.06
Generation 500 | Best fitness (Train): 3402.40 | Best fitness in generation (Train): 3041.63 | Mean fitness (Train): 1844.64 | Mean fitness (Test): 3225.49
Generation 510 | Best fitness (Train): 3402.40 | Best fitness in generation (Train): 3083.57 | Mean fitness (Train): 1852.93 | Mean fitness (Test): 3359.45
Generation 520 | Best fitness (Train): 3402.40 | Best fitness in generation (Train): 3246.69 | Mean fitness (Train): 1837.24 | Mean fitness (Test): 3510.21
Generation 530 | Best fitness (Train): 3402.40 | Best fitness in generation (Train): nan | Mean fitness (Train): nan | Mean fitness (Test): nan
Generation 540 | Best fitness (Train): 3402.40 | Best fitness in generation (Train): nan | Mean fitness (Train): nan | Mean fitness (Test): nan
Generation 550 | Best fitness (Train): 3402.40 | Best fitness in generation (Train): nan | Mean fitness (Train): nan | Mean fitness (Test): nan
Generation 560 | Best fitness (Train): 3402.40 | Best fitness in generation (Train): nan | Mean fitness (Train): nan | Mean fitness (Test): nan
Generation 570 | Best fitness (Train): 3402.40 | Best fitness in generation (Train): nan | Mean fitness (Train): nan | Mean fitness (Test): nan
Generation 580 | Best fitness (Train): 3402.40 | Best fitness in generation (Train): nan | Mean fitness (Train): nan | Mean fitness (Test): nan
Generation 590 | Best fitness (Train): 3402.40 | Best fitness in generation (Train): nan | Mean fitness (Train): nan | Mean fitness (Test): nan
Generation 600 | Best fitness (Train): 3402.40 | Best fitness in generation (Train): nan | Mean fitness (Train): nan | Mean fitness (Test): nan
Generation 610 | Best fitness (Train): 3402.40 | Best fitness in generation (Train): nan | Mean fitness (Train): nan | Mean fitness (Test): nan
Generation 620 | Best fitness (Train): 3402.40 | Best fitness in generation (Train): nan | Mean fitness (Train): nan | Mean fitness (Test): nan
Generation 630 | Best fitness (Train): 3402.40 | Best fitness in generation (Train): nan | Mean fitness (Train): nan | Mean fitness (Test): nan
Generation 640 | Best fitness (Train): 3402.40 | Best fitness in generation (Train): nan | Mean fitness (Train): nan | Mean fitness (Test): nan
Generation 650 | Best fitness (Train): 3402.40 | Best fitness in generation (Train): nan | Mean fitness (Train): nan | Mean fitness (Test): nan
Generation 660 | Best fitness (Train): 3402.40 | Best fitness in generation (Train): nan | Mean fitness (Train): nan | Mean fitness (Test): nan
Generation 670 | Best fitness (Train): 3402.40 | Best fitness in generation (Train): nan | Mean fitness (Train): nan | Mean fitness (Test): nan
Generation 680 | Best fitness (Train): 3402.40 | Best fitness in generation (Train): nan | Mean fitness (Train): nan | Mean fitness (Test): nan
Generation 690 | Best fitness (Train): 3402.40 | Best fitness in generation (Train): nan | Mean fitness (Train): nan | Mean fitness (Test): nan
Generation 700 | Best fitness (Train): 3402.40 | Best fitness in generation (Train): nan | Mean fitness (Train): nan | Mean fitness (Test): nan
Generation 710 | Best fitness (Train): 3402.40 | Best fitness in generation (Train): nan | Mean fitness (Train): nan | Mean fitness (Test): nan
Generation 720 | Best fitness (Train): 3402.40 | Best fitness in generation (Train): nan | Mean fitness (Train): nan | Mean fitness (Test): nan
Generation 730 | Best fitness (Train): 3402.40 | Best fitness in generation (Train): nan | Mean fitness (Train): nan | Mean fitness (Test): nan
Generation 740 | Best fitness (Train): 3402.40 | Best fitness in generation (Train): nan | Mean fitness (Train): nan | Mean fitness (Test): nan
Generation 750 | Best fitness (Train): 3402.40 | Best fitness in generation (Train): nan | Mean fitness (Train): nan | Mean fitness (Test): nan
Generation 760 | Best fitness (Train): 3402.40 | Best fitness in generation (Train): nan | Mean fitness (Train): nan | Mean fitness (Test): nan
Generation 770 | Best fitness (Train): 3402.40 | Best fitness in generation (Train): nan | Mean fitness (Train): nan | Mean fitness (Test): nan
Generation 780 | Best fitness (Train): 3402.40 | Best fitness in generation (Train): nan | Mean fitness (Train): nan | Mean fitness (Test): nan
Generation 790 | Best fitness (Train): 3402.40 | Best fitness in generation (Train): nan | Mean fitness (Train): nan | Mean fitness (Test): nan
Generation 800 | Best fitness (Train): 3402.40 | Best fitness in generation (Train): nan | Mean fitness (Train): nan | Mean fitness (Test): nan
Generation 810 | Best fitness (Train): 3402.40 | Best fitness in generation (Train): nan | Mean fitness (Train): nan | Mean fitness (Test): nan
Generation 820 | Best fitness (Train): 3402.40 | Best fitness in generation (Train): nan | Mean fitness (Train): nan | Mean fitness (Test): nan
Generation 830 | Best fitness (Train): 3402.40 | Best fitness in generation (Train): nan | Mean fitness (Train): nan | Mean fitness (Test): nan
Generation 840 | Best fitness (Train): 3402.40 | Best fitness in generation (Train): nan | Mean fitness (Train): nan | Mean fitness (Test): nan
Generation 850 | Best fitness (Train): 3402.40 | Best fitness in generation (Train): nan | Mean fitness (Train): nan | Mean fitness (Test): nan
Generation 860 | Best fitness (Train): 3402.40 | Best fitness in generation (Train): nan | Mean fitness (Train): nan | Mean fitness (Test): nan
Generation 870 | Best fitness (Train): 3402.40 | Best fitness in generation (Train): nan | Mean fitness (Train): nan | Mean fitness (Test): nan
Generation 880 | Best fitness (Train): 3402.40 | Best fitness in generation (Train): nan | Mean fitness (Train): nan | Mean fitness (Test): nan
Generation 890 | Best fitness (Train): 3402.40 | Best fitness in generation (Train): nan | Mean fitness (Train): nan | Mean fitness (Test): nan
Generation 900 | Best fitness (Train): 3402.40 | Best fitness in generation (Train): nan | Mean fitness (Train): nan | Mean fitness (Test): nan
Generation 910 | Best fitness (Train): 3402.40 | Best fitness in generation (Train): nan | Mean fitness (Train): nan | Mean fitness (Test): nan
Generation 920 | Best fitness (Train): 3402.40 | Best fitness in generation (Train): nan | Mean fitness (Train): nan | Mean fitness (Test): nan
Generation 930 | Best fitness (Train): 3402.40 | Best fitness in generation (Train): nan | Mean fitness (Train): nan | Mean fitness (Test): nan
Generation 940 | Best fitness (Train): 3402.40 | Best fitness in generation (Train): nan | Mean fitness (Train): nan | Mean fitness (Test): nan
Generation 950 | Best fitness (Train): 3402.40 | Best fitness in generation (Train): nan | Mean fitness (Train): nan | Mean fitness (Test): nan
Generation 960 | Best fitness (Train): 3402.40 | Best fitness in generation (Train): nan | Mean fitness (Train): nan | Mean fitness (Test): nan
Generation 970 | Best fitness (Train): 3402.40 | Best fitness in generation (Train): nan | Mean fitness (Train): nan | Mean fitness (Test): nan
Generation 980 | Best fitness (Train): 3402.40 | Best fitness in generation (Train): nan | Mean fitness (Train): nan | Mean fitness (Test): nan
Generation 990 | Best fitness (Train): 3402.40 | Best fitness in generation (Train): nan | Mean fitness (Train): nan | Mean fitness (Test): nan
Generation 1000 | Best fitness (Train): 3402.40 | Best fitness in generation (Train): nan | Mean fitness (Train): nan | Mean fitness (Test): nan
running the experiment ... [../../results/BraxProblem/ant/Sep_CMA_ES/2]
Generation 010 | Best fitness (Train): 202.50 | Best fitness in generation (Train): 202.50 | Mean fitness (Train): 33.82 | Mean fitness (Test): 160.59
Generation 020 | Best fitness (Train): 543.25 | Best fitness in generation (Train): 305.96 | Mean fitness (Train): 58.09 | Mean fitness (Test): 398.25
Generation 030 | Best fitness (Train): 728.96 | Best fitness in generation (Train): 611.80 | Mean fitness (Train): 109.61 | Mean fitness (Test): 362.86
Generation 040 | Best fitness (Train): 848.34 | Best fitness in generation (Train): 848.34 | Mean fitness (Train): 178.06 | Mean fitness (Test): 398.12
Generation 050 | Best fitness (Train): 934.37 | Best fitness in generation (Train): 853.31 | Mean fitness (Train): 200.74 | Mean fitness (Test): 548.08
Generation 060 | Best fitness (Train): 948.22 | Best fitness in generation (Train): 925.42 | Mean fitness (Train): 293.99 | Mean fitness (Test): 595.99
Generation 070 | Best fitness (Train): 1098.52 | Best fitness in generation (Train): 973.97 | Mean fitness (Train): 345.81 | Mean fitness (Test): 729.26
Generation 080 | Best fitness (Train): 1098.52 | Best fitness in generation (Train): 937.94 | Mean fitness (Train): 386.32 | Mean fitness (Test): 807.43
Generation 090 | Best fitness (Train): 1258.43 | Best fitness in generation (Train): 1142.89 | Mean fitness (Train): 534.82 | Mean fitness (Test): 962.82
Generation 100 | Best fitness (Train): 1258.43 | Best fitness in generation (Train): 1072.07 | Mean fitness (Train): 519.85 | Mean fitness (Test): 1060.20
Generation 110 | Best fitness (Train): 1360.95 | Best fitness in generation (Train): 1360.95 | Mean fitness (Train): 604.97 | Mean fitness (Test): 1217.27
Generation 120 | Best fitness (Train): 1389.07 | Best fitness in generation (Train): 1389.07 | Mean fitness (Train): 655.28 | Mean fitness (Test): 1344.15
Generation 130 | Best fitness (Train): 1389.07 | Best fitness in generation (Train): 1350.38 | Mean fitness (Train): 640.47 | Mean fitness (Test): 1328.75
Generation 140 | Best fitness (Train): 1389.07 | Best fitness in generation (Train): 1342.25 | Mean fitness (Train): 687.25 | Mean fitness (Test): 1463.78
Generation 150 | Best fitness (Train): 1413.54 | Best fitness in generation (Train): 1346.66 | Mean fitness (Train): 728.49 | Mean fitness (Test): 1558.77
Generation 160 | Best fitness (Train): 1426.31 | Best fitness in generation (Train): 1417.44 | Mean fitness (Train): 752.26 | Mean fitness (Test): 1537.13
Generation 170 | Best fitness (Train): 1539.84 | Best fitness in generation (Train): 1356.00 | Mean fitness (Train): 755.52 | Mean fitness (Test): 1629.10
Generation 180 | Best fitness (Train): 1543.41 | Best fitness in generation (Train): 1543.41 | Mean fitness (Train): 793.08 | Mean fitness (Test): 1750.52
Generation 190 | Best fitness (Train): 1543.41 | Best fitness in generation (Train): 1457.78 | Mean fitness (Train): 821.16 | Mean fitness (Test): 1673.32
Generation 200 | Best fitness (Train): 1543.41 | Best fitness in generation (Train): 1526.99 | Mean fitness (Train): 812.27 | Mean fitness (Test): 1792.79
Generation 210 | Best fitness (Train): 1578.51 | Best fitness in generation (Train): 1505.08 | Mean fitness (Train): 827.82 | Mean fitness (Test): 1734.11
Generation 220 | Best fitness (Train): 1578.51 | Best fitness in generation (Train): 1342.83 | Mean fitness (Train): 865.64 | Mean fitness (Test): 1849.65
Generation 230 | Best fitness (Train): 1614.43 | Best fitness in generation (Train): 1520.62 | Mean fitness (Train): 878.24 | Mean fitness (Test): 1813.76
Generation 240 | Best fitness (Train): 1614.43 | Best fitness in generation (Train): 1599.70 | Mean fitness (Train): 931.36 | Mean fitness (Test): 1835.78
Generation 250 | Best fitness (Train): 1614.43 | Best fitness in generation (Train): 1516.32 | Mean fitness (Train): 940.44 | Mean fitness (Test): 1851.27
Generation 260 | Best fitness (Train): 1671.14 | Best fitness in generation (Train): 1498.68 | Mean fitness (Train): 916.84 | Mean fitness (Test): 1891.09
Generation 270 | Best fitness (Train): 1671.14 | Best fitness in generation (Train): 1519.25 | Mean fitness (Train): 928.15 | Mean fitness (Test): 1864.09
Generation 280 | Best fitness (Train): 1671.14 | Best fitness in generation (Train): 1559.78 | Mean fitness (Train): 992.17 | Mean fitness (Test): 1884.69
Generation 290 | Best fitness (Train): 1779.13 | Best fitness in generation (Train): 1779.13 | Mean fitness (Train): 1023.32 | Mean fitness (Test): 1743.63
Generation 300 | Best fitness (Train): 1779.13 | Best fitness in generation (Train): 1630.44 | Mean fitness (Train): 989.39 | Mean fitness (Test): 1898.07
Generation 310 | Best fitness (Train): 1831.16 | Best fitness in generation (Train): 1571.57 | Mean fitness (Train): 956.56 | Mean fitness (Test): 1996.30
Generation 320 | Best fitness (Train): 1831.16 | Best fitness in generation (Train): 1713.06 | Mean fitness (Train): 990.70 | Mean fitness (Test): 1954.49
Generation 330 | Best fitness (Train): 1831.16 | Best fitness in generation (Train): 1816.59 | Mean fitness (Train): 977.02 | Mean fitness (Test): 1973.25
Generation 340 | Best fitness (Train): 1831.16 | Best fitness in generation (Train): 1810.58 | Mean fitness (Train): 974.87 | Mean fitness (Test): 1993.29
Generation 350 | Best fitness (Train): 1831.16 | Best fitness in generation (Train): 1524.81 | Mean fitness (Train): 993.95 | Mean fitness (Test): 1924.66
Generation 360 | Best fitness (Train): 1831.16 | Best fitness in generation (Train): 1588.22 | Mean fitness (Train): 1044.82 | Mean fitness (Test): 1916.95
Generation 370 | Best fitness (Train): 1831.16 | Best fitness in generation (Train): 1561.33 | Mean fitness (Train): 1068.80 | Mean fitness (Test): 1935.73
Generation 380 | Best fitness (Train): 1831.16 | Best fitness in generation (Train): 1761.97 | Mean fitness (Train): 1092.06 | Mean fitness (Test): 1992.31
Generation 390 | Best fitness (Train): 1831.16 | Best fitness in generation (Train): 1591.77 | Mean fitness (Train): 1044.65 | Mean fitness (Test): 2022.63
Generation 400 | Best fitness (Train): 1831.16 | Best fitness in generation (Train): 1615.37 | Mean fitness (Train): 1022.75 | Mean fitness (Test): 1974.39
Generation 410 | Best fitness (Train): 1831.16 | Best fitness in generation (Train): 1618.19 | Mean fitness (Train): 1010.27 | Mean fitness (Test): 1940.32
Generation 420 | Best fitness (Train): 1831.16 | Best fitness in generation (Train): 1611.51 | Mean fitness (Train): 1090.84 | Mean fitness (Test): 2029.36
Generation 430 | Best fitness (Train): 1831.16 | Best fitness in generation (Train): 1779.60 | Mean fitness (Train): 1033.17 | Mean fitness (Test): 2105.05
Generation 440 | Best fitness (Train): 1831.16 | Best fitness in generation (Train): 1698.82 | Mean fitness (Train): 1057.19 | Mean fitness (Test): 2061.57
Generation 450 | Best fitness (Train): 1831.16 | Best fitness in generation (Train): 1690.84 | Mean fitness (Train): 1118.67 | Mean fitness (Test): 1953.57
Generation 460 | Best fitness (Train): 1831.16 | Best fitness in generation (Train): 1656.33 | Mean fitness (Train): 1092.36 | Mean fitness (Test): 1989.43
Generation 470 | Best fitness (Train): 1831.16 | Best fitness in generation (Train): 1718.20 | Mean fitness (Train): 1119.50 | Mean fitness (Test): 2036.98
Generation 480 | Best fitness (Train): 1831.16 | Best fitness in generation (Train): 1653.35 | Mean fitness (Train): 1133.54 | Mean fitness (Test): 1970.40
Generation 490 | Best fitness (Train): 1831.16 | Best fitness in generation (Train): 1740.71 | Mean fitness (Train): 1160.16 | Mean fitness (Test): 1958.44
Generation 500 | Best fitness (Train): 1831.16 | Best fitness in generation (Train): 1724.73 | Mean fitness (Train): 1210.47 | Mean fitness (Test): 2068.19
Generation 510 | Best fitness (Train): 1837.40 | Best fitness in generation (Train): 1834.83 | Mean fitness (Train): 1185.05 | Mean fitness (Test): 2098.27
Generation 520 | Best fitness (Train): 1843.68 | Best fitness in generation (Train): 1822.79 | Mean fitness (Train): 1225.16 | Mean fitness (Test): 2017.19
Generation 530 | Best fitness (Train): 1904.45 | Best fitness in generation (Train): nan | Mean fitness (Train): nan | Mean fitness (Test): nan
Generation 540 | Best fitness (Train): 1904.45 | Best fitness in generation (Train): nan | Mean fitness (Train): nan | Mean fitness (Test): nan
Generation 550 | Best fitness (Train): 1904.45 | Best fitness in generation (Train): nan | Mean fitness (Train): nan | Mean fitness (Test): nan
Generation 560 | Best fitness (Train): 1904.45 | Best fitness in generation (Train): nan | Mean fitness (Train): nan | Mean fitness (Test): nan
Generation 570 | Best fitness (Train): 1904.45 | Best fitness in generation (Train): nan | Mean fitness (Train): nan | Mean fitness (Test): nan
Generation 580 | Best fitness (Train): 1904.45 | Best fitness in generation (Train): nan | Mean fitness (Train): nan | Mean fitness (Test): nan
Generation 590 | Best fitness (Train): 1904.45 | Best fitness in generation (Train): nan | Mean fitness (Train): nan | Mean fitness (Test): nan
Generation 600 | Best fitness (Train): 1904.45 | Best fitness in generation (Train): nan | Mean fitness (Train): nan | Mean fitness (Test): nan
Generation 610 | Best fitness (Train): 1904.45 | Best fitness in generation (Train): nan | Mean fitness (Train): nan | Mean fitness (Test): nan
Generation 620 | Best fitness (Train): 1904.45 | Best fitness in generation (Train): nan | Mean fitness (Train): nan | Mean fitness (Test): nan
Generation 630 | Best fitness (Train): 1904.45 | Best fitness in generation (Train): nan | Mean fitness (Train): nan | Mean fitness (Test): nan
Generation 640 | Best fitness (Train): 1904.45 | Best fitness in generation (Train): nan | Mean fitness (Train): nan | Mean fitness (Test): nan
Generation 650 | Best fitness (Train): 1904.45 | Best fitness in generation (Train): nan | Mean fitness (Train): nan | Mean fitness (Test): nan
Generation 660 | Best fitness (Train): 1904.45 | Best fitness in generation (Train): nan | Mean fitness (Train): nan | Mean fitness (Test): nan
Generation 670 | Best fitness (Train): 1904.45 | Best fitness in generation (Train): nan | Mean fitness (Train): nan | Mean fitness (Test): nan
Generation 680 | Best fitness (Train): 1904.45 | Best fitness in generation (Train): nan | Mean fitness (Train): nan | Mean fitness (Test): nan
Generation 690 | Best fitness (Train): 1904.45 | Best fitness in generation (Train): nan | Mean fitness (Train): nan | Mean fitness (Test): nan
Generation 700 | Best fitness (Train): 1904.45 | Best fitness in generation (Train): nan | Mean fitness (Train): nan | Mean fitness (Test): nan
Generation 710 | Best fitness (Train): 1904.45 | Best fitness in generation (Train): nan | Mean fitness (Train): nan | Mean fitness (Test): nan
Generation 720 | Best fitness (Train): 1904.45 | Best fitness in generation (Train): nan | Mean fitness (Train): nan | Mean fitness (Test): nan
Generation 730 | Best fitness (Train): 1904.45 | Best fitness in generation (Train): nan | Mean fitness (Train): nan | Mean fitness (Test): nan
Generation 740 | Best fitness (Train): 1904.45 | Best fitness in generation (Train): nan | Mean fitness (Train): nan | Mean fitness (Test): nan
Generation 750 | Best fitness (Train): 1904.45 | Best fitness in generation (Train): nan | Mean fitness (Train): nan | Mean fitness (Test): nan
Generation 760 | Best fitness (Train): 1904.45 | Best fitness in generation (Train): nan | Mean fitness (Train): nan | Mean fitness (Test): nan
Generation 770 | Best fitness (Train): 1904.45 | Best fitness in generation (Train): nan | Mean fitness (Train): nan | Mean fitness (Test): nan
Generation 780 | Best fitness (Train): 1904.45 | Best fitness in generation (Train): nan | Mean fitness (Train): nan | Mean fitness (Test): nan
Generation 790 | Best fitness (Train): 1904.45 | Best fitness in generation (Train): nan | Mean fitness (Train): nan | Mean fitness (Test): nan
Generation 800 | Best fitness (Train): 1904.45 | Best fitness in generation (Train): nan | Mean fitness (Train): nan | Mean fitness (Test): nan
Generation 810 | Best fitness (Train): 1904.45 | Best fitness in generation (Train): nan | Mean fitness (Train): nan | Mean fitness (Test): nan
Generation 820 | Best fitness (Train): 1904.45 | Best fitness in generation (Train): nan | Mean fitness (Train): nan | Mean fitness (Test): nan
Generation 830 | Best fitness (Train): 1904.45 | Best fitness in generation (Train): nan | Mean fitness (Train): nan | Mean fitness (Test): nan
Generation 840 | Best fitness (Train): 1904.45 | Best fitness in generation (Train): nan | Mean fitness (Train): nan | Mean fitness (Test): nan
Generation 850 | Best fitness (Train): 1904.45 | Best fitness in generation (Train): nan | Mean fitness (Train): nan | Mean fitness (Test): nan
Generation 860 | Best fitness (Train): 1904.45 | Best fitness in generation (Train): nan | Mean fitness (Train): nan | Mean fitness (Test): nan
Generation 870 | Best fitness (Train): 1904.45 | Best fitness in generation (Train): nan | Mean fitness (Train): nan | Mean fitness (Test): nan
Generation 880 | Best fitness (Train): 1904.45 | Best fitness in generation (Train): nan | Mean fitness (Train): nan | Mean fitness (Test): nan
Generation 890 | Best fitness (Train): 1904.45 | Best fitness in generation (Train): nan | Mean fitness (Train): nan | Mean fitness (Test): nan
Generation 900 | Best fitness (Train): 1904.45 | Best fitness in generation (Train): nan | Mean fitness (Train): nan | Mean fitness (Test): nan
Generation 910 | Best fitness (Train): 1904.45 | Best fitness in generation (Train): nan | Mean fitness (Train): nan | Mean fitness (Test): nan
Generation 920 | Best fitness (Train): 1904.45 | Best fitness in generation (Train): nan | Mean fitness (Train): nan | Mean fitness (Test): nan
Generation 930 | Best fitness (Train): 1904.45 | Best fitness in generation (Train): nan | Mean fitness (Train): nan | Mean fitness (Test): nan
Generation 940 | Best fitness (Train): 1904.45 | Best fitness in generation (Train): nan | Mean fitness (Train): nan | Mean fitness (Test): nan
Generation 950 | Best fitness (Train): 1904.45 | Best fitness in generation (Train): nan | Mean fitness (Train): nan | Mean fitness (Test): nan
Generation 960 | Best fitness (Train): 1904.45 | Best fitness in generation (Train): nan | Mean fitness (Train): nan | Mean fitness (Test): nan
Generation 970 | Best fitness (Train): 1904.45 | Best fitness in generation (Train): nan | Mean fitness (Train): nan | Mean fitness (Test): nan
Generation 980 | Best fitness (Train): 1904.45 | Best fitness in generation (Train): nan | Mean fitness (Train): nan | Mean fitness (Test): nan
Generation 990 | Best fitness (Train): 1904.45 | Best fitness in generation (Train): nan | Mean fitness (Train): nan | Mean fitness (Test): nan
Generation 1000 | Best fitness (Train): 1904.45 | Best fitness in generation (Train): nan | Mean fitness (Train): nan | Mean fitness (Test): nan
running the experiment ... [../../results/BraxProblem/ant/Sep_CMA_ES/3]
Generation 010 | Best fitness (Train): 202.88 | Best fitness in generation (Train): 78.45 | Mean fitness (Train): 29.03 | Mean fitness (Test): 138.59
Generation 020 | Best fitness (Train): 473.40 | Best fitness in generation (Train): 473.40 | Mean fitness (Train): 55.68 | Mean fitness (Test): 375.52
Generation 030 | Best fitness (Train): 672.21 | Best fitness in generation (Train): 460.10 | Mean fitness (Train): 110.60 | Mean fitness (Test): 519.20
Generation 040 | Best fitness (Train): 835.42 | Best fitness in generation (Train): 835.42 | Mean fitness (Train): 138.10 | Mean fitness (Test): 554.27
Generation 050 | Best fitness (Train): 1045.27 | Best fitness in generation (Train): 723.27 | Mean fitness (Train): 248.49 | Mean fitness (Test): 1024.51
Generation 060 | Best fitness (Train): 1181.73 | Best fitness in generation (Train): 1069.47 | Mean fitness (Train): 357.98 | Mean fitness (Test): 1058.19
Generation 070 | Best fitness (Train): 1412.00 | Best fitness in generation (Train): 1313.98 | Mean fitness (Train): 452.51 | Mean fitness (Test): 1247.57
Generation 080 | Best fitness (Train): 1412.00 | Best fitness in generation (Train): 1293.51 | Mean fitness (Train): 543.49 | Mean fitness (Test): 1314.23
Generation 090 | Best fitness (Train): 1590.37 | Best fitness in generation (Train): 1469.03 | Mean fitness (Train): 601.69 | Mean fitness (Test): 1629.76
Generation 100 | Best fitness (Train): 1590.37 | Best fitness in generation (Train): 1286.44 | Mean fitness (Train): 568.22 | Mean fitness (Test): 1709.04
Generation 110 | Best fitness (Train): 1657.84 | Best fitness in generation (Train): 1657.84 | Mean fitness (Train): 625.36 | Mean fitness (Test): 1471.21
Generation 120 | Best fitness (Train): 1657.84 | Best fitness in generation (Train): 1400.38 | Mean fitness (Train): 619.36 | Mean fitness (Test): 1619.35
Generation 130 | Best fitness (Train): 1770.27 | Best fitness in generation (Train): 1640.14 | Mean fitness (Train): 677.91 | Mean fitness (Test): 1655.18
Generation 140 | Best fitness (Train): 1770.27 | Best fitness in generation (Train): 1509.57 | Mean fitness (Train): 639.45 | Mean fitness (Test): 1614.04
Generation 150 | Best fitness (Train): 1870.79 | Best fitness in generation (Train): 1461.74 | Mean fitness (Train): 724.43 | Mean fitness (Test): 1746.16
Generation 160 | Best fitness (Train): 1870.79 | Best fitness in generation (Train): 1501.91 | Mean fitness (Train): 723.17 | Mean fitness (Test): 1768.45
Generation 170 | Best fitness (Train): 1870.79 | Best fitness in generation (Train): 1535.96 | Mean fitness (Train): 787.03 | Mean fitness (Test): 1897.61
Generation 180 | Best fitness (Train): 1870.79 | Best fitness in generation (Train): 1608.78 | Mean fitness (Train): 783.51 | Mean fitness (Test): 2063.83
Generation 190 | Best fitness (Train): 1870.79 | Best fitness in generation (Train): 1810.75 | Mean fitness (Train): 840.59 | Mean fitness (Test): 2045.03
Generation 200 | Best fitness (Train): 1900.36 | Best fitness in generation (Train): 1900.36 | Mean fitness (Train): 952.46 | Mean fitness (Test): 2121.58
Generation 210 | Best fitness (Train): 1900.36 | Best fitness in generation (Train): 1633.03 | Mean fitness (Train): 857.65 | Mean fitness (Test): 1862.41
Generation 220 | Best fitness (Train): 1938.07 | Best fitness in generation (Train): 1857.01 | Mean fitness (Train): 960.44 | Mean fitness (Test): 2147.81
Generation 230 | Best fitness (Train): 2017.07 | Best fitness in generation (Train): 1847.89 | Mean fitness (Train): 929.78 | Mean fitness (Test): 2112.24
Generation 240 | Best fitness (Train): 2017.07 | Best fitness in generation (Train): 1863.26 | Mean fitness (Train): 1029.19 | Mean fitness (Test): 2232.62
Generation 250 | Best fitness (Train): 2017.07 | Best fitness in generation (Train): 1896.45 | Mean fitness (Train): 1034.13 | Mean fitness (Test): 2269.17
Generation 260 | Best fitness (Train): 2032.25 | Best fitness in generation (Train): 1794.11 | Mean fitness (Train): 1048.90 | Mean fitness (Test): 2162.75
Generation 270 | Best fitness (Train): 2055.35 | Best fitness in generation (Train): 1915.55 | Mean fitness (Train): 1098.97 | Mean fitness (Test): 2329.35
Generation 280 | Best fitness (Train): 2055.35 | Best fitness in generation (Train): 1927.35 | Mean fitness (Train): 1086.19 | Mean fitness (Test): 2439.15
Generation 290 | Best fitness (Train): 2143.92 | Best fitness in generation (Train): 2049.10 | Mean fitness (Train): 1096.13 | Mean fitness (Test): 2313.47
Generation 300 | Best fitness (Train): 2210.05 | Best fitness in generation (Train): 1936.26 | Mean fitness (Train): 1108.53 | Mean fitness (Test): 2138.63
Generation 310 | Best fitness (Train): 2210.05 | Best fitness in generation (Train): 1880.83 | Mean fitness (Train): 1171.55 | Mean fitness (Test): 2262.22
Generation 320 | Best fitness (Train): 2210.05 | Best fitness in generation (Train): 2009.23 | Mean fitness (Train): 1183.72 | Mean fitness (Test): 2338.94
Generation 330 | Best fitness (Train): 2210.05 | Best fitness in generation (Train): 1906.50 | Mean fitness (Train): 1162.48 | Mean fitness (Test): 2203.06
Generation 340 | Best fitness (Train): 2210.05 | Best fitness in generation (Train): 2014.15 | Mean fitness (Train): 1269.58 | Mean fitness (Test): 2357.79
Generation 350 | Best fitness (Train): 2210.05 | Best fitness in generation (Train): 2040.92 | Mean fitness (Train): 1259.21 | Mean fitness (Test): 2383.93
Generation 360 | Best fitness (Train): 2210.05 | Best fitness in generation (Train): 2071.36 | Mean fitness (Train): 1247.13 | Mean fitness (Test): 2162.10
Generation 370 | Best fitness (Train): 2221.20 | Best fitness in generation (Train): 1998.54 | Mean fitness (Train): 1250.29 | Mean fitness (Test): 2415.76
Generation 380 | Best fitness (Train): 2221.20 | Best fitness in generation (Train): 1990.68 | Mean fitness (Train): 1237.61 | Mean fitness (Test): 2334.17
Generation 390 | Best fitness (Train): 2221.20 | Best fitness in generation (Train): 2166.87 | Mean fitness (Train): 1295.20 | Mean fitness (Test): 2476.17
Generation 400 | Best fitness (Train): 2221.20 | Best fitness in generation (Train): 2026.25 | Mean fitness (Train): 1223.78 | Mean fitness (Test): 2373.02
Generation 410 | Best fitness (Train): 2221.20 | Best fitness in generation (Train): 1954.52 | Mean fitness (Train): 1319.20 | Mean fitness (Test): 2445.32
Generation 420 | Best fitness (Train): 2308.68 | Best fitness in generation (Train): 2213.59 | Mean fitness (Train): 1330.97 | Mean fitness (Test): 2477.26
Generation 430 | Best fitness (Train): 2308.68 | Best fitness in generation (Train): 2058.42 | Mean fitness (Train): 1358.35 | Mean fitness (Test): 2407.83
Generation 440 | Best fitness (Train): 2339.86 | Best fitness in generation (Train): 2137.33 | Mean fitness (Train): 1296.06 | Mean fitness (Test): 2428.43
Generation 450 | Best fitness (Train): 2429.43 | Best fitness in generation (Train): 2201.68 | Mean fitness (Train): 1344.42 | Mean fitness (Test): 2566.30
Generation 460 | Best fitness (Train): 2429.43 | Best fitness in generation (Train): 2183.10 | Mean fitness (Train): 1370.67 | Mean fitness (Test): 2478.60
Generation 470 | Best fitness (Train): 2429.43 | Best fitness in generation (Train): 2164.64 | Mean fitness (Train): 1460.64 | Mean fitness (Test): 2505.12
Generation 480 | Best fitness (Train): 2429.43 | Best fitness in generation (Train): 2171.48 | Mean fitness (Train): 1421.81 | Mean fitness (Test): 2389.40
Generation 490 | Best fitness (Train): 2429.43 | Best fitness in generation (Train): 2249.26 | Mean fitness (Train): 1438.33 | Mean fitness (Test): 2610.37
Generation 500 | Best fitness (Train): 2429.43 | Best fitness in generation (Train): 2180.07 | Mean fitness (Train): 1452.32 | Mean fitness (Test): 2509.42
Generation 510 | Best fitness (Train): 2429.43 | Best fitness in generation (Train): 2235.59 | Mean fitness (Train): 1436.18 | Mean fitness (Test): 2544.35
Generation 520 | Best fitness (Train): 2429.43 | Best fitness in generation (Train): 2323.13 | Mean fitness (Train): 1532.08 | Mean fitness (Test): 2571.39
Generation 530 | Best fitness (Train): 2429.43 | Best fitness in generation (Train): nan | Mean fitness (Train): nan | Mean fitness (Test): nan
Generation 540 | Best fitness (Train): 2429.43 | Best fitness in generation (Train): nan | Mean fitness (Train): nan | Mean fitness (Test): nan
Generation 550 | Best fitness (Train): 2429.43 | Best fitness in generation (Train): nan | Mean fitness (Train): nan | Mean fitness (Test): nan
Generation 560 | Best fitness (Train): 2429.43 | Best fitness in generation (Train): nan | Mean fitness (Train): nan | Mean fitness (Test): nan
Generation 570 | Best fitness (Train): 2429.43 | Best fitness in generation (Train): nan | Mean fitness (Train): nan | Mean fitness (Test): nan
Generation 580 | Best fitness (Train): 2429.43 | Best fitness in generation (Train): nan | Mean fitness (Train): nan | Mean fitness (Test): nan
Generation 590 | Best fitness (Train): 2429.43 | Best fitness in generation (Train): nan | Mean fitness (Train): nan | Mean fitness (Test): nan
Generation 600 | Best fitness (Train): 2429.43 | Best fitness in generation (Train): nan | Mean fitness (Train): nan | Mean fitness (Test): nan
Generation 610 | Best fitness (Train): 2429.43 | Best fitness in generation (Train): nan | Mean fitness (Train): nan | Mean fitness (Test): nan
Generation 620 | Best fitness (Train): 2429.43 | Best fitness in generation (Train): nan | Mean fitness (Train): nan | Mean fitness (Test): nan
Generation 630 | Best fitness (Train): 2429.43 | Best fitness in generation (Train): nan | Mean fitness (Train): nan | Mean fitness (Test): nan
Generation 640 | Best fitness (Train): 2429.43 | Best fitness in generation (Train): nan | Mean fitness (Train): nan | Mean fitness (Test): nan
Generation 650 | Best fitness (Train): 2429.43 | Best fitness in generation (Train): nan | Mean fitness (Train): nan | Mean fitness (Test): nan
Generation 660 | Best fitness (Train): 2429.43 | Best fitness in generation (Train): nan | Mean fitness (Train): nan | Mean fitness (Test): nan
Generation 670 | Best fitness (Train): 2429.43 | Best fitness in generation (Train): nan | Mean fitness (Train): nan | Mean fitness (Test): nan
Generation 680 | Best fitness (Train): 2429.43 | Best fitness in generation (Train): nan | Mean fitness (Train): nan | Mean fitness (Test): nan
Generation 690 | Best fitness (Train): 2429.43 | Best fitness in generation (Train): nan | Mean fitness (Train): nan | Mean fitness (Test): nan
Generation 700 | Best fitness (Train): 2429.43 | Best fitness in generation (Train): nan | Mean fitness (Train): nan | Mean fitness (Test): nan
Generation 710 | Best fitness (Train): 2429.43 | Best fitness in generation (Train): nan | Mean fitness (Train): nan | Mean fitness (Test): nan
Generation 720 | Best fitness (Train): 2429.43 | Best fitness in generation (Train): nan | Mean fitness (Train): nan | Mean fitness (Test): nan
Generation 730 | Best fitness (Train): 2429.43 | Best fitness in generation (Train): nan | Mean fitness (Train): nan | Mean fitness (Test): nan
Generation 740 | Best fitness (Train): 2429.43 | Best fitness in generation (Train): nan | Mean fitness (Train): nan | Mean fitness (Test): nan
Generation 750 | Best fitness (Train): 2429.43 | Best fitness in generation (Train): nan | Mean fitness (Train): nan | Mean fitness (Test): nan
Generation 760 | Best fitness (Train): 2429.43 | Best fitness in generation (Train): nan | Mean fitness (Train): nan | Mean fitness (Test): nan
Generation 770 | Best fitness (Train): 2429.43 | Best fitness in generation (Train): nan | Mean fitness (Train): nan | Mean fitness (Test): nan
Generation 780 | Best fitness (Train): 2429.43 | Best fitness in generation (Train): nan | Mean fitness (Train): nan | Mean fitness (Test): nan
Generation 790 | Best fitness (Train): 2429.43 | Best fitness in generation (Train): nan | Mean fitness (Train): nan | Mean fitness (Test): nan
Generation 800 | Best fitness (Train): 2429.43 | Best fitness in generation (Train): nan | Mean fitness (Train): nan | Mean fitness (Test): nan
Generation 810 | Best fitness (Train): 2429.43 | Best fitness in generation (Train): nan | Mean fitness (Train): nan | Mean fitness (Test): nan
Generation 820 | Best fitness (Train): 2429.43 | Best fitness in generation (Train): nan | Mean fitness (Train): nan | Mean fitness (Test): nan
Generation 830 | Best fitness (Train): 2429.43 | Best fitness in generation (Train): nan | Mean fitness (Train): nan | Mean fitness (Test): nan
Generation 840 | Best fitness (Train): 2429.43 | Best fitness in generation (Train): nan | Mean fitness (Train): nan | Mean fitness (Test): nan
Generation 850 | Best fitness (Train): 2429.43 | Best fitness in generation (Train): nan | Mean fitness (Train): nan | Mean fitness (Test): nan
Generation 860 | Best fitness (Train): 2429.43 | Best fitness in generation (Train): nan | Mean fitness (Train): nan | Mean fitness (Test): nan
Generation 870 | Best fitness (Train): 2429.43 | Best fitness in generation (Train): nan | Mean fitness (Train): nan | Mean fitness (Test): nan
Generation 880 | Best fitness (Train): 2429.43 | Best fitness in generation (Train): nan | Mean fitness (Train): nan | Mean fitness (Test): nan
Generation 890 | Best fitness (Train): 2429.43 | Best fitness in generation (Train): nan | Mean fitness (Train): nan | Mean fitness (Test): nan
Generation 900 | Best fitness (Train): 2429.43 | Best fitness in generation (Train): nan | Mean fitness (Train): nan | Mean fitness (Test): nan
Generation 910 | Best fitness (Train): 2429.43 | Best fitness in generation (Train): nan | Mean fitness (Train): nan | Mean fitness (Test): nan
Generation 920 | Best fitness (Train): 2429.43 | Best fitness in generation (Train): nan | Mean fitness (Train): nan | Mean fitness (Test): nan
Generation 930 | Best fitness (Train): 2429.43 | Best fitness in generation (Train): nan | Mean fitness (Train): nan | Mean fitness (Test): nan
Generation 940 | Best fitness (Train): 2429.43 | Best fitness in generation (Train): nan | Mean fitness (Train): nan | Mean fitness (Test): nan
Generation 950 | Best fitness (Train): 2429.43 | Best fitness in generation (Train): nan | Mean fitness (Train): nan | Mean fitness (Test): nan
Generation 960 | Best fitness (Train): 2429.43 | Best fitness in generation (Train): nan | Mean fitness (Train): nan | Mean fitness (Test): nan
Generation 970 | Best fitness (Train): 2429.43 | Best fitness in generation (Train): nan | Mean fitness (Train): nan | Mean fitness (Test): nan
Generation 980 | Best fitness (Train): 2429.43 | Best fitness in generation (Train): nan | Mean fitness (Train): nan | Mean fitness (Test): nan
Generation 990 | Best fitness (Train): 2429.43 | Best fitness in generation (Train): nan | Mean fitness (Train): nan | Mean fitness (Test): nan
Generation 1000 | Best fitness (Train): 2429.43 | Best fitness in generation (Train): nan | Mean fitness (Train): nan | Mean fitness (Test): nan
running the experiment ... [../../results/BraxProblem/ant/Sep_CMA_ES/4]
Generation 010 | Best fitness (Train): 118.61 | Best fitness in generation (Train): 88.73 | Mean fitness (Train): 31.22 | Mean fitness (Test): 86.28
Generation 020 | Best fitness (Train): 373.91 | Best fitness in generation (Train): 373.91 | Mean fitness (Train): 68.18 | Mean fitness (Test): 535.64
Generation 030 | Best fitness (Train): 742.59 | Best fitness in generation (Train): 588.82 | Mean fitness (Train): 131.29 | Mean fitness (Test): 395.88
Generation 040 | Best fitness (Train): 1053.98 | Best fitness in generation (Train): 926.71 | Mean fitness (Train): 229.18 | Mean fitness (Test): 751.60
Generation 050 | Best fitness (Train): 1127.86 | Best fitness in generation (Train): 1026.28 | Mean fitness (Train): 321.41 | Mean fitness (Test): 1087.53
Generation 060 | Best fitness (Train): 1256.25 | Best fitness in generation (Train): 1233.10 | Mean fitness (Train): 421.18 | Mean fitness (Test): 1326.08
Generation 070 | Best fitness (Train): 1373.47 | Best fitness in generation (Train): 1136.58 | Mean fitness (Train): 496.45 | Mean fitness (Test): 1372.44
Generation 080 | Best fitness (Train): 1394.57 | Best fitness in generation (Train): 1273.85 | Mean fitness (Train): 523.72 | Mean fitness (Test): 1468.52
Generation 090 | Best fitness (Train): 1527.55 | Best fitness in generation (Train): 1418.06 | Mean fitness (Train): 596.59 | Mean fitness (Test): 1521.98
Generation 100 | Best fitness (Train): 1527.55 | Best fitness in generation (Train): 1397.74 | Mean fitness (Train): 663.20 | Mean fitness (Test): 1501.43
Generation 110 | Best fitness (Train): 1562.98 | Best fitness in generation (Train): 1521.23 | Mean fitness (Train): 696.83 | Mean fitness (Test): 1689.98
Generation 120 | Best fitness (Train): 1562.98 | Best fitness in generation (Train): 1549.84 | Mean fitness (Train): 743.19 | Mean fitness (Test): 1610.48
Generation 130 | Best fitness (Train): 1582.07 | Best fitness in generation (Train): 1441.81 | Mean fitness (Train): 734.59 | Mean fitness (Test): 1623.40
Generation 140 | Best fitness (Train): 1700.44 | Best fitness in generation (Train): 1641.48 | Mean fitness (Train): 792.87 | Mean fitness (Test): 1660.20
Generation 150 | Best fitness (Train): 1752.57 | Best fitness in generation (Train): 1645.17 | Mean fitness (Train): 841.51 | Mean fitness (Test): 1674.35
Generation 160 | Best fitness (Train): 1867.20 | Best fitness in generation (Train): 1772.60 | Mean fitness (Train): 872.70 | Mean fitness (Test): 1814.76
Generation 170 | Best fitness (Train): 1889.08 | Best fitness in generation (Train): 1642.87 | Mean fitness (Train): 855.79 | Mean fitness (Test): 1842.04
Generation 180 | Best fitness (Train): 1889.08 | Best fitness in generation (Train): 1773.73 | Mean fitness (Train): 911.60 | Mean fitness (Test): 1942.93
Generation 190 | Best fitness (Train): 1896.59 | Best fitness in generation (Train): 1896.59 | Mean fitness (Train): 952.93 | Mean fitness (Test): 1935.80
Generation 200 | Best fitness (Train): 1972.10 | Best fitness in generation (Train): 1972.10 | Mean fitness (Train): 996.83 | Mean fitness (Test): 2047.70
Generation 210 | Best fitness (Train): 1972.10 | Best fitness in generation (Train): 1806.94 | Mean fitness (Train): 1030.23 | Mean fitness (Test): 1977.48
Generation 220 | Best fitness (Train): 2012.29 | Best fitness in generation (Train): 1867.73 | Mean fitness (Train): 1071.27 | Mean fitness (Test): 2272.15
Generation 230 | Best fitness (Train): 2012.29 | Best fitness in generation (Train): 1756.73 | Mean fitness (Train): 1100.95 | Mean fitness (Test): 2263.25
Generation 240 | Best fitness (Train): 2142.88 | Best fitness in generation (Train): 2142.88 | Mean fitness (Train): 1096.54 | Mean fitness (Test): 2170.28
Generation 250 | Best fitness (Train): 2142.88 | Best fitness in generation (Train): 1849.11 | Mean fitness (Train): 1111.30 | Mean fitness (Test): 2225.95
Generation 260 | Best fitness (Train): 2159.46 | Best fitness in generation (Train): 1892.42 | Mean fitness (Train): 1078.35 | Mean fitness (Test): 2174.39
Generation 270 | Best fitness (Train): 2159.46 | Best fitness in generation (Train): 2041.66 | Mean fitness (Train): 1138.37 | Mean fitness (Test): 2322.55
Generation 280 | Best fitness (Train): 2159.46 | Best fitness in generation (Train): 2004.75 | Mean fitness (Train): 1207.09 | Mean fitness (Test): 2364.14
Generation 290 | Best fitness (Train): 2191.74 | Best fitness in generation (Train): 2044.60 | Mean fitness (Train): 1194.85 | Mean fitness (Test): 2386.83
Generation 300 | Best fitness (Train): 2191.74 | Best fitness in generation (Train): 1942.80 | Mean fitness (Train): 1220.14 | Mean fitness (Test): 2374.15
Generation 310 | Best fitness (Train): 2212.65 | Best fitness in generation (Train): 2110.89 | Mean fitness (Train): 1242.03 | Mean fitness (Test): 2379.94
Generation 320 | Best fitness (Train): 2228.05 | Best fitness in generation (Train): 2077.54 | Mean fitness (Train): 1305.54 | Mean fitness (Test): 2389.06
Generation 330 | Best fitness (Train): 2228.05 | Best fitness in generation (Train): 2164.77 | Mean fitness (Train): 1293.86 | Mean fitness (Test): 2317.70
Generation 340 | Best fitness (Train): 2306.66 | Best fitness in generation (Train): 2124.50 | Mean fitness (Train): 1272.52 | Mean fitness (Test): 2404.91
Generation 350 | Best fitness (Train): 2306.66 | Best fitness in generation (Train): 2045.39 | Mean fitness (Train): 1270.23 | Mean fitness (Test): 2404.93
Generation 360 | Best fitness (Train): 2306.66 | Best fitness in generation (Train): 2155.45 | Mean fitness (Train): 1277.29 | Mean fitness (Test): 2446.04
Generation 370 | Best fitness (Train): 2306.66 | Best fitness in generation (Train): 2110.28 | Mean fitness (Train): 1356.63 | Mean fitness (Test): 2459.96
Generation 380 | Best fitness (Train): 2306.66 | Best fitness in generation (Train): 2130.50 | Mean fitness (Train): 1328.65 | Mean fitness (Test): 2415.20
Generation 390 | Best fitness (Train): 2306.66 | Best fitness in generation (Train): 2100.64 | Mean fitness (Train): 1341.60 | Mean fitness (Test): 2393.75
Generation 400 | Best fitness (Train): 2380.25 | Best fitness in generation (Train): 2333.05 | Mean fitness (Train): 1376.59 | Mean fitness (Test): 2389.37
Generation 410 | Best fitness (Train): 2380.25 | Best fitness in generation (Train): 2244.30 | Mean fitness (Train): 1438.83 | Mean fitness (Test): 2419.29
Generation 420 | Best fitness (Train): 2425.34 | Best fitness in generation (Train): 2235.54 | Mean fitness (Train): 1434.31 | Mean fitness (Test): 2360.99
Generation 430 | Best fitness (Train): 2425.34 | Best fitness in generation (Train): 2374.79 | Mean fitness (Train): 1429.60 | Mean fitness (Test): 2569.15
Generation 440 | Best fitness (Train): 2425.34 | Best fitness in generation (Train): 2410.86 | Mean fitness (Train): 1442.52 | Mean fitness (Test): 2416.09
Generation 450 | Best fitness (Train): 2425.34 | Best fitness in generation (Train): 2133.74 | Mean fitness (Train): 1416.67 | Mean fitness (Test): 2503.62
Generation 460 | Best fitness (Train): 2425.34 | Best fitness in generation (Train): 2402.27 | Mean fitness (Train): 1469.22 | Mean fitness (Test): 2541.59
Generation 470 | Best fitness (Train): 2425.34 | Best fitness in generation (Train): 2241.52 | Mean fitness (Train): 1507.02 | Mean fitness (Test): 2485.09
Generation 480 | Best fitness (Train): 2439.73 | Best fitness in generation (Train): 2439.73 | Mean fitness (Train): 1528.00 | Mean fitness (Test): 2536.40
Generation 490 | Best fitness (Train): 2439.73 | Best fitness in generation (Train): 2410.60 | Mean fitness (Train): 1521.35 | Mean fitness (Test): 2532.96
Generation 500 | Best fitness (Train): 2439.73 | Best fitness in generation (Train): 2366.60 | Mean fitness (Train): 1465.61 | Mean fitness (Test): 2330.58
Generation 510 | Best fitness (Train): 2439.73 | Best fitness in generation (Train): 2229.39 | Mean fitness (Train): 1493.88 | Mean fitness (Test): 2586.59
Generation 520 | Best fitness (Train): 2447.40 | Best fitness in generation (Train): 2280.00 | Mean fitness (Train): 1488.59 | Mean fitness (Test): 2500.44
Generation 530 | Best fitness (Train): 2447.40 | Best fitness in generation (Train): nan | Mean fitness (Train): nan | Mean fitness (Test): nan
Generation 540 | Best fitness (Train): 2447.40 | Best fitness in generation (Train): nan | Mean fitness (Train): nan | Mean fitness (Test): nan
Generation 550 | Best fitness (Train): 2447.40 | Best fitness in generation (Train): nan | Mean fitness (Train): nan | Mean fitness (Test): nan
Generation 560 | Best fitness (Train): 2447.40 | Best fitness in generation (Train): nan | Mean fitness (Train): nan | Mean fitness (Test): nan
Generation 570 | Best fitness (Train): 2447.40 | Best fitness in generation (Train): nan | Mean fitness (Train): nan | Mean fitness (Test): nan
Generation 580 | Best fitness (Train): 2447.40 | Best fitness in generation (Train): nan | Mean fitness (Train): nan | Mean fitness (Test): nan
Generation 590 | Best fitness (Train): 2447.40 | Best fitness in generation (Train): nan | Mean fitness (Train): nan | Mean fitness (Test): nan
Generation 600 | Best fitness (Train): 2447.40 | Best fitness in generation (Train): nan | Mean fitness (Train): nan | Mean fitness (Test): nan
Generation 610 | Best fitness (Train): 2447.40 | Best fitness in generation (Train): nan | Mean fitness (Train): nan | Mean fitness (Test): nan
Generation 620 | Best fitness (Train): 2447.40 | Best fitness in generation (Train): nan | Mean fitness (Train): nan | Mean fitness (Test): nan
Generation 630 | Best fitness (Train): 2447.40 | Best fitness in generation (Train): nan | Mean fitness (Train): nan | Mean fitness (Test): nan
Generation 640 | Best fitness (Train): 2447.40 | Best fitness in generation (Train): nan | Mean fitness (Train): nan | Mean fitness (Test): nan
Generation 650 | Best fitness (Train): 2447.40 | Best fitness in generation (Train): nan | Mean fitness (Train): nan | Mean fitness (Test): nan
Generation 660 | Best fitness (Train): 2447.40 | Best fitness in generation (Train): nan | Mean fitness (Train): nan | Mean fitness (Test): nan
Generation 670 | Best fitness (Train): 2447.40 | Best fitness in generation (Train): nan | Mean fitness (Train): nan | Mean fitness (Test): nan
Generation 680 | Best fitness (Train): 2447.40 | Best fitness in generation (Train): nan | Mean fitness (Train): nan | Mean fitness (Test): nan
Generation 690 | Best fitness (Train): 2447.40 | Best fitness in generation (Train): nan | Mean fitness (Train): nan | Mean fitness (Test): nan
Generation 700 | Best fitness (Train): 2447.40 | Best fitness in generation (Train): nan | Mean fitness (Train): nan | Mean fitness (Test): nan
Generation 710 | Best fitness (Train): 2447.40 | Best fitness in generation (Train): nan | Mean fitness (Train): nan | Mean fitness (Test): nan
Generation 720 | Best fitness (Train): 2447.40 | Best fitness in generation (Train): nan | Mean fitness (Train): nan | Mean fitness (Test): nan
Generation 730 | Best fitness (Train): 2447.40 | Best fitness in generation (Train): nan | Mean fitness (Train): nan | Mean fitness (Test): nan
Generation 740 | Best fitness (Train): 2447.40 | Best fitness in generation (Train): nan | Mean fitness (Train): nan | Mean fitness (Test): nan
Generation 750 | Best fitness (Train): 2447.40 | Best fitness in generation (Train): nan | Mean fitness (Train): nan | Mean fitness (Test): nan
Generation 760 | Best fitness (Train): 2447.40 | Best fitness in generation (Train): nan | Mean fitness (Train): nan | Mean fitness (Test): nan
Generation 770 | Best fitness (Train): 2447.40 | Best fitness in generation (Train): nan | Mean fitness (Train): nan | Mean fitness (Test): nan
Generation 780 | Best fitness (Train): 2447.40 | Best fitness in generation (Train): nan | Mean fitness (Train): nan | Mean fitness (Test): nan
Generation 790 | Best fitness (Train): 2447.40 | Best fitness in generation (Train): nan | Mean fitness (Train): nan | Mean fitness (Test): nan
Generation 800 | Best fitness (Train): 2447.40 | Best fitness in generation (Train): nan | Mean fitness (Train): nan | Mean fitness (Test): nan
Generation 810 | Best fitness (Train): 2447.40 | Best fitness in generation (Train): nan | Mean fitness (Train): nan | Mean fitness (Test): nan
Generation 820 | Best fitness (Train): 2447.40 | Best fitness in generation (Train): nan | Mean fitness (Train): nan | Mean fitness (Test): nan
Generation 830 | Best fitness (Train): 2447.40 | Best fitness in generation (Train): nan | Mean fitness (Train): nan | Mean fitness (Test): nan
Generation 840 | Best fitness (Train): 2447.40 | Best fitness in generation (Train): nan | Mean fitness (Train): nan | Mean fitness (Test): nan
Generation 850 | Best fitness (Train): 2447.40 | Best fitness in generation (Train): nan | Mean fitness (Train): nan | Mean fitness (Test): nan
Generation 860 | Best fitness (Train): 2447.40 | Best fitness in generation (Train): nan | Mean fitness (Train): nan | Mean fitness (Test): nan
Generation 870 | Best fitness (Train): 2447.40 | Best fitness in generation (Train): nan | Mean fitness (Train): nan | Mean fitness (Test): nan
Generation 880 | Best fitness (Train): 2447.40 | Best fitness in generation (Train): nan | Mean fitness (Train): nan | Mean fitness (Test): nan
Generation 890 | Best fitness (Train): 2447.40 | Best fitness in generation (Train): nan | Mean fitness (Train): nan | Mean fitness (Test): nan
Generation 900 | Best fitness (Train): 2447.40 | Best fitness in generation (Train): nan | Mean fitness (Train): nan | Mean fitness (Test): nan
Generation 910 | Best fitness (Train): 2447.40 | Best fitness in generation (Train): nan | Mean fitness (Train): nan | Mean fitness (Test): nan
Generation 920 | Best fitness (Train): 2447.40 | Best fitness in generation (Train): nan | Mean fitness (Train): nan | Mean fitness (Test): nan
Generation 930 | Best fitness (Train): 2447.40 | Best fitness in generation (Train): nan | Mean fitness (Train): nan | Mean fitness (Test): nan
Generation 940 | Best fitness (Train): 2447.40 | Best fitness in generation (Train): nan | Mean fitness (Train): nan | Mean fitness (Test): nan
Generation 950 | Best fitness (Train): 2447.40 | Best fitness in generation (Train): nan | Mean fitness (Train): nan | Mean fitness (Test): nan
Generation 960 | Best fitness (Train): 2447.40 | Best fitness in generation (Train): nan | Mean fitness (Train): nan | Mean fitness (Test): nan
Generation 970 | Best fitness (Train): 2447.40 | Best fitness in generation (Train): nan | Mean fitness (Train): nan | Mean fitness (Test): nan
Generation 980 | Best fitness (Train): 2447.40 | Best fitness in generation (Train): nan | Mean fitness (Train): nan | Mean fitness (Test): nan
Generation 990 | Best fitness (Train): 2447.40 | Best fitness in generation (Train): nan | Mean fitness (Train): nan | Mean fitness (Test): nan
Generation 1000 | Best fitness (Train): 2447.40 | Best fitness in generation (Train): nan | Mean fitness (Train): nan | Mean fitness (Test): nan
Running ES algorithms:   0%|                                                                                                          | 0/1 [00:00<?, ?it/s][A
Running ES algorithms: 100%|███████████████████████████████████████████████████████████████████████████████████████████| 1/1 [28:51:04<00:00, 103864.07s/it][ARunning ES algorithms: 100%|███████████████████████████████████████████████████████████████████████████████████████████| 1/1 [28:51:04<00:00, 103864.08s/it]
Successfully loaded: fast
Loading Problems ..:   8%|███████▎                                                                                | 1/12 [28:51:35<317:27:29, 103895.44s/it]
running the experiment ... [../../results/BraxProblem/fast/Sep_CMA_ES/0]
Generation 010 | Best fitness (Train): 66867.05 | Best fitness in generation (Train): 66867.05 | Mean fitness (Train): 56038.45 | Mean fitness (Test): 66867.05
Generation 020 | Best fitness (Train): 66867.05 | Best fitness in generation (Train): 66867.05 | Mean fitness (Train): 61498.80 | Mean fitness (Test): 66867.05
Generation 030 | Best fitness (Train): 66867.05 | Best fitness in generation (Train): 66867.05 | Mean fitness (Train): 62874.33 | Mean fitness (Test): 66867.05
Generation 040 | Best fitness (Train): 66867.05 | Best fitness in generation (Train): 66867.05 | Mean fitness (Train): 65810.27 | Mean fitness (Test): 66867.05
Generation 050 | Best fitness (Train): 66867.05 | Best fitness in generation (Train): 66867.05 | Mean fitness (Train): 66335.47 | Mean fitness (Test): 66867.05
Generation 060 | Best fitness (Train): 66867.05 | Best fitness in generation (Train): 66867.05 | Mean fitness (Train): 66605.86 | Mean fitness (Test): 66867.05
Generation 070 | Best fitness (Train): 66867.05 | Best fitness in generation (Train): 66867.05 | Mean fitness (Train): 66867.05 | Mean fitness (Test): 66867.05
Generation 080 | Best fitness (Train): 66867.05 | Best fitness in generation (Train): 66867.05 | Mean fitness (Train): 66867.05 | Mean fitness (Test): 66867.05
Generation 090 | Best fitness (Train): 66867.05 | Best fitness in generation (Train): 66867.05 | Mean fitness (Train): 66867.05 | Mean fitness (Test): 66867.05
Generation 100 | Best fitness (Train): 66867.05 | Best fitness in generation (Train): 66867.05 | Mean fitness (Train): 66867.05 | Mean fitness (Test): 66867.05
Generation 110 | Best fitness (Train): 66867.05 | Best fitness in generation (Train): 66867.05 | Mean fitness (Train): 66867.05 | Mean fitness (Test): 66867.05
Generation 120 | Best fitness (Train): 66867.05 | Best fitness in generation (Train): 66867.05 | Mean fitness (Train): 66867.05 | Mean fitness (Test): 66867.05
Generation 130 | Best fitness (Train): 66867.05 | Best fitness in generation (Train): 66867.05 | Mean fitness (Train): 66867.05 | Mean fitness (Test): 66867.05
Generation 140 | Best fitness (Train): 66867.05 | Best fitness in generation (Train): 66867.05 | Mean fitness (Train): 66867.05 | Mean fitness (Test): 66867.05
Generation 150 | Best fitness (Train): 66867.05 | Best fitness in generation (Train): 66867.05 | Mean fitness (Train): 66867.05 | Mean fitness (Test): 66867.05
Generation 160 | Best fitness (Train): 66867.05 | Best fitness in generation (Train): 66867.05 | Mean fitness (Train): 66867.05 | Mean fitness (Test): 66867.05
Generation 170 | Best fitness (Train): 66867.05 | Best fitness in generation (Train): 66867.05 | Mean fitness (Train): 66867.05 | Mean fitness (Test): 66867.05
Generation 180 | Best fitness (Train): 66867.05 | Best fitness in generation (Train): 66867.05 | Mean fitness (Train): 66867.05 | Mean fitness (Test): 66867.05
Generation 190 | Best fitness (Train): 66867.05 | Best fitness in generation (Train): 66867.05 | Mean fitness (Train): 66867.05 | Mean fitness (Test): 66867.05
Generation 200 | Best fitness (Train): 66867.05 | Best fitness in generation (Train): 66867.05 | Mean fitness (Train): 66867.05 | Mean fitness (Test): 66867.05
Generation 210 | Best fitness (Train): 66867.05 | Best fitness in generation (Train): 66867.05 | Mean fitness (Train): 66867.05 | Mean fitness (Test): 66867.05
Generation 220 | Best fitness (Train): 66867.05 | Best fitness in generation (Train): 66867.05 | Mean fitness (Train): 66867.05 | Mean fitness (Test): 66867.05
Generation 230 | Best fitness (Train): 66867.05 | Best fitness in generation (Train): 66867.05 | Mean fitness (Train): 66867.05 | Mean fitness (Test): 66867.05
Generation 240 | Best fitness (Train): 66867.05 | Best fitness in generation (Train): 66867.05 | Mean fitness (Train): 66867.05 | Mean fitness (Test): 66867.05
Generation 250 | Best fitness (Train): 66867.05 | Best fitness in generation (Train): 66867.05 | Mean fitness (Train): 66867.05 | Mean fitness (Test): 66867.05
Generation 260 | Best fitness (Train): 66867.05 | Best fitness in generation (Train): 66867.05 | Mean fitness (Train): 66867.05 | Mean fitness (Test): 66867.05
Generation 270 | Best fitness (Train): 66867.05 | Best fitness in generation (Train): 66867.05 | Mean fitness (Train): 66867.05 | Mean fitness (Test): 66867.05
Generation 280 | Best fitness (Train): 66867.05 | Best fitness in generation (Train): 66867.05 | Mean fitness (Train): 66867.05 | Mean fitness (Test): 66867.05
Generation 290 | Best fitness (Train): 66867.05 | Best fitness in generation (Train): 66867.05 | Mean fitness (Train): 66867.05 | Mean fitness (Test): 66867.05
Generation 300 | Best fitness (Train): 66867.05 | Best fitness in generation (Train): 66867.05 | Mean fitness (Train): 66867.05 | Mean fitness (Test): 66867.05
Generation 310 | Best fitness (Train): 66867.05 | Best fitness in generation (Train): 66867.05 | Mean fitness (Train): 66867.05 | Mean fitness (Test): 66867.05
Generation 320 | Best fitness (Train): 66867.05 | Best fitness in generation (Train): 66867.05 | Mean fitness (Train): 66867.05 | Mean fitness (Test): 66867.05
Generation 330 | Best fitness (Train): 66867.05 | Best fitness in generation (Train): 66867.05 | Mean fitness (Train): 66867.05 | Mean fitness (Test): 66867.05
Generation 340 | Best fitness (Train): 66867.05 | Best fitness in generation (Train): 66867.05 | Mean fitness (Train): 66867.05 | Mean fitness (Test): 66867.05
Generation 350 | Best fitness (Train): 66867.05 | Best fitness in generation (Train): 66867.05 | Mean fitness (Train): 66867.05 | Mean fitness (Test): 66867.05
Generation 360 | Best fitness (Train): 66867.05 | Best fitness in generation (Train): 66867.05 | Mean fitness (Train): 66867.05 | Mean fitness (Test): 66867.05
Generation 370 | Best fitness (Train): 66867.05 | Best fitness in generation (Train): 66867.05 | Mean fitness (Train): 66867.05 | Mean fitness (Test): 66867.05
Generation 380 | Best fitness (Train): 66867.05 | Best fitness in generation (Train): 66867.05 | Mean fitness (Train): 66867.05 | Mean fitness (Test): 66867.05
Generation 390 | Best fitness (Train): 66867.05 | Best fitness in generation (Train): 66867.05 | Mean fitness (Train): 66867.05 | Mean fitness (Test): 66867.05
Generation 400 | Best fitness (Train): 66867.05 | Best fitness in generation (Train): 66867.05 | Mean fitness (Train): 66867.05 | Mean fitness (Test): 66867.05
Generation 410 | Best fitness (Train): 66867.05 | Best fitness in generation (Train): 66867.05 | Mean fitness (Train): 66867.05 | Mean fitness (Test): 66867.05
Generation 420 | Best fitness (Train): 66867.05 | Best fitness in generation (Train): 66867.05 | Mean fitness (Train): 66867.05 | Mean fitness (Test): 66867.05
Generation 430 | Best fitness (Train): 66867.05 | Best fitness in generation (Train): 66867.05 | Mean fitness (Train): 66867.05 | Mean fitness (Test): 66867.05
Generation 440 | Best fitness (Train): 66867.05 | Best fitness in generation (Train): 66867.05 | Mean fitness (Train): 66867.05 | Mean fitness (Test): 66867.05
Generation 450 | Best fitness (Train): 66867.05 | Best fitness in generation (Train): 66867.05 | Mean fitness (Train): 66867.05 | Mean fitness (Test): 66867.05
Generation 460 | Best fitness (Train): 66867.05 | Best fitness in generation (Train): 66867.05 | Mean fitness (Train): 66867.05 | Mean fitness (Test): 66867.05
Generation 470 | Best fitness (Train): 66867.05 | Best fitness in generation (Train): 66867.05 | Mean fitness (Train): 66867.05 | Mean fitness (Test): 66867.05
Generation 480 | Best fitness (Train): 66867.05 | Best fitness in generation (Train): 66867.05 | Mean fitness (Train): 66867.05 | Mean fitness (Test): 66867.05
Generation 490 | Best fitness (Train): 66867.05 | Best fitness in generation (Train): 66867.05 | Mean fitness (Train): 66867.05 | Mean fitness (Test): 66867.05
Generation 500 | Best fitness (Train): 66867.05 | Best fitness in generation (Train): 66867.05 | Mean fitness (Train): 66867.05 | Mean fitness (Test): 66867.05
Generation 510 | Best fitness (Train): 66867.05 | Best fitness in generation (Train): 66867.05 | Mean fitness (Train): 66867.05 | Mean fitness (Test): 66867.05
Generation 520 | Best fitness (Train): 66867.05 | Best fitness in generation (Train): 66867.05 | Mean fitness (Train): 66867.05 | Mean fitness (Test): 66867.05
Generation 530 | Best fitness (Train): 66867.05 | Best fitness in generation (Train): 0.00 | Mean fitness (Train): 0.00 | Mean fitness (Test): 0.00
Generation 540 | Best fitness (Train): 66867.05 | Best fitness in generation (Train): 0.00 | Mean fitness (Train): 0.00 | Mean fitness (Test): 0.00
Generation 550 | Best fitness (Train): 66867.05 | Best fitness in generation (Train): 0.00 | Mean fitness (Train): 0.00 | Mean fitness (Test): 0.00
Generation 560 | Best fitness (Train): 66867.05 | Best fitness in generation (Train): 0.00 | Mean fitness (Train): 0.00 | Mean fitness (Test): 0.00
Generation 570 | Best fitness (Train): 66867.05 | Best fitness in generation (Train): 0.00 | Mean fitness (Train): 0.00 | Mean fitness (Test): 0.00
Generation 580 | Best fitness (Train): 66867.05 | Best fitness in generation (Train): 0.00 | Mean fitness (Train): 0.00 | Mean fitness (Test): 0.00
Generation 590 | Best fitness (Train): 66867.05 | Best fitness in generation (Train): 0.00 | Mean fitness (Train): 0.00 | Mean fitness (Test): 0.00
Generation 600 | Best fitness (Train): 66867.05 | Best fitness in generation (Train): 0.00 | Mean fitness (Train): 0.00 | Mean fitness (Test): 0.00
Generation 610 | Best fitness (Train): 66867.05 | Best fitness in generation (Train): 0.00 | Mean fitness (Train): 0.00 | Mean fitness (Test): 0.00
Generation 620 | Best fitness (Train): 66867.05 | Best fitness in generation (Train): 0.00 | Mean fitness (Train): 0.00 | Mean fitness (Test): 0.00
Generation 630 | Best fitness (Train): 66867.05 | Best fitness in generation (Train): 0.00 | Mean fitness (Train): 0.00 | Mean fitness (Test): 0.00
Generation 640 | Best fitness (Train): 66867.05 | Best fitness in generation (Train): 0.00 | Mean fitness (Train): 0.00 | Mean fitness (Test): 0.00
Generation 650 | Best fitness (Train): 66867.05 | Best fitness in generation (Train): 0.00 | Mean fitness (Train): 0.00 | Mean fitness (Test): 0.00
Generation 660 | Best fitness (Train): 66867.05 | Best fitness in generation (Train): 0.00 | Mean fitness (Train): 0.00 | Mean fitness (Test): 0.00
Generation 670 | Best fitness (Train): 66867.05 | Best fitness in generation (Train): 0.00 | Mean fitness (Train): 0.00 | Mean fitness (Test): 0.00
Generation 680 | Best fitness (Train): 66867.05 | Best fitness in generation (Train): 0.00 | Mean fitness (Train): 0.00 | Mean fitness (Test): 0.00
Generation 690 | Best fitness (Train): 66867.05 | Best fitness in generation (Train): 0.00 | Mean fitness (Train): 0.00 | Mean fitness (Test): 0.00
Generation 700 | Best fitness (Train): 66867.05 | Best fitness in generation (Train): 0.00 | Mean fitness (Train): 0.00 | Mean fitness (Test): 0.00
Generation 710 | Best fitness (Train): 66867.05 | Best fitness in generation (Train): 0.00 | Mean fitness (Train): 0.00 | Mean fitness (Test): 0.00
Generation 720 | Best fitness (Train): 66867.05 | Best fitness in generation (Train): 0.00 | Mean fitness (Train): 0.00 | Mean fitness (Test): 0.00
Generation 730 | Best fitness (Train): 66867.05 | Best fitness in generation (Train): 0.00 | Mean fitness (Train): 0.00 | Mean fitness (Test): 0.00
Generation 740 | Best fitness (Train): 66867.05 | Best fitness in generation (Train): 0.00 | Mean fitness (Train): 0.00 | Mean fitness (Test): 0.00
Generation 750 | Best fitness (Train): 66867.05 | Best fitness in generation (Train): 0.00 | Mean fitness (Train): 0.00 | Mean fitness (Test): 0.00
Generation 760 | Best fitness (Train): 66867.05 | Best fitness in generation (Train): 0.00 | Mean fitness (Train): 0.00 | Mean fitness (Test): 0.00
Generation 770 | Best fitness (Train): 66867.05 | Best fitness in generation (Train): 0.00 | Mean fitness (Train): 0.00 | Mean fitness (Test): 0.00
Generation 780 | Best fitness (Train): 66867.05 | Best fitness in generation (Train): 0.00 | Mean fitness (Train): 0.00 | Mean fitness (Test): 0.00
Generation 790 | Best fitness (Train): 66867.05 | Best fitness in generation (Train): 0.00 | Mean fitness (Train): 0.00 | Mean fitness (Test): 0.00
Generation 800 | Best fitness (Train): 66867.05 | Best fitness in generation (Train): 0.00 | Mean fitness (Train): 0.00 | Mean fitness (Test): 0.00
Generation 810 | Best fitness (Train): 66867.05 | Best fitness in generation (Train): 0.00 | Mean fitness (Train): 0.00 | Mean fitness (Test): 0.00
Generation 820 | Best fitness (Train): 66867.05 | Best fitness in generation (Train): 0.00 | Mean fitness (Train): 0.00 | Mean fitness (Test): 0.00
Generation 830 | Best fitness (Train): 66867.05 | Best fitness in generation (Train): 0.00 | Mean fitness (Train): 0.00 | Mean fitness (Test): 0.00
Generation 840 | Best fitness (Train): 66867.05 | Best fitness in generation (Train): 0.00 | Mean fitness (Train): 0.00 | Mean fitness (Test): 0.00
Generation 850 | Best fitness (Train): 66867.05 | Best fitness in generation (Train): 0.00 | Mean fitness (Train): 0.00 | Mean fitness (Test): 0.00
Generation 860 | Best fitness (Train): 66867.05 | Best fitness in generation (Train): 0.00 | Mean fitness (Train): 0.00 | Mean fitness (Test): 0.00
Generation 870 | Best fitness (Train): 66867.05 | Best fitness in generation (Train): 0.00 | Mean fitness (Train): 0.00 | Mean fitness (Test): 0.00
Generation 880 | Best fitness (Train): 66867.05 | Best fitness in generation (Train): 0.00 | Mean fitness (Train): 0.00 | Mean fitness (Test): 0.00
Generation 890 | Best fitness (Train): 66867.05 | Best fitness in generation (Train): 0.00 | Mean fitness (Train): 0.00 | Mean fitness (Test): 0.00
Generation 900 | Best fitness (Train): 66867.05 | Best fitness in generation (Train): 0.00 | Mean fitness (Train): 0.00 | Mean fitness (Test): 0.00
Generation 910 | Best fitness (Train): 66867.05 | Best fitness in generation (Train): 0.00 | Mean fitness (Train): 0.00 | Mean fitness (Test): 0.00
Generation 920 | Best fitness (Train): 66867.05 | Best fitness in generation (Train): 0.00 | Mean fitness (Train): 0.00 | Mean fitness (Test): 0.00
Generation 930 | Best fitness (Train): 66867.05 | Best fitness in generation (Train): 0.00 | Mean fitness (Train): 0.00 | Mean fitness (Test): 0.00
Generation 940 | Best fitness (Train): 66867.05 | Best fitness in generation (Train): 0.00 | Mean fitness (Train): 0.00 | Mean fitness (Test): 0.00
Generation 950 | Best fitness (Train): 66867.05 | Best fitness in generation (Train): 0.00 | Mean fitness (Train): 0.00 | Mean fitness (Test): 0.00
Generation 960 | Best fitness (Train): 66867.05 | Best fitness in generation (Train): 0.00 | Mean fitness (Train): 0.00 | Mean fitness (Test): 0.00
Generation 970 | Best fitness (Train): 66867.05 | Best fitness in generation (Train): 0.00 | Mean fitness (Train): 0.00 | Mean fitness (Test): 0.00
Generation 980 | Best fitness (Train): 66867.05 | Best fitness in generation (Train): 0.00 | Mean fitness (Train): 0.00 | Mean fitness (Test): 0.00
Generation 990 | Best fitness (Train): 66867.05 | Best fitness in generation (Train): 0.00 | Mean fitness (Train): 0.00 | Mean fitness (Test): 0.00
Generation 1000 | Best fitness (Train): 66867.05 | Best fitness in generation (Train): 0.00 | Mean fitness (Train): 0.00 | Mean fitness (Test): 0.00
Failed to generate visualization: 'Fast' object has no attribute 'sys'
running the experiment ... [../../results/BraxProblem/fast/Sep_CMA_ES/1]
Generation 010 | Best fitness (Train): 66867.05 | Best fitness in generation (Train): 66867.05 | Mean fitness (Train): 59123.93 | Mean fitness (Test): 66867.05
Generation 020 | Best fitness (Train): 66867.05 | Best fitness in generation (Train): 66867.05 | Mean fitness (Train): 62706.73 | Mean fitness (Test): 66867.05
Generation 030 | Best fitness (Train): 66867.05 | Best fitness in generation (Train): 66867.05 | Mean fitness (Train): 65095.66 | Mean fitness (Test): 66867.05
Generation 040 | Best fitness (Train): 66867.05 | Best fitness in generation (Train): 66867.05 | Mean fitness (Train): 65672.41 | Mean fitness (Test): 66867.05
Generation 050 | Best fitness (Train): 66867.05 | Best fitness in generation (Train): 66867.05 | Mean fitness (Train): 66867.05 | Mean fitness (Test): 66867.05
Generation 060 | Best fitness (Train): 66867.05 | Best fitness in generation (Train): 66867.05 | Mean fitness (Train): 66605.46 | Mean fitness (Test): 66867.05
Generation 070 | Best fitness (Train): 66867.05 | Best fitness in generation (Train): 66867.05 | Mean fitness (Train): 66867.05 | Mean fitness (Test): 66867.05
Generation 080 | Best fitness (Train): 66867.05 | Best fitness in generation (Train): 66867.05 | Mean fitness (Train): 66867.05 | Mean fitness (Test): 66867.05
Generation 090 | Best fitness (Train): 66867.05 | Best fitness in generation (Train): 66867.05 | Mean fitness (Train): 66867.05 | Mean fitness (Test): 66867.05
Generation 100 | Best fitness (Train): 66867.05 | Best fitness in generation (Train): 66867.05 | Mean fitness (Train): 66867.05 | Mean fitness (Test): 66867.05
Generation 110 | Best fitness (Train): 66867.05 | Best fitness in generation (Train): 66867.05 | Mean fitness (Train): 66867.05 | Mean fitness (Test): 66867.05
Generation 120 | Best fitness (Train): 66867.05 | Best fitness in generation (Train): 66867.05 | Mean fitness (Train): 66867.05 | Mean fitness (Test): 66867.05
Generation 130 | Best fitness (Train): 66867.05 | Best fitness in generation (Train): 66867.05 | Mean fitness (Train): 66867.05 | Mean fitness (Test): 66867.05
Generation 140 | Best fitness (Train): 66867.05 | Best fitness in generation (Train): 66867.05 | Mean fitness (Train): 66867.05 | Mean fitness (Test): 66867.05
Generation 150 | Best fitness (Train): 66867.05 | Best fitness in generation (Train): 66867.05 | Mean fitness (Train): 66867.05 | Mean fitness (Test): 66867.05
Generation 160 | Best fitness (Train): 66867.05 | Best fitness in generation (Train): 66867.05 | Mean fitness (Train): 66867.05 | Mean fitness (Test): 66867.05
Generation 170 | Best fitness (Train): 66867.05 | Best fitness in generation (Train): 66867.05 | Mean fitness (Train): 66867.05 | Mean fitness (Test): 66867.05
Generation 180 | Best fitness (Train): 66867.05 | Best fitness in generation (Train): 66867.05 | Mean fitness (Train): 66867.05 | Mean fitness (Test): 66867.05
Generation 190 | Best fitness (Train): 66867.05 | Best fitness in generation (Train): 66867.05 | Mean fitness (Train): 66867.05 | Mean fitness (Test): 66867.05
Generation 200 | Best fitness (Train): 66867.05 | Best fitness in generation (Train): 66867.05 | Mean fitness (Train): 66867.05 | Mean fitness (Test): 66867.05
Generation 210 | Best fitness (Train): 66867.05 | Best fitness in generation (Train): 66867.05 | Mean fitness (Train): 66867.05 | Mean fitness (Test): 66867.05
Generation 220 | Best fitness (Train): 66867.05 | Best fitness in generation (Train): 66867.05 | Mean fitness (Train): 66867.05 | Mean fitness (Test): 66867.05
Generation 230 | Best fitness (Train): 66867.05 | Best fitness in generation (Train): 66867.05 | Mean fitness (Train): 66867.05 | Mean fitness (Test): 66867.05
Generation 240 | Best fitness (Train): 66867.05 | Best fitness in generation (Train): 66867.05 | Mean fitness (Train): 66867.05 | Mean fitness (Test): 66867.05
Generation 250 | Best fitness (Train): 66867.05 | Best fitness in generation (Train): 66867.05 | Mean fitness (Train): 66867.05 | Mean fitness (Test): 66867.05
Generation 260 | Best fitness (Train): 66867.05 | Best fitness in generation (Train): 66867.05 | Mean fitness (Train): 66867.05 | Mean fitness (Test): 66867.05
Generation 270 | Best fitness (Train): 66867.05 | Best fitness in generation (Train): 66867.05 | Mean fitness (Train): 66867.05 | Mean fitness (Test): 66867.05
Generation 280 | Best fitness (Train): 66867.05 | Best fitness in generation (Train): 66867.05 | Mean fitness (Train): 66867.05 | Mean fitness (Test): 66867.05
Generation 290 | Best fitness (Train): 66867.05 | Best fitness in generation (Train): 66867.05 | Mean fitness (Train): 66867.05 | Mean fitness (Test): 66867.05
Generation 300 | Best fitness (Train): 66867.05 | Best fitness in generation (Train): 66867.05 | Mean fitness (Train): 66867.05 | Mean fitness (Test): 66867.05
Generation 310 | Best fitness (Train): 66867.05 | Best fitness in generation (Train): 66867.05 | Mean fitness (Train): 66867.05 | Mean fitness (Test): 66867.05
Generation 320 | Best fitness (Train): 66867.05 | Best fitness in generation (Train): 66867.05 | Mean fitness (Train): 66867.05 | Mean fitness (Test): 66867.05
Generation 330 | Best fitness (Train): 66867.05 | Best fitness in generation (Train): 66867.05 | Mean fitness (Train): 66867.05 | Mean fitness (Test): 66867.05
Generation 340 | Best fitness (Train): 66867.05 | Best fitness in generation (Train): 66867.05 | Mean fitness (Train): 66867.05 | Mean fitness (Test): 66867.05
Generation 350 | Best fitness (Train): 66867.05 | Best fitness in generation (Train): 66867.05 | Mean fitness (Train): 66867.05 | Mean fitness (Test): 66867.05
Generation 360 | Best fitness (Train): 66867.05 | Best fitness in generation (Train): 66867.05 | Mean fitness (Train): 66867.05 | Mean fitness (Test): 66867.05
Generation 370 | Best fitness (Train): 66867.05 | Best fitness in generation (Train): 66867.05 | Mean fitness (Train): 66867.05 | Mean fitness (Test): 66867.05
Generation 380 | Best fitness (Train): 66867.05 | Best fitness in generation (Train): 66867.05 | Mean fitness (Train): 66867.05 | Mean fitness (Test): 66867.05
Generation 390 | Best fitness (Train): 66867.05 | Best fitness in generation (Train): 66867.05 | Mean fitness (Train): 66867.05 | Mean fitness (Test): 66867.05
Generation 400 | Best fitness (Train): 66867.05 | Best fitness in generation (Train): 66867.05 | Mean fitness (Train): 66867.05 | Mean fitness (Test): 66867.05
Generation 410 | Best fitness (Train): 66867.05 | Best fitness in generation (Train): 66867.05 | Mean fitness (Train): 66867.05 | Mean fitness (Test): 66867.05
Generation 420 | Best fitness (Train): 66867.05 | Best fitness in generation (Train): 66867.05 | Mean fitness (Train): 66867.05 | Mean fitness (Test): 66867.05
Generation 430 | Best fitness (Train): 66867.05 | Best fitness in generation (Train): 66867.05 | Mean fitness (Train): 66867.05 | Mean fitness (Test): 66867.05
Generation 440 | Best fitness (Train): 66867.05 | Best fitness in generation (Train): 66867.05 | Mean fitness (Train): 66867.05 | Mean fitness (Test): 66867.05
Generation 450 | Best fitness (Train): 66867.05 | Best fitness in generation (Train): 66867.05 | Mean fitness (Train): 66867.05 | Mean fitness (Test): 66867.05
Generation 460 | Best fitness (Train): 66867.05 | Best fitness in generation (Train): 66867.05 | Mean fitness (Train): 66867.05 | Mean fitness (Test): 66867.05
Generation 470 | Best fitness (Train): 66867.05 | Best fitness in generation (Train): 66867.05 | Mean fitness (Train): 66867.05 | Mean fitness (Test): 66867.05
Generation 480 | Best fitness (Train): 66867.05 | Best fitness in generation (Train): 66867.05 | Mean fitness (Train): 66867.05 | Mean fitness (Test): 66867.05
Generation 490 | Best fitness (Train): 66867.05 | Best fitness in generation (Train): 66867.05 | Mean fitness (Train): 66867.05 | Mean fitness (Test): 66867.05
Generation 500 | Best fitness (Train): 66867.05 | Best fitness in generation (Train): 66867.05 | Mean fitness (Train): 66867.05 | Mean fitness (Test): 66867.05
Generation 510 | Best fitness (Train): 66867.05 | Best fitness in generation (Train): 66867.05 | Mean fitness (Train): 66867.05 | Mean fitness (Test): 66867.05
Generation 520 | Best fitness (Train): 66867.05 | Best fitness in generation (Train): 66867.05 | Mean fitness (Train): 66867.05 | Mean fitness (Test): 66867.05
Generation 530 | Best fitness (Train): 66867.05 | Best fitness in generation (Train): 0.00 | Mean fitness (Train): 0.00 | Mean fitness (Test): 0.00
Generation 540 | Best fitness (Train): 66867.05 | Best fitness in generation (Train): 0.00 | Mean fitness (Train): 0.00 | Mean fitness (Test): 0.00
Generation 550 | Best fitness (Train): 66867.05 | Best fitness in generation (Train): 0.00 | Mean fitness (Train): 0.00 | Mean fitness (Test): 0.00
Generation 560 | Best fitness (Train): 66867.05 | Best fitness in generation (Train): 0.00 | Mean fitness (Train): 0.00 | Mean fitness (Test): 0.00
Generation 570 | Best fitness (Train): 66867.05 | Best fitness in generation (Train): 0.00 | Mean fitness (Train): 0.00 | Mean fitness (Test): 0.00
Generation 580 | Best fitness (Train): 66867.05 | Best fitness in generation (Train): 0.00 | Mean fitness (Train): 0.00 | Mean fitness (Test): 0.00
Generation 590 | Best fitness (Train): 66867.05 | Best fitness in generation (Train): 0.00 | Mean fitness (Train): 0.00 | Mean fitness (Test): 0.00
Generation 600 | Best fitness (Train): 66867.05 | Best fitness in generation (Train): 0.00 | Mean fitness (Train): 0.00 | Mean fitness (Test): 0.00
Generation 610 | Best fitness (Train): 66867.05 | Best fitness in generation (Train): 0.00 | Mean fitness (Train): 0.00 | Mean fitness (Test): 0.00
Generation 620 | Best fitness (Train): 66867.05 | Best fitness in generation (Train): 0.00 | Mean fitness (Train): 0.00 | Mean fitness (Test): 0.00
Generation 630 | Best fitness (Train): 66867.05 | Best fitness in generation (Train): 0.00 | Mean fitness (Train): 0.00 | Mean fitness (Test): 0.00
Generation 640 | Best fitness (Train): 66867.05 | Best fitness in generation (Train): 0.00 | Mean fitness (Train): 0.00 | Mean fitness (Test): 0.00
Generation 650 | Best fitness (Train): 66867.05 | Best fitness in generation (Train): 0.00 | Mean fitness (Train): 0.00 | Mean fitness (Test): 0.00
Generation 660 | Best fitness (Train): 66867.05 | Best fitness in generation (Train): 0.00 | Mean fitness (Train): 0.00 | Mean fitness (Test): 0.00
Generation 670 | Best fitness (Train): 66867.05 | Best fitness in generation (Train): 0.00 | Mean fitness (Train): 0.00 | Mean fitness (Test): 0.00
Generation 680 | Best fitness (Train): 66867.05 | Best fitness in generation (Train): 0.00 | Mean fitness (Train): 0.00 | Mean fitness (Test): 0.00
Generation 690 | Best fitness (Train): 66867.05 | Best fitness in generation (Train): 0.00 | Mean fitness (Train): 0.00 | Mean fitness (Test): 0.00
Generation 700 | Best fitness (Train): 66867.05 | Best fitness in generation (Train): 0.00 | Mean fitness (Train): 0.00 | Mean fitness (Test): 0.00
Generation 710 | Best fitness (Train): 66867.05 | Best fitness in generation (Train): 0.00 | Mean fitness (Train): 0.00 | Mean fitness (Test): 0.00
Generation 720 | Best fitness (Train): 66867.05 | Best fitness in generation (Train): 0.00 | Mean fitness (Train): 0.00 | Mean fitness (Test): 0.00
Generation 730 | Best fitness (Train): 66867.05 | Best fitness in generation (Train): 0.00 | Mean fitness (Train): 0.00 | Mean fitness (Test): 0.00
Generation 740 | Best fitness (Train): 66867.05 | Best fitness in generation (Train): 0.00 | Mean fitness (Train): 0.00 | Mean fitness (Test): 0.00
Generation 750 | Best fitness (Train): 66867.05 | Best fitness in generation (Train): 0.00 | Mean fitness (Train): 0.00 | Mean fitness (Test): 0.00
Generation 760 | Best fitness (Train): 66867.05 | Best fitness in generation (Train): 0.00 | Mean fitness (Train): 0.00 | Mean fitness (Test): 0.00
Generation 770 | Best fitness (Train): 66867.05 | Best fitness in generation (Train): 0.00 | Mean fitness (Train): 0.00 | Mean fitness (Test): 0.00
Generation 780 | Best fitness (Train): 66867.05 | Best fitness in generation (Train): 0.00 | Mean fitness (Train): 0.00 | Mean fitness (Test): 0.00
Generation 790 | Best fitness (Train): 66867.05 | Best fitness in generation (Train): 0.00 | Mean fitness (Train): 0.00 | Mean fitness (Test): 0.00
Generation 800 | Best fitness (Train): 66867.05 | Best fitness in generation (Train): 0.00 | Mean fitness (Train): 0.00 | Mean fitness (Test): 0.00
Generation 810 | Best fitness (Train): 66867.05 | Best fitness in generation (Train): 0.00 | Mean fitness (Train): 0.00 | Mean fitness (Test): 0.00
Generation 820 | Best fitness (Train): 66867.05 | Best fitness in generation (Train): 0.00 | Mean fitness (Train): 0.00 | Mean fitness (Test): 0.00
Generation 830 | Best fitness (Train): 66867.05 | Best fitness in generation (Train): 0.00 | Mean fitness (Train): 0.00 | Mean fitness (Test): 0.00
Generation 840 | Best fitness (Train): 66867.05 | Best fitness in generation (Train): 0.00 | Mean fitness (Train): 0.00 | Mean fitness (Test): 0.00
Generation 850 | Best fitness (Train): 66867.05 | Best fitness in generation (Train): 0.00 | Mean fitness (Train): 0.00 | Mean fitness (Test): 0.00
Generation 860 | Best fitness (Train): 66867.05 | Best fitness in generation (Train): 0.00 | Mean fitness (Train): 0.00 | Mean fitness (Test): 0.00
Generation 870 | Best fitness (Train): 66867.05 | Best fitness in generation (Train): 0.00 | Mean fitness (Train): 0.00 | Mean fitness (Test): 0.00
Generation 880 | Best fitness (Train): 66867.05 | Best fitness in generation (Train): 0.00 | Mean fitness (Train): 0.00 | Mean fitness (Test): 0.00
Generation 890 | Best fitness (Train): 66867.05 | Best fitness in generation (Train): 0.00 | Mean fitness (Train): 0.00 | Mean fitness (Test): 0.00
Generation 900 | Best fitness (Train): 66867.05 | Best fitness in generation (Train): 0.00 | Mean fitness (Train): 0.00 | Mean fitness (Test): 0.00
Generation 910 | Best fitness (Train): 66867.05 | Best fitness in generation (Train): 0.00 | Mean fitness (Train): 0.00 | Mean fitness (Test): 0.00
Generation 920 | Best fitness (Train): 66867.05 | Best fitness in generation (Train): 0.00 | Mean fitness (Train): 0.00 | Mean fitness (Test): 0.00
Generation 930 | Best fitness (Train): 66867.05 | Best fitness in generation (Train): 0.00 | Mean fitness (Train): 0.00 | Mean fitness (Test): 0.00
Generation 940 | Best fitness (Train): 66867.05 | Best fitness in generation (Train): 0.00 | Mean fitness (Train): 0.00 | Mean fitness (Test): 0.00
Generation 950 | Best fitness (Train): 66867.05 | Best fitness in generation (Train): 0.00 | Mean fitness (Train): 0.00 | Mean fitness (Test): 0.00
Generation 960 | Best fitness (Train): 66867.05 | Best fitness in generation (Train): 0.00 | Mean fitness (Train): 0.00 | Mean fitness (Test): 0.00
Generation 970 | Best fitness (Train): 66867.05 | Best fitness in generation (Train): 0.00 | Mean fitness (Train): 0.00 | Mean fitness (Test): 0.00
Generation 980 | Best fitness (Train): 66867.05 | Best fitness in generation (Train): 0.00 | Mean fitness (Train): 0.00 | Mean fitness (Test): 0.00
Generation 990 | Best fitness (Train): 66867.05 | Best fitness in generation (Train): 0.00 | Mean fitness (Train): 0.00 | Mean fitness (Test): 0.00
Generation 1000 | Best fitness (Train): 66867.05 | Best fitness in generation (Train): 0.00 | Mean fitness (Train): 0.00 | Mean fitness (Test): 0.00
Failed to generate visualization: 'Fast' object has no attribute 'sys'
running the experiment ... [../../results/BraxProblem/fast/Sep_CMA_ES/2]
Generation 010 | Best fitness (Train): 66867.05 | Best fitness in generation (Train): 66867.05 | Mean fitness (Train): 56659.17 | Mean fitness (Test): 66867.05
Generation 020 | Best fitness (Train): 66867.05 | Best fitness in generation (Train): 66867.05 | Mean fitness (Train): 61810.09 | Mean fitness (Test): 66867.05
Generation 030 | Best fitness (Train): 66867.05 | Best fitness in generation (Train): 66867.05 | Mean fitness (Train): 63709.05 | Mean fitness (Test): 66867.05
Generation 040 | Best fitness (Train): 66867.05 | Best fitness in generation (Train): 66867.05 | Mean fitness (Train): 66344.66 | Mean fitness (Test): 66867.05
Generation 050 | Best fitness (Train): 66867.05 | Best fitness in generation (Train): 66867.05 | Mean fitness (Train): 66605.86 | Mean fitness (Test): 66867.05
Generation 060 | Best fitness (Train): 66867.05 | Best fitness in generation (Train): 66867.05 | Mean fitness (Train): 66605.86 | Mean fitness (Test): 66867.05
Generation 070 | Best fitness (Train): 66867.05 | Best fitness in generation (Train): 66867.05 | Mean fitness (Train): 66867.05 | Mean fitness (Test): 66867.05
Generation 080 | Best fitness (Train): 66867.05 | Best fitness in generation (Train): 66867.05 | Mean fitness (Train): 66867.05 | Mean fitness (Test): 66867.05
Generation 090 | Best fitness (Train): 66867.05 | Best fitness in generation (Train): 66867.05 | Mean fitness (Train): 66867.05 | Mean fitness (Test): 66867.05
Generation 100 | Best fitness (Train): 66867.05 | Best fitness in generation (Train): 66867.05 | Mean fitness (Train): 66867.05 | Mean fitness (Test): 66867.05
Generation 110 | Best fitness (Train): 66867.05 | Best fitness in generation (Train): 66867.05 | Mean fitness (Train): 66867.05 | Mean fitness (Test): 66867.05
Generation 120 | Best fitness (Train): 66867.05 | Best fitness in generation (Train): 66867.05 | Mean fitness (Train): 66867.05 | Mean fitness (Test): 66867.05
Generation 130 | Best fitness (Train): 66867.05 | Best fitness in generation (Train): 66867.05 | Mean fitness (Train): 66867.05 | Mean fitness (Test): 66867.05
Generation 140 | Best fitness (Train): 66867.05 | Best fitness in generation (Train): 66867.05 | Mean fitness (Train): 66867.05 | Mean fitness (Test): 66867.05
Generation 150 | Best fitness (Train): 66867.05 | Best fitness in generation (Train): 66867.05 | Mean fitness (Train): 66867.05 | Mean fitness (Test): 66867.05
Generation 160 | Best fitness (Train): 66867.05 | Best fitness in generation (Train): 66867.05 | Mean fitness (Train): 66867.05 | Mean fitness (Test): 66867.05
Generation 170 | Best fitness (Train): 66867.05 | Best fitness in generation (Train): 66867.05 | Mean fitness (Train): 66867.05 | Mean fitness (Test): 66867.05
Generation 180 | Best fitness (Train): 66867.05 | Best fitness in generation (Train): 66867.05 | Mean fitness (Train): 66867.05 | Mean fitness (Test): 66867.05
Generation 190 | Best fitness (Train): 66867.05 | Best fitness in generation (Train): 66867.05 | Mean fitness (Train): 66867.05 | Mean fitness (Test): 66867.05
Generation 200 | Best fitness (Train): 66867.05 | Best fitness in generation (Train): 66867.05 | Mean fitness (Train): 66867.05 | Mean fitness (Test): 66867.05
Generation 210 | Best fitness (Train): 66867.05 | Best fitness in generation (Train): 66867.05 | Mean fitness (Train): 66867.05 | Mean fitness (Test): 66867.05
Generation 220 | Best fitness (Train): 66867.05 | Best fitness in generation (Train): 66867.05 | Mean fitness (Train): 66867.05 | Mean fitness (Test): 66867.05
Generation 230 | Best fitness (Train): 66867.05 | Best fitness in generation (Train): 66867.05 | Mean fitness (Train): 66867.05 | Mean fitness (Test): 66867.05
Generation 240 | Best fitness (Train): 66867.05 | Best fitness in generation (Train): 66867.05 | Mean fitness (Train): 66867.05 | Mean fitness (Test): 66867.05
Generation 250 | Best fitness (Train): 66867.05 | Best fitness in generation (Train): 66867.05 | Mean fitness (Train): 66867.05 | Mean fitness (Test): 66867.05
Generation 260 | Best fitness (Train): 66867.05 | Best fitness in generation (Train): 66867.05 | Mean fitness (Train): 66867.05 | Mean fitness (Test): 66867.05
Generation 270 | Best fitness (Train): 66867.05 | Best fitness in generation (Train): 66867.05 | Mean fitness (Train): 66867.05 | Mean fitness (Test): 66867.05
Generation 280 | Best fitness (Train): 66867.05 | Best fitness in generation (Train): 66867.05 | Mean fitness (Train): 66867.05 | Mean fitness (Test): 66867.05
Generation 290 | Best fitness (Train): 66867.05 | Best fitness in generation (Train): 66867.05 | Mean fitness (Train): 66867.05 | Mean fitness (Test): 66867.05
Generation 300 | Best fitness (Train): 66867.05 | Best fitness in generation (Train): 66867.05 | Mean fitness (Train): 66867.05 | Mean fitness (Test): 66867.05
Generation 310 | Best fitness (Train): 66867.05 | Best fitness in generation (Train): 66867.05 | Mean fitness (Train): 66867.05 | Mean fitness (Test): 66867.05
Generation 320 | Best fitness (Train): 66867.05 | Best fitness in generation (Train): 66867.05 | Mean fitness (Train): 66867.05 | Mean fitness (Test): 66867.05
Generation 330 | Best fitness (Train): 66867.05 | Best fitness in generation (Train): 66867.05 | Mean fitness (Train): 66867.05 | Mean fitness (Test): 66867.05
Generation 340 | Best fitness (Train): 66867.05 | Best fitness in generation (Train): 66867.05 | Mean fitness (Train): 66867.05 | Mean fitness (Test): 66867.05
Generation 350 | Best fitness (Train): 66867.05 | Best fitness in generation (Train): 66867.05 | Mean fitness (Train): 66867.05 | Mean fitness (Test): 66867.05
Generation 360 | Best fitness (Train): 66867.05 | Best fitness in generation (Train): 66867.05 | Mean fitness (Train): 66867.05 | Mean fitness (Test): 66867.05
Generation 370 | Best fitness (Train): 66867.05 | Best fitness in generation (Train): 66867.05 | Mean fitness (Train): 66867.05 | Mean fitness (Test): 66867.05
Generation 380 | Best fitness (Train): 66867.05 | Best fitness in generation (Train): 66867.05 | Mean fitness (Train): 66867.05 | Mean fitness (Test): 66867.05
Generation 390 | Best fitness (Train): 66867.05 | Best fitness in generation (Train): 66867.05 | Mean fitness (Train): 66867.05 | Mean fitness (Test): 66867.05
Generation 400 | Best fitness (Train): 66867.05 | Best fitness in generation (Train): 66867.05 | Mean fitness (Train): 66867.05 | Mean fitness (Test): 66867.05
Generation 410 | Best fitness (Train): 66867.05 | Best fitness in generation (Train): 66867.05 | Mean fitness (Train): 66867.05 | Mean fitness (Test): 66867.05
Generation 420 | Best fitness (Train): 66867.05 | Best fitness in generation (Train): 66867.05 | Mean fitness (Train): 66867.05 | Mean fitness (Test): 66867.05
Generation 430 | Best fitness (Train): 66867.05 | Best fitness in generation (Train): 66867.05 | Mean fitness (Train): 66867.05 | Mean fitness (Test): 66867.05
Generation 440 | Best fitness (Train): 66867.05 | Best fitness in generation (Train): 66867.05 | Mean fitness (Train): 66867.05 | Mean fitness (Test): 66867.05
Generation 450 | Best fitness (Train): 66867.05 | Best fitness in generation (Train): 66867.05 | Mean fitness (Train): 66867.05 | Mean fitness (Test): 66867.05
Generation 460 | Best fitness (Train): 66867.05 | Best fitness in generation (Train): 66867.05 | Mean fitness (Train): 66867.05 | Mean fitness (Test): 66867.05
Generation 470 | Best fitness (Train): 66867.05 | Best fitness in generation (Train): 66867.05 | Mean fitness (Train): 66867.05 | Mean fitness (Test): 66867.05
Generation 480 | Best fitness (Train): 66867.05 | Best fitness in generation (Train): 66867.05 | Mean fitness (Train): 66867.05 | Mean fitness (Test): 66867.05
Generation 490 | Best fitness (Train): 66867.05 | Best fitness in generation (Train): 66867.05 | Mean fitness (Train): 66867.05 | Mean fitness (Test): 66867.05
Generation 500 | Best fitness (Train): 66867.05 | Best fitness in generation (Train): 66867.05 | Mean fitness (Train): 66867.05 | Mean fitness (Test): 66867.05
Generation 510 | Best fitness (Train): 66867.05 | Best fitness in generation (Train): 66867.05 | Mean fitness (Train): 66867.05 | Mean fitness (Test): 66867.05
Generation 520 | Best fitness (Train): 66867.05 | Best fitness in generation (Train): 66867.05 | Mean fitness (Train): 66867.05 | Mean fitness (Test): 66867.05
Generation 530 | Best fitness (Train): 66867.05 | Best fitness in generation (Train): 0.00 | Mean fitness (Train): 0.00 | Mean fitness (Test): 0.00
Generation 540 | Best fitness (Train): 66867.05 | Best fitness in generation (Train): 0.00 | Mean fitness (Train): 0.00 | Mean fitness (Test): 0.00
Generation 550 | Best fitness (Train): 66867.05 | Best fitness in generation (Train): 0.00 | Mean fitness (Train): 0.00 | Mean fitness (Test): 0.00
Generation 560 | Best fitness (Train): 66867.05 | Best fitness in generation (Train): 0.00 | Mean fitness (Train): 0.00 | Mean fitness (Test): 0.00
Generation 570 | Best fitness (Train): 66867.05 | Best fitness in generation (Train): 0.00 | Mean fitness (Train): 0.00 | Mean fitness (Test): 0.00
Generation 580 | Best fitness (Train): 66867.05 | Best fitness in generation (Train): 0.00 | Mean fitness (Train): 0.00 | Mean fitness (Test): 0.00
Generation 590 | Best fitness (Train): 66867.05 | Best fitness in generation (Train): 0.00 | Mean fitness (Train): 0.00 | Mean fitness (Test): 0.00
Generation 600 | Best fitness (Train): 66867.05 | Best fitness in generation (Train): 0.00 | Mean fitness (Train): 0.00 | Mean fitness (Test): 0.00
Generation 610 | Best fitness (Train): 66867.05 | Best fitness in generation (Train): 0.00 | Mean fitness (Train): 0.00 | Mean fitness (Test): 0.00
Generation 620 | Best fitness (Train): 66867.05 | Best fitness in generation (Train): 0.00 | Mean fitness (Train): 0.00 | Mean fitness (Test): 0.00
Generation 630 | Best fitness (Train): 66867.05 | Best fitness in generation (Train): 0.00 | Mean fitness (Train): 0.00 | Mean fitness (Test): 0.00
Generation 640 | Best fitness (Train): 66867.05 | Best fitness in generation (Train): 0.00 | Mean fitness (Train): 0.00 | Mean fitness (Test): 0.00
Generation 650 | Best fitness (Train): 66867.05 | Best fitness in generation (Train): 0.00 | Mean fitness (Train): 0.00 | Mean fitness (Test): 0.00
Generation 660 | Best fitness (Train): 66867.05 | Best fitness in generation (Train): 0.00 | Mean fitness (Train): 0.00 | Mean fitness (Test): 0.00
Generation 670 | Best fitness (Train): 66867.05 | Best fitness in generation (Train): 0.00 | Mean fitness (Train): 0.00 | Mean fitness (Test): 0.00
Generation 680 | Best fitness (Train): 66867.05 | Best fitness in generation (Train): 0.00 | Mean fitness (Train): 0.00 | Mean fitness (Test): 0.00
Generation 690 | Best fitness (Train): 66867.05 | Best fitness in generation (Train): 0.00 | Mean fitness (Train): 0.00 | Mean fitness (Test): 0.00
Generation 700 | Best fitness (Train): 66867.05 | Best fitness in generation (Train): 0.00 | Mean fitness (Train): 0.00 | Mean fitness (Test): 0.00
Generation 710 | Best fitness (Train): 66867.05 | Best fitness in generation (Train): 0.00 | Mean fitness (Train): 0.00 | Mean fitness (Test): 0.00
Generation 720 | Best fitness (Train): 66867.05 | Best fitness in generation (Train): 0.00 | Mean fitness (Train): 0.00 | Mean fitness (Test): 0.00
Generation 730 | Best fitness (Train): 66867.05 | Best fitness in generation (Train): 0.00 | Mean fitness (Train): 0.00 | Mean fitness (Test): 0.00
Generation 740 | Best fitness (Train): 66867.05 | Best fitness in generation (Train): 0.00 | Mean fitness (Train): 0.00 | Mean fitness (Test): 0.00
Generation 750 | Best fitness (Train): 66867.05 | Best fitness in generation (Train): 0.00 | Mean fitness (Train): 0.00 | Mean fitness (Test): 0.00
Generation 760 | Best fitness (Train): 66867.05 | Best fitness in generation (Train): 0.00 | Mean fitness (Train): 0.00 | Mean fitness (Test): 0.00
Generation 770 | Best fitness (Train): 66867.05 | Best fitness in generation (Train): 0.00 | Mean fitness (Train): 0.00 | Mean fitness (Test): 0.00
Generation 780 | Best fitness (Train): 66867.05 | Best fitness in generation (Train): 0.00 | Mean fitness (Train): 0.00 | Mean fitness (Test): 0.00
Generation 790 | Best fitness (Train): 66867.05 | Best fitness in generation (Train): 0.00 | Mean fitness (Train): 0.00 | Mean fitness (Test): 0.00
Generation 800 | Best fitness (Train): 66867.05 | Best fitness in generation (Train): 0.00 | Mean fitness (Train): 0.00 | Mean fitness (Test): 0.00
Generation 810 | Best fitness (Train): 66867.05 | Best fitness in generation (Train): 0.00 | Mean fitness (Train): 0.00 | Mean fitness (Test): 0.00
Generation 820 | Best fitness (Train): 66867.05 | Best fitness in generation (Train): 0.00 | Mean fitness (Train): 0.00 | Mean fitness (Test): 0.00
Generation 830 | Best fitness (Train): 66867.05 | Best fitness in generation (Train): 0.00 | Mean fitness (Train): 0.00 | Mean fitness (Test): 0.00
Generation 840 | Best fitness (Train): 66867.05 | Best fitness in generation (Train): 0.00 | Mean fitness (Train): 0.00 | Mean fitness (Test): 0.00
Generation 850 | Best fitness (Train): 66867.05 | Best fitness in generation (Train): 0.00 | Mean fitness (Train): 0.00 | Mean fitness (Test): 0.00
Generation 860 | Best fitness (Train): 66867.05 | Best fitness in generation (Train): 0.00 | Mean fitness (Train): 0.00 | Mean fitness (Test): 0.00
Generation 870 | Best fitness (Train): 66867.05 | Best fitness in generation (Train): 0.00 | Mean fitness (Train): 0.00 | Mean fitness (Test): 0.00
Generation 880 | Best fitness (Train): 66867.05 | Best fitness in generation (Train): 0.00 | Mean fitness (Train): 0.00 | Mean fitness (Test): 0.00
Generation 890 | Best fitness (Train): 66867.05 | Best fitness in generation (Train): 0.00 | Mean fitness (Train): 0.00 | Mean fitness (Test): 0.00
Generation 900 | Best fitness (Train): 66867.05 | Best fitness in generation (Train): 0.00 | Mean fitness (Train): 0.00 | Mean fitness (Test): 0.00
Generation 910 | Best fitness (Train): 66867.05 | Best fitness in generation (Train): 0.00 | Mean fitness (Train): 0.00 | Mean fitness (Test): 0.00
Generation 920 | Best fitness (Train): 66867.05 | Best fitness in generation (Train): 0.00 | Mean fitness (Train): 0.00 | Mean fitness (Test): 0.00
Generation 930 | Best fitness (Train): 66867.05 | Best fitness in generation (Train): 0.00 | Mean fitness (Train): 0.00 | Mean fitness (Test): 0.00
Generation 940 | Best fitness (Train): 66867.05 | Best fitness in generation (Train): 0.00 | Mean fitness (Train): 0.00 | Mean fitness (Test): 0.00
Generation 950 | Best fitness (Train): 66867.05 | Best fitness in generation (Train): 0.00 | Mean fitness (Train): 0.00 | Mean fitness (Test): 0.00
Generation 960 | Best fitness (Train): 66867.05 | Best fitness in generation (Train): 0.00 | Mean fitness (Train): 0.00 | Mean fitness (Test): 0.00
Generation 970 | Best fitness (Train): 66867.05 | Best fitness in generation (Train): 0.00 | Mean fitness (Train): 0.00 | Mean fitness (Test): 0.00
Generation 980 | Best fitness (Train): 66867.05 | Best fitness in generation (Train): 0.00 | Mean fitness (Train): 0.00 | Mean fitness (Test): 0.00
Generation 990 | Best fitness (Train): 66867.05 | Best fitness in generation (Train): 0.00 | Mean fitness (Train): 0.00 | Mean fitness (Test): 0.00
Generation 1000 | Best fitness (Train): 66867.05 | Best fitness in generation (Train): 0.00 | Mean fitness (Train): 0.00 | Mean fitness (Test): 0.00
Failed to generate visualization: 'Fast' object has no attribute 'sys'
running the experiment ... [../../results/BraxProblem/fast/Sep_CMA_ES/3]
Generation 010 | Best fitness (Train): 66867.05 | Best fitness in generation (Train): 66867.05 | Mean fitness (Train): 56323.69 | Mean fitness (Test): 66867.05
Generation 020 | Best fitness (Train): 66867.05 | Best fitness in generation (Train): 66867.05 | Mean fitness (Train): 58413.17 | Mean fitness (Test): 66867.05
Generation 030 | Best fitness (Train): 66867.05 | Best fitness in generation (Train): 66867.05 | Mean fitness (Train): 63086.36 | Mean fitness (Test): 66867.05
Generation 040 | Best fitness (Train): 66867.05 | Best fitness in generation (Train): 66867.05 | Mean fitness (Train): 66074.75 | Mean fitness (Test): 66867.05
Generation 050 | Best fitness (Train): 66867.05 | Best fitness in generation (Train): 66867.05 | Mean fitness (Train): 66083.45 | Mean fitness (Test): 66867.05
Generation 060 | Best fitness (Train): 66867.05 | Best fitness in generation (Train): 66867.05 | Mean fitness (Train): 66867.05 | Mean fitness (Test): 66867.05
Generation 070 | Best fitness (Train): 66867.05 | Best fitness in generation (Train): 66867.05 | Mean fitness (Train): 66867.05 | Mean fitness (Test): 66867.05
Generation 080 | Best fitness (Train): 66867.05 | Best fitness in generation (Train): 66867.05 | Mean fitness (Train): 66867.05 | Mean fitness (Test): 66867.05
Generation 090 | Best fitness (Train): 66867.05 | Best fitness in generation (Train): 66867.05 | Mean fitness (Train): 66867.05 | Mean fitness (Test): 66867.05
Generation 100 | Best fitness (Train): 66867.05 | Best fitness in generation (Train): 66867.05 | Mean fitness (Train): 66867.05 | Mean fitness (Test): 66867.05
Generation 110 | Best fitness (Train): 66867.05 | Best fitness in generation (Train): 66867.05 | Mean fitness (Train): 66867.05 | Mean fitness (Test): 66867.05
Generation 120 | Best fitness (Train): 66867.05 | Best fitness in generation (Train): 66867.05 | Mean fitness (Train): 66867.05 | Mean fitness (Test): 66867.05
Generation 130 | Best fitness (Train): 66867.05 | Best fitness in generation (Train): 66867.05 | Mean fitness (Train): 66867.05 | Mean fitness (Test): 66867.05
Generation 140 | Best fitness (Train): 66867.05 | Best fitness in generation (Train): 66867.05 | Mean fitness (Train): 66867.05 | Mean fitness (Test): 66867.05
Generation 150 | Best fitness (Train): 66867.05 | Best fitness in generation (Train): 66867.05 | Mean fitness (Train): 66867.05 | Mean fitness (Test): 66867.05
Generation 160 | Best fitness (Train): 66867.05 | Best fitness in generation (Train): 66867.05 | Mean fitness (Train): 66867.05 | Mean fitness (Test): 66867.05
Generation 170 | Best fitness (Train): 66867.05 | Best fitness in generation (Train): 66867.05 | Mean fitness (Train): 66867.05 | Mean fitness (Test): 66867.05
Generation 180 | Best fitness (Train): 66867.05 | Best fitness in generation (Train): 66867.05 | Mean fitness (Train): 66867.05 | Mean fitness (Test): 66867.05
Generation 190 | Best fitness (Train): 66867.05 | Best fitness in generation (Train): 66867.05 | Mean fitness (Train): 66867.05 | Mean fitness (Test): 66867.05
Generation 200 | Best fitness (Train): 66867.05 | Best fitness in generation (Train): 66867.05 | Mean fitness (Train): 66867.05 | Mean fitness (Test): 66867.05
Generation 210 | Best fitness (Train): 66867.05 | Best fitness in generation (Train): 66867.05 | Mean fitness (Train): 66867.05 | Mean fitness (Test): 66867.05
Generation 220 | Best fitness (Train): 66867.05 | Best fitness in generation (Train): 66867.05 | Mean fitness (Train): 66867.05 | Mean fitness (Test): 66867.05
Generation 230 | Best fitness (Train): 66867.05 | Best fitness in generation (Train): 66867.05 | Mean fitness (Train): 66867.05 | Mean fitness (Test): 66867.05
Generation 240 | Best fitness (Train): 66867.05 | Best fitness in generation (Train): 66867.05 | Mean fitness (Train): 66867.05 | Mean fitness (Test): 66867.05
Generation 250 | Best fitness (Train): 66867.05 | Best fitness in generation (Train): 66867.05 | Mean fitness (Train): 66867.05 | Mean fitness (Test): 66867.05
Generation 260 | Best fitness (Train): 66867.05 | Best fitness in generation (Train): 66867.05 | Mean fitness (Train): 66867.05 | Mean fitness (Test): 66867.05
Generation 270 | Best fitness (Train): 66867.05 | Best fitness in generation (Train): 66867.05 | Mean fitness (Train): 66867.05 | Mean fitness (Test): 66867.05
Generation 280 | Best fitness (Train): 66867.05 | Best fitness in generation (Train): 66867.05 | Mean fitness (Train): 66867.05 | Mean fitness (Test): 66867.05
Generation 290 | Best fitness (Train): 66867.05 | Best fitness in generation (Train): 66867.05 | Mean fitness (Train): 66867.05 | Mean fitness (Test): 66867.05
Generation 300 | Best fitness (Train): 66867.05 | Best fitness in generation (Train): 66867.05 | Mean fitness (Train): 66867.05 | Mean fitness (Test): 66867.05
Generation 310 | Best fitness (Train): 66867.05 | Best fitness in generation (Train): 66867.05 | Mean fitness (Train): 66867.05 | Mean fitness (Test): 66867.05
Generation 320 | Best fitness (Train): 66867.05 | Best fitness in generation (Train): 66867.05 | Mean fitness (Train): 66867.05 | Mean fitness (Test): 66867.05
Generation 330 | Best fitness (Train): 66867.05 | Best fitness in generation (Train): 66867.05 | Mean fitness (Train): 66867.05 | Mean fitness (Test): 66867.05
Generation 340 | Best fitness (Train): 66867.05 | Best fitness in generation (Train): 66867.05 | Mean fitness (Train): 66867.05 | Mean fitness (Test): 66867.05
Generation 350 | Best fitness (Train): 66867.05 | Best fitness in generation (Train): 66867.05 | Mean fitness (Train): 66867.05 | Mean fitness (Test): 66867.05
Generation 360 | Best fitness (Train): 66867.05 | Best fitness in generation (Train): 66867.05 | Mean fitness (Train): 66867.05 | Mean fitness (Test): 66867.05
Generation 370 | Best fitness (Train): 66867.05 | Best fitness in generation (Train): 66867.05 | Mean fitness (Train): 66867.05 | Mean fitness (Test): 66867.05
Generation 380 | Best fitness (Train): 66867.05 | Best fitness in generation (Train): 66867.05 | Mean fitness (Train): 66867.05 | Mean fitness (Test): 66867.05
Generation 390 | Best fitness (Train): 66867.05 | Best fitness in generation (Train): 66867.05 | Mean fitness (Train): 66867.05 | Mean fitness (Test): 66867.05
Generation 400 | Best fitness (Train): 66867.05 | Best fitness in generation (Train): 66867.05 | Mean fitness (Train): 66867.05 | Mean fitness (Test): 66867.05
Generation 410 | Best fitness (Train): 66867.05 | Best fitness in generation (Train): 66867.05 | Mean fitness (Train): 66867.05 | Mean fitness (Test): 66867.05
Generation 420 | Best fitness (Train): 66867.05 | Best fitness in generation (Train): 66867.05 | Mean fitness (Train): 66867.05 | Mean fitness (Test): 66867.05
Generation 430 | Best fitness (Train): 66867.05 | Best fitness in generation (Train): 66867.05 | Mean fitness (Train): 66867.05 | Mean fitness (Test): 66867.05
Generation 440 | Best fitness (Train): 66867.05 | Best fitness in generation (Train): 66867.05 | Mean fitness (Train): 66867.05 | Mean fitness (Test): 66867.05
Generation 450 | Best fitness (Train): 66867.05 | Best fitness in generation (Train): 66867.05 | Mean fitness (Train): 66867.05 | Mean fitness (Test): 66867.05
Generation 460 | Best fitness (Train): 66867.05 | Best fitness in generation (Train): 66867.05 | Mean fitness (Train): 66867.05 | Mean fitness (Test): 66867.05
Generation 470 | Best fitness (Train): 66867.05 | Best fitness in generation (Train): 66867.05 | Mean fitness (Train): 66867.05 | Mean fitness (Test): 66867.05
Generation 480 | Best fitness (Train): 66867.05 | Best fitness in generation (Train): 66867.05 | Mean fitness (Train): 66867.05 | Mean fitness (Test): 66867.05
Generation 490 | Best fitness (Train): 66867.05 | Best fitness in generation (Train): 66867.05 | Mean fitness (Train): 66867.05 | Mean fitness (Test): 66867.05
Generation 500 | Best fitness (Train): 66867.05 | Best fitness in generation (Train): 66867.05 | Mean fitness (Train): 66867.05 | Mean fitness (Test): 66867.05
Generation 510 | Best fitness (Train): 66867.05 | Best fitness in generation (Train): 66867.05 | Mean fitness (Train): 66867.05 | Mean fitness (Test): 66867.05
Generation 520 | Best fitness (Train): 66867.05 | Best fitness in generation (Train): 66867.05 | Mean fitness (Train): 66867.05 | Mean fitness (Test): 66867.05
Generation 530 | Best fitness (Train): 66867.05 | Best fitness in generation (Train): 0.00 | Mean fitness (Train): 0.00 | Mean fitness (Test): 0.00
Generation 540 | Best fitness (Train): 66867.05 | Best fitness in generation (Train): 0.00 | Mean fitness (Train): 0.00 | Mean fitness (Test): 0.00
Generation 550 | Best fitness (Train): 66867.05 | Best fitness in generation (Train): 0.00 | Mean fitness (Train): 0.00 | Mean fitness (Test): 0.00
Generation 560 | Best fitness (Train): 66867.05 | Best fitness in generation (Train): 0.00 | Mean fitness (Train): 0.00 | Mean fitness (Test): 0.00
Generation 570 | Best fitness (Train): 66867.05 | Best fitness in generation (Train): 0.00 | Mean fitness (Train): 0.00 | Mean fitness (Test): 0.00
Generation 580 | Best fitness (Train): 66867.05 | Best fitness in generation (Train): 0.00 | Mean fitness (Train): 0.00 | Mean fitness (Test): 0.00
Generation 590 | Best fitness (Train): 66867.05 | Best fitness in generation (Train): 0.00 | Mean fitness (Train): 0.00 | Mean fitness (Test): 0.00
Generation 600 | Best fitness (Train): 66867.05 | Best fitness in generation (Train): 0.00 | Mean fitness (Train): 0.00 | Mean fitness (Test): 0.00
Generation 610 | Best fitness (Train): 66867.05 | Best fitness in generation (Train): 0.00 | Mean fitness (Train): 0.00 | Mean fitness (Test): 0.00
Generation 620 | Best fitness (Train): 66867.05 | Best fitness in generation (Train): 0.00 | Mean fitness (Train): 0.00 | Mean fitness (Test): 0.00
Generation 630 | Best fitness (Train): 66867.05 | Best fitness in generation (Train): 0.00 | Mean fitness (Train): 0.00 | Mean fitness (Test): 0.00
Generation 640 | Best fitness (Train): 66867.05 | Best fitness in generation (Train): 0.00 | Mean fitness (Train): 0.00 | Mean fitness (Test): 0.00
Generation 650 | Best fitness (Train): 66867.05 | Best fitness in generation (Train): 0.00 | Mean fitness (Train): 0.00 | Mean fitness (Test): 0.00
Generation 660 | Best fitness (Train): 66867.05 | Best fitness in generation (Train): 0.00 | Mean fitness (Train): 0.00 | Mean fitness (Test): 0.00
Generation 670 | Best fitness (Train): 66867.05 | Best fitness in generation (Train): 0.00 | Mean fitness (Train): 0.00 | Mean fitness (Test): 0.00
Generation 680 | Best fitness (Train): 66867.05 | Best fitness in generation (Train): 0.00 | Mean fitness (Train): 0.00 | Mean fitness (Test): 0.00
Generation 690 | Best fitness (Train): 66867.05 | Best fitness in generation (Train): 0.00 | Mean fitness (Train): 0.00 | Mean fitness (Test): 0.00
Generation 700 | Best fitness (Train): 66867.05 | Best fitness in generation (Train): 0.00 | Mean fitness (Train): 0.00 | Mean fitness (Test): 0.00
Generation 710 | Best fitness (Train): 66867.05 | Best fitness in generation (Train): 0.00 | Mean fitness (Train): 0.00 | Mean fitness (Test): 0.00
Generation 720 | Best fitness (Train): 66867.05 | Best fitness in generation (Train): 0.00 | Mean fitness (Train): 0.00 | Mean fitness (Test): 0.00
Generation 730 | Best fitness (Train): 66867.05 | Best fitness in generation (Train): 0.00 | Mean fitness (Train): 0.00 | Mean fitness (Test): 0.00
Generation 740 | Best fitness (Train): 66867.05 | Best fitness in generation (Train): 0.00 | Mean fitness (Train): 0.00 | Mean fitness (Test): 0.00
Generation 750 | Best fitness (Train): 66867.05 | Best fitness in generation (Train): 0.00 | Mean fitness (Train): 0.00 | Mean fitness (Test): 0.00
Generation 760 | Best fitness (Train): 66867.05 | Best fitness in generation (Train): 0.00 | Mean fitness (Train): 0.00 | Mean fitness (Test): 0.00
Generation 770 | Best fitness (Train): 66867.05 | Best fitness in generation (Train): 0.00 | Mean fitness (Train): 0.00 | Mean fitness (Test): 0.00
Generation 780 | Best fitness (Train): 66867.05 | Best fitness in generation (Train): 0.00 | Mean fitness (Train): 0.00 | Mean fitness (Test): 0.00
Generation 790 | Best fitness (Train): 66867.05 | Best fitness in generation (Train): 0.00 | Mean fitness (Train): 0.00 | Mean fitness (Test): 0.00
Generation 800 | Best fitness (Train): 66867.05 | Best fitness in generation (Train): 0.00 | Mean fitness (Train): 0.00 | Mean fitness (Test): 0.00
Generation 810 | Best fitness (Train): 66867.05 | Best fitness in generation (Train): 0.00 | Mean fitness (Train): 0.00 | Mean fitness (Test): 0.00
Generation 820 | Best fitness (Train): 66867.05 | Best fitness in generation (Train): 0.00 | Mean fitness (Train): 0.00 | Mean fitness (Test): 0.00
Generation 830 | Best fitness (Train): 66867.05 | Best fitness in generation (Train): 0.00 | Mean fitness (Train): 0.00 | Mean fitness (Test): 0.00
Generation 840 | Best fitness (Train): 66867.05 | Best fitness in generation (Train): 0.00 | Mean fitness (Train): 0.00 | Mean fitness (Test): 0.00
Generation 850 | Best fitness (Train): 66867.05 | Best fitness in generation (Train): 0.00 | Mean fitness (Train): 0.00 | Mean fitness (Test): 0.00
Generation 860 | Best fitness (Train): 66867.05 | Best fitness in generation (Train): 0.00 | Mean fitness (Train): 0.00 | Mean fitness (Test): 0.00
Generation 870 | Best fitness (Train): 66867.05 | Best fitness in generation (Train): 0.00 | Mean fitness (Train): 0.00 | Mean fitness (Test): 0.00
Generation 880 | Best fitness (Train): 66867.05 | Best fitness in generation (Train): 0.00 | Mean fitness (Train): 0.00 | Mean fitness (Test): 0.00
Generation 890 | Best fitness (Train): 66867.05 | Best fitness in generation (Train): 0.00 | Mean fitness (Train): 0.00 | Mean fitness (Test): 0.00
Generation 900 | Best fitness (Train): 66867.05 | Best fitness in generation (Train): 0.00 | Mean fitness (Train): 0.00 | Mean fitness (Test): 0.00
Generation 910 | Best fitness (Train): 66867.05 | Best fitness in generation (Train): 0.00 | Mean fitness (Train): 0.00 | Mean fitness (Test): 0.00
Generation 920 | Best fitness (Train): 66867.05 | Best fitness in generation (Train): 0.00 | Mean fitness (Train): 0.00 | Mean fitness (Test): 0.00
Generation 930 | Best fitness (Train): 66867.05 | Best fitness in generation (Train): 0.00 | Mean fitness (Train): 0.00 | Mean fitness (Test): 0.00
Generation 940 | Best fitness (Train): 66867.05 | Best fitness in generation (Train): 0.00 | Mean fitness (Train): 0.00 | Mean fitness (Test): 0.00
Generation 950 | Best fitness (Train): 66867.05 | Best fitness in generation (Train): 0.00 | Mean fitness (Train): 0.00 | Mean fitness (Test): 0.00
Generation 960 | Best fitness (Train): 66867.05 | Best fitness in generation (Train): 0.00 | Mean fitness (Train): 0.00 | Mean fitness (Test): 0.00
Generation 970 | Best fitness (Train): 66867.05 | Best fitness in generation (Train): 0.00 | Mean fitness (Train): 0.00 | Mean fitness (Test): 0.00
Generation 980 | Best fitness (Train): 66867.05 | Best fitness in generation (Train): 0.00 | Mean fitness (Train): 0.00 | Mean fitness (Test): 0.00
Generation 990 | Best fitness (Train): 66867.05 | Best fitness in generation (Train): 0.00 | Mean fitness (Train): 0.00 | Mean fitness (Test): 0.00
Generation 1000 | Best fitness (Train): 66867.05 | Best fitness in generation (Train): 0.00 | Mean fitness (Train): 0.00 | Mean fitness (Test): 0.00
Failed to generate visualization: 'Fast' object has no attribute 'sys'
running the experiment ... [../../results/BraxProblem/fast/Sep_CMA_ES/4]
Generation 010 | Best fitness (Train): 66867.05 | Best fitness in generation (Train): 66867.05 | Mean fitness (Train): 57666.79 | Mean fitness (Test): 66867.05
Generation 020 | Best fitness (Train): 66867.05 | Best fitness in generation (Train): 66867.05 | Mean fitness (Train): 61539.02 | Mean fitness (Test): 66867.05
Generation 030 | Best fitness (Train): 66867.05 | Best fitness in generation (Train): 66867.05 | Mean fitness (Train): 63349.35 | Mean fitness (Test): 66867.05
Generation 040 | Best fitness (Train): 66867.05 | Best fitness in generation (Train): 66867.05 | Mean fitness (Train): 65049.47 | Mean fitness (Test): 66867.05
Generation 050 | Best fitness (Train): 66867.05 | Best fitness in generation (Train): 66867.05 | Mean fitness (Train): 66867.05 | Mean fitness (Test): 66867.05
Generation 060 | Best fitness (Train): 66867.05 | Best fitness in generation (Train): 66867.05 | Mean fitness (Train): 66867.05 | Mean fitness (Test): 66867.05
Generation 070 | Best fitness (Train): 66867.05 | Best fitness in generation (Train): 66867.05 | Mean fitness (Train): 66867.05 | Mean fitness (Test): 66867.05
Generation 080 | Best fitness (Train): 66867.05 | Best fitness in generation (Train): 66867.05 | Mean fitness (Train): 66867.05 | Mean fitness (Test): 66867.05
Generation 090 | Best fitness (Train): 66867.05 | Best fitness in generation (Train): 66867.05 | Mean fitness (Train): 66867.05 | Mean fitness (Test): 66867.05
Generation 100 | Best fitness (Train): 66867.05 | Best fitness in generation (Train): 66867.05 | Mean fitness (Train): 66867.05 | Mean fitness (Test): 66867.05
Generation 110 | Best fitness (Train): 66867.05 | Best fitness in generation (Train): 66867.05 | Mean fitness (Train): 66867.05 | Mean fitness (Test): 66867.05
Generation 120 | Best fitness (Train): 66867.05 | Best fitness in generation (Train): 66867.05 | Mean fitness (Train): 66867.05 | Mean fitness (Test): 66867.05
Generation 130 | Best fitness (Train): 66867.05 | Best fitness in generation (Train): 66867.05 | Mean fitness (Train): 66867.05 | Mean fitness (Test): 66867.05
Generation 140 | Best fitness (Train): 66867.05 | Best fitness in generation (Train): 66867.05 | Mean fitness (Train): 66867.05 | Mean fitness (Test): 66867.05
Generation 150 | Best fitness (Train): 66867.05 | Best fitness in generation (Train): 66867.05 | Mean fitness (Train): 66867.05 | Mean fitness (Test): 66867.05
Generation 160 | Best fitness (Train): 66867.05 | Best fitness in generation (Train): 66867.05 | Mean fitness (Train): 66867.05 | Mean fitness (Test): 66867.05
Generation 170 | Best fitness (Train): 66867.05 | Best fitness in generation (Train): 66867.05 | Mean fitness (Train): 66867.05 | Mean fitness (Test): 66867.05
Generation 180 | Best fitness (Train): 66867.05 | Best fitness in generation (Train): 66867.05 | Mean fitness (Train): 66867.05 | Mean fitness (Test): 66867.05
Generation 190 | Best fitness (Train): 66867.05 | Best fitness in generation (Train): 66867.05 | Mean fitness (Train): 66867.05 | Mean fitness (Test): 66867.05
Generation 200 | Best fitness (Train): 66867.05 | Best fitness in generation (Train): 66867.05 | Mean fitness (Train): 66867.05 | Mean fitness (Test): 66867.05
Generation 210 | Best fitness (Train): 66867.05 | Best fitness in generation (Train): 66867.05 | Mean fitness (Train): 66867.05 | Mean fitness (Test): 66867.05
Generation 220 | Best fitness (Train): 66867.05 | Best fitness in generation (Train): 66867.05 | Mean fitness (Train): 66867.05 | Mean fitness (Test): 66867.05
Generation 230 | Best fitness (Train): 66867.05 | Best fitness in generation (Train): 66867.05 | Mean fitness (Train): 66867.05 | Mean fitness (Test): 66867.05
Generation 240 | Best fitness (Train): 66867.05 | Best fitness in generation (Train): 66867.05 | Mean fitness (Train): 66867.05 | Mean fitness (Test): 66867.05
Generation 250 | Best fitness (Train): 66867.05 | Best fitness in generation (Train): 66867.05 | Mean fitness (Train): 66867.05 | Mean fitness (Test): 66867.05
Generation 260 | Best fitness (Train): 66867.05 | Best fitness in generation (Train): 66867.05 | Mean fitness (Train): 66867.05 | Mean fitness (Test): 66867.05
Generation 270 | Best fitness (Train): 66867.05 | Best fitness in generation (Train): 66867.05 | Mean fitness (Train): 66867.05 | Mean fitness (Test): 66867.05
Generation 280 | Best fitness (Train): 66867.05 | Best fitness in generation (Train): 66867.05 | Mean fitness (Train): 66867.05 | Mean fitness (Test): 66867.05
Generation 290 | Best fitness (Train): 66867.05 | Best fitness in generation (Train): 66867.05 | Mean fitness (Train): 66867.05 | Mean fitness (Test): 66867.05
Generation 300 | Best fitness (Train): 66867.05 | Best fitness in generation (Train): 66867.05 | Mean fitness (Train): 66867.05 | Mean fitness (Test): 66867.05
Generation 310 | Best fitness (Train): 66867.05 | Best fitness in generation (Train): 66867.05 | Mean fitness (Train): 66867.05 | Mean fitness (Test): 66867.05
Generation 320 | Best fitness (Train): 66867.05 | Best fitness in generation (Train): 66867.05 | Mean fitness (Train): 66867.05 | Mean fitness (Test): 66867.05
Generation 330 | Best fitness (Train): 66867.05 | Best fitness in generation (Train): 66867.05 | Mean fitness (Train): 66867.05 | Mean fitness (Test): 66867.05
Generation 340 | Best fitness (Train): 66867.05 | Best fitness in generation (Train): 66867.05 | Mean fitness (Train): 66867.05 | Mean fitness (Test): 66867.05
Generation 350 | Best fitness (Train): 66867.05 | Best fitness in generation (Train): 66867.05 | Mean fitness (Train): 66867.05 | Mean fitness (Test): 66867.05
Generation 360 | Best fitness (Train): 66867.05 | Best fitness in generation (Train): 66867.05 | Mean fitness (Train): 66867.05 | Mean fitness (Test): 66867.05
Generation 370 | Best fitness (Train): 66867.05 | Best fitness in generation (Train): 66867.05 | Mean fitness (Train): 66867.05 | Mean fitness (Test): 66867.05
Generation 380 | Best fitness (Train): 66867.05 | Best fitness in generation (Train): 66867.05 | Mean fitness (Train): 66867.05 | Mean fitness (Test): 66867.05
Generation 390 | Best fitness (Train): 66867.05 | Best fitness in generation (Train): 66867.05 | Mean fitness (Train): 66867.05 | Mean fitness (Test): 66867.05
Generation 400 | Best fitness (Train): 66867.05 | Best fitness in generation (Train): 66867.05 | Mean fitness (Train): 66867.05 | Mean fitness (Test): 66867.05
Generation 410 | Best fitness (Train): 66867.05 | Best fitness in generation (Train): 66867.05 | Mean fitness (Train): 66867.05 | Mean fitness (Test): 66867.05
Generation 420 | Best fitness (Train): 66867.05 | Best fitness in generation (Train): 66867.05 | Mean fitness (Train): 66867.05 | Mean fitness (Test): 66867.05
Generation 430 | Best fitness (Train): 66867.05 | Best fitness in generation (Train): 66867.05 | Mean fitness (Train): 66867.05 | Mean fitness (Test): 66867.05
Generation 440 | Best fitness (Train): 66867.05 | Best fitness in generation (Train): 66867.05 | Mean fitness (Train): 66867.05 | Mean fitness (Test): 66867.05
Generation 450 | Best fitness (Train): 66867.05 | Best fitness in generation (Train): 66867.05 | Mean fitness (Train): 66867.05 | Mean fitness (Test): 66867.05
Generation 460 | Best fitness (Train): 66867.05 | Best fitness in generation (Train): 66867.05 | Mean fitness (Train): 66867.05 | Mean fitness (Test): 66867.05
Generation 470 | Best fitness (Train): 66867.05 | Best fitness in generation (Train): 66867.05 | Mean fitness (Train): 66867.05 | Mean fitness (Test): 66867.05
Generation 480 | Best fitness (Train): 66867.05 | Best fitness in generation (Train): 66867.05 | Mean fitness (Train): 66867.05 | Mean fitness (Test): 66867.05
Generation 490 | Best fitness (Train): 66867.05 | Best fitness in generation (Train): 66867.05 | Mean fitness (Train): 66867.05 | Mean fitness (Test): 66867.05
Generation 500 | Best fitness (Train): 66867.05 | Best fitness in generation (Train): 66867.05 | Mean fitness (Train): 66867.05 | Mean fitness (Test): 66867.05
Generation 510 | Best fitness (Train): 66867.05 | Best fitness in generation (Train): 66867.05 | Mean fitness (Train): 66867.05 | Mean fitness (Test): 66867.05
Generation 520 | Best fitness (Train): 66867.05 | Best fitness in generation (Train): 66867.05 | Mean fitness (Train): 66867.05 | Mean fitness (Test): 66867.05
Generation 530 | Best fitness (Train): 66867.05 | Best fitness in generation (Train): 0.00 | Mean fitness (Train): 0.00 | Mean fitness (Test): 0.00
Generation 540 | Best fitness (Train): 66867.05 | Best fitness in generation (Train): 0.00 | Mean fitness (Train): 0.00 | Mean fitness (Test): 0.00
Generation 550 | Best fitness (Train): 66867.05 | Best fitness in generation (Train): 0.00 | Mean fitness (Train): 0.00 | Mean fitness (Test): 0.00
Generation 560 | Best fitness (Train): 66867.05 | Best fitness in generation (Train): 0.00 | Mean fitness (Train): 0.00 | Mean fitness (Test): 0.00
Generation 570 | Best fitness (Train): 66867.05 | Best fitness in generation (Train): 0.00 | Mean fitness (Train): 0.00 | Mean fitness (Test): 0.00
Generation 580 | Best fitness (Train): 66867.05 | Best fitness in generation (Train): 0.00 | Mean fitness (Train): 0.00 | Mean fitness (Test): 0.00
Generation 590 | Best fitness (Train): 66867.05 | Best fitness in generation (Train): 0.00 | Mean fitness (Train): 0.00 | Mean fitness (Test): 0.00
Generation 600 | Best fitness (Train): 66867.05 | Best fitness in generation (Train): 0.00 | Mean fitness (Train): 0.00 | Mean fitness (Test): 0.00
Generation 610 | Best fitness (Train): 66867.05 | Best fitness in generation (Train): 0.00 | Mean fitness (Train): 0.00 | Mean fitness (Test): 0.00
Generation 620 | Best fitness (Train): 66867.05 | Best fitness in generation (Train): 0.00 | Mean fitness (Train): 0.00 | Mean fitness (Test): 0.00
Generation 630 | Best fitness (Train): 66867.05 | Best fitness in generation (Train): 0.00 | Mean fitness (Train): 0.00 | Mean fitness (Test): 0.00
Generation 640 | Best fitness (Train): 66867.05 | Best fitness in generation (Train): 0.00 | Mean fitness (Train): 0.00 | Mean fitness (Test): 0.00
Generation 650 | Best fitness (Train): 66867.05 | Best fitness in generation (Train): 0.00 | Mean fitness (Train): 0.00 | Mean fitness (Test): 0.00
Generation 660 | Best fitness (Train): 66867.05 | Best fitness in generation (Train): 0.00 | Mean fitness (Train): 0.00 | Mean fitness (Test): 0.00
Generation 670 | Best fitness (Train): 66867.05 | Best fitness in generation (Train): 0.00 | Mean fitness (Train): 0.00 | Mean fitness (Test): 0.00
Generation 680 | Best fitness (Train): 66867.05 | Best fitness in generation (Train): 0.00 | Mean fitness (Train): 0.00 | Mean fitness (Test): 0.00
Generation 690 | Best fitness (Train): 66867.05 | Best fitness in generation (Train): 0.00 | Mean fitness (Train): 0.00 | Mean fitness (Test): 0.00
Generation 700 | Best fitness (Train): 66867.05 | Best fitness in generation (Train): 0.00 | Mean fitness (Train): 0.00 | Mean fitness (Test): 0.00
Generation 710 | Best fitness (Train): 66867.05 | Best fitness in generation (Train): 0.00 | Mean fitness (Train): 0.00 | Mean fitness (Test): 0.00
Generation 720 | Best fitness (Train): 66867.05 | Best fitness in generation (Train): 0.00 | Mean fitness (Train): 0.00 | Mean fitness (Test): 0.00
Generation 730 | Best fitness (Train): 66867.05 | Best fitness in generation (Train): 0.00 | Mean fitness (Train): 0.00 | Mean fitness (Test): 0.00
Generation 740 | Best fitness (Train): 66867.05 | Best fitness in generation (Train): 0.00 | Mean fitness (Train): 0.00 | Mean fitness (Test): 0.00
Generation 750 | Best fitness (Train): 66867.05 | Best fitness in generation (Train): 0.00 | Mean fitness (Train): 0.00 | Mean fitness (Test): 0.00
Generation 760 | Best fitness (Train): 66867.05 | Best fitness in generation (Train): 0.00 | Mean fitness (Train): 0.00 | Mean fitness (Test): 0.00
Generation 770 | Best fitness (Train): 66867.05 | Best fitness in generation (Train): 0.00 | Mean fitness (Train): 0.00 | Mean fitness (Test): 0.00
Generation 780 | Best fitness (Train): 66867.05 | Best fitness in generation (Train): 0.00 | Mean fitness (Train): 0.00 | Mean fitness (Test): 0.00
Generation 790 | Best fitness (Train): 66867.05 | Best fitness in generation (Train): 0.00 | Mean fitness (Train): 0.00 | Mean fitness (Test): 0.00
Generation 800 | Best fitness (Train): 66867.05 | Best fitness in generation (Train): 0.00 | Mean fitness (Train): 0.00 | Mean fitness (Test): 0.00
Generation 810 | Best fitness (Train): 66867.05 | Best fitness in generation (Train): 0.00 | Mean fitness (Train): 0.00 | Mean fitness (Test): 0.00
Generation 820 | Best fitness (Train): 66867.05 | Best fitness in generation (Train): 0.00 | Mean fitness (Train): 0.00 | Mean fitness (Test): 0.00
Generation 830 | Best fitness (Train): 66867.05 | Best fitness in generation (Train): 0.00 | Mean fitness (Train): 0.00 | Mean fitness (Test): 0.00
Generation 840 | Best fitness (Train): 66867.05 | Best fitness in generation (Train): 0.00 | Mean fitness (Train): 0.00 | Mean fitness (Test): 0.00
Generation 850 | Best fitness (Train): 66867.05 | Best fitness in generation (Train): 0.00 | Mean fitness (Train): 0.00 | Mean fitness (Test): 0.00
Generation 860 | Best fitness (Train): 66867.05 | Best fitness in generation (Train): 0.00 | Mean fitness (Train): 0.00 | Mean fitness (Test): 0.00
Generation 870 | Best fitness (Train): 66867.05 | Best fitness in generation (Train): 0.00 | Mean fitness (Train): 0.00 | Mean fitness (Test): 0.00
Generation 880 | Best fitness (Train): 66867.05 | Best fitness in generation (Train): 0.00 | Mean fitness (Train): 0.00 | Mean fitness (Test): 0.00
Generation 890 | Best fitness (Train): 66867.05 | Best fitness in generation (Train): 0.00 | Mean fitness (Train): 0.00 | Mean fitness (Test): 0.00
Generation 900 | Best fitness (Train): 66867.05 | Best fitness in generation (Train): 0.00 | Mean fitness (Train): 0.00 | Mean fitness (Test): 0.00
Generation 910 | Best fitness (Train): 66867.05 | Best fitness in generation (Train): 0.00 | Mean fitness (Train): 0.00 | Mean fitness (Test): 0.00
Generation 920 | Best fitness (Train): 66867.05 | Best fitness in generation (Train): 0.00 | Mean fitness (Train): 0.00 | Mean fitness (Test): 0.00
Generation 930 | Best fitness (Train): 66867.05 | Best fitness in generation (Train): 0.00 | Mean fitness (Train): 0.00 | Mean fitness (Test): 0.00
Generation 940 | Best fitness (Train): 66867.05 | Best fitness in generation (Train): 0.00 | Mean fitness (Train): 0.00 | Mean fitness (Test): 0.00
Generation 950 | Best fitness (Train): 66867.05 | Best fitness in generation (Train): 0.00 | Mean fitness (Train): 0.00 | Mean fitness (Test): 0.00
Generation 960 | Best fitness (Train): 66867.05 | Best fitness in generation (Train): 0.00 | Mean fitness (Train): 0.00 | Mean fitness (Test): 0.00
Generation 970 | Best fitness (Train): 66867.05 | Best fitness in generation (Train): 0.00 | Mean fitness (Train): 0.00 | Mean fitness (Test): 0.00
Generation 980 | Best fitness (Train): 66867.05 | Best fitness in generation (Train): 0.00 | Mean fitness (Train): 0.00 | Mean fitness (Test): 0.00
Generation 990 | Best fitness (Train): 66867.05 | Best fitness in generation (Train): 0.00 | Mean fitness (Train): 0.00 | Mean fitness (Test): 0.00
Generation 1000 | Best fitness (Train): 66867.05 | Best fitness in generation (Train): 0.00 | Mean fitness (Train): 0.00 | Mean fitness (Test): 0.00
Failed to generate visualization: 'Fast' object has no attribute 'sys'
Running ES algorithms:   0%|                                                                                                          | 0/1 [00:00<?, ?it/s][A
Running ES algorithms: 100%|█████████████████████████████████████████████████████████████████████████████████████████████████| 1/1 [02:40<00:00, 160.16s/it][ARunning ES algorithms: 100%|█████████████████████████████████████████████████████████████████████████████████████████████████| 1/1 [02:40<00:00, 160.16s/it]
Successfully loaded: halfcheetah
Loading Problems ..:  17%|██████████████▊                                                                          | 2/12 [28:54:16<119:05:53, 42875.35s/it]
running the experiment ... [../../results/BraxProblem/halfcheetah/Sep_CMA_ES/0]
Generation 010 | Best fitness (Train): 3131.08 | Best fitness in generation (Train): 3131.08 | Mean fitness (Train): 838.91 | Mean fitness (Test): 1042.44
Generation 020 | Best fitness (Train): 3420.38 | Best fitness in generation (Train): 3284.00 | Mean fitness (Train): 1704.03 | Mean fitness (Test): 2601.82
Generation 030 | Best fitness (Train): 3873.28 | Best fitness in generation (Train): 3873.28 | Mean fitness (Train): 2381.45 | Mean fitness (Test): 3170.04
Generation 040 | Best fitness (Train): 4125.80 | Best fitness in generation (Train): 4113.42 | Mean fitness (Train): 2929.26 | Mean fitness (Test): 3810.34
Generation 050 | Best fitness (Train): 4593.48 | Best fitness in generation (Train): 4504.98 | Mean fitness (Train): 3069.37 | Mean fitness (Test): 4189.65
Generation 060 | Best fitness (Train): 4906.67 | Best fitness in generation (Train): 4906.67 | Mean fitness (Train): 3191.81 | Mean fitness (Test): 4802.50
Generation 070 | Best fitness (Train): 5129.92 | Best fitness in generation (Train): 4948.38 | Mean fitness (Train): 3376.41 | Mean fitness (Test): 5330.82
Generation 080 | Best fitness (Train): 5602.08 | Best fitness in generation (Train): 5371.50 | Mean fitness (Train): 3434.19 | Mean fitness (Test): 5326.70
Generation 090 | Best fitness (Train): 5626.56 | Best fitness in generation (Train): 5236.35 | Mean fitness (Train): 3499.98 | Mean fitness (Test): 5108.08
Generation 100 | Best fitness (Train): 6318.50 | Best fitness in generation (Train): 6318.50 | Mean fitness (Train): 3640.46 | Mean fitness (Test): 5769.43
Generation 110 | Best fitness (Train): 6318.50 | Best fitness in generation (Train): 6043.13 | Mean fitness (Train): 3784.14 | Mean fitness (Test): 5956.46
Generation 120 | Best fitness (Train): 6549.58 | Best fitness in generation (Train): 6205.82 | Mean fitness (Train): 3756.76 | Mean fitness (Test): 6856.62
Generation 130 | Best fitness (Train): 6881.02 | Best fitness in generation (Train): 6667.18 | Mean fitness (Train): 3852.18 | Mean fitness (Test): 6243.16
Generation 140 | Best fitness (Train): 6881.02 | Best fitness in generation (Train): 6587.51 | Mean fitness (Train): 4003.23 | Mean fitness (Test): 6515.03
Generation 150 | Best fitness (Train): 6881.02 | Best fitness in generation (Train): 6332.76 | Mean fitness (Train): 3992.25 | Mean fitness (Test): 6376.02
Generation 160 | Best fitness (Train): 6901.38 | Best fitness in generation (Train): 6645.68 | Mean fitness (Train): 3894.68 | Mean fitness (Test): 6765.45
Generation 170 | Best fitness (Train): 7037.06 | Best fitness in generation (Train): 6487.70 | Mean fitness (Train): 4121.02 | Mean fitness (Test): 6531.23
Generation 180 | Best fitness (Train): 7037.06 | Best fitness in generation (Train): 6661.46 | Mean fitness (Train): 4068.68 | Mean fitness (Test): 6394.71
Generation 190 | Best fitness (Train): 7208.55 | Best fitness in generation (Train): 6587.24 | Mean fitness (Train): 4115.73 | Mean fitness (Test): 6331.08
Generation 200 | Best fitness (Train): 7208.55 | Best fitness in generation (Train): 6873.65 | Mean fitness (Train): 4141.11 | Mean fitness (Test): 6479.48
Generation 210 | Best fitness (Train): 7208.55 | Best fitness in generation (Train): 6705.68 | Mean fitness (Train): 4208.83 | Mean fitness (Test): 6465.72
Generation 220 | Best fitness (Train): 7325.02 | Best fitness in generation (Train): 7139.98 | Mean fitness (Train): 4214.25 | Mean fitness (Test): 6564.71
Generation 230 | Best fitness (Train): 7325.02 | Best fitness in generation (Train): 6876.57 | Mean fitness (Train): 4198.10 | Mean fitness (Test): 6089.89
Generation 240 | Best fitness (Train): 7333.26 | Best fitness in generation (Train): 6986.13 | Mean fitness (Train): 4083.82 | Mean fitness (Test): 6861.47
Generation 250 | Best fitness (Train): 7600.62 | Best fitness in generation (Train): 6895.02 | Mean fitness (Train): 4354.20 | Mean fitness (Test): 7140.66
Generation 260 | Best fitness (Train): 7600.62 | Best fitness in generation (Train): 7282.52 | Mean fitness (Train): 4290.68 | Mean fitness (Test): 7301.23
Generation 270 | Best fitness (Train): 7679.96 | Best fitness in generation (Train): 7060.82 | Mean fitness (Train): 4283.92 | Mean fitness (Test): 7211.42
Generation 280 | Best fitness (Train): 7679.96 | Best fitness in generation (Train): 7197.36 | Mean fitness (Train): 4332.76 | Mean fitness (Test): 7299.51
Generation 290 | Best fitness (Train): 7679.96 | Best fitness in generation (Train): 7279.04 | Mean fitness (Train): 4300.10 | Mean fitness (Test): 7496.83
Generation 300 | Best fitness (Train): 7837.40 | Best fitness in generation (Train): 7462.94 | Mean fitness (Train): 4347.85 | Mean fitness (Test): 7253.80
Generation 310 | Best fitness (Train): 7853.50 | Best fitness in generation (Train): 7723.69 | Mean fitness (Train): 4373.83 | Mean fitness (Test): 7524.97
Generation 320 | Best fitness (Train): 7853.50 | Best fitness in generation (Train): 7429.51 | Mean fitness (Train): 4548.67 | Mean fitness (Test): 7369.91
Generation 330 | Best fitness (Train): 7853.50 | Best fitness in generation (Train): 7530.85 | Mean fitness (Train): 4634.06 | Mean fitness (Test): 7669.06
Generation 340 | Best fitness (Train): 7887.90 | Best fitness in generation (Train): 7353.79 | Mean fitness (Train): 4358.54 | Mean fitness (Test): 7486.51
Generation 350 | Best fitness (Train): 8048.96 | Best fitness in generation (Train): 7329.05 | Mean fitness (Train): 4666.41 | Mean fitness (Test): 7440.32
Generation 360 | Best fitness (Train): 8048.96 | Best fitness in generation (Train): 7461.64 | Mean fitness (Train): 4469.01 | Mean fitness (Test): 7237.24
Generation 370 | Best fitness (Train): 8048.96 | Best fitness in generation (Train): 7638.11 | Mean fitness (Train): 4471.91 | Mean fitness (Test): 7570.27
Generation 380 | Best fitness (Train): 8048.96 | Best fitness in generation (Train): 7488.11 | Mean fitness (Train): 4616.89 | Mean fitness (Test): 7664.93
Generation 390 | Best fitness (Train): 8048.96 | Best fitness in generation (Train): 7625.08 | Mean fitness (Train): 4590.76 | Mean fitness (Test): 7557.87
Generation 400 | Best fitness (Train): 8048.96 | Best fitness in generation (Train): 7269.31 | Mean fitness (Train): 4628.22 | Mean fitness (Test): 7483.75
Generation 410 | Best fitness (Train): 8048.96 | Best fitness in generation (Train): 7329.32 | Mean fitness (Train): 4625.61 | Mean fitness (Test): 7646.32
Generation 420 | Best fitness (Train): 8048.96 | Best fitness in generation (Train): 7842.90 | Mean fitness (Train): 4587.00 | Mean fitness (Test): 7860.58
Generation 430 | Best fitness (Train): 8048.96 | Best fitness in generation (Train): 7717.31 | Mean fitness (Train): 4772.60 | Mean fitness (Test): 7533.07
Generation 440 | Best fitness (Train): 8048.96 | Best fitness in generation (Train): 7589.12 | Mean fitness (Train): 4670.16 | Mean fitness (Test): 7740.20
Generation 450 | Best fitness (Train): 8048.96 | Best fitness in generation (Train): 7511.02 | Mean fitness (Train): 4711.01 | Mean fitness (Test): 7535.00
Generation 460 | Best fitness (Train): 8048.96 | Best fitness in generation (Train): 7646.67 | Mean fitness (Train): 4492.93 | Mean fitness (Test): 7940.37
Generation 470 | Best fitness (Train): 8097.17 | Best fitness in generation (Train): 7528.02 | Mean fitness (Train): 4773.22 | Mean fitness (Test): 7931.41
Generation 480 | Best fitness (Train): 8097.17 | Best fitness in generation (Train): 7370.68 | Mean fitness (Train): 4466.40 | Mean fitness (Test): 7522.61
Generation 490 | Best fitness (Train): 8125.67 | Best fitness in generation (Train): 7621.10 | Mean fitness (Train): 4739.84 | Mean fitness (Test): 7699.86
Generation 500 | Best fitness (Train): 8125.67 | Best fitness in generation (Train): 7656.48 | Mean fitness (Train): 4591.85 | Mean fitness (Test): 7867.31
Generation 510 | Best fitness (Train): 8125.67 | Best fitness in generation (Train): 7805.21 | Mean fitness (Train): 4786.43 | Mean fitness (Test): 7835.62
Generation 520 | Best fitness (Train): 8125.67 | Best fitness in generation (Train): 7577.05 | Mean fitness (Train): 4823.28 | Mean fitness (Test): 7872.57
Generation 530 | Best fitness (Train): 8125.67 | Best fitness in generation (Train): nan | Mean fitness (Train): nan | Mean fitness (Test): nan
Generation 540 | Best fitness (Train): 8125.67 | Best fitness in generation (Train): nan | Mean fitness (Train): nan | Mean fitness (Test): nan
Generation 550 | Best fitness (Train): 8125.67 | Best fitness in generation (Train): nan | Mean fitness (Train): nan | Mean fitness (Test): nan
Generation 560 | Best fitness (Train): 8125.67 | Best fitness in generation (Train): nan | Mean fitness (Train): nan | Mean fitness (Test): nan
Generation 570 | Best fitness (Train): 8125.67 | Best fitness in generation (Train): nan | Mean fitness (Train): nan | Mean fitness (Test): nan
Generation 580 | Best fitness (Train): 8125.67 | Best fitness in generation (Train): nan | Mean fitness (Train): nan | Mean fitness (Test): nan
Generation 590 | Best fitness (Train): 8125.67 | Best fitness in generation (Train): nan | Mean fitness (Train): nan | Mean fitness (Test): nan
Generation 600 | Best fitness (Train): 8125.67 | Best fitness in generation (Train): nan | Mean fitness (Train): nan | Mean fitness (Test): nan
Generation 610 | Best fitness (Train): 8125.67 | Best fitness in generation (Train): nan | Mean fitness (Train): nan | Mean fitness (Test): nan
Generation 620 | Best fitness (Train): 8125.67 | Best fitness in generation (Train): nan | Mean fitness (Train): nan | Mean fitness (Test): nan
Generation 630 | Best fitness (Train): 8125.67 | Best fitness in generation (Train): nan | Mean fitness (Train): nan | Mean fitness (Test): nan
Generation 640 | Best fitness (Train): 8125.67 | Best fitness in generation (Train): nan | Mean fitness (Train): nan | Mean fitness (Test): nan
Generation 650 | Best fitness (Train): 8125.67 | Best fitness in generation (Train): nan | Mean fitness (Train): nan | Mean fitness (Test): nan
Generation 660 | Best fitness (Train): 8125.67 | Best fitness in generation (Train): nan | Mean fitness (Train): nan | Mean fitness (Test): nan
Generation 670 | Best fitness (Train): 8125.67 | Best fitness in generation (Train): nan | Mean fitness (Train): nan | Mean fitness (Test): nan
Generation 680 | Best fitness (Train): 8125.67 | Best fitness in generation (Train): nan | Mean fitness (Train): nan | Mean fitness (Test): nan
Generation 690 | Best fitness (Train): 8125.67 | Best fitness in generation (Train): nan | Mean fitness (Train): nan | Mean fitness (Test): nan
Generation 700 | Best fitness (Train): 8125.67 | Best fitness in generation (Train): nan | Mean fitness (Train): nan | Mean fitness (Test): nan
Generation 710 | Best fitness (Train): 8125.67 | Best fitness in generation (Train): nan | Mean fitness (Train): nan | Mean fitness (Test): nan
Generation 720 | Best fitness (Train): 8125.67 | Best fitness in generation (Train): nan | Mean fitness (Train): nan | Mean fitness (Test): nan
Generation 730 | Best fitness (Train): 8125.67 | Best fitness in generation (Train): nan | Mean fitness (Train): nan | Mean fitness (Test): nan
Generation 740 | Best fitness (Train): 8125.67 | Best fitness in generation (Train): nan | Mean fitness (Train): nan | Mean fitness (Test): nan
Generation 750 | Best fitness (Train): 8125.67 | Best fitness in generation (Train): nan | Mean fitness (Train): nan | Mean fitness (Test): nan
Generation 760 | Best fitness (Train): 8125.67 | Best fitness in generation (Train): nan | Mean fitness (Train): nan | Mean fitness (Test): nan
Generation 770 | Best fitness (Train): 8125.67 | Best fitness in generation (Train): nan | Mean fitness (Train): nan | Mean fitness (Test): nan
Generation 780 | Best fitness (Train): 8125.67 | Best fitness in generation (Train): nan | Mean fitness (Train): nan | Mean fitness (Test): nan
Generation 790 | Best fitness (Train): 8125.67 | Best fitness in generation (Train): nan | Mean fitness (Train): nan | Mean fitness (Test): nan
Generation 800 | Best fitness (Train): 8125.67 | Best fitness in generation (Train): nan | Mean fitness (Train): nan | Mean fitness (Test): nan
Generation 810 | Best fitness (Train): 8125.67 | Best fitness in generation (Train): nan | Mean fitness (Train): nan | Mean fitness (Test): nan
Generation 820 | Best fitness (Train): 8125.67 | Best fitness in generation (Train): nan | Mean fitness (Train): nan | Mean fitness (Test): nan
Generation 830 | Best fitness (Train): 8125.67 | Best fitness in generation (Train): nan | Mean fitness (Train): nan | Mean fitness (Test): nan
Generation 840 | Best fitness (Train): 8125.67 | Best fitness in generation (Train): nan | Mean fitness (Train): nan | Mean fitness (Test): nan
Generation 850 | Best fitness (Train): 8125.67 | Best fitness in generation (Train): nan | Mean fitness (Train): nan | Mean fitness (Test): nan
Generation 860 | Best fitness (Train): 8125.67 | Best fitness in generation (Train): nan | Mean fitness (Train): nan | Mean fitness (Test): nan
Generation 870 | Best fitness (Train): 8125.67 | Best fitness in generation (Train): nan | Mean fitness (Train): nan | Mean fitness (Test): nan
Generation 880 | Best fitness (Train): 8125.67 | Best fitness in generation (Train): nan | Mean fitness (Train): nan | Mean fitness (Test): nan
Generation 890 | Best fitness (Train): 8125.67 | Best fitness in generation (Train): nan | Mean fitness (Train): nan | Mean fitness (Test): nan
Generation 900 | Best fitness (Train): 8125.67 | Best fitness in generation (Train): nan | Mean fitness (Train): nan | Mean fitness (Test): nan
Generation 910 | Best fitness (Train): 8125.67 | Best fitness in generation (Train): nan | Mean fitness (Train): nan | Mean fitness (Test): nan
Generation 920 | Best fitness (Train): 8125.67 | Best fitness in generation (Train): nan | Mean fitness (Train): nan | Mean fitness (Test): nan
Generation 930 | Best fitness (Train): 8125.67 | Best fitness in generation (Train): nan | Mean fitness (Train): nan | Mean fitness (Test): nan
Generation 940 | Best fitness (Train): 8125.67 | Best fitness in generation (Train): nan | Mean fitness (Train): nan | Mean fitness (Test): nan
Generation 950 | Best fitness (Train): 8125.67 | Best fitness in generation (Train): nan | Mean fitness (Train): nan | Mean fitness (Test): nan
Generation 960 | Best fitness (Train): 8125.67 | Best fitness in generation (Train): nan | Mean fitness (Train): nan | Mean fitness (Test): nan
Generation 970 | Best fitness (Train): 8125.67 | Best fitness in generation (Train): nan | Mean fitness (Train): nan | Mean fitness (Test): nan
Generation 980 | Best fitness (Train): 8125.67 | Best fitness in generation (Train): nan | Mean fitness (Train): nan | Mean fitness (Test): nan
Generation 990 | Best fitness (Train): 8125.67 | Best fitness in generation (Train): nan | Mean fitness (Train): nan | Mean fitness (Test): nan
Generation 1000 | Best fitness (Train): 8125.67 | Best fitness in generation (Train): nan | Mean fitness (Train): nan | Mean fitness (Test): nan
running the experiment ... [../../results/BraxProblem/halfcheetah/Sep_CMA_ES/1]
Generation 010 | Best fitness (Train): 3324.77 | Best fitness in generation (Train): 2822.33 | Mean fitness (Train): 1101.24 | Mean fitness (Test): 1920.50
Generation 020 | Best fitness (Train): 3892.19 | Best fitness in generation (Train): 3553.27 | Mean fitness (Train): 1829.74 | Mean fitness (Test): 3858.56
Generation 030 | Best fitness (Train): 4893.10 | Best fitness in generation (Train): 4765.59 | Mean fitness (Train): 2326.74 | Mean fitness (Test): 4394.33
Generation 040 | Best fitness (Train): 5257.49 | Best fitness in generation (Train): 5257.49 | Mean fitness (Train): 3071.96 | Mean fitness (Test): 5355.40
Generation 050 | Best fitness (Train): 6093.64 | Best fitness in generation (Train): 5694.29 | Mean fitness (Train): 3409.99 | Mean fitness (Test): 5838.38
Generation 060 | Best fitness (Train): 6477.13 | Best fitness in generation (Train): 6250.58 | Mean fitness (Train): 3745.82 | Mean fitness (Test): 6446.12
Generation 070 | Best fitness (Train): 7246.74 | Best fitness in generation (Train): 7246.74 | Mean fitness (Train): 4207.73 | Mean fitness (Test): 7716.17
Generation 080 | Best fitness (Train): 7918.98 | Best fitness in generation (Train): 7918.98 | Mean fitness (Train): 4562.81 | Mean fitness (Test): 8733.75
Generation 090 | Best fitness (Train): 9120.21 | Best fitness in generation (Train): 8852.59 | Mean fitness (Train): 4957.84 | Mean fitness (Test): 9633.61
Generation 100 | Best fitness (Train): 9805.10 | Best fitness in generation (Train): 9085.39 | Mean fitness (Train): 5521.22 | Mean fitness (Test): 10483.20
Generation 110 | Best fitness (Train): 10546.75 | Best fitness in generation (Train): 10546.75 | Mean fitness (Train): 6146.54 | Mean fitness (Test): 10361.47
Generation 120 | Best fitness (Train): 10980.01 | Best fitness in generation (Train): 10719.73 | Mean fitness (Train): 6301.54 | Mean fitness (Test): 11452.51
Generation 130 | Best fitness (Train): 11614.72 | Best fitness in generation (Train): 11446.50 | Mean fitness (Train): 6944.33 | Mean fitness (Test): 10963.09
Generation 140 | Best fitness (Train): 12270.30 | Best fitness in generation (Train): 12270.30 | Mean fitness (Train): 7097.51 | Mean fitness (Test): 10930.22
Generation 150 | Best fitness (Train): 12702.81 | Best fitness in generation (Train): 12401.82 | Mean fitness (Train): 7977.23 | Mean fitness (Test): 12179.28
[2025-11-14T01:50:36.059] error: *** JOB 8108717 ON ise-3090-02 CANCELLED AT 2025-11-14T01:50:36 DUE TO TIME LIMIT ***
Running ES algorithms:   0%|                                                                                                          | 0/1 [00:00<?, ?it/s][A[2025-11-14T01:50:36.060] error: *** STEP 8108717.0 ON ise-3090-02 CANCELLED AT 2025-11-14T01:50:36 DUE TO TIME LIMIT ***
srun: Job step aborted: Waiting up to 302 seconds for job step to finish.
