Sat 15 Nov 2025 22:58:29 IST

SLURM_JOBID:		 8184824
SLURM_JOB_NODELIST:	 ise-pheno-08 

configuration parmas running: problem_type=vision es_algorithms=Open_ES
Successfully loaded: MNIST
Loading Problems ..:   0%|                                                                                                                 | 0/4 [00:00<?, ?it/s]
there is experiment results. [../../results/TorchVisionProblem/MNIST/Open_ES/0]
there is experiment results. [../../results/TorchVisionProblem/MNIST/Open_ES/1]
running the experiment ... [../../results/TorchVisionProblem/MNIST/Open_ES/2]
Running ES algorithms:   0%|                                                                                                               | 0/1 [00:00<?, ?it/s][A2025-11-15 22:59:00.041108: W external/xla/xla/tsl/framework/bfc_allocator.cc:310] Allocator (GPU_0_bfc) ran out of memory trying to allocate 6.14GiB with freed_by_count=0. The caller indicates that this is not a failure, but this may mean that there could be performance gains if more memory were available.
2025-11-15 22:59:00.041162: W external/xla/xla/tsl/framework/bfc_allocator.cc:310] Allocator (GPU_0_bfc) ran out of memory trying to allocate 6.14GiB with freed_by_count=0. The caller indicates that this is not a failure, but this may mean that there could be performance gains if more memory were available.
2025-11-15 22:59:00.041183: W external/xla/xla/tsl/framework/bfc_allocator.cc:310] Allocator (GPU_0_bfc) ran out of memory trying to allocate 6.14GiB with freed_by_count=0. The caller indicates that this is not a failure, but this may mean that there could be performance gains if more memory were available.
2025-11-15 22:59:00.041201: W external/xla/xla/tsl/framework/bfc_allocator.cc:310] Allocator (GPU_0_bfc) ran out of memory trying to allocate 6.15GiB with freed_by_count=0. The caller indicates that this is not a failure, but this may mean that there could be performance gains if more memory were available.
2025-11-15 22:59:00.168144: W external/xla/xla/tsl/framework/bfc_allocator.cc:310] Allocator (GPU_0_bfc) ran out of memory trying to allocate 6.15GiB with freed_by_count=0. The caller indicates that this is not a failure, but this may mean that there could be performance gains if more memory were available.
2025-11-15 22:59:00.168190: W external/xla/xla/tsl/framework/bfc_allocator.cc:310] Allocator (GPU_0_bfc) ran out of memory trying to allocate 6.15GiB with freed_by_count=0. The caller indicates that this is not a failure, but this may mean that there could be performance gains if more memory were available.
2025-11-15 22:59:00.168210: W external/xla/xla/tsl/framework/bfc_allocator.cc:310] Allocator (GPU_0_bfc) ran out of memory trying to allocate 6.15GiB with freed_by_count=0. The caller indicates that this is not a failure, but this may mean that there could be performance gains if more memory were available.
2025-11-15 22:59:00.168230: W external/xla/xla/tsl/framework/bfc_allocator.cc:310] Allocator (GPU_0_bfc) ran out of memory trying to allocate 6.15GiB with freed_by_count=0. The caller indicates that this is not a failure, but this may mean that there could be performance gains if more memory were available.
2025-11-15 22:59:00.168248: W external/xla/xla/tsl/framework/bfc_allocator.cc:310] Allocator (GPU_0_bfc) ran out of memory trying to allocate 6.15GiB with freed_by_count=0. The caller indicates that this is not a failure, but this may mean that there could be performance gains if more memory were available.
2025-11-15 22:59:00.168268: W external/xla/xla/tsl/framework/bfc_allocator.cc:310] Allocator (GPU_0_bfc) ran out of memory trying to allocate 6.15GiB with freed_by_count=0. The caller indicates that this is not a failure, but this may mean that there could be performance gains if more memory were available.
Generation 005 | Best fitness (Train): 364.23 | Best fitness in generation (Train): 367.10 | Mean fitness (Train): 578.44 | Mean fitness (Test): 10.58
 | Mean Accuracy (Test): 0.10
Generation 010 | Best fitness (Train): 304.25 | Best fitness in generation (Train): 304.25 | Mean fitness (Train): 543.47 | Mean fitness (Test): 18.27
 | Mean Accuracy (Test): 0.14
Generation 015 | Best fitness (Train): 293.05 | Best fitness in generation (Train): 341.96 | Mean fitness (Train): 529.22 | Mean fitness (Test): 29.36
 | Mean Accuracy (Test): 0.11
Generation 020 | Best fitness (Train): 293.05 | Best fitness in generation (Train): 319.04 | Mean fitness (Train): 504.30 | Mean fitness (Test): 39.85
 | Mean Accuracy (Test): 0.06
Generation 025 | Best fitness (Train): 293.05 | Best fitness in generation (Train): 318.64 | Mean fitness (Train): 497.29 | Mean fitness (Test): 45.87
 | Mean Accuracy (Test): 0.04
Generation 030 | Best fitness (Train): 283.06 | Best fitness in generation (Train): 283.06 | Mean fitness (Train): 492.73 | Mean fitness (Test): 46.36
 | Mean Accuracy (Test): 0.05
Generation 035 | Best fitness (Train): 270.59 | Best fitness in generation (Train): 307.21 | Mean fitness (Train): 469.73 | Mean fitness (Test): 39.31
 | Mean Accuracy (Test): 0.06
Generation 040 | Best fitness (Train): 241.93 | Best fitness in generation (Train): 259.62 | Mean fitness (Train): 460.74 | Mean fitness (Test): 36.98
 | Mean Accuracy (Test): 0.07
Generation 045 | Best fitness (Train): 241.93 | Best fitness in generation (Train): 265.21 | Mean fitness (Train): 442.06 | Mean fitness (Test): 30.83
 | Mean Accuracy (Test): 0.08
Generation 050 | Best fitness (Train): 216.04 | Best fitness in generation (Train): 276.25 | Mean fitness (Train): 436.26 | Mean fitness (Test): 24.73
 | Mean Accuracy (Test): 0.12
Generation 055 | Best fitness (Train): 207.67 | Best fitness in generation (Train): 234.71 | Mean fitness (Train): 404.29 | Mean fitness (Test): 22.38
 | Mean Accuracy (Test): 0.13
Generation 060 | Best fitness (Train): 207.67 | Best fitness in generation (Train): 253.88 | Mean fitness (Train): 394.30 | Mean fitness (Test): 19.92
 | Mean Accuracy (Test): 0.15
Generation 065 | Best fitness (Train): 207.67 | Best fitness in generation (Train): 255.57 | Mean fitness (Train): 391.70 | Mean fitness (Test): 16.47
 | Mean Accuracy (Test): 0.18
Generation 070 | Best fitness (Train): 207.67 | Best fitness in generation (Train): 251.49 | Mean fitness (Train): 377.40 | Mean fitness (Test): 15.24
 | Mean Accuracy (Test): 0.16
Generation 075 | Best fitness (Train): 190.80 | Best fitness in generation (Train): 195.33 | Mean fitness (Train): 354.04 | Mean fitness (Test): 12.43
 | Mean Accuracy (Test): 0.18
Generation 080 | Best fitness (Train): 190.80 | Best fitness in generation (Train): 203.68 | Mean fitness (Train): 352.12 | Mean fitness (Test): 11.60
 | Mean Accuracy (Test): 0.21
Generation 085 | Best fitness (Train): 161.56 | Best fitness in generation (Train): 201.34 | Mean fitness (Train): 333.03 | Mean fitness (Test): 9.94
 | Mean Accuracy (Test): 0.21
Generation 090 | Best fitness (Train): 161.56 | Best fitness in generation (Train): 206.25 | Mean fitness (Train): 323.41 | Mean fitness (Test): 8.75
 | Mean Accuracy (Test): 0.19
Generation 095 | Best fitness (Train): 161.56 | Best fitness in generation (Train): 185.27 | Mean fitness (Train): 306.13 | Mean fitness (Test): 7.46
 | Mean Accuracy (Test): 0.17
Generation 100 | Best fitness (Train): 161.56 | Best fitness in generation (Train): 186.30 | Mean fitness (Train): 305.61 | Mean fitness (Test): 5.66
 | Mean Accuracy (Test): 0.16
Generation 105 | Best fitness (Train): 145.51 | Best fitness in generation (Train): 145.51 | Mean fitness (Train): 289.15 | Mean fitness (Test): 4.49
 | Mean Accuracy (Test): 0.15
Generation 110 | Best fitness (Train): 145.51 | Best fitness in generation (Train): 167.72 | Mean fitness (Train): 281.67 | Mean fitness (Test): 4.28
 | Mean Accuracy (Test): 0.13
Generation 115 | Best fitness (Train): 137.92 | Best fitness in generation (Train): 137.92 | Mean fitness (Train): 275.77 | Mean fitness (Test): 4.11
 | Mean Accuracy (Test): 0.13
Generation 120 | Best fitness (Train): 137.92 | Best fitness in generation (Train): 142.61 | Mean fitness (Train): 261.82 | Mean fitness (Test): 4.14
 | Mean Accuracy (Test): 0.10
Generation 125 | Best fitness (Train): 131.89 | Best fitness in generation (Train): 141.69 | Mean fitness (Train): 254.01 | Mean fitness (Test): 3.85
 | Mean Accuracy (Test): 0.11
Generation 130 | Best fitness (Train): 106.08 | Best fitness in generation (Train): 120.12 | Mean fitness (Train): 236.32 | Mean fitness (Test): 3.50
 | Mean Accuracy (Test): 0.12
Generation 135 | Best fitness (Train): 106.08 | Best fitness in generation (Train): 137.01 | Mean fitness (Train): 234.83 | Mean fitness (Test): 3.26
 | Mean Accuracy (Test): 0.12
Generation 140 | Best fitness (Train): 106.08 | Best fitness in generation (Train): 120.03 | Mean fitness (Train): 212.51 | Mean fitness (Test): 3.02
 | Mean Accuracy (Test): 0.12
Generation 145 | Best fitness (Train): 82.92 | Best fitness in generation (Train): 101.93 | Mean fitness (Train): 215.57 | Mean fitness (Test): 2.75
 | Mean Accuracy (Test): 0.10
Generation 150 | Best fitness (Train): 82.92 | Best fitness in generation (Train): 116.37 | Mean fitness (Train): 202.72 | Mean fitness (Test): 2.62
 | Mean Accuracy (Test): 0.10
Generation 155 | Best fitness (Train): 82.92 | Best fitness in generation (Train): 86.95 | Mean fitness (Train): 189.21 | Mean fitness (Test): 2.55
 | Mean Accuracy (Test): 0.09
Generation 160 | Best fitness (Train): 82.92 | Best fitness in generation (Train): 90.35 | Mean fitness (Train): 196.22 | Mean fitness (Test): 2.50
 | Mean Accuracy (Test): 0.10
Generation 165 | Best fitness (Train): 73.27 | Best fitness in generation (Train): 94.07 | Mean fitness (Train): 181.28 | Mean fitness (Test): 2.50
 | Mean Accuracy (Test): 0.09
Generation 170 | Best fitness (Train): 73.27 | Best fitness in generation (Train): 83.92 | Mean fitness (Train): 164.94 | Mean fitness (Test): 2.52
 | Mean Accuracy (Test): 0.08
Generation 175 | Best fitness (Train): 73.27 | Best fitness in generation (Train): 78.72 | Mean fitness (Train): 166.60 | Mean fitness (Test): 2.45
 | Mean Accuracy (Test): 0.10
Generation 180 | Best fitness (Train): 68.90 | Best fitness in generation (Train): 78.13 | Mean fitness (Train): 160.19 | Mean fitness (Test): 2.49
 | Mean Accuracy (Test): 0.08
Generation 185 | Best fitness (Train): 65.32 | Best fitness in generation (Train): 69.25 | Mean fitness (Train): 161.87 | Mean fitness (Test): 2.48
 | Mean Accuracy (Test): 0.09
Generation 190 | Best fitness (Train): 65.32 | Best fitness in generation (Train): 72.48 | Mean fitness (Train): 146.13 | Mean fitness (Test): 2.49
 | Mean Accuracy (Test): 0.09
Generation 195 | Best fitness (Train): 49.60 | Best fitness in generation (Train): 57.21 | Mean fitness (Train): 152.77 | Mean fitness (Test): 2.56
 | Mean Accuracy (Test): 0.10
Generation 200 | Best fitness (Train): 44.66 | Best fitness in generation (Train): 54.28 | Mean fitness (Train): 130.20 | Mean fitness (Test): 2.55
 | Mean Accuracy (Test): 0.09
Generation 205 | Best fitness (Train): 44.66 | Best fitness in generation (Train): 52.28 | Mean fitness (Train): 126.36 | Mean fitness (Test): 2.57
 | Mean Accuracy (Test): 0.09
Generation 210 | Best fitness (Train): 35.78 | Best fitness in generation (Train): 47.97 | Mean fitness (Train): 122.02 | Mean fitness (Test): 2.57
 | Mean Accuracy (Test): 0.10
Generation 215 | Best fitness (Train): 35.78 | Best fitness in generation (Train): 50.62 | Mean fitness (Train): 115.30 | Mean fitness (Test): 2.56
 | Mean Accuracy (Test): 0.10
Generation 220 | Best fitness (Train): 35.78 | Best fitness in generation (Train): 41.49 | Mean fitness (Train): 114.82 | Mean fitness (Test): 2.51
 | Mean Accuracy (Test): 0.10
Generation 225 | Best fitness (Train): 35.78 | Best fitness in generation (Train): 52.89 | Mean fitness (Train): 111.45 | Mean fitness (Test): 2.53
 | Mean Accuracy (Test): 0.11
Generation 230 | Best fitness (Train): 25.07 | Best fitness in generation (Train): 39.78 | Mean fitness (Train): 105.10 | Mean fitness (Test): 2.53
 | Mean Accuracy (Test): 0.08
Generation 235 | Best fitness (Train): 25.07 | Best fitness in generation (Train): 40.83 | Mean fitness (Train): 101.87 | Mean fitness (Test): 2.54
 | Mean Accuracy (Test): 0.10
Generation 240 | Best fitness (Train): 25.07 | Best fitness in generation (Train): 25.40 | Mean fitness (Train): 88.11 | Mean fitness (Test): 2.52
 | Mean Accuracy (Test): 0.10
Generation 245 | Best fitness (Train): 25.07 | Best fitness in generation (Train): 32.58 | Mean fitness (Train): 89.57 | Mean fitness (Test): 2.54
 | Mean Accuracy (Test): 0.09
Generation 250 | Best fitness (Train): 19.68 | Best fitness in generation (Train): 31.70 | Mean fitness (Train): 88.53 | Mean fitness (Test): 2.53
 | Mean Accuracy (Test): 0.08
Generation 255 | Best fitness (Train): 19.68 | Best fitness in generation (Train): 30.80 | Mean fitness (Train): 87.26 | Mean fitness (Test): 2.54
 | Mean Accuracy (Test): 0.10
Generation 260 | Best fitness (Train): 13.39 | Best fitness in generation (Train): 13.39 | Mean fitness (Train): 75.97 | Mean fitness (Test): 2.55
 | Mean Accuracy (Test): 0.10
Generation 265 | Best fitness (Train): 13.39 | Best fitness in generation (Train): 26.84 | Mean fitness (Train): 72.45 | Mean fitness (Test): 2.55
 | Mean Accuracy (Test): 0.10
Generation 270 | Best fitness (Train): 13.39 | Best fitness in generation (Train): 22.43 | Mean fitness (Train): 75.39 | Mean fitness (Test): 2.52
 | Mean Accuracy (Test): 0.10
Generation 275 | Best fitness (Train): 13.39 | Best fitness in generation (Train): 21.68 | Mean fitness (Train): 67.47 | Mean fitness (Test): 2.51
 | Mean Accuracy (Test): 0.11
Generation 280 | Best fitness (Train): 13.39 | Best fitness in generation (Train): 15.27 | Mean fitness (Train): 64.74 | Mean fitness (Test): 2.55
 | Mean Accuracy (Test): 0.11
Generation 285 | Best fitness (Train): 13.39 | Best fitness in generation (Train): 21.40 | Mean fitness (Train): 71.54 | Mean fitness (Test): 2.56
 | Mean Accuracy (Test): 0.10
Generation 290 | Best fitness (Train): 10.14 | Best fitness in generation (Train): 10.14 | Mean fitness (Train): 59.24 | Mean fitness (Test): 2.59
 | Mean Accuracy (Test): 0.08
Generation 295 | Best fitness (Train): 10.14 | Best fitness in generation (Train): 14.12 | Mean fitness (Train): 56.33 | Mean fitness (Test): 2.53
 | Mean Accuracy (Test): 0.08
Generation 300 | Best fitness (Train): 10.14 | Best fitness in generation (Train): 11.15 | Mean fitness (Train): 56.27 | Mean fitness (Test): 2.52
 | Mean Accuracy (Test): 0.10
Generation 305 | Best fitness (Train): 10.14 | Best fitness in generation (Train): 10.44 | Mean fitness (Train): 49.32 | Mean fitness (Test): 2.51
 | Mean Accuracy (Test): 0.11
Generation 310 | Best fitness (Train): 10.14 | Best fitness in generation (Train): 13.24 | Mean fitness (Train): 50.97 | Mean fitness (Test): 2.53
 | Mean Accuracy (Test): 0.10
Generation 315 | Best fitness (Train): 9.54 | Best fitness in generation (Train): 9.54 | Mean fitness (Train): 51.67 | Mean fitness (Test): 2.52
 | Mean Accuracy (Test): 0.10
Generation 320 | Best fitness (Train): 5.70 | Best fitness in generation (Train): 14.30 | Mean fitness (Train): 47.38 | Mean fitness (Test): 2.51
 | Mean Accuracy (Test): 0.11
Generation 325 | Best fitness (Train): 5.70 | Best fitness in generation (Train): 9.51 | Mean fitness (Train): 43.86 | Mean fitness (Test): 2.49
 | Mean Accuracy (Test): 0.10
Generation 330 | Best fitness (Train): 5.70 | Best fitness in generation (Train): 9.59 | Mean fitness (Train): 46.90 | Mean fitness (Test): 2.48
 | Mean Accuracy (Test): 0.11
Generation 335 | Best fitness (Train): 5.70 | Best fitness in generation (Train): 12.46 | Mean fitness (Train): 41.78 | Mean fitness (Test): 2.49
 | Mean Accuracy (Test): 0.09
Generation 340 | Best fitness (Train): 3.84 | Best fitness in generation (Train): 8.63 | Mean fitness (Train): 36.15 | Mean fitness (Test): 2.49
 | Mean Accuracy (Test): 0.09
Generation 345 | Best fitness (Train): 3.84 | Best fitness in generation (Train): 6.88 | Mean fitness (Train): 39.78 | Mean fitness (Test): 2.46
 | Mean Accuracy (Test): 0.11
Generation 350 | Best fitness (Train): 3.84 | Best fitness in generation (Train): 6.36 | Mean fitness (Train): 40.28 | Mean fitness (Test): 2.46
 | Mean Accuracy (Test): 0.09
Generation 355 | Best fitness (Train): 3.84 | Best fitness in generation (Train): 5.50 | Mean fitness (Train): 33.55 | Mean fitness (Test): 2.45
 | Mean Accuracy (Test): 0.10
Generation 360 | Best fitness (Train): 3.84 | Best fitness in generation (Train): 5.40 | Mean fitness (Train): 38.70 | Mean fitness (Test): 2.44
 | Mean Accuracy (Test): 0.11
Generation 365 | Best fitness (Train): 3.84 | Best fitness in generation (Train): 4.69 | Mean fitness (Train): 26.36 | Mean fitness (Test): 2.45
 | Mean Accuracy (Test): 0.10
Generation 370 | Best fitness (Train): 3.84 | Best fitness in generation (Train): 4.90 | Mean fitness (Train): 30.13 | Mean fitness (Test): 2.49
 | Mean Accuracy (Test): 0.09
Generation 375 | Best fitness (Train): 3.84 | Best fitness in generation (Train): 5.43 | Mean fitness (Train): 30.19 | Mean fitness (Test): 2.52
 | Mean Accuracy (Test): 0.09
Generation 380 | Best fitness (Train): 3.84 | Best fitness in generation (Train): 5.15 | Mean fitness (Train): 29.01 | Mean fitness (Test): 2.50
 | Mean Accuracy (Test): 0.10
Generation 385 | Best fitness (Train): 3.84 | Best fitness in generation (Train): 4.32 | Mean fitness (Train): 22.18 | Mean fitness (Test): 2.54
 | Mean Accuracy (Test): 0.10
Generation 390 | Best fitness (Train): 3.21 | Best fitness in generation (Train): 3.21 | Mean fitness (Train): 23.29 | Mean fitness (Test): 2.53
 | Mean Accuracy (Test): 0.09
Generation 395 | Best fitness (Train): 3.21 | Best fitness in generation (Train): 4.41 | Mean fitness (Train): 22.61 | Mean fitness (Test): 2.55
 | Mean Accuracy (Test): 0.11
Generation 400 | Best fitness (Train): 3.21 | Best fitness in generation (Train): 4.12 | Mean fitness (Train): 22.11 | Mean fitness (Test): 2.53
 | Mean Accuracy (Test): 0.10
Generation 405 | Best fitness (Train): 3.21 | Best fitness in generation (Train): 3.43 | Mean fitness (Train): 21.68 | Mean fitness (Test): 2.53
 | Mean Accuracy (Test): 0.11
Generation 410 | Best fitness (Train): 3.21 | Best fitness in generation (Train): 3.28 | Mean fitness (Train): 17.92 | Mean fitness (Test): 2.53
 | Mean Accuracy (Test): 0.11
Generation 415 | Best fitness (Train): 3.21 | Best fitness in generation (Train): 4.26 | Mean fitness (Train): 17.45 | Mean fitness (Test): 2.56
 | Mean Accuracy (Test): 0.10
Generation 420 | Best fitness (Train): 2.97 | Best fitness in generation (Train): 2.97 | Mean fitness (Train): 18.66 | Mean fitness (Test): 2.54
 | Mean Accuracy (Test): 0.12
Generation 425 | Best fitness (Train): 2.77 | Best fitness in generation (Train): 2.77 | Mean fitness (Train): 18.42 | Mean fitness (Test): 2.53
 | Mean Accuracy (Test): 0.10
Generation 430 | Best fitness (Train): 2.64 | Best fitness in generation (Train): 2.64 | Mean fitness (Train): 15.95 | Mean fitness (Test): 2.54
 | Mean Accuracy (Test): 0.10
Generation 435 | Best fitness (Train): 2.64 | Best fitness in generation (Train): 3.35 | Mean fitness (Train): 16.29 | Mean fitness (Test): 2.50
 | Mean Accuracy (Test): 0.11
Generation 440 | Best fitness (Train): 2.59 | Best fitness in generation (Train): 2.59 | Mean fitness (Train): 18.09 | Mean fitness (Test): 2.50
 | Mean Accuracy (Test): 0.10
Generation 445 | Best fitness (Train): 2.59 | Best fitness in generation (Train): 3.27 | Mean fitness (Train): 14.67 | Mean fitness (Test): 2.51
 | Mean Accuracy (Test): 0.09
Generation 450 | Best fitness (Train): 2.59 | Best fitness in generation (Train): 2.83 | Mean fitness (Train): 13.91 | Mean fitness (Test): 2.49
 | Mean Accuracy (Test): 0.10
Generation 455 | Best fitness (Train): 2.59 | Best fitness in generation (Train): 2.83 | Mean fitness (Train): 14.61 | Mean fitness (Test): 2.47
 | Mean Accuracy (Test): 0.09
Generation 460 | Best fitness (Train): 2.59 | Best fitness in generation (Train): 2.70 | Mean fitness (Train): 11.82 | Mean fitness (Test): 2.45
 | Mean Accuracy (Test): 0.09
Generation 465 | Best fitness (Train): 2.59 | Best fitness in generation (Train): 2.90 | Mean fitness (Train): 12.93 | Mean fitness (Test): 2.44
 | Mean Accuracy (Test): 0.10
Generation 470 | Best fitness (Train): 2.58 | Best fitness in generation (Train): 2.65 | Mean fitness (Train): 11.44 | Mean fitness (Test): 2.44
 | Mean Accuracy (Test): 0.09
Generation 475 | Best fitness (Train): 2.58 | Best fitness in generation (Train): 2.69 | Mean fitness (Train): 10.50 | Mean fitness (Test): 2.43
 | Mean Accuracy (Test): 0.10
Generation 480 | Best fitness (Train): 2.51 | Best fitness in generation (Train): 2.66 | Mean fitness (Train): 10.15 | Mean fitness (Test): 2.41
 | Mean Accuracy (Test): 0.10
Generation 485 | Best fitness (Train): 2.51 | Best fitness in generation (Train): 2.65 | Mean fitness (Train): 9.36 | Mean fitness (Test): 2.41
 | Mean Accuracy (Test): 0.10
Generation 490 | Best fitness (Train): 2.51 | Best fitness in generation (Train): 2.60 | Mean fitness (Train): 10.32 | Mean fitness (Test): 2.38
 | Mean Accuracy (Test): 0.10
Generation 495 | Best fitness (Train): 2.48 | Best fitness in generation (Train): 2.80 | Mean fitness (Train): 9.50 | Mean fitness (Test): 2.35
 | Mean Accuracy (Test): 0.11
Generation 500 | Best fitness (Train): 2.47 | Best fitness in generation (Train): 2.72 | Mean fitness (Train): 8.09 | Mean fitness (Test): 2.35
 | Mean Accuracy (Test): 0.11
Generation 505 | Best fitness (Train): 2.42 | Best fitness in generation (Train): 2.42 | Mean fitness (Train): 7.66 | Mean fitness (Test): 2.35
 | Mean Accuracy (Test): 0.10
Generation 510 | Best fitness (Train): 2.42 | Best fitness in generation (Train): 2.66 | Mean fitness (Train): 7.63 | Mean fitness (Test): 2.35
 | Mean Accuracy (Test): 0.09
Generation 515 | Best fitness (Train): 2.42 | Best fitness in generation (Train): 2.59 | Mean fitness (Train): 7.12 | Mean fitness (Test): 2.34
 | Mean Accuracy (Test): 0.09
Generation 520 | Best fitness (Train): 2.42 | Best fitness in generation (Train): 2.54 | Mean fitness (Train): 7.38 | Mean fitness (Test): 2.35
 | Mean Accuracy (Test): 0.10
Generation 525 | Best fitness (Train): 2.42 | Best fitness in generation (Train): 2.45 | Mean fitness (Train): 7.54 | Mean fitness (Test): 2.35
 | Mean Accuracy (Test): 0.09
Generation 530 | Best fitness (Train): 2.38 | Best fitness in generation (Train): 2.54 | Mean fitness (Train): 6.72 | Mean fitness (Test): 2.35
 | Mean Accuracy (Test): 0.10
Generation 535 | Best fitness (Train): 2.38 | Best fitness in generation (Train): 2.52 | Mean fitness (Train): 6.87 | Mean fitness (Test): 2.32
 | Mean Accuracy (Test): 0.11
Generation 540 | Best fitness (Train): 2.38 | Best fitness in generation (Train): 2.58 | Mean fitness (Train): 6.75 | Mean fitness (Test): 2.32
 | Mean Accuracy (Test): 0.09
Generation 545 | Best fitness (Train): 2.38 | Best fitness in generation (Train): 2.52 | Mean fitness (Train): 7.59 | Mean fitness (Test): 2.32
 | Mean Accuracy (Test): 0.10
Generation 550 | Best fitness (Train): 2.38 | Best fitness in generation (Train): 2.41 | Mean fitness (Train): 6.17 | Mean fitness (Test): 2.31
 | Mean Accuracy (Test): 0.11
Generation 555 | Best fitness (Train): 2.38 | Best fitness in generation (Train): 2.54 | Mean fitness (Train): 5.73 | Mean fitness (Test): 2.31
 | Mean Accuracy (Test): 0.09
Generation 560 | Best fitness (Train): 2.38 | Best fitness in generation (Train): 2.48 | Mean fitness (Train): 5.94 | Mean fitness (Test): 2.30
 | Mean Accuracy (Test): 0.10
Generation 565 | Best fitness (Train): 2.38 | Best fitness in generation (Train): 2.45 | Mean fitness (Train): 5.50 | Mean fitness (Test): 2.30
 | Mean Accuracy (Test): 0.13
Generation 570 | Best fitness (Train): 2.38 | Best fitness in generation (Train): 2.56 | Mean fitness (Train): 6.00 | Mean fitness (Test): 2.31
 | Mean Accuracy (Test): 0.11
Generation 575 | Best fitness (Train): 2.36 | Best fitness in generation (Train): 2.44 | Mean fitness (Train): 5.08 | Mean fitness (Test): 2.31
 | Mean Accuracy (Test): 0.12
Generation 580 | Best fitness (Train): 2.36 | Best fitness in generation (Train): 2.42 | Mean fitness (Train): 4.37 | Mean fitness (Test): 2.31
 | Mean Accuracy (Test): 0.10
Generation 585 | Best fitness (Train): 2.36 | Best fitness in generation (Train): 2.49 | Mean fitness (Train): 4.88 | Mean fitness (Test): 2.30
 | Mean Accuracy (Test): 0.13
Generation 590 | Best fitness (Train): 2.36 | Best fitness in generation (Train): 2.49 | Mean fitness (Train): 4.85 | Mean fitness (Test): 2.30
 | Mean Accuracy (Test): 0.12
Generation 595 | Best fitness (Train): 2.36 | Best fitness in generation (Train): 2.43 | Mean fitness (Train): 4.36 | Mean fitness (Test): 2.31
 | Mean Accuracy (Test): 0.12
Generation 600 | Best fitness (Train): 2.36 | Best fitness in generation (Train): 2.49 | Mean fitness (Train): 4.57 | Mean fitness (Test): 2.31
 | Mean Accuracy (Test): 0.12
Generation 605 | Best fitness (Train): 2.36 | Best fitness in generation (Train): 2.45 | Mean fitness (Train): 4.79 | Mean fitness (Test): 2.30
 | Mean Accuracy (Test): 0.10
Generation 610 | Best fitness (Train): 2.34 | Best fitness in generation (Train): 2.34 | Mean fitness (Train): 4.21 | Mean fitness (Test): 2.30
 | Mean Accuracy (Test): 0.09
Generation 615 | Best fitness (Train): 2.34 | Best fitness in generation (Train): 2.44 | Mean fitness (Train): 4.11 | Mean fitness (Test): 2.30
 | Mean Accuracy (Test): 0.11
Generation 620 | Best fitness (Train): 2.34 | Best fitness in generation (Train): 2.41 | Mean fitness (Train): 3.67 | Mean fitness (Test): 2.31
 | Mean Accuracy (Test): 0.11
Generation 625 | Best fitness (Train): 2.34 | Best fitness in generation (Train): 2.39 | Mean fitness (Train): 3.63 | Mean fitness (Test): 2.31
 | Mean Accuracy (Test): 0.11
Generation 630 | Best fitness (Train): 2.34 | Best fitness in generation (Train): 2.48 | Mean fitness (Train): 4.07 | Mean fitness (Test): 2.31
 | Mean Accuracy (Test): 0.10
Generation 635 | Best fitness (Train): 2.34 | Best fitness in generation (Train): 2.43 | Mean fitness (Train): 3.68 | Mean fitness (Test): 2.30
 | Mean Accuracy (Test): 0.10
Generation 640 | Best fitness (Train): 2.34 | Best fitness in generation (Train): 2.41 | Mean fitness (Train): 3.76 | Mean fitness (Test): 2.31
 | Mean Accuracy (Test): 0.11
Generation 645 | Best fitness (Train): 2.34 | Best fitness in generation (Train): 2.48 | Mean fitness (Train): 3.52 | Mean fitness (Test): 2.30
 | Mean Accuracy (Test): 0.11
Generation 650 | Best fitness (Train): 2.34 | Best fitness in generation (Train): 2.38 | Mean fitness (Train): 3.24 | Mean fitness (Test): 2.31
 | Mean Accuracy (Test): 0.11
Generation 655 | Best fitness (Train): 2.34 | Best fitness in generation (Train): 2.39 | Mean fitness (Train): 3.71 | Mean fitness (Test): 2.30
 | Mean Accuracy (Test): 0.12
Generation 660 | Best fitness (Train): 2.34 | Best fitness in generation (Train): 2.43 | Mean fitness (Train): 4.13 | Mean fitness (Test): 2.30
 | Mean Accuracy (Test): 0.09
Generation 665 | Best fitness (Train): 2.34 | Best fitness in generation (Train): 2.38 | Mean fitness (Train): 3.44 | Mean fitness (Test): 2.30
 | Mean Accuracy (Test): 0.11
Generation 670 | Best fitness (Train): 2.34 | Best fitness in generation (Train): 2.44 | Mean fitness (Train): 3.49 | Mean fitness (Test): 2.31
 | Mean Accuracy (Test): 0.11
Generation 675 | Best fitness (Train): 2.34 | Best fitness in generation (Train): 2.45 | Mean fitness (Train): 3.13 | Mean fitness (Test): 2.30
 | Mean Accuracy (Test): 0.13
Generation 680 | Best fitness (Train): 2.34 | Best fitness in generation (Train): 2.40 | Mean fitness (Train): 3.61 | Mean fitness (Test): 2.31
 | Mean Accuracy (Test): 0.11
Generation 685 | Best fitness (Train): 2.34 | Best fitness in generation (Train): 2.45 | Mean fitness (Train): 3.84 | Mean fitness (Test): 2.30
 | Mean Accuracy (Test): 0.12
Generation 690 | Best fitness (Train): 2.34 | Best fitness in generation (Train): 2.45 | Mean fitness (Train): 3.45 | Mean fitness (Test): 2.30
 | Mean Accuracy (Test): 0.12
Generation 695 | Best fitness (Train): 2.34 | Best fitness in generation (Train): 2.39 | Mean fitness (Train): 3.17 | Mean fitness (Test): 2.30
 | Mean Accuracy (Test): 0.11
Generation 700 | Best fitness (Train): 2.34 | Best fitness in generation (Train): 2.42 | Mean fitness (Train): 3.63 | Mean fitness (Test): 2.30
 | Mean Accuracy (Test): 0.11
Generation 705 | Best fitness (Train): 2.34 | Best fitness in generation (Train): 2.38 | Mean fitness (Train): 3.31 | Mean fitness (Test): 2.30
 | Mean Accuracy (Test): 0.11
Generation 710 | Best fitness (Train): 2.34 | Best fitness in generation (Train): 2.37 | Mean fitness (Train): 3.11 | Mean fitness (Test): 2.30
 | Mean Accuracy (Test): 0.09
Generation 715 | Best fitness (Train): 2.34 | Best fitness in generation (Train): 2.38 | Mean fitness (Train): 4.14 | Mean fitness (Test): 2.30
 | Mean Accuracy (Test): 0.11
Generation 720 | Best fitness (Train): 2.33 | Best fitness in generation (Train): 2.33 | Mean fitness (Train): 2.99 | Mean fitness (Test): 2.30
 | Mean Accuracy (Test): 0.13
Generation 725 | Best fitness (Train): 2.33 | Best fitness in generation (Train): 2.42 | Mean fitness (Train): 4.05 | Mean fitness (Test): 2.30
 | Mean Accuracy (Test): 0.10
Generation 730 | Best fitness (Train): 2.33 | Best fitness in generation (Train): 2.38 | Mean fitness (Train): 3.58 | Mean fitness (Test): 2.30
 | Mean Accuracy (Test): 0.10
Generation 735 | Best fitness (Train): 2.33 | Best fitness in generation (Train): 2.41 | Mean fitness (Train): 3.19 | Mean fitness (Test): 2.30
 | Mean Accuracy (Test): 0.11
Generation 740 | Best fitness (Train): 2.33 | Best fitness in generation (Train): 2.37 | Mean fitness (Train): 3.07 | Mean fitness (Test): 2.30
 | Mean Accuracy (Test): 0.12
Generation 745 | Best fitness (Train): 2.33 | Best fitness in generation (Train): 2.36 | Mean fitness (Train): 3.51 | Mean fitness (Test): 2.30
 | Mean Accuracy (Test): 0.12
Generation 750 | Best fitness (Train): 2.33 | Best fitness in generation (Train): 2.38 | Mean fitness (Train): 3.04 | Mean fitness (Test): 2.31
 | Mean Accuracy (Test): 0.11
Generation 755 | Best fitness (Train): 2.33 | Best fitness in generation (Train): 2.39 | Mean fitness (Train): 2.95 | Mean fitness (Test): 2.30
 | Mean Accuracy (Test): 0.12
Generation 760 | Best fitness (Train): 2.33 | Best fitness in generation (Train): 2.39 | Mean fitness (Train): 3.02 | Mean fitness (Test): 2.30
 | Mean Accuracy (Test): 0.12
Generation 765 | Best fitness (Train): 2.33 | Best fitness in generation (Train): 2.39 | Mean fitness (Train): 2.91 | Mean fitness (Test): 2.31
 | Mean Accuracy (Test): 0.12
Generation 770 | Best fitness (Train): 2.33 | Best fitness in generation (Train): 2.44 | Mean fitness (Train): 3.09 | Mean fitness (Test): 2.30
 | Mean Accuracy (Test): 0.10
Generation 775 | Best fitness (Train): 2.33 | Best fitness in generation (Train): 2.38 | Mean fitness (Train): 3.30 | Mean fitness (Test): 2.30
 | Mean Accuracy (Test): 0.09
Generation 780 | Best fitness (Train): 2.33 | Best fitness in generation (Train): 2.39 | Mean fitness (Train): 2.87 | Mean fitness (Test): 2.30
 | Mean Accuracy (Test): 0.11
Generation 785 | Best fitness (Train): 2.33 | Best fitness in generation (Train): 2.40 | Mean fitness (Train): 3.03 | Mean fitness (Test): 2.30
 | Mean Accuracy (Test): 0.11
Generation 790 | Best fitness (Train): 2.33 | Best fitness in generation (Train): 2.39 | Mean fitness (Train): 2.91 | Mean fitness (Test): 2.31
 | Mean Accuracy (Test): 0.09
Generation 795 | Best fitness (Train): 2.33 | Best fitness in generation (Train): 2.37 | Mean fitness (Train): 2.89 | Mean fitness (Test): 2.31
 | Mean Accuracy (Test): 0.11
Generation 800 | Best fitness (Train): 2.33 | Best fitness in generation (Train): 2.39 | Mean fitness (Train): 2.94 | Mean fitness (Test): 2.30
 | Mean Accuracy (Test): 0.13
Generation 805 | Best fitness (Train): 2.33 | Best fitness in generation (Train): 2.36 | Mean fitness (Train): 3.05 | Mean fitness (Test): 2.30
 | Mean Accuracy (Test): 0.12
Generation 810 | Best fitness (Train): 2.33 | Best fitness in generation (Train): 2.38 | Mean fitness (Train): 2.87 | Mean fitness (Test): 2.31
 | Mean Accuracy (Test): 0.10
Generation 815 | Best fitness (Train): 2.33 | Best fitness in generation (Train): 2.42 | Mean fitness (Train): 2.87 | Mean fitness (Test): 2.30
 | Mean Accuracy (Test): 0.11
Generation 820 | Best fitness (Train): 2.33 | Best fitness in generation (Train): 2.41 | Mean fitness (Train): 2.81 | Mean fitness (Test): 2.30
 | Mean Accuracy (Test): 0.11
Generation 825 | Best fitness (Train): 2.33 | Best fitness in generation (Train): 2.42 | Mean fitness (Train): 3.06 | Mean fitness (Test): 2.30
 | Mean Accuracy (Test): 0.10
Generation 830 | Best fitness (Train): 2.33 | Best fitness in generation (Train): 2.37 | Mean fitness (Train): 2.83 | Mean fitness (Test): 2.31
 | Mean Accuracy (Test): 0.09
Generation 835 | Best fitness (Train): 2.33 | Best fitness in generation (Train): 2.45 | Mean fitness (Train): 2.97 | Mean fitness (Test): 2.30
 | Mean Accuracy (Test): 0.09
Generation 840 | Best fitness (Train): 2.33 | Best fitness in generation (Train): 2.41 | Mean fitness (Train): 3.05 | Mean fitness (Test): 2.30
 | Mean Accuracy (Test): 0.12
Generation 845 | Best fitness (Train): 2.32 | Best fitness in generation (Train): 2.43 | Mean fitness (Train): 2.92 | Mean fitness (Test): 2.30
 | Mean Accuracy (Test): 0.11
Generation 850 | Best fitness (Train): 2.32 | Best fitness in generation (Train): 2.43 | Mean fitness (Train): 3.52 | Mean fitness (Test): 2.30
 | Mean Accuracy (Test): 0.11
Generation 855 | Best fitness (Train): 2.32 | Best fitness in generation (Train): 2.37 | Mean fitness (Train): 3.06 | Mean fitness (Test): 2.31
 | Mean Accuracy (Test): 0.10
Generation 860 | Best fitness (Train): 2.32 | Best fitness in generation (Train): 2.36 | Mean fitness (Train): 2.81 | Mean fitness (Test): 2.30
 | Mean Accuracy (Test): 0.10
Generation 865 | Best fitness (Train): 2.32 | Best fitness in generation (Train): 2.43 | Mean fitness (Train): 2.84 | Mean fitness (Test): 2.30
 | Mean Accuracy (Test): 0.12
Generation 870 | Best fitness (Train): 2.32 | Best fitness in generation (Train): 2.42 | Mean fitness (Train): 2.84 | Mean fitness (Test): 2.30
 | Mean Accuracy (Test): 0.13
Generation 875 | Best fitness (Train): 2.32 | Best fitness in generation (Train): 2.44 | Mean fitness (Train): 3.05 | Mean fitness (Test): 2.30
 | Mean Accuracy (Test): 0.10
Generation 880 | Best fitness (Train): 2.32 | Best fitness in generation (Train): 2.40 | Mean fitness (Train): 3.08 | Mean fitness (Test): 2.31
 | Mean Accuracy (Test): 0.10
Generation 885 | Best fitness (Train): 2.32 | Best fitness in generation (Train): 2.42 | Mean fitness (Train): 2.86 | Mean fitness (Test): 2.30
 | Mean Accuracy (Test): 0.11
Generation 890 | Best fitness (Train): 2.32 | Best fitness in generation (Train): 2.38 | Mean fitness (Train): 2.84 | Mean fitness (Test): 2.30
 | Mean Accuracy (Test): 0.10
Generation 895 | Best fitness (Train): 2.32 | Best fitness in generation (Train): 2.38 | Mean fitness (Train): 3.36 | Mean fitness (Test): 2.30
 | Mean Accuracy (Test): 0.12
Generation 900 | Best fitness (Train): 2.32 | Best fitness in generation (Train): 2.38 | Mean fitness (Train): 2.99 | Mean fitness (Test): 2.30
 | Mean Accuracy (Test): 0.09
Generation 905 | Best fitness (Train): 2.32 | Best fitness in generation (Train): 2.42 | Mean fitness (Train): 2.91 | Mean fitness (Test): 2.30
 | Mean Accuracy (Test): 0.10
Generation 910 | Best fitness (Train): 2.32 | Best fitness in generation (Train): 2.39 | Mean fitness (Train): 3.14 | Mean fitness (Test): 2.30
 | Mean Accuracy (Test): 0.12
Generation 915 | Best fitness (Train): 2.32 | Best fitness in generation (Train): 2.42 | Mean fitness (Train): 2.90 | Mean fitness (Test): 2.30
 | Mean Accuracy (Test): 0.12
Generation 920 | Best fitness (Train): 2.32 | Best fitness in generation (Train): 2.38 | Mean fitness (Train): 2.87 | Mean fitness (Test): 2.29
 | Mean Accuracy (Test): 0.12
Generation 925 | Best fitness (Train): 2.32 | Best fitness in generation (Train): 2.42 | Mean fitness (Train): 2.89 | Mean fitness (Test): 2.31
 | Mean Accuracy (Test): 0.11
Generation 930 | Best fitness (Train): 2.32 | Best fitness in generation (Train): 2.40 | Mean fitness (Train): 2.89 | Mean fitness (Test): 2.30
 | Mean Accuracy (Test): 0.11
Generation 935 | Best fitness (Train): 2.32 | Best fitness in generation (Train): 2.41 | Mean fitness (Train): 2.97 | Mean fitness (Test): 2.30
 | Mean Accuracy (Test): 0.12
Generation 940 | Best fitness (Train): 2.32 | Best fitness in generation (Train): 2.45 | Mean fitness (Train): 2.95 | Mean fitness (Test): 2.30
 | Mean Accuracy (Test): 0.11
Generation 945 | Best fitness (Train): 2.32 | Best fitness in generation (Train): 2.40 | Mean fitness (Train): 2.82 | Mean fitness (Test): 2.31
 | Mean Accuracy (Test): 0.12
Generation 950 | Best fitness (Train): 2.32 | Best fitness in generation (Train): 2.35 | Mean fitness (Train): 2.87 | Mean fitness (Test): 2.30
 | Mean Accuracy (Test): 0.12
Generation 955 | Best fitness (Train): 2.32 | Best fitness in generation (Train): 2.34 | Mean fitness (Train): 2.92 | Mean fitness (Test): 2.30
 | Mean Accuracy (Test): 0.09
Generation 960 | Best fitness (Train): 2.32 | Best fitness in generation (Train): 2.43 | Mean fitness (Train): 2.84 | Mean fitness (Test): 2.30
 | Mean Accuracy (Test): 0.10
Generation 965 | Best fitness (Train): 2.32 | Best fitness in generation (Train): 2.43 | Mean fitness (Train): 3.02 | Mean fitness (Test): 2.30
 | Mean Accuracy (Test): 0.11
Generation 970 | Best fitness (Train): 2.32 | Best fitness in generation (Train): 2.43 | Mean fitness (Train): 2.83 | Mean fitness (Test): 2.30
 | Mean Accuracy (Test): 0.12
Generation 975 | Best fitness (Train): 2.32 | Best fitness in generation (Train): 2.36 | Mean fitness (Train): 2.80 | Mean fitness (Test): 2.30
 | Mean Accuracy (Test): 0.10
Generation 980 | Best fitness (Train): 2.32 | Best fitness in generation (Train): 2.42 | Mean fitness (Train): 3.33 | Mean fitness (Test): 2.30
 | Mean Accuracy (Test): 0.11
Generation 985 | Best fitness (Train): 2.32 | Best fitness in generation (Train): 2.45 | Mean fitness (Train): 2.85 | Mean fitness (Test): 2.30
 | Mean Accuracy (Test): 0.12
Generation 990 | Best fitness (Train): 2.32 | Best fitness in generation (Train): 2.45 | Mean fitness (Train): 2.85 | Mean fitness (Test): 2.30
 | Mean Accuracy (Test): 0.11
Generation 995 | Best fitness (Train): 2.32 | Best fitness in generation (Train): 2.43 | Mean fitness (Train): 2.94 | Mean fitness (Test): 2.31
 | Mean Accuracy (Test): 0.11
Generation 1000 | Best fitness (Train): 2.32 | Best fitness in generation (Train): 2.41 | Mean fitness (Train): 2.82 | Mean fitness (Test): 2.30
 | Mean Accuracy (Test): 0.12
running the experiment ... [../../results/TorchVisionProblem/MNIST/Open_ES/3]
Generation 005 | Best fitness (Train): 338.13 | Best fitness in generation (Train): 338.13 | Mean fitness (Train): 590.93 | Mean fitness (Test): 10.84
 | Mean Accuracy (Test): 0.13
Generation 010 | Best fitness (Train): 334.25 | Best fitness in generation (Train): 336.70 | Mean fitness (Train): 535.04 | Mean fitness (Test): 18.35
 | Mean Accuracy (Test): 0.07
Generation 015 | Best fitness (Train): 292.58 | Best fitness in generation (Train): 318.30 | Mean fitness (Train): 503.13 | Mean fitness (Test): 28.31
 | Mean Accuracy (Test): 0.03
Generation 020 | Best fitness (Train): 292.58 | Best fitness in generation (Train): 330.57 | Mean fitness (Train): 514.07 | Mean fitness (Test): 39.21
 | Mean Accuracy (Test): 0.04
Generation 025 | Best fitness (Train): 292.58 | Best fitness in generation (Train): 330.75 | Mean fitness (Train): 481.75 | Mean fitness (Test): 41.60
 | Mean Accuracy (Test): 0.02
Generation 030 | Best fitness (Train): 239.14 | Best fitness in generation (Train): 312.41 | Mean fitness (Train): 460.82 | Mean fitness (Test): 38.04
 | Mean Accuracy (Test): 0.02
Generation 035 | Best fitness (Train): 239.14 | Best fitness in generation (Train): 273.02 | Mean fitness (Train): 462.93 | Mean fitness (Test): 31.91
 | Mean Accuracy (Test): 0.04
Generation 040 | Best fitness (Train): 230.72 | Best fitness in generation (Train): 230.72 | Mean fitness (Train): 444.52 | Mean fitness (Test): 30.66
 | Mean Accuracy (Test): 0.06
Generation 045 | Best fitness (Train): 230.72 | Best fitness in generation (Train): 254.66 | Mean fitness (Train): 436.66 | Mean fitness (Test): 27.44
 | Mean Accuracy (Test): 0.10
Generation 050 | Best fitness (Train): 230.72 | Best fitness in generation (Train): 290.27 | Mean fitness (Train): 442.29 | Mean fitness (Test): 24.61
 | Mean Accuracy (Test): 0.09
Generation 055 | Best fitness (Train): 212.83 | Best fitness in generation (Train): 274.85 | Mean fitness (Train): 424.03 | Mean fitness (Test): 21.46
 | Mean Accuracy (Test): 0.11
Generation 060 | Best fitness (Train): 211.73 | Best fitness in generation (Train): 251.41 | Mean fitness (Train): 398.48 | Mean fitness (Test): 20.80
 | Mean Accuracy (Test): 0.13
Generation 065 | Best fitness (Train): 211.73 | Best fitness in generation (Train): 230.92 | Mean fitness (Train): 393.29 | Mean fitness (Test): 18.77
 | Mean Accuracy (Test): 0.16
Generation 070 | Best fitness (Train): 208.69 | Best fitness in generation (Train): 245.15 | Mean fitness (Train): 388.46 | Mean fitness (Test): 15.19
 | Mean Accuracy (Test): 0.18
Generation 075 | Best fitness (Train): 208.69 | Best fitness in generation (Train): 239.47 | Mean fitness (Train): 366.28 | Mean fitness (Test): 14.07
 | Mean Accuracy (Test): 0.16
Generation 080 | Best fitness (Train): 208.69 | Best fitness in generation (Train): 210.39 | Mean fitness (Train): 358.81 | Mean fitness (Test): 14.78
 | Mean Accuracy (Test): 0.17
Generation 085 | Best fitness (Train): 199.87 | Best fitness in generation (Train): 212.58 | Mean fitness (Train): 346.38 | Mean fitness (Test): 14.53
 | Mean Accuracy (Test): 0.16
Generation 090 | Best fitness (Train): 198.11 | Best fitness in generation (Train): 227.20 | Mean fitness (Train): 342.39 | Mean fitness (Test): 10.69
 | Mean Accuracy (Test): 0.17
Generation 095 | Best fitness (Train): 172.48 | Best fitness in generation (Train): 200.72 | Mean fitness (Train): 336.72 | Mean fitness (Test): 8.56
 | Mean Accuracy (Test): 0.14
Generation 100 | Best fitness (Train): 163.50 | Best fitness in generation (Train): 195.30 | Mean fitness (Train): 326.34 | Mean fitness (Test): 6.94
 | Mean Accuracy (Test): 0.12
Generation 105 | Best fitness (Train): 163.50 | Best fitness in generation (Train): 185.92 | Mean fitness (Train): 291.10 | Mean fitness (Test): 4.97
 | Mean Accuracy (Test): 0.12
Generation 110 | Best fitness (Train): 163.50 | Best fitness in generation (Train): 168.42 | Mean fitness (Train): 280.91 | Mean fitness (Test): 4.35
 | Mean Accuracy (Test): 0.13
Generation 115 | Best fitness (Train): 132.38 | Best fitness in generation (Train): 159.54 | Mean fitness (Train): 274.16 | Mean fitness (Test): 4.00
 | Mean Accuracy (Test): 0.12
Generation 120 | Best fitness (Train): 132.38 | Best fitness in generation (Train): 149.01 | Mean fitness (Train): 271.48 | Mean fitness (Test): 3.51
 | Mean Accuracy (Test): 0.10
Generation 125 | Best fitness (Train): 132.38 | Best fitness in generation (Train): 141.26 | Mean fitness (Train): 256.97 | Mean fitness (Test): 3.35
 | Mean Accuracy (Test): 0.13
Generation 130 | Best fitness (Train): 124.91 | Best fitness in generation (Train): 134.33 | Mean fitness (Train): 243.56 | Mean fitness (Test): 3.03
 | Mean Accuracy (Test): 0.13
Generation 135 | Best fitness (Train): 115.31 | Best fitness in generation (Train): 122.28 | Mean fitness (Train): 229.66 | Mean fitness (Test): 3.13
 | Mean Accuracy (Test): 0.13
Generation 140 | Best fitness (Train): 107.04 | Best fitness in generation (Train): 108.63 | Mean fitness (Train): 227.42 | Mean fitness (Test): 3.00
 | Mean Accuracy (Test): 0.12
Generation 145 | Best fitness (Train): 107.04 | Best fitness in generation (Train): 125.28 | Mean fitness (Train): 220.65 | Mean fitness (Test): 2.70
 | Mean Accuracy (Test): 0.16
Generation 150 | Best fitness (Train): 99.60 | Best fitness in generation (Train): 116.46 | Mean fitness (Train): 215.85 | Mean fitness (Test): 2.63
 | Mean Accuracy (Test): 0.15
Generation 155 | Best fitness (Train): 86.88 | Best fitness in generation (Train): 97.95 | Mean fitness (Train): 203.19 | Mean fitness (Test): 2.61
 | Mean Accuracy (Test): 0.11
Generation 160 | Best fitness (Train): 84.89 | Best fitness in generation (Train): 84.89 | Mean fitness (Train): 194.05 | Mean fitness (Test): 2.64
 | Mean Accuracy (Test): 0.09
Generation 165 | Best fitness (Train): 69.43 | Best fitness in generation (Train): 69.43 | Mean fitness (Train): 190.67 | Mean fitness (Test): 2.57
 | Mean Accuracy (Test): 0.10
Generation 170 | Best fitness (Train): 69.43 | Best fitness in generation (Train): 105.92 | Mean fitness (Train): 184.29 | Mean fitness (Test): 2.58
 | Mean Accuracy (Test): 0.09
Generation 175 | Best fitness (Train): 69.43 | Best fitness in generation (Train): 85.90 | Mean fitness (Train): 179.75 | Mean fitness (Test): 2.52
 | Mean Accuracy (Test): 0.09
Generation 180 | Best fitness (Train): 53.22 | Best fitness in generation (Train): 74.99 | Mean fitness (Train): 162.17 | Mean fitness (Test): 2.51
 | Mean Accuracy (Test): 0.09
Generation 185 | Best fitness (Train): 53.22 | Best fitness in generation (Train): 64.58 | Mean fitness (Train): 161.13 | Mean fitness (Test): 2.53
 | Mean Accuracy (Test): 0.10
Generation 190 | Best fitness (Train): 53.22 | Best fitness in generation (Train): 69.61 | Mean fitness (Train): 155.70 | Mean fitness (Test): 2.50
 | Mean Accuracy (Test): 0.10
Generation 195 | Best fitness (Train): 45.73 | Best fitness in generation (Train): 70.91 | Mean fitness (Train): 157.63 | Mean fitness (Test): 2.53
 | Mean Accuracy (Test): 0.10
Generation 200 | Best fitness (Train): 45.73 | Best fitness in generation (Train): 62.78 | Mean fitness (Train): 137.69 | Mean fitness (Test): 2.57
 | Mean Accuracy (Test): 0.09
Generation 205 | Best fitness (Train): 44.41 | Best fitness in generation (Train): 44.41 | Mean fitness (Train): 130.56 | Mean fitness (Test): 2.55
 | Mean Accuracy (Test): 0.11
Generation 210 | Best fitness (Train): 44.41 | Best fitness in generation (Train): 53.08 | Mean fitness (Train): 125.23 | Mean fitness (Test): 2.57
 | Mean Accuracy (Test): 0.09
Generation 215 | Best fitness (Train): 44.41 | Best fitness in generation (Train): 59.17 | Mean fitness (Train): 123.69 | Mean fitness (Test): 2.56
 | Mean Accuracy (Test): 0.10
Generation 220 | Best fitness (Train): 43.58 | Best fitness in generation (Train): 43.58 | Mean fitness (Train): 115.58 | Mean fitness (Test): 2.61
 | Mean Accuracy (Test): 0.09
Generation 225 | Best fitness (Train): 41.29 | Best fitness in generation (Train): 41.29 | Mean fitness (Train): 114.57 | Mean fitness (Test): 2.58
 | Mean Accuracy (Test): 0.10
Generation 230 | Best fitness (Train): 29.74 | Best fitness in generation (Train): 29.74 | Mean fitness (Train): 105.61 | Mean fitness (Test): 2.59
 | Mean Accuracy (Test): 0.09
Generation 235 | Best fitness (Train): 29.12 | Best fitness in generation (Train): 36.82 | Mean fitness (Train): 100.11 | Mean fitness (Test): 2.58
 | Mean Accuracy (Test): 0.10
Generation 240 | Best fitness (Train): 29.12 | Best fitness in generation (Train): 34.02 | Mean fitness (Train): 98.08 | Mean fitness (Test): 2.52
 | Mean Accuracy (Test): 0.10
Generation 245 | Best fitness (Train): 29.12 | Best fitness in generation (Train): 33.91 | Mean fitness (Train): 108.07 | Mean fitness (Test): 2.55
 | Mean Accuracy (Test): 0.11
Generation 250 | Best fitness (Train): 24.01 | Best fitness in generation (Train): 28.51 | Mean fitness (Train): 87.08 | Mean fitness (Test): 2.58
 | Mean Accuracy (Test): 0.10
Generation 255 | Best fitness (Train): 24.01 | Best fitness in generation (Train): 29.71 | Mean fitness (Train): 91.29 | Mean fitness (Test): 2.58
 | Mean Accuracy (Test): 0.11
Generation 260 | Best fitness (Train): 22.85 | Best fitness in generation (Train): 22.85 | Mean fitness (Train): 83.94 | Mean fitness (Test): 2.59
 | Mean Accuracy (Test): 0.08
Generation 265 | Best fitness (Train): 13.89 | Best fitness in generation (Train): 19.46 | Mean fitness (Train): 77.26 | Mean fitness (Test): 2.53
 | Mean Accuracy (Test): 0.10
Generation 270 | Best fitness (Train): 13.89 | Best fitness in generation (Train): 27.02 | Mean fitness (Train): 74.42 | Mean fitness (Test): 2.61
 | Mean Accuracy (Test): 0.10
Generation 275 | Best fitness (Train): 13.89 | Best fitness in generation (Train): 15.48 | Mean fitness (Train): 71.79 | Mean fitness (Test): 2.57
 | Mean Accuracy (Test): 0.10
Generation 280 | Best fitness (Train): 11.40 | Best fitness in generation (Train): 16.62 | Mean fitness (Train): 73.47 | Mean fitness (Test): 2.57
 | Mean Accuracy (Test): 0.11
Generation 285 | Best fitness (Train): 11.35 | Best fitness in generation (Train): 13.84 | Mean fitness (Train): 65.81 | Mean fitness (Test): 2.60
 | Mean Accuracy (Test): 0.10
Generation 290 | Best fitness (Train): 10.13 | Best fitness in generation (Train): 10.13 | Mean fitness (Train): 64.56 | Mean fitness (Test): 2.53
 | Mean Accuracy (Test): 0.12
Generation 295 | Best fitness (Train): 10.13 | Best fitness in generation (Train): 15.12 | Mean fitness (Train): 54.45 | Mean fitness (Test): 2.63
 | Mean Accuracy (Test): 0.09
Generation 300 | Best fitness (Train): 10.13 | Best fitness in generation (Train): 18.55 | Mean fitness (Train): 61.15 | Mean fitness (Test): 2.60
 | Mean Accuracy (Test): 0.10
Generation 305 | Best fitness (Train): 10.13 | Best fitness in generation (Train): 15.00 | Mean fitness (Train): 58.66 | Mean fitness (Test): 2.58
 | Mean Accuracy (Test): 0.09
Generation 310 | Best fitness (Train): 8.85 | Best fitness in generation (Train): 11.41 | Mean fitness (Train): 52.91 | Mean fitness (Test): 2.56
 | Mean Accuracy (Test): 0.11
Generation 315 | Best fitness (Train): 7.62 | Best fitness in generation (Train): 13.32 | Mean fitness (Train): 48.56 | Mean fitness (Test): 2.58
 | Mean Accuracy (Test): 0.09
Generation 320 | Best fitness (Train): 7.62 | Best fitness in generation (Train): 14.21 | Mean fitness (Train): 48.17 | Mean fitness (Test): 2.59
 | Mean Accuracy (Test): 0.09
Generation 325 | Best fitness (Train): 7.62 | Best fitness in generation (Train): 10.46 | Mean fitness (Train): 46.62 | Mean fitness (Test): 2.55
 | Mean Accuracy (Test): 0.12
Generation 330 | Best fitness (Train): 6.37 | Best fitness in generation (Train): 10.95 | Mean fitness (Train): 44.36 | Mean fitness (Test): 2.56
 | Mean Accuracy (Test): 0.09
Generation 335 | Best fitness (Train): 6.37 | Best fitness in generation (Train): 10.13 | Mean fitness (Train): 43.06 | Mean fitness (Test): 2.53
 | Mean Accuracy (Test): 0.12
Generation 340 | Best fitness (Train): 6.37 | Best fitness in generation (Train): 9.68 | Mean fitness (Train): 42.16 | Mean fitness (Test): 2.54
 | Mean Accuracy (Test): 0.10
Generation 345 | Best fitness (Train): 5.52 | Best fitness in generation (Train): 9.85 | Mean fitness (Train): 42.31 | Mean fitness (Test): 2.54
 | Mean Accuracy (Test): 0.09
Generation 350 | Best fitness (Train): 5.26 | Best fitness in generation (Train): 7.84 | Mean fitness (Train): 39.77 | Mean fitness (Test): 2.55
 | Mean Accuracy (Test): 0.10
Generation 355 | Best fitness (Train): 5.26 | Best fitness in generation (Train): 7.29 | Mean fitness (Train): 37.46 | Mean fitness (Test): 2.53
 | Mean Accuracy (Test): 0.10
Generation 360 | Best fitness (Train): 3.88 | Best fitness in generation (Train): 4.49 | Mean fitness (Train): 33.03 | Mean fitness (Test): 2.55
 | Mean Accuracy (Test): 0.08
Generation 365 | Best fitness (Train): 3.83 | Best fitness in generation (Train): 6.01 | Mean fitness (Train): 33.04 | Mean fitness (Test): 2.51
 | Mean Accuracy (Test): 0.10
Generation 370 | Best fitness (Train): 3.00 | Best fitness in generation (Train): 3.00 | Mean fitness (Train): 31.31 | Mean fitness (Test): 2.51
 | Mean Accuracy (Test): 0.10
Generation 375 | Best fitness (Train): 3.00 | Best fitness in generation (Train): 5.29 | Mean fitness (Train): 32.21 | Mean fitness (Test): 2.46
 | Mean Accuracy (Test): 0.09
Generation 380 | Best fitness (Train): 3.00 | Best fitness in generation (Train): 4.94 | Mean fitness (Train): 27.35 | Mean fitness (Test): 2.49
 | Mean Accuracy (Test): 0.09
Generation 385 | Best fitness (Train): 3.00 | Best fitness in generation (Train): 5.51 | Mean fitness (Train): 27.14 | Mean fitness (Test): 2.54
 | Mean Accuracy (Test): 0.09
Generation 390 | Best fitness (Train): 3.00 | Best fitness in generation (Train): 4.55 | Mean fitness (Train): 26.59 | Mean fitness (Test): 2.54
 | Mean Accuracy (Test): 0.10
Generation 395 | Best fitness (Train): 3.00 | Best fitness in generation (Train): 3.76 | Mean fitness (Train): 23.45 | Mean fitness (Test): 2.55
 | Mean Accuracy (Test): 0.09
Generation 400 | Best fitness (Train): 3.00 | Best fitness in generation (Train): 3.28 | Mean fitness (Train): 21.44 | Mean fitness (Test): 2.54
 | Mean Accuracy (Test): 0.11
Generation 405 | Best fitness (Train): 3.00 | Best fitness in generation (Train): 4.33 | Mean fitness (Train): 26.41 | Mean fitness (Test): 2.55
 | Mean Accuracy (Test): 0.09
Generation 410 | Best fitness (Train): 3.00 | Best fitness in generation (Train): 3.04 | Mean fitness (Train): 22.98 | Mean fitness (Test): 2.60
 | Mean Accuracy (Test): 0.11
Generation 415 | Best fitness (Train): 3.00 | Best fitness in generation (Train): 3.34 | Mean fitness (Train): 17.52 | Mean fitness (Test): 2.56
 | Mean Accuracy (Test): 0.11
Generation 420 | Best fitness (Train): 2.99 | Best fitness in generation (Train): 4.12 | Mean fitness (Train): 18.65 | Mean fitness (Test): 2.58
 | Mean Accuracy (Test): 0.10
Generation 425 | Best fitness (Train): 2.94 | Best fitness in generation (Train): 3.08 | Mean fitness (Train): 16.98 | Mean fitness (Test): 2.55
 | Mean Accuracy (Test): 0.11
Generation 430 | Best fitness (Train): 2.94 | Best fitness in generation (Train): 3.14 | Mean fitness (Train): 17.07 | Mean fitness (Test): 2.57
 | Mean Accuracy (Test): 0.09
Generation 435 | Best fitness (Train): 2.94 | Best fitness in generation (Train): 3.47 | Mean fitness (Train): 14.23 | Mean fitness (Test): 2.54
 | Mean Accuracy (Test): 0.10
Generation 440 | Best fitness (Train): 2.94 | Best fitness in generation (Train): 3.35 | Mean fitness (Train): 17.31 | Mean fitness (Test): 2.54
 | Mean Accuracy (Test): 0.10
Generation 445 | Best fitness (Train): 2.88 | Best fitness in generation (Train): 2.95 | Mean fitness (Train): 15.03 | Mean fitness (Test): 2.52
 | Mean Accuracy (Test): 0.11
Generation 450 | Best fitness (Train): 2.63 | Best fitness in generation (Train): 2.87 | Mean fitness (Train): 14.98 | Mean fitness (Test): 2.53
 | Mean Accuracy (Test): 0.10
Generation 455 | Best fitness (Train): 2.63 | Best fitness in generation (Train): 3.53 | Mean fitness (Train): 16.54 | Mean fitness (Test): 2.52
 | Mean Accuracy (Test): 0.09
Generation 460 | Best fitness (Train): 2.53 | Best fitness in generation (Train): 2.53 | Mean fitness (Train): 14.95 | Mean fitness (Test): 2.53
 | Mean Accuracy (Test): 0.11
Generation 465 | Best fitness (Train): 2.53 | Best fitness in generation (Train): 3.75 | Mean fitness (Train): 13.57 | Mean fitness (Test): 2.55
 | Mean Accuracy (Test): 0.11
Generation 470 | Best fitness (Train): 2.53 | Best fitness in generation (Train): 2.73 | Mean fitness (Train): 12.45 | Mean fitness (Test): 2.56
 | Mean Accuracy (Test): 0.09
Generation 475 | Best fitness (Train): 2.53 | Best fitness in generation (Train): 2.87 | Mean fitness (Train): 10.46 | Mean fitness (Test): 2.54
 | Mean Accuracy (Test): 0.11
Generation 480 | Best fitness (Train): 2.53 | Best fitness in generation (Train): 2.68 | Mean fitness (Train): 11.16 | Mean fitness (Test): 2.61
 | Mean Accuracy (Test): 0.09
Generation 485 | Best fitness (Train): 2.53 | Best fitness in generation (Train): 2.83 | Mean fitness (Train): 11.08 | Mean fitness (Test): 2.56
 | Mean Accuracy (Test): 0.10
Generation 490 | Best fitness (Train): 2.53 | Best fitness in generation (Train): 2.64 | Mean fitness (Train): 7.93 | Mean fitness (Test): 2.55
 | Mean Accuracy (Test): 0.11
Generation 495 | Best fitness (Train): 2.53 | Best fitness in generation (Train): 2.80 | Mean fitness (Train): 10.82 | Mean fitness (Test): 2.49
 | Mean Accuracy (Test): 0.11
Generation 500 | Best fitness (Train): 2.53 | Best fitness in generation (Train): 2.97 | Mean fitness (Train): 9.45 | Mean fitness (Test): 2.45
 | Mean Accuracy (Test): 0.11
Generation 505 | Best fitness (Train): 2.48 | Best fitness in generation (Train): 2.48 | Mean fitness (Train): 8.77 | Mean fitness (Test): 2.43
 | Mean Accuracy (Test): 0.09
Generation 510 | Best fitness (Train): 2.48 | Best fitness in generation (Train): 2.52 | Mean fitness (Train): 9.56 | Mean fitness (Test): 2.39
 | Mean Accuracy (Test): 0.10
Generation 515 | Best fitness (Train): 2.43 | Best fitness in generation (Train): 2.49 | Mean fitness (Train): 7.90 | Mean fitness (Test): 2.36
 | Mean Accuracy (Test): 0.09
Generation 520 | Best fitness (Train): 2.43 | Best fitness in generation (Train): 2.67 | Mean fitness (Train): 9.10 | Mean fitness (Test): 2.34
 | Mean Accuracy (Test): 0.10
Generation 525 | Best fitness (Train): 2.43 | Best fitness in generation (Train): 2.62 | Mean fitness (Train): 7.69 | Mean fitness (Test): 2.35
 | Mean Accuracy (Test): 0.11
Generation 530 | Best fitness (Train): 2.43 | Best fitness in generation (Train): 2.55 | Mean fitness (Train): 8.28 | Mean fitness (Test): 2.35
 | Mean Accuracy (Test): 0.11
Generation 535 | Best fitness (Train): 2.43 | Best fitness in generation (Train): 2.49 | Mean fitness (Train): 9.19 | Mean fitness (Test): 2.37
 | Mean Accuracy (Test): 0.09
Generation 540 | Best fitness (Train): 2.43 | Best fitness in generation (Train): 2.46 | Mean fitness (Train): 6.67 | Mean fitness (Test): 2.36
 | Mean Accuracy (Test): 0.12
Generation 545 | Best fitness (Train): 2.43 | Best fitness in generation (Train): 2.66 | Mean fitness (Train): 7.11 | Mean fitness (Test): 2.36
 | Mean Accuracy (Test): 0.09
Generation 550 | Best fitness (Train): 2.43 | Best fitness in generation (Train): 2.54 | Mean fitness (Train): 6.10 | Mean fitness (Test): 2.34
 | Mean Accuracy (Test): 0.11
Generation 555 | Best fitness (Train): 2.43 | Best fitness in generation (Train): 2.52 | Mean fitness (Train): 6.79 | Mean fitness (Test): 2.33
 | Mean Accuracy (Test): 0.10
Generation 560 | Best fitness (Train): 2.43 | Best fitness in generation (Train): 2.53 | Mean fitness (Train): 6.36 | Mean fitness (Test): 2.33
 | Mean Accuracy (Test): 0.09
Generation 565 | Best fitness (Train): 2.40 | Best fitness in generation (Train): 2.40 | Mean fitness (Train): 6.67 | Mean fitness (Test): 2.32
 | Mean Accuracy (Test): 0.08
Generation 570 | Best fitness (Train): 2.40 | Best fitness in generation (Train): 2.41 | Mean fitness (Train): 5.11 | Mean fitness (Test): 2.31
 | Mean Accuracy (Test): 0.10
Generation 575 | Best fitness (Train): 2.39 | Best fitness in generation (Train): 2.47 | Mean fitness (Train): 5.70 | Mean fitness (Test): 2.31
 | Mean Accuracy (Test): 0.12
Generation 580 | Best fitness (Train): 2.39 | Best fitness in generation (Train): 2.48 | Mean fitness (Train): 4.69 | Mean fitness (Test): 2.32
 | Mean Accuracy (Test): 0.11
Generation 585 | Best fitness (Train): 2.39 | Best fitness in generation (Train): 2.46 | Mean fitness (Train): 5.75 | Mean fitness (Test): 2.31
 | Mean Accuracy (Test): 0.12
Generation 590 | Best fitness (Train): 2.39 | Best fitness in generation (Train): 2.46 | Mean fitness (Train): 6.92 | Mean fitness (Test): 2.31
 | Mean Accuracy (Test): 0.11
Generation 595 | Best fitness (Train): 2.39 | Best fitness in generation (Train): 2.54 | Mean fitness (Train): 4.68 | Mean fitness (Test): 2.31
 | Mean Accuracy (Test): 0.10
Generation 600 | Best fitness (Train): 2.39 | Best fitness in generation (Train): 2.51 | Mean fitness (Train): 5.16 | Mean fitness (Test): 2.31
 | Mean Accuracy (Test): 0.10
Generation 605 | Best fitness (Train): 2.39 | Best fitness in generation (Train): 2.47 | Mean fitness (Train): 4.02 | Mean fitness (Test): 2.31
 | Mean Accuracy (Test): 0.12
Generation 610 | Best fitness (Train): 2.39 | Best fitness in generation (Train): 2.48 | Mean fitness (Train): 5.31 | Mean fitness (Test): 2.30
 | Mean Accuracy (Test): 0.10
Generation 615 | Best fitness (Train): 2.39 | Best fitness in generation (Train): 2.44 | Mean fitness (Train): 3.94 | Mean fitness (Test): 2.30
 | Mean Accuracy (Test): 0.12
Generation 620 | Best fitness (Train): 2.39 | Best fitness in generation (Train): 2.41 | Mean fitness (Train): 3.89 | Mean fitness (Test): 2.30
 | Mean Accuracy (Test): 0.11
Generation 625 | Best fitness (Train): 2.38 | Best fitness in generation (Train): 2.49 | Mean fitness (Train): 4.47 | Mean fitness (Test): 2.31
 | Mean Accuracy (Test): 0.09
Generation 630 | Best fitness (Train): 2.38 | Best fitness in generation (Train): 2.44 | Mean fitness (Train): 4.28 | Mean fitness (Test): 2.31
 | Mean Accuracy (Test): 0.10
Generation 635 | Best fitness (Train): 2.38 | Best fitness in generation (Train): 2.50 | Mean fitness (Train): 4.22 | Mean fitness (Test): 2.31
 | Mean Accuracy (Test): 0.09
Generation 640 | Best fitness (Train): 2.37 | Best fitness in generation (Train): 2.37 | Mean fitness (Train): 4.95 | Mean fitness (Test): 2.32
 | Mean Accuracy (Test): 0.10
Generation 645 | Best fitness (Train): 2.37 | Best fitness in generation (Train): 2.48 | Mean fitness (Train): 5.11 | Mean fitness (Test): 2.31
 | Mean Accuracy (Test): 0.11
Generation 650 | Best fitness (Train): 2.37 | Best fitness in generation (Train): 2.45 | Mean fitness (Train): 4.60 | Mean fitness (Test): 2.31
 | Mean Accuracy (Test): 0.10
Generation 655 | Best fitness (Train): 2.37 | Best fitness in generation (Train): 2.41 | Mean fitness (Train): 3.62 | Mean fitness (Test): 2.31
 | Mean Accuracy (Test): 0.10
Generation 660 | Best fitness (Train): 2.37 | Best fitness in generation (Train): 2.37 | Mean fitness (Train): 5.07 | Mean fitness (Test): 2.30
 | Mean Accuracy (Test): 0.10
Generation 665 | Best fitness (Train): 2.37 | Best fitness in generation (Train): 2.41 | Mean fitness (Train): 4.11 | Mean fitness (Test): 2.30
 | Mean Accuracy (Test): 0.10
Generation 670 | Best fitness (Train): 2.37 | Best fitness in generation (Train): 2.41 | Mean fitness (Train): 3.81 | Mean fitness (Test): 2.30
 | Mean Accuracy (Test): 0.10
Generation 675 | Best fitness (Train): 2.37 | Best fitness in generation (Train): 2.47 | Mean fitness (Train): 3.53 | Mean fitness (Test): 2.31
 | Mean Accuracy (Test): 0.12
Generation 680 | Best fitness (Train): 2.37 | Best fitness in generation (Train): 2.38 | Mean fitness (Train): 3.35 | Mean fitness (Test): 2.31
 | Mean Accuracy (Test): 0.11
Generation 685 | Best fitness (Train): 2.37 | Best fitness in generation (Train): 2.45 | Mean fitness (Train): 4.02 | Mean fitness (Test): 2.31
 | Mean Accuracy (Test): 0.11
Generation 690 | Best fitness (Train): 2.37 | Best fitness in generation (Train): 2.42 | Mean fitness (Train): 3.22 | Mean fitness (Test): 2.30
 | Mean Accuracy (Test): 0.12
Generation 695 | Best fitness (Train): 2.35 | Best fitness in generation (Train): 2.46 | Mean fitness (Train): 4.26 | Mean fitness (Test): 2.30
 | Mean Accuracy (Test): 0.12
Generation 700 | Best fitness (Train): 2.35 | Best fitness in generation (Train): 2.45 | Mean fitness (Train): 3.60 | Mean fitness (Test): 2.31
 | Mean Accuracy (Test): 0.09
Generation 705 | Best fitness (Train): 2.35 | Best fitness in generation (Train): 2.49 | Mean fitness (Train): 3.57 | Mean fitness (Test): 2.31
 | Mean Accuracy (Test): 0.09
Generation 710 | Best fitness (Train): 2.35 | Best fitness in generation (Train): 2.43 | Mean fitness (Train): 3.28 | Mean fitness (Test): 2.30
 | Mean Accuracy (Test): 0.11
Generation 715 | Best fitness (Train): 2.35 | Best fitness in generation (Train): 2.48 | Mean fitness (Train): 4.11 | Mean fitness (Test): 2.30
 | Mean Accuracy (Test): 0.10
Generation 720 | Best fitness (Train): 2.35 | Best fitness in generation (Train): 2.43 | Mean fitness (Train): 3.04 | Mean fitness (Test): 2.30
 | Mean Accuracy (Test): 0.10
Generation 725 | Best fitness (Train): 2.35 | Best fitness in generation (Train): 2.39 | Mean fitness (Train): 3.14 | Mean fitness (Test): 2.30
 | Mean Accuracy (Test): 0.12
Generation 730 | Best fitness (Train): 2.35 | Best fitness in generation (Train): 2.37 | Mean fitness (Train): 3.38 | Mean fitness (Test): 2.31
 | Mean Accuracy (Test): 0.12
Generation 735 | Best fitness (Train): 2.35 | Best fitness in generation (Train): 2.48 | Mean fitness (Train): 3.08 | Mean fitness (Test): 2.30
 | Mean Accuracy (Test): 0.12
Generation 740 | Best fitness (Train): 2.35 | Best fitness in generation (Train): 2.43 | Mean fitness (Train): 3.70 | Mean fitness (Test): 2.30
 | Mean Accuracy (Test): 0.10
Generation 745 | Best fitness (Train): 2.35 | Best fitness in generation (Train): 2.42 | Mean fitness (Train): 3.13 | Mean fitness (Test): 2.31
 | Mean Accuracy (Test): 0.10
Generation 750 | Best fitness (Train): 2.35 | Best fitness in generation (Train): 2.42 | Mean fitness (Train): 2.93 | Mean fitness (Test): 2.31
 | Mean Accuracy (Test): 0.09
Generation 755 | Best fitness (Train): 2.35 | Best fitness in generation (Train): 2.41 | Mean fitness (Train): 3.25 | Mean fitness (Test): 2.31
 | Mean Accuracy (Test): 0.09
Generation 760 | Best fitness (Train): 2.35 | Best fitness in generation (Train): 2.37 | Mean fitness (Train): 3.22 | Mean fitness (Test): 2.30
 | Mean Accuracy (Test): 0.10
Generation 765 | Best fitness (Train): 2.35 | Best fitness in generation (Train): 2.44 | Mean fitness (Train): 3.85 | Mean fitness (Test): 2.30
 | Mean Accuracy (Test): 0.13
Generation 770 | Best fitness (Train): 2.35 | Best fitness in generation (Train): 2.38 | Mean fitness (Train): 3.39 | Mean fitness (Test): 2.30
 | Mean Accuracy (Test): 0.11
Generation 775 | Best fitness (Train): 2.34 | Best fitness in generation (Train): 2.41 | Mean fitness (Train): 3.48 | Mean fitness (Test): 2.30
 | Mean Accuracy (Test): 0.11
Generation 780 | Best fitness (Train): 2.34 | Best fitness in generation (Train): 2.46 | Mean fitness (Train): 3.50 | Mean fitness (Test): 2.30
 | Mean Accuracy (Test): 0.11
Generation 785 | Best fitness (Train): 2.34 | Best fitness in generation (Train): 2.46 | Mean fitness (Train): 3.28 | Mean fitness (Test): 2.30
 | Mean Accuracy (Test): 0.12
Generation 790 | Best fitness (Train): 2.34 | Best fitness in generation (Train): 2.42 | Mean fitness (Train): 3.08 | Mean fitness (Test): 2.31
 | Mean Accuracy (Test): 0.13
Generation 795 | Best fitness (Train): 2.34 | Best fitness in generation (Train): 2.45 | Mean fitness (Train): 4.19 | Mean fitness (Test): 2.31
 | Mean Accuracy (Test): 0.11
Generation 800 | Best fitness (Train): 2.34 | Best fitness in generation (Train): 2.40 | Mean fitness (Train): 3.08 | Mean fitness (Test): 2.30
 | Mean Accuracy (Test): 0.12
Generation 805 | Best fitness (Train): 2.34 | Best fitness in generation (Train): 2.40 | Mean fitness (Train): 2.96 | Mean fitness (Test): 2.30
 | Mean Accuracy (Test): 0.12
Generation 810 | Best fitness (Train): 2.34 | Best fitness in generation (Train): 2.37 | Mean fitness (Train): 3.18 | Mean fitness (Test): 2.30
 | Mean Accuracy (Test): 0.13
Generation 815 | Best fitness (Train): 2.34 | Best fitness in generation (Train): 2.39 | Mean fitness (Train): 3.39 | Mean fitness (Test): 2.30
 | Mean Accuracy (Test): 0.10
Generation 820 | Best fitness (Train): 2.34 | Best fitness in generation (Train): 2.38 | Mean fitness (Train): 3.15 | Mean fitness (Test): 2.30
 | Mean Accuracy (Test): 0.13
Generation 825 | Best fitness (Train): 2.34 | Best fitness in generation (Train): 2.47 | Mean fitness (Train): 3.49 | Mean fitness (Test): 2.31
 | Mean Accuracy (Test): 0.09
Generation 830 | Best fitness (Train): 2.34 | Best fitness in generation (Train): 2.42 | Mean fitness (Train): 2.83 | Mean fitness (Test): 2.30
 | Mean Accuracy (Test): 0.11
Generation 835 | Best fitness (Train): 2.34 | Best fitness in generation (Train): 2.37 | Mean fitness (Train): 2.85 | Mean fitness (Test): 2.31
 | Mean Accuracy (Test): 0.10
Generation 840 | Best fitness (Train): 2.34 | Best fitness in generation (Train): 2.39 | Mean fitness (Train): 2.88 | Mean fitness (Test): 2.30
 | Mean Accuracy (Test): 0.11
Generation 845 | Best fitness (Train): 2.34 | Best fitness in generation (Train): 2.42 | Mean fitness (Train): 2.88 | Mean fitness (Test): 2.30
 | Mean Accuracy (Test): 0.10
Generation 850 | Best fitness (Train): 2.34 | Best fitness in generation (Train): 2.40 | Mean fitness (Train): 3.04 | Mean fitness (Test): 2.30
 | Mean Accuracy (Test): 0.11
Generation 855 | Best fitness (Train): 2.34 | Best fitness in generation (Train): 2.40 | Mean fitness (Train): 3.10 | Mean fitness (Test): 2.30
 | Mean Accuracy (Test): 0.08
Generation 860 | Best fitness (Train): 2.34 | Best fitness in generation (Train): 2.38 | Mean fitness (Train): 3.90 | Mean fitness (Test): 2.30
 | Mean Accuracy (Test): 0.10
Generation 865 | Best fitness (Train): 2.34 | Best fitness in generation (Train): 2.43 | Mean fitness (Train): 2.86 | Mean fitness (Test): 2.30
 | Mean Accuracy (Test): 0.09
Generation 870 | Best fitness (Train): 2.34 | Best fitness in generation (Train): 2.37 | Mean fitness (Train): 2.96 | Mean fitness (Test): 2.30
 | Mean Accuracy (Test): 0.11
Generation 875 | Best fitness (Train): 2.34 | Best fitness in generation (Train): 2.42 | Mean fitness (Train): 2.90 | Mean fitness (Test): 2.30
 | Mean Accuracy (Test): 0.11
Generation 880 | Best fitness (Train): 2.34 | Best fitness in generation (Train): 2.46 | Mean fitness (Train): 3.11 | Mean fitness (Test): 2.30
 | Mean Accuracy (Test): 0.12
Generation 885 | Best fitness (Train): 2.34 | Best fitness in generation (Train): 2.37 | Mean fitness (Train): 2.85 | Mean fitness (Test): 2.30
 | Mean Accuracy (Test): 0.12
Generation 890 | Best fitness (Train): 2.34 | Best fitness in generation (Train): 2.35 | Mean fitness (Train): 2.82 | Mean fitness (Test): 2.31
 | Mean Accuracy (Test): 0.11
Generation 895 | Best fitness (Train): 2.34 | Best fitness in generation (Train): 2.43 | Mean fitness (Train): 2.83 | Mean fitness (Test): 2.30
 | Mean Accuracy (Test): 0.11
Generation 900 | Best fitness (Train): 2.34 | Best fitness in generation (Train): 2.38 | Mean fitness (Train): 2.97 | Mean fitness (Test): 2.30
 | Mean Accuracy (Test): 0.13
Generation 905 | Best fitness (Train): 2.34 | Best fitness in generation (Train): 2.41 | Mean fitness (Train): 2.95 | Mean fitness (Test): 2.30
 | Mean Accuracy (Test): 0.10
Generation 910 | Best fitness (Train): 2.34 | Best fitness in generation (Train): 2.38 | Mean fitness (Train): 2.85 | Mean fitness (Test): 2.30
 | Mean Accuracy (Test): 0.12
Generation 915 | Best fitness (Train): 2.34 | Best fitness in generation (Train): 2.43 | Mean fitness (Train): 3.03 | Mean fitness (Test): 2.31
 | Mean Accuracy (Test): 0.09
Generation 920 | Best fitness (Train): 2.34 | Best fitness in generation (Train): 2.39 | Mean fitness (Train): 2.87 | Mean fitness (Test): 2.30
 | Mean Accuracy (Test): 0.12
Generation 925 | Best fitness (Train): 2.34 | Best fitness in generation (Train): 2.39 | Mean fitness (Train): 2.86 | Mean fitness (Test): 2.30
 | Mean Accuracy (Test): 0.10
Generation 930 | Best fitness (Train): 2.34 | Best fitness in generation (Train): 2.44 | Mean fitness (Train): 2.88 | Mean fitness (Test): 2.30
 | Mean Accuracy (Test): 0.12
Generation 935 | Best fitness (Train): 2.34 | Best fitness in generation (Train): 2.38 | Mean fitness (Train): 2.78 | Mean fitness (Test): 2.31
 | Mean Accuracy (Test): 0.09
Generation 940 | Best fitness (Train): 2.34 | Best fitness in generation (Train): 2.39 | Mean fitness (Train): 2.80 | Mean fitness (Test): 2.30
 | Mean Accuracy (Test): 0.11
Generation 945 | Best fitness (Train): 2.34 | Best fitness in generation (Train): 2.39 | Mean fitness (Train): 2.85 | Mean fitness (Test): 2.30
 | Mean Accuracy (Test): 0.13
Generation 950 | Best fitness (Train): 2.34 | Best fitness in generation (Train): 2.43 | Mean fitness (Train): 2.94 | Mean fitness (Test): 2.30
 | Mean Accuracy (Test): 0.12
Generation 955 | Best fitness (Train): 2.34 | Best fitness in generation (Train): 2.38 | Mean fitness (Train): 3.38 | Mean fitness (Test): 2.31
 | Mean Accuracy (Test): 0.10
Generation 960 | Best fitness (Train): 2.34 | Best fitness in generation (Train): 2.39 | Mean fitness (Train): 2.86 | Mean fitness (Test): 2.30
 | Mean Accuracy (Test): 0.11
Generation 965 | Best fitness (Train): 2.34 | Best fitness in generation (Train): 2.45 | Mean fitness (Train): 2.87 | Mean fitness (Test): 2.30
 | Mean Accuracy (Test): 0.10
Generation 970 | Best fitness (Train): 2.34 | Best fitness in generation (Train): 2.39 | Mean fitness (Train): 2.77 | Mean fitness (Test): 2.30
 | Mean Accuracy (Test): 0.10
Generation 975 | Best fitness (Train): 2.34 | Best fitness in generation (Train): 2.38 | Mean fitness (Train): 2.97 | Mean fitness (Test): 2.30
 | Mean Accuracy (Test): 0.10
Generation 980 | Best fitness (Train): 2.34 | Best fitness in generation (Train): 2.40 | Mean fitness (Train): 2.81 | Mean fitness (Test): 2.30
 | Mean Accuracy (Test): 0.12
Generation 985 | Best fitness (Train): 2.34 | Best fitness in generation (Train): 2.38 | Mean fitness (Train): 2.83 | Mean fitness (Test): 2.31
 | Mean Accuracy (Test): 0.12
Generation 990 | Best fitness (Train): 2.34 | Best fitness in generation (Train): 2.44 | Mean fitness (Train): 2.95 | Mean fitness (Test): 2.30
 | Mean Accuracy (Test): 0.10
Generation 995 | Best fitness (Train): 2.34 | Best fitness in generation (Train): 2.42 | Mean fitness (Train): 2.88 | Mean fitness (Test): 2.30
 | Mean Accuracy (Test): 0.13
Generation 1000 | Best fitness (Train): 2.34 | Best fitness in generation (Train): 2.37 | Mean fitness (Train): 2.74 | Mean fitness (Test): 2.30
 | Mean Accuracy (Test): 0.11
running the experiment ... [../../results/TorchVisionProblem/MNIST/Open_ES/4]
Generation 005 | Best fitness (Train): 315.99 | Best fitness in generation (Train): 354.77 | Mean fitness (Train): 562.89 | Mean fitness (Test): 12.48
 | Mean Accuracy (Test): 0.08
Generation 010 | Best fitness (Train): 315.99 | Best fitness in generation (Train): 322.49 | Mean fitness (Train): 535.24 | Mean fitness (Test): 19.77
 | Mean Accuracy (Test): 0.10
Generation 015 | Best fitness (Train): 304.33 | Best fitness in generation (Train): 314.96 | Mean fitness (Train): 500.44 | Mean fitness (Test): 25.64
 | Mean Accuracy (Test): 0.07
Generation 020 | Best fitness (Train): 286.03 | Best fitness in generation (Train): 307.31 | Mean fitness (Train): 514.76 | Mean fitness (Test): 25.88
 | Mean Accuracy (Test): 0.07
Generation 025 | Best fitness (Train): 277.51 | Best fitness in generation (Train): 307.80 | Mean fitness (Train): 492.70 | Mean fitness (Test): 30.32
 | Mean Accuracy (Test): 0.10
Generation 030 | Best fitness (Train): 264.49 | Best fitness in generation (Train): 305.62 | Mean fitness (Train): 471.93 | Mean fitness (Test): 38.76
 | Mean Accuracy (Test): 0.12
Generation 035 | Best fitness (Train): 264.49 | Best fitness in generation (Train): 302.25 | Mean fitness (Train): 461.86 | Mean fitness (Test): 47.50
 | Mean Accuracy (Test): 0.10
Generation 040 | Best fitness (Train): 245.25 | Best fitness in generation (Train): 256.83 | Mean fitness (Train): 451.77 | Mean fitness (Test): 46.54
 | Mean Accuracy (Test): 0.11
Generation 045 | Best fitness (Train): 232.81 | Best fitness in generation (Train): 237.44 | Mean fitness (Train): 440.44 | Mean fitness (Test): 42.64
 | Mean Accuracy (Test): 0.11
Generation 050 | Best fitness (Train): 232.81 | Best fitness in generation (Train): 247.02 | Mean fitness (Train): 426.50 | Mean fitness (Test): 34.87
 | Mean Accuracy (Test): 0.12
Generation 055 | Best fitness (Train): 232.81 | Best fitness in generation (Train): 237.09 | Mean fitness (Train): 406.29 | Mean fitness (Test): 29.02
 | Mean Accuracy (Test): 0.12
Generation 060 | Best fitness (Train): 232.81 | Best fitness in generation (Train): 253.54 | Mean fitness (Train): 400.60 | Mean fitness (Test): 29.01
 | Mean Accuracy (Test): 0.13
Generation 065 | Best fitness (Train): 220.33 | Best fitness in generation (Train): 233.48 | Mean fitness (Train): 398.80 | Mean fitness (Test): 24.43
 | Mean Accuracy (Test): 0.15
Generation 070 | Best fitness (Train): 189.10 | Best fitness in generation (Train): 247.57 | Mean fitness (Train): 382.03 | Mean fitness (Test): 18.96
 | Mean Accuracy (Test): 0.15
Generation 075 | Best fitness (Train): 189.10 | Best fitness in generation (Train): 197.71 | Mean fitness (Train): 368.38 | Mean fitness (Test): 16.63
 | Mean Accuracy (Test): 0.17
Generation 080 | Best fitness (Train): 189.10 | Best fitness in generation (Train): 209.80 | Mean fitness (Train): 352.24 | Mean fitness (Test): 14.39
 | Mean Accuracy (Test): 0.17
Generation 085 | Best fitness (Train): 185.21 | Best fitness in generation (Train): 195.46 | Mean fitness (Train): 331.54 | Mean fitness (Test): 13.55
 | Mean Accuracy (Test): 0.14
Generation 090 | Best fitness (Train): 185.21 | Best fitness in generation (Train): 201.72 | Mean fitness (Train): 319.40 | Mean fitness (Test): 12.40
 | Mean Accuracy (Test): 0.17
Generation 095 | Best fitness (Train): 172.64 | Best fitness in generation (Train): 203.69 | Mean fitness (Train): 310.21 | Mean fitness (Test): 9.50
 | Mean Accuracy (Test): 0.16
Generation 100 | Best fitness (Train): 172.64 | Best fitness in generation (Train): 181.61 | Mean fitness (Train): 306.13 | Mean fitness (Test): 7.68
 | Mean Accuracy (Test): 0.16
Generation 105 | Best fitness (Train): 172.11 | Best fitness in generation (Train): 192.40 | Mean fitness (Train): 290.06 | Mean fitness (Test): 4.32
 | Mean Accuracy (Test): 0.16
Generation 110 | Best fitness (Train): 148.01 | Best fitness in generation (Train): 148.01 | Mean fitness (Train): 268.99 | Mean fitness (Test): 3.42
 | Mean Accuracy (Test): 0.14
Generation 115 | Best fitness (Train): 129.53 | Best fitness in generation (Train): 150.29 | Mean fitness (Train): 258.78 | Mean fitness (Test): 3.40
 | Mean Accuracy (Test): 0.12
Generation 120 | Best fitness (Train): 117.87 | Best fitness in generation (Train): 117.87 | Mean fitness (Train): 250.73 | Mean fitness (Test): 3.60
 | Mean Accuracy (Test): 0.13
Generation 125 | Best fitness (Train): 117.87 | Best fitness in generation (Train): 138.33 | Mean fitness (Train): 252.34 | Mean fitness (Test): 4.00
 | Mean Accuracy (Test): 0.14
Generation 130 | Best fitness (Train): 117.37 | Best fitness in generation (Train): 138.62 | Mean fitness (Train): 230.82 | Mean fitness (Test): 3.37
 | Mean Accuracy (Test): 0.13
Generation 135 | Best fitness (Train): 109.76 | Best fitness in generation (Train): 121.40 | Mean fitness (Train): 222.81 | Mean fitness (Test): 2.81
 | Mean Accuracy (Test): 0.10
Generation 140 | Best fitness (Train): 109.76 | Best fitness in generation (Train): 129.10 | Mean fitness (Train): 221.92 | Mean fitness (Test): 2.63
 | Mean Accuracy (Test): 0.09
Generation 145 | Best fitness (Train): 99.41 | Best fitness in generation (Train): 99.95 | Mean fitness (Train): 210.57 | Mean fitness (Test): 2.52
 | Mean Accuracy (Test): 0.08
Generation 150 | Best fitness (Train): 97.70 | Best fitness in generation (Train): 106.82 | Mean fitness (Train): 210.48 | Mean fitness (Test): 2.52
 | Mean Accuracy (Test): 0.07
Generation 155 | Best fitness (Train): 81.10 | Best fitness in generation (Train): 81.10 | Mean fitness (Train): 188.03 | Mean fitness (Test): 2.50
 | Mean Accuracy (Test): 0.06
Generation 160 | Best fitness (Train): 81.10 | Best fitness in generation (Train): 96.69 | Mean fitness (Train): 202.97 | Mean fitness (Test): 2.46
 | Mean Accuracy (Test): 0.07
Generation 165 | Best fitness (Train): 81.10 | Best fitness in generation (Train): 92.28 | Mean fitness (Train): 177.93 | Mean fitness (Test): 2.44
 | Mean Accuracy (Test): 0.07
Generation 170 | Best fitness (Train): 80.14 | Best fitness in generation (Train): 84.06 | Mean fitness (Train): 171.63 | Mean fitness (Test): 2.43
 | Mean Accuracy (Test): 0.09
Generation 175 | Best fitness (Train): 76.80 | Best fitness in generation (Train): 76.80 | Mean fitness (Train): 170.97 | Mean fitness (Test): 2.43
 | Mean Accuracy (Test): 0.09
Generation 180 | Best fitness (Train): 60.99 | Best fitness in generation (Train): 94.65 | Mean fitness (Train): 164.43 | Mean fitness (Test): 2.46
 | Mean Accuracy (Test): 0.11
Generation 185 | Best fitness (Train): 60.99 | Best fitness in generation (Train): 83.30 | Mean fitness (Train): 150.50 | Mean fitness (Test): 2.46
 | Mean Accuracy (Test): 0.10
Generation 190 | Best fitness (Train): 60.99 | Best fitness in generation (Train): 61.65 | Mean fitness (Train): 145.64 | Mean fitness (Test): 2.47
 | Mean Accuracy (Test): 0.10
Generation 195 | Best fitness (Train): 52.83 | Best fitness in generation (Train): 69.21 | Mean fitness (Train): 145.72 | Mean fitness (Test): 2.48
 | Mean Accuracy (Test): 0.11
Generation 200 | Best fitness (Train): 52.83 | Best fitness in generation (Train): 57.54 | Mean fitness (Train): 143.86 | Mean fitness (Test): 2.52
 | Mean Accuracy (Test): 0.09
Generation 205 | Best fitness (Train): 42.40 | Best fitness in generation (Train): 45.67 | Mean fitness (Train): 130.22 | Mean fitness (Test): 2.53
 | Mean Accuracy (Test): 0.10
Generation 210 | Best fitness (Train): 42.40 | Best fitness in generation (Train): 50.74 | Mean fitness (Train): 129.91 | Mean fitness (Test): 2.55
 | Mean Accuracy (Test): 0.09
Generation 215 | Best fitness (Train): 42.40 | Best fitness in generation (Train): 52.48 | Mean fitness (Train): 119.73 | Mean fitness (Test): 2.48
 | Mean Accuracy (Test): 0.11
Generation 220 | Best fitness (Train): 37.51 | Best fitness in generation (Train): 51.69 | Mean fitness (Train): 121.09 | Mean fitness (Test): 2.54
 | Mean Accuracy (Test): 0.10
Generation 225 | Best fitness (Train): 32.07 | Best fitness in generation (Train): 32.07 | Mean fitness (Train): 105.85 | Mean fitness (Test): 2.56
 | Mean Accuracy (Test): 0.09
Generation 230 | Best fitness (Train): 32.07 | Best fitness in generation (Train): 38.02 | Mean fitness (Train): 105.16 | Mean fitness (Test): 2.53
 | Mean Accuracy (Test): 0.09
Generation 235 | Best fitness (Train): 28.36 | Best fitness in generation (Train): 48.10 | Mean fitness (Train): 109.75 | Mean fitness (Test): 2.56
 | Mean Accuracy (Test): 0.08
Generation 240 | Best fitness (Train): 22.66 | Best fitness in generation (Train): 22.66 | Mean fitness (Train): 100.24 | Mean fitness (Test): 2.58
 | Mean Accuracy (Test): 0.09
Generation 245 | Best fitness (Train): 22.66 | Best fitness in generation (Train): 41.05 | Mean fitness (Train): 100.30 | Mean fitness (Test): 2.57
 | Mean Accuracy (Test): 0.10
Generation 250 | Best fitness (Train): 22.66 | Best fitness in generation (Train): 29.04 | Mean fitness (Train): 92.43 | Mean fitness (Test): 2.56
 | Mean Accuracy (Test): 0.10
Generation 255 | Best fitness (Train): 17.92 | Best fitness in generation (Train): 28.20 | Mean fitness (Train): 90.12 | Mean fitness (Test): 2.61
 | Mean Accuracy (Test): 0.11
Generation 260 | Best fitness (Train): 17.92 | Best fitness in generation (Train): 18.53 | Mean fitness (Train): 82.79 | Mean fitness (Test): 2.59
 | Mean Accuracy (Test): 0.10
Generation 265 | Best fitness (Train): 17.92 | Best fitness in generation (Train): 23.62 | Mean fitness (Train): 86.21 | Mean fitness (Test): 2.61
 | Mean Accuracy (Test): 0.10
Generation 270 | Best fitness (Train): 14.80 | Best fitness in generation (Train): 25.75 | Mean fitness (Train): 78.55 | Mean fitness (Test): 2.65
 | Mean Accuracy (Test): 0.11
Generation 275 | Best fitness (Train): 14.80 | Best fitness in generation (Train): 24.37 | Mean fitness (Train): 73.79 | Mean fitness (Test): 2.62
 | Mean Accuracy (Test): 0.12
Generation 280 | Best fitness (Train): 14.80 | Best fitness in generation (Train): 17.17 | Mean fitness (Train): 66.51 | Mean fitness (Test): 2.60
 | Mean Accuracy (Test): 0.10
Generation 285 | Best fitness (Train): 14.80 | Best fitness in generation (Train): 22.37 | Mean fitness (Train): 75.19 | Mean fitness (Test): 2.60
 | Mean Accuracy (Test): 0.09
Generation 290 | Best fitness (Train): 11.67 | Best fitness in generation (Train): 11.67 | Mean fitness (Train): 69.75 | Mean fitness (Test): 2.64
 | Mean Accuracy (Test): 0.10
Generation 295 | Best fitness (Train): 11.67 | Best fitness in generation (Train): 16.10 | Mean fitness (Train): 60.20 | Mean fitness (Test): 2.63
 | Mean Accuracy (Test): 0.09
Generation 300 | Best fitness (Train): 9.97 | Best fitness in generation (Train): 9.97 | Mean fitness (Train): 56.39 | Mean fitness (Test): 2.65
 | Mean Accuracy (Test): 0.09
Generation 305 | Best fitness (Train): 9.97 | Best fitness in generation (Train): 15.73 | Mean fitness (Train): 61.20 | Mean fitness (Test): 2.65
 | Mean Accuracy (Test): 0.10
Generation 310 | Best fitness (Train): 9.97 | Best fitness in generation (Train): 17.61 | Mean fitness (Train): 53.58 | Mean fitness (Test): 2.63
 | Mean Accuracy (Test): 0.10
Generation 315 | Best fitness (Train): 9.97 | Best fitness in generation (Train): 11.41 | Mean fitness (Train): 53.59 | Mean fitness (Test): 2.58
 | Mean Accuracy (Test): 0.11
Generation 320 | Best fitness (Train): 9.97 | Best fitness in generation (Train): 10.69 | Mean fitness (Train): 49.48 | Mean fitness (Test): 2.62
 | Mean Accuracy (Test): 0.10
Generation 325 | Best fitness (Train): 8.60 | Best fitness in generation (Train): 13.63 | Mean fitness (Train): 50.63 | Mean fitness (Test): 2.62
 | Mean Accuracy (Test): 0.11
Generation 330 | Best fitness (Train): 8.60 | Best fitness in generation (Train): 9.06 | Mean fitness (Train): 52.75 | Mean fitness (Test): 2.63
 | Mean Accuracy (Test): 0.09
Generation 335 | Best fitness (Train): 5.30 | Best fitness in generation (Train): 6.79 | Mean fitness (Train): 44.56 | Mean fitness (Test): 2.65
 | Mean Accuracy (Test): 0.08
Generation 340 | Best fitness (Train): 3.87 | Best fitness in generation (Train): 10.09 | Mean fitness (Train): 43.14 | Mean fitness (Test): 2.62
 | Mean Accuracy (Test): 0.11
Generation 345 | Best fitness (Train): 3.87 | Best fitness in generation (Train): 8.15 | Mean fitness (Train): 45.24 | Mean fitness (Test): 2.63
 | Mean Accuracy (Test): 0.11
Generation 350 | Best fitness (Train): 3.87 | Best fitness in generation (Train): 5.82 | Mean fitness (Train): 37.50 | Mean fitness (Test): 2.60
 | Mean Accuracy (Test): 0.10
Generation 355 | Best fitness (Train): 3.87 | Best fitness in generation (Train): 7.78 | Mean fitness (Train): 36.51 | Mean fitness (Test): 2.67
 | Mean Accuracy (Test): 0.10
Generation 360 | Best fitness (Train): 3.87 | Best fitness in generation (Train): 7.38 | Mean fitness (Train): 34.34 | Mean fitness (Test): 2.63
 | Mean Accuracy (Test): 0.09
Generation 365 | Best fitness (Train): 3.87 | Best fitness in generation (Train): 4.51 | Mean fitness (Train): 31.40 | Mean fitness (Test): 2.62
 | Mean Accuracy (Test): 0.09
Generation 370 | Best fitness (Train): 3.28 | Best fitness in generation (Train): 5.73 | Mean fitness (Train): 32.34 | Mean fitness (Test): 2.62
 | Mean Accuracy (Test): 0.10
Generation 375 | Best fitness (Train): 3.28 | Best fitness in generation (Train): 6.82 | Mean fitness (Train): 30.60 | Mean fitness (Test): 2.63
 | Mean Accuracy (Test): 0.10
Generation 380 | Best fitness (Train): 3.15 | Best fitness in generation (Train): 3.70 | Mean fitness (Train): 27.62 | Mean fitness (Test): 2.60
 | Mean Accuracy (Test): 0.10
Generation 385 | Best fitness (Train): 3.15 | Best fitness in generation (Train): 5.53 | Mean fitness (Train): 29.44 | Mean fitness (Test): 2.61
 | Mean Accuracy (Test): 0.09
Generation 390 | Best fitness (Train): 3.15 | Best fitness in generation (Train): 4.89 | Mean fitness (Train): 29.89 | Mean fitness (Test): 2.58
 | Mean Accuracy (Test): 0.11
Generation 395 | Best fitness (Train): 3.15 | Best fitness in generation (Train): 4.65 | Mean fitness (Train): 25.70 | Mean fitness (Test): 2.57
 | Mean Accuracy (Test): 0.10
Generation 400 | Best fitness (Train): 3.15 | Best fitness in generation (Train): 3.78 | Mean fitness (Train): 25.91 | Mean fitness (Test): 2.53
 | Mean Accuracy (Test): 0.09
Generation 405 | Best fitness (Train): 3.15 | Best fitness in generation (Train): 4.02 | Mean fitness (Train): 23.59 | Mean fitness (Test): 2.49
 | Mean Accuracy (Test): 0.10
Generation 410 | Best fitness (Train): 3.15 | Best fitness in generation (Train): 3.62 | Mean fitness (Train): 24.03 | Mean fitness (Test): 2.47
 | Mean Accuracy (Test): 0.10
Generation 415 | Best fitness (Train): 3.05 | Best fitness in generation (Train): 4.60 | Mean fitness (Train): 23.98 | Mean fitness (Test): 2.47
 | Mean Accuracy (Test): 0.10
Generation 420 | Best fitness (Train): 3.05 | Best fitness in generation (Train): 3.67 | Mean fitness (Train): 19.38 | Mean fitness (Test): 2.47
 | Mean Accuracy (Test): 0.09
Generation 425 | Best fitness (Train): 3.05 | Best fitness in generation (Train): 3.15 | Mean fitness (Train): 17.96 | Mean fitness (Test): 2.43
 | Mean Accuracy (Test): 0.11
Generation 430 | Best fitness (Train): 2.90 | Best fitness in generation (Train): 2.97 | Mean fitness (Train): 17.74 | Mean fitness (Test): 2.45
 | Mean Accuracy (Test): 0.10
Generation 435 | Best fitness (Train): 2.90 | Best fitness in generation (Train): 3.20 | Mean fitness (Train): 15.24 | Mean fitness (Test): 2.47
 | Mean Accuracy (Test): 0.09
Generation 440 | Best fitness (Train): 2.90 | Best fitness in generation (Train): 3.13 | Mean fitness (Train): 18.92 | Mean fitness (Test): 2.42
 | Mean Accuracy (Test): 0.11
Generation 445 | Best fitness (Train): 2.82 | Best fitness in generation (Train): 3.25 | Mean fitness (Train): 15.19 | Mean fitness (Test): 2.43
 | Mean Accuracy (Test): 0.10
Generation 450 | Best fitness (Train): 2.73 | Best fitness in generation (Train): 3.09 | Mean fitness (Train): 14.51 | Mean fitness (Test): 2.42
 | Mean Accuracy (Test): 0.11
Generation 455 | Best fitness (Train): 2.67 | Best fitness in generation (Train): 2.87 | Mean fitness (Train): 16.92 | Mean fitness (Test): 2.41
 | Mean Accuracy (Test): 0.10
Generation 460 | Best fitness (Train): 2.67 | Best fitness in generation (Train): 2.90 | Mean fitness (Train): 14.88 | Mean fitness (Test): 2.40
 | Mean Accuracy (Test): 0.12
Generation 465 | Best fitness (Train): 2.67 | Best fitness in generation (Train): 2.79 | Mean fitness (Train): 12.56 | Mean fitness (Test): 2.42
 | Mean Accuracy (Test): 0.10
Generation 470 | Best fitness (Train): 2.51 | Best fitness in generation (Train): 2.80 | Mean fitness (Train): 11.86 | Mean fitness (Test): 2.43
 | Mean Accuracy (Test): 0.10
Generation 475 | Best fitness (Train): 2.51 | Best fitness in generation (Train): 2.93 | Mean fitness (Train): 10.33 | Mean fitness (Test): 2.44
 | Mean Accuracy (Test): 0.10
Generation 480 | Best fitness (Train): 2.51 | Best fitness in generation (Train): 2.82 | Mean fitness (Train): 13.09 | Mean fitness (Test): 2.46
 | Mean Accuracy (Test): 0.10
Generation 485 | Best fitness (Train): 2.50 | Best fitness in generation (Train): 3.03 | Mean fitness (Train): 9.78 | Mean fitness (Test): 2.44
 | Mean Accuracy (Test): 0.10
Generation 490 | Best fitness (Train): 2.49 | Best fitness in generation (Train): 2.49 | Mean fitness (Train): 12.75 | Mean fitness (Test): 2.44
 | Mean Accuracy (Test): 0.08
Generation 495 | Best fitness (Train): 2.49 | Best fitness in generation (Train): 2.67 | Mean fitness (Train): 11.68 | Mean fitness (Test): 2.40
 | Mean Accuracy (Test): 0.09
Generation 500 | Best fitness (Train): 2.46 | Best fitness in generation (Train): 2.57 | Mean fitness (Train): 8.40 | Mean fitness (Test): 2.43
 | Mean Accuracy (Test): 0.10
Generation 505 | Best fitness (Train): 2.46 | Best fitness in generation (Train): 2.69 | Mean fitness (Train): 8.52 | Mean fitness (Test): 2.42
 | Mean Accuracy (Test): 0.09
Generation 510 | Best fitness (Train): 2.46 | Best fitness in generation (Train): 2.77 | Mean fitness (Train): 9.04 | Mean fitness (Test): 2.41
 | Mean Accuracy (Test): 0.10
Generation 515 | Best fitness (Train): 2.46 | Best fitness in generation (Train): 2.65 | Mean fitness (Train): 8.88 | Mean fitness (Test): 2.42
 | Mean Accuracy (Test): 0.09
Generation 520 | Best fitness (Train): 2.46 | Best fitness in generation (Train): 2.69 | Mean fitness (Train): 8.83 | Mean fitness (Test): 2.39
 | Mean Accuracy (Test): 0.11
Generation 525 | Best fitness (Train): 2.46 | Best fitness in generation (Train): 2.61 | Mean fitness (Train): 8.40 | Mean fitness (Test): 2.41
 | Mean Accuracy (Test): 0.09
Generation 530 | Best fitness (Train): 2.46 | Best fitness in generation (Train): 2.57 | Mean fitness (Train): 7.85 | Mean fitness (Test): 2.41
 | Mean Accuracy (Test): 0.09
Generation 535 | Best fitness (Train): 2.46 | Best fitness in generation (Train): 2.51 | Mean fitness (Train): 8.37 | Mean fitness (Test): 2.38
 | Mean Accuracy (Test): 0.11
Generation 540 | Best fitness (Train): 2.39 | Best fitness in generation (Train): 2.59 | Mean fitness (Train): 7.13 | Mean fitness (Test): 2.37
 | Mean Accuracy (Test): 0.11
Generation 545 | Best fitness (Train): 2.39 | Best fitness in generation (Train): 2.51 | Mean fitness (Train): 6.91 | Mean fitness (Test): 2.36
 | Mean Accuracy (Test): 0.10
Generation 550 | Best fitness (Train): 2.39 | Best fitness in generation (Train): 2.51 | Mean fitness (Train): 6.61 | Mean fitness (Test): 2.35
 | Mean Accuracy (Test): 0.12
Generation 555 | Best fitness (Train): 2.39 | Best fitness in generation (Train): 2.44 | Mean fitness (Train): 7.45 | Mean fitness (Test): 2.35
 | Mean Accuracy (Test): 0.10
Generation 560 | Best fitness (Train): 2.37 | Best fitness in generation (Train): 2.49 | Mean fitness (Train): 7.10 | Mean fitness (Test): 2.33
 | Mean Accuracy (Test): 0.08
Generation 565 | Best fitness (Train): 2.37 | Best fitness in generation (Train): 2.50 | Mean fitness (Train): 4.79 | Mean fitness (Test): 2.34
 | Mean Accuracy (Test): 0.08
Generation 570 | Best fitness (Train): 2.37 | Best fitness in generation (Train): 2.44 | Mean fitness (Train): 4.84 | Mean fitness (Test): 2.32
 | Mean Accuracy (Test): 0.08
Generation 575 | Best fitness (Train): 2.37 | Best fitness in generation (Train): 2.47 | Mean fitness (Train): 6.26 | Mean fitness (Test): 2.32
 | Mean Accuracy (Test): 0.09
Generation 580 | Best fitness (Train): 2.37 | Best fitness in generation (Train): 2.44 | Mean fitness (Train): 5.15 | Mean fitness (Test): 2.31
 | Mean Accuracy (Test): 0.10
Generation 585 | Best fitness (Train): 2.34 | Best fitness in generation (Train): 2.40 | Mean fitness (Train): 7.03 | Mean fitness (Test): 2.31
 | Mean Accuracy (Test): 0.10
Generation 590 | Best fitness (Train): 2.34 | Best fitness in generation (Train): 2.43 | Mean fitness (Train): 4.71 | Mean fitness (Test): 2.30
 | Mean Accuracy (Test): 0.12
Generation 595 | Best fitness (Train): 2.34 | Best fitness in generation (Train): 2.46 | Mean fitness (Train): 4.55 | Mean fitness (Test): 2.30
 | Mean Accuracy (Test): 0.12
Generation 600 | Best fitness (Train): 2.34 | Best fitness in generation (Train): 2.48 | Mean fitness (Train): 4.97 | Mean fitness (Test): 2.31
 | Mean Accuracy (Test): 0.11
Generation 605 | Best fitness (Train): 2.34 | Best fitness in generation (Train): 2.44 | Mean fitness (Train): 5.64 | Mean fitness (Test): 2.32
 | Mean Accuracy (Test): 0.09
Generation 610 | Best fitness (Train): 2.34 | Best fitness in generation (Train): 2.45 | Mean fitness (Train): 4.09 | Mean fitness (Test): 2.32
 | Mean Accuracy (Test): 0.10
Generation 615 | Best fitness (Train): 2.34 | Best fitness in generation (Train): 2.41 | Mean fitness (Train): 4.63 | Mean fitness (Test): 2.31
 | Mean Accuracy (Test): 0.12
Generation 620 | Best fitness (Train): 2.34 | Best fitness in generation (Train): 2.43 | Mean fitness (Train): 5.47 | Mean fitness (Test): 2.30
 | Mean Accuracy (Test): 0.12
Generation 625 | Best fitness (Train): 2.34 | Best fitness in generation (Train): 2.40 | Mean fitness (Train): 4.28 | Mean fitness (Test): 2.30
 | Mean Accuracy (Test): 0.11
Generation 630 | Best fitness (Train): 2.34 | Best fitness in generation (Train): 2.40 | Mean fitness (Train): 3.71 | Mean fitness (Test): 2.30
 | Mean Accuracy (Test): 0.13
Generation 635 | Best fitness (Train): 2.34 | Best fitness in generation (Train): 2.39 | Mean fitness (Train): 5.42 | Mean fitness (Test): 2.30
 | Mean Accuracy (Test): 0.12
Generation 640 | Best fitness (Train): 2.34 | Best fitness in generation (Train): 2.41 | Mean fitness (Train): 3.55 | Mean fitness (Test): 2.31
 | Mean Accuracy (Test): 0.09
Generation 645 | Best fitness (Train): 2.34 | Best fitness in generation (Train): 2.46 | Mean fitness (Train): 3.34 | Mean fitness (Test): 2.30
 | Mean Accuracy (Test): 0.12
Generation 650 | Best fitness (Train): 2.34 | Best fitness in generation (Train): 2.41 | Mean fitness (Train): 3.42 | Mean fitness (Test): 2.31
 | Mean Accuracy (Test): 0.09
Generation 655 | Best fitness (Train): 2.34 | Best fitness in generation (Train): 2.40 | Mean fitness (Train): 4.03 | Mean fitness (Test): 2.30
 | Mean Accuracy (Test): 0.11
Generation 660 | Best fitness (Train): 2.34 | Best fitness in generation (Train): 2.39 | Mean fitness (Train): 3.86 | Mean fitness (Test): 2.30
 | Mean Accuracy (Test): 0.12
Generation 665 | Best fitness (Train): 2.34 | Best fitness in generation (Train): 2.41 | Mean fitness (Train): 3.20 | Mean fitness (Test): 2.30
 | Mean Accuracy (Test): 0.10
Generation 670 | Best fitness (Train): 2.34 | Best fitness in generation (Train): 2.43 | Mean fitness (Train): 3.44 | Mean fitness (Test): 2.30
 | Mean Accuracy (Test): 0.13
Generation 675 | Best fitness (Train): 2.34 | Best fitness in generation (Train): 2.43 | Mean fitness (Train): 3.24 | Mean fitness (Test): 2.30
 | Mean Accuracy (Test): 0.11
Generation 680 | Best fitness (Train): 2.34 | Best fitness in generation (Train): 2.46 | Mean fitness (Train): 3.05 | Mean fitness (Test): 2.31
 | Mean Accuracy (Test): 0.11
Generation 685 | Best fitness (Train): 2.34 | Best fitness in generation (Train): 2.43 | Mean fitness (Train): 3.51 | Mean fitness (Test): 2.30
 | Mean Accuracy (Test): 0.11
Generation 690 | Best fitness (Train): 2.34 | Best fitness in generation (Train): 2.46 | Mean fitness (Train): 3.25 | Mean fitness (Test): 2.30
 | Mean Accuracy (Test): 0.13
Generation 695 | Best fitness (Train): 2.34 | Best fitness in generation (Train): 2.39 | Mean fitness (Train): 3.13 | Mean fitness (Test): 2.31
 | Mean Accuracy (Test): 0.10
Generation 700 | Best fitness (Train): 2.34 | Best fitness in generation (Train): 2.40 | Mean fitness (Train): 3.41 | Mean fitness (Test): 2.31
 | Mean Accuracy (Test): 0.09
Generation 705 | Best fitness (Train): 2.34 | Best fitness in generation (Train): 2.38 | Mean fitness (Train): 3.54 | Mean fitness (Test): 2.30
 | Mean Accuracy (Test): 0.10
Generation 710 | Best fitness (Train): 2.34 | Best fitness in generation (Train): 2.40 | Mean fitness (Train): 3.60 | Mean fitness (Test): 2.30
 | Mean Accuracy (Test): 0.11
Generation 715 | Best fitness (Train): 2.34 | Best fitness in generation (Train): 2.40 | Mean fitness (Train): 3.04 | Mean fitness (Test): 2.31
 | Mean Accuracy (Test): 0.11
Generation 720 | Best fitness (Train): 2.34 | Best fitness in generation (Train): 2.44 | Mean fitness (Train): 3.51 | Mean fitness (Test): 2.31
 | Mean Accuracy (Test): 0.10
Generation 725 | Best fitness (Train): 2.34 | Best fitness in generation (Train): 2.47 | Mean fitness (Train): 3.98 | Mean fitness (Test): 2.30
 | Mean Accuracy (Test): 0.11
Generation 730 | Best fitness (Train): 2.34 | Best fitness in generation (Train): 2.39 | Mean fitness (Train): 3.02 | Mean fitness (Test): 2.30
 | Mean Accuracy (Test): 0.11
Generation 735 | Best fitness (Train): 2.34 | Best fitness in generation (Train): 2.41 | Mean fitness (Train): 3.16 | Mean fitness (Test): 2.30
 | Mean Accuracy (Test): 0.11
Generation 740 | Best fitness (Train): 2.34 | Best fitness in generation (Train): 2.39 | Mean fitness (Train): 3.16 | Mean fitness (Test): 2.30
 | Mean Accuracy (Test): 0.13
Generation 745 | Best fitness (Train): 2.34 | Best fitness in generation (Train): 2.40 | Mean fitness (Train): 3.50 | Mean fitness (Test): 2.30
 | Mean Accuracy (Test): 0.11
Generation 750 | Best fitness (Train): 2.34 | Best fitness in generation (Train): 2.43 | Mean fitness (Train): 3.68 | Mean fitness (Test): 2.31
 | Mean Accuracy (Test): 0.10
Generation 755 | Best fitness (Train): 2.34 | Best fitness in generation (Train): 2.42 | Mean fitness (Train): 3.24 | Mean fitness (Test): 2.30
 | Mean Accuracy (Test): 0.12
Generation 760 | Best fitness (Train): 2.34 | Best fitness in generation (Train): 2.39 | Mean fitness (Train): 3.25 | Mean fitness (Test): 2.30
 | Mean Accuracy (Test): 0.12
Generation 765 | Best fitness (Train): 2.34 | Best fitness in generation (Train): 2.38 | Mean fitness (Train): 3.07 | Mean fitness (Test): 2.31
 | Mean Accuracy (Test): 0.08
Generation 770 | Best fitness (Train): 2.34 | Best fitness in generation (Train): 2.38 | Mean fitness (Train): 3.19 | Mean fitness (Test): 2.30
 | Mean Accuracy (Test): 0.13
Generation 775 | Best fitness (Train): 2.34 | Best fitness in generation (Train): 2.46 | Mean fitness (Train): 3.14 | Mean fitness (Test): 2.30
 | Mean Accuracy (Test): 0.11
Generation 780 | Best fitness (Train): 2.34 | Best fitness in generation (Train): 2.37 | Mean fitness (Train): 3.42 | Mean fitness (Test): 2.31
 | Mean Accuracy (Test): 0.09
Generation 785 | Best fitness (Train): 2.34 | Best fitness in generation (Train): 2.39 | Mean fitness (Train): 3.01 | Mean fitness (Test): 2.31
 | Mean Accuracy (Test): 0.09
Generation 790 | Best fitness (Train): 2.34 | Best fitness in generation (Train): 2.43 | Mean fitness (Train): 3.01 | Mean fitness (Test): 2.30
 | Mean Accuracy (Test): 0.10
Generation 795 | Best fitness (Train): 2.34 | Best fitness in generation (Train): 2.37 | Mean fitness (Train): 2.96 | Mean fitness (Test): 2.30
 | Mean Accuracy (Test): 0.12
Generation 800 | Best fitness (Train): 2.34 | Best fitness in generation (Train): 2.46 | Mean fitness (Train): 3.95 | Mean fitness (Test): 2.30
 | Mean Accuracy (Test): 0.12
Generation 805 | Best fitness (Train): 2.34 | Best fitness in generation (Train): 2.34 | Mean fitness (Train): 3.01 | Mean fitness (Test): 2.30
 | Mean Accuracy (Test): 0.10
Generation 810 | Best fitness (Train): 2.34 | Best fitness in generation (Train): 2.39 | Mean fitness (Train): 3.45 | Mean fitness (Test): 2.31
 | Mean Accuracy (Test): 0.10
Generation 815 | Best fitness (Train): 2.34 | Best fitness in generation (Train): 2.39 | Mean fitness (Train): 3.64 | Mean fitness (Test): 2.30
 | Mean Accuracy (Test): 0.10
Generation 820 | Best fitness (Train): 2.34 | Best fitness in generation (Train): 2.40 | Mean fitness (Train): 3.06 | Mean fitness (Test): 2.31
 | Mean Accuracy (Test): 0.11
Generation 825 | Best fitness (Train): 2.34 | Best fitness in generation (Train): 2.40 | Mean fitness (Train): 2.89 | Mean fitness (Test): 2.30
 | Mean Accuracy (Test): 0.12
Generation 830 | Best fitness (Train): 2.34 | Best fitness in generation (Train): 2.38 | Mean fitness (Train): 3.21 | Mean fitness (Test): 2.30
 | Mean Accuracy (Test): 0.11
Generation 835 | Best fitness (Train): 2.34 | Best fitness in generation (Train): 2.40 | Mean fitness (Train): 3.26 | Mean fitness (Test): 2.30
 | Mean Accuracy (Test): 0.12
Generation 840 | Best fitness (Train): 2.34 | Best fitness in generation (Train): 2.43 | Mean fitness (Train): 2.92 | Mean fitness (Test): 2.30
 | Mean Accuracy (Test): 0.11
Generation 845 | Best fitness (Train): 2.34 | Best fitness in generation (Train): 2.35 | Mean fitness (Train): 3.08 | Mean fitness (Test): 2.30
 | Mean Accuracy (Test): 0.11
Generation 850 | Best fitness (Train): 2.34 | Best fitness in generation (Train): 2.39 | Mean fitness (Train): 2.85 | Mean fitness (Test): 2.31
 | Mean Accuracy (Test): 0.11
Generation 855 | Best fitness (Train): 2.34 | Best fitness in generation (Train): 2.39 | Mean fitness (Train): 3.45 | Mean fitness (Test): 2.31
 | Mean Accuracy (Test): 0.10
Generation 860 | Best fitness (Train): 2.34 | Best fitness in generation (Train): 2.42 | Mean fitness (Train): 2.95 | Mean fitness (Test): 2.30
 | Mean Accuracy (Test): 0.14
Generation 865 | Best fitness (Train): 2.34 | Best fitness in generation (Train): 2.35 | Mean fitness (Train): 3.08 | Mean fitness (Test): 2.30
 | Mean Accuracy (Test): 0.11
Generation 870 | Best fitness (Train): 2.34 | Best fitness in generation (Train): 2.43 | Mean fitness (Train): 3.47 | Mean fitness (Test): 2.30
 | Mean Accuracy (Test): 0.13
Generation 875 | Best fitness (Train): 2.34 | Best fitness in generation (Train): 2.35 | Mean fitness (Train): 2.83 | Mean fitness (Test): 2.30
 | Mean Accuracy (Test): 0.11
Generation 880 | Best fitness (Train): 2.34 | Best fitness in generation (Train): 2.37 | Mean fitness (Train): 2.89 | Mean fitness (Test): 2.30
 | Mean Accuracy (Test): 0.12
Generation 885 | Best fitness (Train): 2.34 | Best fitness in generation (Train): 2.42 | Mean fitness (Train): 2.99 | Mean fitness (Test): 2.31
 | Mean Accuracy (Test): 0.11
Generation 890 | Best fitness (Train): 2.34 | Best fitness in generation (Train): 2.40 | Mean fitness (Train): 3.41 | Mean fitness (Test): 2.30
 | Mean Accuracy (Test): 0.13
Generation 895 | Best fitness (Train): 2.34 | Best fitness in generation (Train): 2.43 | Mean fitness (Train): 2.93 | Mean fitness (Test): 2.31
 | Mean Accuracy (Test): 0.11
Generation 900 | Best fitness (Train): 2.34 | Best fitness in generation (Train): 2.34 | Mean fitness (Train): 2.88 | Mean fitness (Test): 2.30
 | Mean Accuracy (Test): 0.12
Generation 905 | Best fitness (Train): 2.34 | Best fitness in generation (Train): 2.43 | Mean fitness (Train): 2.85 | Mean fitness (Test): 2.31
 | Mean Accuracy (Test): 0.10
Generation 910 | Best fitness (Train): 2.34 | Best fitness in generation (Train): 2.38 | Mean fitness (Train): 2.79 | Mean fitness (Test): 2.31
 | Mean Accuracy (Test): 0.09
Generation 915 | Best fitness (Train): 2.34 | Best fitness in generation (Train): 2.41 | Mean fitness (Train): 3.24 | Mean fitness (Test): 2.30
 | Mean Accuracy (Test): 0.10
Generation 920 | Best fitness (Train): 2.34 | Best fitness in generation (Train): 2.37 | Mean fitness (Train): 2.95 | Mean fitness (Test): 2.30
 | Mean Accuracy (Test): 0.10
Generation 925 | Best fitness (Train): 2.34 | Best fitness in generation (Train): 2.42 | Mean fitness (Train): 2.83 | Mean fitness (Test): 2.31
 | Mean Accuracy (Test): 0.11
Generation 930 | Best fitness (Train): 2.34 | Best fitness in generation (Train): 2.39 | Mean fitness (Train): 3.43 | Mean fitness (Test): 2.30
 | Mean Accuracy (Test): 0.11
Generation 935 | Best fitness (Train): 2.34 | Best fitness in generation (Train): 2.41 | Mean fitness (Train): 2.91 | Mean fitness (Test): 2.30
 | Mean Accuracy (Test): 0.13
Generation 940 | Best fitness (Train): 2.34 | Best fitness in generation (Train): 2.38 | Mean fitness (Train): 3.23 | Mean fitness (Test): 2.31
 | Mean Accuracy (Test): 0.10
Generation 945 | Best fitness (Train): 2.34 | Best fitness in generation (Train): 2.44 | Mean fitness (Train): 3.22 | Mean fitness (Test): 2.30
 | Mean Accuracy (Test): 0.11
Generation 950 | Best fitness (Train): 2.34 | Best fitness in generation (Train): 2.43 | Mean fitness (Train): 2.87 | Mean fitness (Test): 2.30
 | Mean Accuracy (Test): 0.12
Generation 955 | Best fitness (Train): 2.34 | Best fitness in generation (Train): 2.41 | Mean fitness (Train): 2.79 | Mean fitness (Test): 2.30
 | Mean Accuracy (Test): 0.12
Generation 960 | Best fitness (Train): 2.34 | Best fitness in generation (Train): 2.36 | Mean fitness (Train): 3.23 | Mean fitness (Test): 2.30
 | Mean Accuracy (Test): 0.12
Generation 965 | Best fitness (Train): 2.34 | Best fitness in generation (Train): 2.38 | Mean fitness (Train): 2.85 | Mean fitness (Test): 2.31
 | Mean Accuracy (Test): 0.11
Generation 970 | Best fitness (Train): 2.34 | Best fitness in generation (Train): 2.38 | Mean fitness (Train): 2.77 | Mean fitness (Test): 2.30
 | Mean Accuracy (Test): 0.11
Generation 975 | Best fitness (Train): 2.34 | Best fitness in generation (Train): 2.37 | Mean fitness (Train): 2.96 | Mean fitness (Test): 2.31
 | Mean Accuracy (Test): 0.12
Generation 980 | Best fitness (Train): 2.34 | Best fitness in generation (Train): 2.43 | Mean fitness (Train): 3.24 | Mean fitness (Test): 2.30
 | Mean Accuracy (Test): 0.13
Generation 985 | Best fitness (Train): 2.34 | Best fitness in generation (Train): 2.39 | Mean fitness (Train): 3.44 | Mean fitness (Test): 2.30
 | Mean Accuracy (Test): 0.10
Generation 990 | Best fitness (Train): 2.34 | Best fitness in generation (Train): 2.36 | Mean fitness (Train): 2.94 | Mean fitness (Test): 2.30
 | Mean Accuracy (Test): 0.12
Generation 995 | Best fitness (Train): 2.32 | Best fitness in generation (Train): 2.38 | Mean fitness (Train): 2.81 | Mean fitness (Test): 2.30
 | Mean Accuracy (Test): 0.10
Generation 1000 | Best fitness (Train): 2.32 | Best fitness in generation (Train): 2.40 | Mean fitness (Train): 2.81 | Mean fitness (Test): 2.30
 | Mean Accuracy (Test): 0.10

Running ES algorithms: 100%|██████████████████████████████████████████████████████████████████████████████████████████████████████| 1/1 [02:39<00:00, 159.31s/it][ARunning ES algorithms: 100%|██████████████████████████████████████████████████████████████████████████████████████████████████████| 1/1 [02:39<00:00, 159.31s/it]
Successfully loaded: FashionMNIST
Loading Problems ..:  25%|██████████████████████████                                                                              | 1/4 [02:59<08:57, 179.29s/it]
running the experiment ... [../../results/TorchVisionProblem/FashionMNIST/Open_ES/0]
Generation 005 | Best fitness (Train): 336.67 | Best fitness in generation (Train): 336.67 | Mean fitness (Train): 613.19 | Mean fitness (Test): 11.62
 | Mean Accuracy (Test): 0.08
Generation 010 | Best fitness (Train): 280.39 | Best fitness in generation (Train): 294.22 | Mean fitness (Train): 557.91 | Mean fitness (Test): 22.80
 | Mean Accuracy (Test): 0.10
Generation 015 | Best fitness (Train): 250.61 | Best fitness in generation (Train): 288.75 | Mean fitness (Train): 485.98 | Mean fitness (Test): 32.85
 | Mean Accuracy (Test): 0.10
Generation 020 | Best fitness (Train): 250.61 | Best fitness in generation (Train): 258.78 | Mean fitness (Train): 446.84 | Mean fitness (Test): 37.34
 | Mean Accuracy (Test): 0.12
Generation 025 | Best fitness (Train): 203.58 | Best fitness in generation (Train): 203.58 | Mean fitness (Train): 417.00 | Mean fitness (Test): 36.40
 | Mean Accuracy (Test): 0.12
Generation 030 | Best fitness (Train): 203.58 | Best fitness in generation (Train): 238.97 | Mean fitness (Train): 402.45 | Mean fitness (Test): 35.61
 | Mean Accuracy (Test): 0.19
Generation 035 | Best fitness (Train): 186.17 | Best fitness in generation (Train): 214.45 | Mean fitness (Train): 390.25 | Mean fitness (Test): 34.63
 | Mean Accuracy (Test): 0.24
Generation 040 | Best fitness (Train): 186.17 | Best fitness in generation (Train): 189.27 | Mean fitness (Train): 365.02 | Mean fitness (Test): 31.11
 | Mean Accuracy (Test): 0.25
Generation 045 | Best fitness (Train): 151.43 | Best fitness in generation (Train): 171.14 | Mean fitness (Train): 334.34 | Mean fitness (Test): 28.81
 | Mean Accuracy (Test): 0.27
Generation 050 | Best fitness (Train): 151.43 | Best fitness in generation (Train): 156.14 | Mean fitness (Train): 320.50 | Mean fitness (Test): 25.37
 | Mean Accuracy (Test): 0.29
Generation 055 | Best fitness (Train): 137.10 | Best fitness in generation (Train): 137.10 | Mean fitness (Train): 320.48 | Mean fitness (Test): 24.95
 | Mean Accuracy (Test): 0.32
Generation 060 | Best fitness (Train): 137.10 | Best fitness in generation (Train): 180.09 | Mean fitness (Train): 290.22 | Mean fitness (Test): 19.91
 | Mean Accuracy (Test): 0.37
Generation 065 | Best fitness (Train): 137.10 | Best fitness in generation (Train): 140.29 | Mean fitness (Train): 276.83 | Mean fitness (Test): 17.80
 | Mean Accuracy (Test): 0.39
Generation 070 | Best fitness (Train): 137.10 | Best fitness in generation (Train): 148.31 | Mean fitness (Train): 263.66 | Mean fitness (Test): 18.17
 | Mean Accuracy (Test): 0.45
Generation 075 | Best fitness (Train): 136.76 | Best fitness in generation (Train): 139.98 | Mean fitness (Train): 266.90 | Mean fitness (Test): 17.56
 | Mean Accuracy (Test): 0.44
Generation 080 | Best fitness (Train): 106.30 | Best fitness in generation (Train): 123.08 | Mean fitness (Train): 235.19 | Mean fitness (Test): 16.33
 | Mean Accuracy (Test): 0.44
Generation 085 | Best fitness (Train): 106.30 | Best fitness in generation (Train): 109.07 | Mean fitness (Train): 223.25 | Mean fitness (Test): 17.77
 | Mean Accuracy (Test): 0.47
Generation 090 | Best fitness (Train): 78.32 | Best fitness in generation (Train): 109.20 | Mean fitness (Train): 223.00 | Mean fitness (Test): 17.37
 | Mean Accuracy (Test): 0.47
Generation 095 | Best fitness (Train): 78.32 | Best fitness in generation (Train): 94.55 | Mean fitness (Train): 213.27 | Mean fitness (Test): 18.14
 | Mean Accuracy (Test): 0.46
Generation 100 | Best fitness (Train): 78.32 | Best fitness in generation (Train): 107.20 | Mean fitness (Train): 209.92 | Mean fitness (Test): 17.33
 | Mean Accuracy (Test): 0.50
Generation 105 | Best fitness (Train): 74.44 | Best fitness in generation (Train): 102.17 | Mean fitness (Train): 198.29 | Mean fitness (Test): 17.55
 | Mean Accuracy (Test): 0.48
Generation 110 | Best fitness (Train): 74.44 | Best fitness in generation (Train): 108.11 | Mean fitness (Train): 181.31 | Mean fitness (Test): 18.19
 | Mean Accuracy (Test): 0.47
Generation 115 | Best fitness (Train): 74.44 | Best fitness in generation (Train): 95.23 | Mean fitness (Train): 174.29 | Mean fitness (Test): 17.52
 | Mean Accuracy (Test): 0.51
Generation 120 | Best fitness (Train): 74.44 | Best fitness in generation (Train): 90.29 | Mean fitness (Train): 170.17 | Mean fitness (Test): 15.84
 | Mean Accuracy (Test): 0.48
Generation 125 | Best fitness (Train): 72.73 | Best fitness in generation (Train): 85.81 | Mean fitness (Train): 164.43 | Mean fitness (Test): 13.83
 | Mean Accuracy (Test): 0.52
Generation 130 | Best fitness (Train): 72.73 | Best fitness in generation (Train): 75.20 | Mean fitness (Train): 162.53 | Mean fitness (Test): 12.14
 | Mean Accuracy (Test): 0.50
Generation 135 | Best fitness (Train): 65.00 | Best fitness in generation (Train): 87.16 | Mean fitness (Train): 148.16 | Mean fitness (Test): 11.42
 | Mean Accuracy (Test): 0.50
Generation 140 | Best fitness (Train): 58.89 | Best fitness in generation (Train): 72.21 | Mean fitness (Train): 147.81 | Mean fitness (Test): 11.54
 | Mean Accuracy (Test): 0.50
Generation 145 | Best fitness (Train): 58.89 | Best fitness in generation (Train): 65.89 | Mean fitness (Train): 141.82 | Mean fitness (Test): 10.75
 | Mean Accuracy (Test): 0.49
Generation 150 | Best fitness (Train): 58.89 | Best fitness in generation (Train): 68.75 | Mean fitness (Train): 130.01 | Mean fitness (Test): 9.74
 | Mean Accuracy (Test): 0.53
Generation 155 | Best fitness (Train): 58.89 | Best fitness in generation (Train): 71.44 | Mean fitness (Train): 126.54 | Mean fitness (Test): 8.12
 | Mean Accuracy (Test): 0.52
Generation 160 | Best fitness (Train): 57.02 | Best fitness in generation (Train): 57.02 | Mean fitness (Train): 122.74 | Mean fitness (Test): 7.41
 | Mean Accuracy (Test): 0.51
Generation 165 | Best fitness (Train): 55.00 | Best fitness in generation (Train): 55.00 | Mean fitness (Train): 115.16 | Mean fitness (Test): 6.54
 | Mean Accuracy (Test): 0.51
Generation 170 | Best fitness (Train): 54.61 | Best fitness in generation (Train): 64.19 | Mean fitness (Train): 121.21 | Mean fitness (Test): 6.52
 | Mean Accuracy (Test): 0.51
Generation 175 | Best fitness (Train): 45.45 | Best fitness in generation (Train): 45.45 | Mean fitness (Train): 100.91 | Mean fitness (Test): 5.69
 | Mean Accuracy (Test): 0.51
Generation 180 | Best fitness (Train): 37.38 | Best fitness in generation (Train): 37.38 | Mean fitness (Train): 102.88 | Mean fitness (Test): 6.30
 | Mean Accuracy (Test): 0.47
Generation 185 | Best fitness (Train): 37.19 | Best fitness in generation (Train): 58.17 | Mean fitness (Train): 108.34 | Mean fitness (Test): 5.73
 | Mean Accuracy (Test): 0.45
Generation 190 | Best fitness (Train): 37.19 | Best fitness in generation (Train): 55.28 | Mean fitness (Train): 110.57 | Mean fitness (Test): 5.65
 | Mean Accuracy (Test): 0.45
Generation 195 | Best fitness (Train): 37.19 | Best fitness in generation (Train): 44.20 | Mean fitness (Train): 101.85 | Mean fitness (Test): 5.28
 | Mean Accuracy (Test): 0.42
Generation 200 | Best fitness (Train): 37.15 | Best fitness in generation (Train): 42.60 | Mean fitness (Train): 96.07 | Mean fitness (Test): 5.28
 | Mean Accuracy (Test): 0.45
Generation 205 | Best fitness (Train): 37.15 | Best fitness in generation (Train): 41.25 | Mean fitness (Train): 95.19 | Mean fitness (Test): 6.06
 | Mean Accuracy (Test): 0.46
Generation 210 | Best fitness (Train): 36.50 | Best fitness in generation (Train): 41.96 | Mean fitness (Train): 96.87 | Mean fitness (Test): 5.46
 | Mean Accuracy (Test): 0.50
Generation 215 | Best fitness (Train): 28.34 | Best fitness in generation (Train): 28.34 | Mean fitness (Train): 88.97 | Mean fitness (Test): 4.44
 | Mean Accuracy (Test): 0.48
Generation 220 | Best fitness (Train): 28.34 | Best fitness in generation (Train): 40.89 | Mean fitness (Train): 82.00 | Mean fitness (Test): 3.84
 | Mean Accuracy (Test): 0.49
Generation 225 | Best fitness (Train): 28.34 | Best fitness in generation (Train): 36.05 | Mean fitness (Train): 86.63 | Mean fitness (Test): 3.84
 | Mean Accuracy (Test): 0.44
Generation 230 | Best fitness (Train): 28.34 | Best fitness in generation (Train): 31.33 | Mean fitness (Train): 75.37 | Mean fitness (Test): 3.04
 | Mean Accuracy (Test): 0.42
Generation 235 | Best fitness (Train): 26.28 | Best fitness in generation (Train): 30.46 | Mean fitness (Train): 76.18 | Mean fitness (Test): 2.04
 | Mean Accuracy (Test): 0.33
Generation 240 | Best fitness (Train): 26.28 | Best fitness in generation (Train): 32.10 | Mean fitness (Train): 78.10 | Mean fitness (Test): 2.47
 | Mean Accuracy (Test): 0.11
Generation 245 | Best fitness (Train): 26.28 | Best fitness in generation (Train): 30.11 | Mean fitness (Train): 68.39 | Mean fitness (Test): 2.77
 | Mean Accuracy (Test): 0.08
Generation 250 | Best fitness (Train): 23.43 | Best fitness in generation (Train): 23.43 | Mean fitness (Train): 75.28 | Mean fitness (Test): 2.75
 | Mean Accuracy (Test): 0.10
Generation 255 | Best fitness (Train): 23.43 | Best fitness in generation (Train): 27.20 | Mean fitness (Train): 65.56 | Mean fitness (Test): 2.73
 | Mean Accuracy (Test): 0.09
Generation 260 | Best fitness (Train): 22.27 | Best fitness in generation (Train): 28.23 | Mean fitness (Train): 63.62 | Mean fitness (Test): 2.80
 | Mean Accuracy (Test): 0.08
Generation 265 | Best fitness (Train): 18.33 | Best fitness in generation (Train): 21.83 | Mean fitness (Train): 59.80 | Mean fitness (Test): 2.83
 | Mean Accuracy (Test): 0.07
Generation 270 | Best fitness (Train): 18.33 | Best fitness in generation (Train): 24.23 | Mean fitness (Train): 60.40 | Mean fitness (Test): 2.79
 | Mean Accuracy (Test): 0.09
Generation 275 | Best fitness (Train): 16.59 | Best fitness in generation (Train): 16.59 | Mean fitness (Train): 57.39 | Mean fitness (Test): 2.75
 | Mean Accuracy (Test): 0.11
Generation 280 | Best fitness (Train): 12.25 | Best fitness in generation (Train): 16.88 | Mean fitness (Train): 58.43 | Mean fitness (Test): 2.69
 | Mean Accuracy (Test): 0.11
Generation 285 | Best fitness (Train): 12.25 | Best fitness in generation (Train): 17.76 | Mean fitness (Train): 54.77 | Mean fitness (Test): 2.76
 | Mean Accuracy (Test): 0.09
Generation 290 | Best fitness (Train): 12.25 | Best fitness in generation (Train): 18.03 | Mean fitness (Train): 51.21 | Mean fitness (Test): 2.75
 | Mean Accuracy (Test): 0.09
Generation 295 | Best fitness (Train): 12.25 | Best fitness in generation (Train): 14.82 | Mean fitness (Train): 50.44 | Mean fitness (Test): 2.80
 | Mean Accuracy (Test): 0.10
Generation 300 | Best fitness (Train): 12.25 | Best fitness in generation (Train): 13.20 | Mean fitness (Train): 44.78 | Mean fitness (Test): 2.75
 | Mean Accuracy (Test): 0.11
Generation 305 | Best fitness (Train): 12.25 | Best fitness in generation (Train): 17.41 | Mean fitness (Train): 55.03 | Mean fitness (Test): 2.82
 | Mean Accuracy (Test): 0.08
Generation 310 | Best fitness (Train): 9.24 | Best fitness in generation (Train): 14.66 | Mean fitness (Train): 41.31 | Mean fitness (Test): 2.82
 | Mean Accuracy (Test): 0.09
Generation 315 | Best fitness (Train): 9.24 | Best fitness in generation (Train): 10.50 | Mean fitness (Train): 43.41 | Mean fitness (Test): 2.81
 | Mean Accuracy (Test): 0.09
Generation 320 | Best fitness (Train): 8.98 | Best fitness in generation (Train): 12.28 | Mean fitness (Train): 43.42 | Mean fitness (Test): 2.82
 | Mean Accuracy (Test): 0.10
Generation 325 | Best fitness (Train): 6.84 | Best fitness in generation (Train): 6.84 | Mean fitness (Train): 42.35 | Mean fitness (Test): 2.87
 | Mean Accuracy (Test): 0.09
Generation 330 | Best fitness (Train): 6.84 | Best fitness in generation (Train): 8.56 | Mean fitness (Train): 35.16 | Mean fitness (Test): 2.92
 | Mean Accuracy (Test): 0.09
Generation 335 | Best fitness (Train): 6.81 | Best fitness in generation (Train): 8.68 | Mean fitness (Train): 34.13 | Mean fitness (Test): 2.96
 | Mean Accuracy (Test): 0.08
Generation 340 | Best fitness (Train): 6.81 | Best fitness in generation (Train): 8.90 | Mean fitness (Train): 32.50 | Mean fitness (Test): 2.97
 | Mean Accuracy (Test): 0.08
Generation 345 | Best fitness (Train): 6.81 | Best fitness in generation (Train): 9.08 | Mean fitness (Train): 28.95 | Mean fitness (Test): 2.93
 | Mean Accuracy (Test): 0.10
Generation 350 | Best fitness (Train): 6.22 | Best fitness in generation (Train): 6.87 | Mean fitness (Train): 26.65 | Mean fitness (Test): 2.92
 | Mean Accuracy (Test): 0.10
Generation 355 | Best fitness (Train): 5.64 | Best fitness in generation (Train): 6.39 | Mean fitness (Train): 27.30 | Mean fitness (Test): 3.03
 | Mean Accuracy (Test): 0.08
Generation 360 | Best fitness (Train): 5.13 | Best fitness in generation (Train): 5.40 | Mean fitness (Train): 28.04 | Mean fitness (Test): 3.04
 | Mean Accuracy (Test): 0.11
Generation 365 | Best fitness (Train): 5.13 | Best fitness in generation (Train): 6.23 | Mean fitness (Train): 27.31 | Mean fitness (Test): 3.11
 | Mean Accuracy (Test): 0.10
Generation 370 | Best fitness (Train): 4.73 | Best fitness in generation (Train): 5.69 | Mean fitness (Train): 25.36 | Mean fitness (Test): 3.11
 | Mean Accuracy (Test): 0.10
Generation 375 | Best fitness (Train): 4.69 | Best fitness in generation (Train): 4.76 | Mean fitness (Train): 27.72 | Mean fitness (Test): 3.13
 | Mean Accuracy (Test): 0.11
Generation 380 | Best fitness (Train): 4.38 | Best fitness in generation (Train): 5.16 | Mean fitness (Train): 21.68 | Mean fitness (Test): 3.21
 | Mean Accuracy (Test): 0.10
Generation 385 | Best fitness (Train): 4.09 | Best fitness in generation (Train): 5.12 | Mean fitness (Train): 21.55 | Mean fitness (Test): 3.15
 | Mean Accuracy (Test): 0.11
Generation 390 | Best fitness (Train): 3.52 | Best fitness in generation (Train): 5.01 | Mean fitness (Train): 19.09 | Mean fitness (Test): 3.18
 | Mean Accuracy (Test): 0.10
Generation 395 | Best fitness (Train): 3.52 | Best fitness in generation (Train): 4.58 | Mean fitness (Train): 18.74 | Mean fitness (Test): 3.18
 | Mean Accuracy (Test): 0.11
Generation 400 | Best fitness (Train): 3.52 | Best fitness in generation (Train): 4.35 | Mean fitness (Train): 19.37 | Mean fitness (Test): 3.16
 | Mean Accuracy (Test): 0.11
Generation 405 | Best fitness (Train): 3.52 | Best fitness in generation (Train): 4.72 | Mean fitness (Train): 15.77 | Mean fitness (Test): 3.17
 | Mean Accuracy (Test): 0.08
Generation 410 | Best fitness (Train): 3.52 | Best fitness in generation (Train): 3.83 | Mean fitness (Train): 15.25 | Mean fitness (Test): 3.11
 | Mean Accuracy (Test): 0.09
Generation 415 | Best fitness (Train): 3.52 | Best fitness in generation (Train): 4.35 | Mean fitness (Train): 14.72 | Mean fitness (Test): 3.07
 | Mean Accuracy (Test): 0.10
Generation 420 | Best fitness (Train): 3.52 | Best fitness in generation (Train): 3.64 | Mean fitness (Train): 14.33 | Mean fitness (Test): 3.05
 | Mean Accuracy (Test): 0.10
Generation 425 | Best fitness (Train): 3.44 | Best fitness in generation (Train): 3.44 | Mean fitness (Train): 11.86 | Mean fitness (Test): 2.99
 | Mean Accuracy (Test): 0.09
Generation 430 | Best fitness (Train): 3.41 | Best fitness in generation (Train): 3.41 | Mean fitness (Train): 11.70 | Mean fitness (Test): 2.95
 | Mean Accuracy (Test): 0.08
Generation 435 | Best fitness (Train): 3.05 | Best fitness in generation (Train): 3.20 | Mean fitness (Train): 11.97 | Mean fitness (Test): 2.93
 | Mean Accuracy (Test): 0.10
Generation 440 | Best fitness (Train): 3.05 | Best fitness in generation (Train): 3.73 | Mean fitness (Train): 10.98 | Mean fitness (Test): 2.83
 | Mean Accuracy (Test): 0.11
Generation 445 | Best fitness (Train): 3.05 | Best fitness in generation (Train): 3.29 | Mean fitness (Train): 10.21 | Mean fitness (Test): 2.84
 | Mean Accuracy (Test): 0.10
Generation 450 | Best fitness (Train): 3.05 | Best fitness in generation (Train): 3.35 | Mean fitness (Train): 12.48 | Mean fitness (Test): 2.85
 | Mean Accuracy (Test): 0.09
Generation 455 | Best fitness (Train): 2.94 | Best fitness in generation (Train): 3.00 | Mean fitness (Train): 9.09 | Mean fitness (Test): 2.79
 | Mean Accuracy (Test): 0.09
Generation 460 | Best fitness (Train): 2.68 | Best fitness in generation (Train): 3.16 | Mean fitness (Train): 11.77 | Mean fitness (Test): 2.72
 | Mean Accuracy (Test): 0.12
Generation 465 | Best fitness (Train): 2.58 | Best fitness in generation (Train): 2.96 | Mean fitness (Train): 7.58 | Mean fitness (Test): 2.65
 | Mean Accuracy (Test): 0.10
Generation 470 | Best fitness (Train): 2.58 | Best fitness in generation (Train): 2.91 | Mean fitness (Train): 8.90 | Mean fitness (Test): 2.58
 | Mean Accuracy (Test): 0.10
Generation 475 | Best fitness (Train): 2.58 | Best fitness in generation (Train): 2.60 | Mean fitness (Train): 6.50 | Mean fitness (Test): 2.54
 | Mean Accuracy (Test): 0.10
Generation 480 | Best fitness (Train): 2.58 | Best fitness in generation (Train): 2.62 | Mean fitness (Train): 9.06 | Mean fitness (Test): 2.48
 | Mean Accuracy (Test): 0.09
Generation 485 | Best fitness (Train): 2.58 | Best fitness in generation (Train): 2.58 | Mean fitness (Train): 6.29 | Mean fitness (Test): 2.45
 | Mean Accuracy (Test): 0.11
Generation 490 | Best fitness (Train): 2.58 | Best fitness in generation (Train): 2.75 | Mean fitness (Train): 7.30 | Mean fitness (Test): 2.40
 | Mean Accuracy (Test): 0.10
Generation 495 | Best fitness (Train): 2.48 | Best fitness in generation (Train): 2.80 | Mean fitness (Train): 6.92 | Mean fitness (Test): 2.40
 | Mean Accuracy (Test): 0.08
Generation 500 | Best fitness (Train): 2.48 | Best fitness in generation (Train): 2.58 | Mean fitness (Train): 5.73 | Mean fitness (Test): 2.38
 | Mean Accuracy (Test): 0.10
Generation 505 | Best fitness (Train): 2.48 | Best fitness in generation (Train): 2.53 | Mean fitness (Train): 6.12 | Mean fitness (Test): 2.36
 | Mean Accuracy (Test): 0.10
Generation 510 | Best fitness (Train): 2.48 | Best fitness in generation (Train): 2.63 | Mean fitness (Train): 7.30 | Mean fitness (Test): 2.34
 | Mean Accuracy (Test): 0.12
Generation 515 | Best fitness (Train): 2.47 | Best fitness in generation (Train): 2.56 | Mean fitness (Train): 5.43 | Mean fitness (Test): 2.33
 | Mean Accuracy (Test): 0.09
Generation 520 | Best fitness (Train): 2.47 | Best fitness in generation (Train): 2.57 | Mean fitness (Train): 4.98 | Mean fitness (Test): 2.33
 | Mean Accuracy (Test): 0.09
Generation 525 | Best fitness (Train): 2.33 | Best fitness in generation (Train): 2.46 | Mean fitness (Train): 4.68 | Mean fitness (Test): 2.32
 | Mean Accuracy (Test): 0.09
Generation 530 | Best fitness (Train): 2.33 | Best fitness in generation (Train): 2.58 | Mean fitness (Train): 4.93 | Mean fitness (Test): 2.32
 | Mean Accuracy (Test): 0.11
Generation 535 | Best fitness (Train): 2.33 | Best fitness in generation (Train): 2.43 | Mean fitness (Train): 4.69 | Mean fitness (Test): 2.33
 | Mean Accuracy (Test): 0.10
Generation 540 | Best fitness (Train): 2.24 | Best fitness in generation (Train): 2.54 | Mean fitness (Train): 3.77 | Mean fitness (Test): 2.32
 | Mean Accuracy (Test): 0.09
Generation 545 | Best fitness (Train): 2.24 | Best fitness in generation (Train): 2.49 | Mean fitness (Train): 4.22 | Mean fitness (Test): 2.32
 | Mean Accuracy (Test): 0.09
Generation 550 | Best fitness (Train): 2.24 | Best fitness in generation (Train): 2.47 | Mean fitness (Train): 4.92 | Mean fitness (Test): 2.31
 | Mean Accuracy (Test): 0.10
Generation 555 | Best fitness (Train): 2.24 | Best fitness in generation (Train): 2.50 | Mean fitness (Train): 4.23 | Mean fitness (Test): 2.31
 | Mean Accuracy (Test): 0.10
Generation 560 | Best fitness (Train): 2.24 | Best fitness in generation (Train): 2.51 | Mean fitness (Train): 4.58 | Mean fitness (Test): 2.30
 | Mean Accuracy (Test): 0.11
Generation 565 | Best fitness (Train): 2.24 | Best fitness in generation (Train): 2.47 | Mean fitness (Train): 4.45 | Mean fitness (Test): 2.31
 | Mean Accuracy (Test): 0.10
Generation 570 | Best fitness (Train): 2.24 | Best fitness in generation (Train): 2.47 | Mean fitness (Train): 3.98 | Mean fitness (Test): 2.31
 | Mean Accuracy (Test): 0.09
Generation 575 | Best fitness (Train): 2.24 | Best fitness in generation (Train): 2.41 | Mean fitness (Train): 3.59 | Mean fitness (Test): 2.31
 | Mean Accuracy (Test): 0.10
Generation 580 | Best fitness (Train): 2.24 | Best fitness in generation (Train): 2.39 | Mean fitness (Train): 3.78 | Mean fitness (Test): 2.31
 | Mean Accuracy (Test): 0.11
Generation 585 | Best fitness (Train): 2.24 | Best fitness in generation (Train): 2.44 | Mean fitness (Train): 3.30 | Mean fitness (Test): 2.30
 | Mean Accuracy (Test): 0.11
Generation 590 | Best fitness (Train): 2.24 | Best fitness in generation (Train): 2.44 | Mean fitness (Train): 3.28 | Mean fitness (Test): 2.30
 | Mean Accuracy (Test): 0.11
Generation 595 | Best fitness (Train): 2.24 | Best fitness in generation (Train): 2.48 | Mean fitness (Train): 4.10 | Mean fitness (Test): 2.31
 | Mean Accuracy (Test): 0.09
Generation 600 | Best fitness (Train): 2.24 | Best fitness in generation (Train): 2.48 | Mean fitness (Train): 3.67 | Mean fitness (Test): 2.30
 | Mean Accuracy (Test): 0.10
Generation 605 | Best fitness (Train): 2.24 | Best fitness in generation (Train): 2.47 | Mean fitness (Train): 4.35 | Mean fitness (Test): 2.30
 | Mean Accuracy (Test): 0.11
Generation 610 | Best fitness (Train): 2.24 | Best fitness in generation (Train): 2.47 | Mean fitness (Train): 4.32 | Mean fitness (Test): 2.30
 | Mean Accuracy (Test): 0.11
Generation 615 | Best fitness (Train): 2.24 | Best fitness in generation (Train): 2.42 | Mean fitness (Train): 3.37 | Mean fitness (Test): 2.30
 | Mean Accuracy (Test): 0.12
Generation 620 | Best fitness (Train): 2.24 | Best fitness in generation (Train): 2.45 | Mean fitness (Train): 3.39 | Mean fitness (Test): 2.30
 | Mean Accuracy (Test): 0.11
Generation 625 | Best fitness (Train): 2.24 | Best fitness in generation (Train): 2.47 | Mean fitness (Train): 3.73 | Mean fitness (Test): 2.30
 | Mean Accuracy (Test): 0.10
Generation 630 | Best fitness (Train): 2.24 | Best fitness in generation (Train): 2.44 | Mean fitness (Train): 3.11 | Mean fitness (Test): 2.31
 | Mean Accuracy (Test): 0.10
Generation 635 | Best fitness (Train): 2.24 | Best fitness in generation (Train): 2.47 | Mean fitness (Train): 3.62 | Mean fitness (Test): 2.31
 | Mean Accuracy (Test): 0.10
Generation 640 | Best fitness (Train): 2.24 | Best fitness in generation (Train): 2.43 | Mean fitness (Train): 4.13 | Mean fitness (Test): 2.30
 | Mean Accuracy (Test): 0.10
Generation 645 | Best fitness (Train): 2.24 | Best fitness in generation (Train): 2.43 | Mean fitness (Train): 3.38 | Mean fitness (Test): 2.31
 | Mean Accuracy (Test): 0.10
Generation 650 | Best fitness (Train): 2.24 | Best fitness in generation (Train): 2.45 | Mean fitness (Train): 3.10 | Mean fitness (Test): 2.31
 | Mean Accuracy (Test): 0.10
Generation 655 | Best fitness (Train): 2.24 | Best fitness in generation (Train): 2.43 | Mean fitness (Train): 3.13 | Mean fitness (Test): 2.31
 | Mean Accuracy (Test): 0.10
Generation 660 | Best fitness (Train): 2.24 | Best fitness in generation (Train): 2.48 | Mean fitness (Train): 3.19 | Mean fitness (Test): 2.31
 | Mean Accuracy (Test): 0.10
Generation 665 | Best fitness (Train): 2.24 | Best fitness in generation (Train): 2.44 | Mean fitness (Train): 2.94 | Mean fitness (Test): 2.30
 | Mean Accuracy (Test): 0.11
Generation 670 | Best fitness (Train): 2.24 | Best fitness in generation (Train): 2.44 | Mean fitness (Train): 3.53 | Mean fitness (Test): 2.30
 | Mean Accuracy (Test): 0.09
Generation 675 | Best fitness (Train): 2.17 | Best fitness in generation (Train): 2.17 | Mean fitness (Train): 3.02 | Mean fitness (Test): 2.30
 | Mean Accuracy (Test): 0.11
Generation 680 | Best fitness (Train): 2.17 | Best fitness in generation (Train): 2.39 | Mean fitness (Train): 3.18 | Mean fitness (Test): 2.30
 | Mean Accuracy (Test): 0.10
Generation 685 | Best fitness (Train): 2.17 | Best fitness in generation (Train): 2.39 | Mean fitness (Train): 3.07 | Mean fitness (Test): 2.30
 | Mean Accuracy (Test): 0.11
Generation 690 | Best fitness (Train): 2.17 | Best fitness in generation (Train): 2.41 | Mean fitness (Train): 3.04 | Mean fitness (Test): 2.30
 | Mean Accuracy (Test): 0.11
Generation 695 | Best fitness (Train): 2.17 | Best fitness in generation (Train): 2.43 | Mean fitness (Train): 3.22 | Mean fitness (Test): 2.30
 | Mean Accuracy (Test): 0.09
Generation 700 | Best fitness (Train): 2.17 | Best fitness in generation (Train): 2.38 | Mean fitness (Train): 3.12 | Mean fitness (Test): 2.30
 | Mean Accuracy (Test): 0.09
Generation 705 | Best fitness (Train): 2.17 | Best fitness in generation (Train): 2.38 | Mean fitness (Train): 3.26 | Mean fitness (Test): 2.30
 | Mean Accuracy (Test): 0.11
Generation 710 | Best fitness (Train): 2.17 | Best fitness in generation (Train): 2.40 | Mean fitness (Train): 3.22 | Mean fitness (Test): 2.30
 | Mean Accuracy (Test): 0.09
Generation 715 | Best fitness (Train): 2.17 | Best fitness in generation (Train): 2.45 | Mean fitness (Train): 3.35 | Mean fitness (Test): 2.31
 | Mean Accuracy (Test): 0.09
Generation 720 | Best fitness (Train): 2.17 | Best fitness in generation (Train): 2.39 | Mean fitness (Train): 3.39 | Mean fitness (Test): 2.31
 | Mean Accuracy (Test): 0.09
Generation 725 | Best fitness (Train): 2.17 | Best fitness in generation (Train): 2.37 | Mean fitness (Train): 2.95 | Mean fitness (Test): 2.31
 | Mean Accuracy (Test): 0.10
Generation 730 | Best fitness (Train): 2.17 | Best fitness in generation (Train): 2.39 | Mean fitness (Train): 3.11 | Mean fitness (Test): 2.30
 | Mean Accuracy (Test): 0.10
Generation 735 | Best fitness (Train): 2.17 | Best fitness in generation (Train): 2.39 | Mean fitness (Train): 2.91 | Mean fitness (Test): 2.30
 | Mean Accuracy (Test): 0.11
Generation 740 | Best fitness (Train): 2.17 | Best fitness in generation (Train): 2.41 | Mean fitness (Train): 3.29 | Mean fitness (Test): 2.30
 | Mean Accuracy (Test): 0.11
Generation 745 | Best fitness (Train): 2.17 | Best fitness in generation (Train): 2.43 | Mean fitness (Train): 3.06 | Mean fitness (Test): 2.30
 | Mean Accuracy (Test): 0.09
Generation 750 | Best fitness (Train): 2.17 | Best fitness in generation (Train): 2.43 | Mean fitness (Train): 2.97 | Mean fitness (Test): 2.31
 | Mean Accuracy (Test): 0.11
Generation 755 | Best fitness (Train): 2.17 | Best fitness in generation (Train): 2.36 | Mean fitness (Train): 3.05 | Mean fitness (Test): 2.30
 | Mean Accuracy (Test): 0.10
Generation 760 | Best fitness (Train): 2.17 | Best fitness in generation (Train): 2.41 | Mean fitness (Train): 3.12 | Mean fitness (Test): 2.30
 | Mean Accuracy (Test): 0.10
Generation 765 | Best fitness (Train): 2.17 | Best fitness in generation (Train): 2.45 | Mean fitness (Train): 2.82 | Mean fitness (Test): 2.31
 | Mean Accuracy (Test): 0.10
Generation 770 | Best fitness (Train): 2.17 | Best fitness in generation (Train): 2.42 | Mean fitness (Train): 2.97 | Mean fitness (Test): 2.31
 | Mean Accuracy (Test): 0.09
Generation 775 | Best fitness (Train): 2.17 | Best fitness in generation (Train): 2.38 | Mean fitness (Train): 2.82 | Mean fitness (Test): 2.31
 | Mean Accuracy (Test): 0.11
Generation 780 | Best fitness (Train): 2.17 | Best fitness in generation (Train): 2.38 | Mean fitness (Train): 3.39 | Mean fitness (Test): 2.31
 | Mean Accuracy (Test): 0.10
Generation 785 | Best fitness (Train): 2.17 | Best fitness in generation (Train): 2.42 | Mean fitness (Train): 3.00 | Mean fitness (Test): 2.30
 | Mean Accuracy (Test): 0.11
Generation 790 | Best fitness (Train): 2.17 | Best fitness in generation (Train): 2.42 | Mean fitness (Train): 3.05 | Mean fitness (Test): 2.30
 | Mean Accuracy (Test): 0.10
Generation 795 | Best fitness (Train): 2.17 | Best fitness in generation (Train): 2.42 | Mean fitness (Train): 2.98 | Mean fitness (Test): 2.30
 | Mean Accuracy (Test): 0.10
Generation 800 | Best fitness (Train): 2.17 | Best fitness in generation (Train): 2.43 | Mean fitness (Train): 2.84 | Mean fitness (Test): 2.30
 | Mean Accuracy (Test): 0.11
Generation 805 | Best fitness (Train): 2.17 | Best fitness in generation (Train): 2.45 | Mean fitness (Train): 3.03 | Mean fitness (Test): 2.31
 | Mean Accuracy (Test): 0.10
Generation 810 | Best fitness (Train): 2.17 | Best fitness in generation (Train): 2.42 | Mean fitness (Train): 3.12 | Mean fitness (Test): 2.30
 | Mean Accuracy (Test): 0.10
Generation 815 | Best fitness (Train): 2.17 | Best fitness in generation (Train): 2.44 | Mean fitness (Train): 2.93 | Mean fitness (Test): 2.31
 | Mean Accuracy (Test): 0.10
Generation 820 | Best fitness (Train): 2.17 | Best fitness in generation (Train): 2.42 | Mean fitness (Train): 2.98 | Mean fitness (Test): 2.31
 | Mean Accuracy (Test): 0.10
Generation 825 | Best fitness (Train): 2.17 | Best fitness in generation (Train): 2.44 | Mean fitness (Train): 2.75 | Mean fitness (Test): 2.31
 | Mean Accuracy (Test): 0.10
Generation 830 | Best fitness (Train): 2.17 | Best fitness in generation (Train): 2.33 | Mean fitness (Train): 2.78 | Mean fitness (Test): 2.30
 | Mean Accuracy (Test): 0.10
Generation 835 | Best fitness (Train): 2.17 | Best fitness in generation (Train): 2.44 | Mean fitness (Train): 2.77 | Mean fitness (Test): 2.30
 | Mean Accuracy (Test): 0.13
Generation 840 | Best fitness (Train): 2.17 | Best fitness in generation (Train): 2.35 | Mean fitness (Train): 2.95 | Mean fitness (Test): 2.31
 | Mean Accuracy (Test): 0.09
Generation 845 | Best fitness (Train): 2.17 | Best fitness in generation (Train): 2.42 | Mean fitness (Train): 2.97 | Mean fitness (Test): 2.31
 | Mean Accuracy (Test): 0.10
Generation 850 | Best fitness (Train): 2.17 | Best fitness in generation (Train): 2.42 | Mean fitness (Train): 3.00 | Mean fitness (Test): 2.30
 | Mean Accuracy (Test): 0.11
Generation 855 | Best fitness (Train): 2.17 | Best fitness in generation (Train): 2.42 | Mean fitness (Train): 2.78 | Mean fitness (Test): 2.30
 | Mean Accuracy (Test): 0.10
Generation 860 | Best fitness (Train): 2.17 | Best fitness in generation (Train): 2.37 | Mean fitness (Train): 3.01 | Mean fitness (Test): 2.31
 | Mean Accuracy (Test): 0.10
Generation 865 | Best fitness (Train): 2.17 | Best fitness in generation (Train): 2.40 | Mean fitness (Train): 2.75 | Mean fitness (Test): 2.30
 | Mean Accuracy (Test): 0.10
Generation 870 | Best fitness (Train): 2.17 | Best fitness in generation (Train): 2.38 | Mean fitness (Train): 2.84 | Mean fitness (Test): 2.30
 | Mean Accuracy (Test): 0.11
Generation 875 | Best fitness (Train): 2.17 | Best fitness in generation (Train): 2.38 | Mean fitness (Train): 2.78 | Mean fitness (Test): 2.30
 | Mean Accuracy (Test): 0.11
Generation 880 | Best fitness (Train): 2.17 | Best fitness in generation (Train): 2.37 | Mean fitness (Train): 2.79 | Mean fitness (Test): 2.30
 | Mean Accuracy (Test): 0.10
Generation 885 | Best fitness (Train): 2.17 | Best fitness in generation (Train): 2.41 | Mean fitness (Train): 2.79 | Mean fitness (Test): 2.30
 | Mean Accuracy (Test): 0.10
Generation 890 | Best fitness (Train): 2.17 | Best fitness in generation (Train): 2.38 | Mean fitness (Train): 2.78 | Mean fitness (Test): 2.31
 | Mean Accuracy (Test): 0.09
Generation 895 | Best fitness (Train): 2.17 | Best fitness in generation (Train): 2.39 | Mean fitness (Train): 2.84 | Mean fitness (Test): 2.30
 | Mean Accuracy (Test): 0.12
Generation 900 | Best fitness (Train): 2.17 | Best fitness in generation (Train): 2.39 | Mean fitness (Train): 2.83 | Mean fitness (Test): 2.30
 | Mean Accuracy (Test): 0.11
Generation 905 | Best fitness (Train): 2.17 | Best fitness in generation (Train): 2.39 | Mean fitness (Train): 2.78 | Mean fitness (Test): 2.30
 | Mean Accuracy (Test): 0.09
Generation 910 | Best fitness (Train): 2.17 | Best fitness in generation (Train): 2.40 | Mean fitness (Train): 2.87 | Mean fitness (Test): 2.30
 | Mean Accuracy (Test): 0.10
Generation 915 | Best fitness (Train): 2.17 | Best fitness in generation (Train): 2.41 | Mean fitness (Train): 2.88 | Mean fitness (Test): 2.30
 | Mean Accuracy (Test): 0.09
Generation 920 | Best fitness (Train): 2.17 | Best fitness in generation (Train): 2.38 | Mean fitness (Train): 2.92 | Mean fitness (Test): 2.30
 | Mean Accuracy (Test): 0.10
Generation 925 | Best fitness (Train): 2.17 | Best fitness in generation (Train): 2.43 | Mean fitness (Train): 2.75 | Mean fitness (Test): 2.31
 | Mean Accuracy (Test): 0.09
Generation 930 | Best fitness (Train): 2.17 | Best fitness in generation (Train): 2.42 | Mean fitness (Train): 2.76 | Mean fitness (Test): 2.30
 | Mean Accuracy (Test): 0.11
Generation 935 | Best fitness (Train): 2.17 | Best fitness in generation (Train): 2.45 | Mean fitness (Train): 2.79 | Mean fitness (Test): 2.31
 | Mean Accuracy (Test): 0.10
Generation 940 | Best fitness (Train): 2.17 | Best fitness in generation (Train): 2.41 | Mean fitness (Train): 2.83 | Mean fitness (Test): 2.31
 | Mean Accuracy (Test): 0.11
Generation 945 | Best fitness (Train): 2.17 | Best fitness in generation (Train): 2.45 | Mean fitness (Train): 2.81 | Mean fitness (Test): 2.30
 | Mean Accuracy (Test): 0.09
Generation 950 | Best fitness (Train): 2.17 | Best fitness in generation (Train): 2.39 | Mean fitness (Train): 2.92 | Mean fitness (Test): 2.30
 | Mean Accuracy (Test): 0.11
Generation 955 | Best fitness (Train): 2.17 | Best fitness in generation (Train): 2.39 | Mean fitness (Train): 2.88 | Mean fitness (Test): 2.31
 | Mean Accuracy (Test): 0.11
Generation 960 | Best fitness (Train): 2.17 | Best fitness in generation (Train): 2.40 | Mean fitness (Train): 3.01 | Mean fitness (Test): 2.31
 | Mean Accuracy (Test): 0.10
Generation 965 | Best fitness (Train): 2.17 | Best fitness in generation (Train): 2.44 | Mean fitness (Train): 2.80 | Mean fitness (Test): 2.30
 | Mean Accuracy (Test): 0.11
Generation 970 | Best fitness (Train): 2.17 | Best fitness in generation (Train): 2.46 | Mean fitness (Train): 2.79 | Mean fitness (Test): 2.30
 | Mean Accuracy (Test): 0.11
Generation 975 | Best fitness (Train): 2.17 | Best fitness in generation (Train): 2.37 | Mean fitness (Train): 2.73 | Mean fitness (Test): 2.30
 | Mean Accuracy (Test): 0.09
Generation 980 | Best fitness (Train): 2.17 | Best fitness in generation (Train): 2.33 | Mean fitness (Train): 2.90 | Mean fitness (Test): 2.30
 | Mean Accuracy (Test): 0.09
Generation 985 | Best fitness (Train): 2.17 | Best fitness in generation (Train): 2.44 | Mean fitness (Train): 2.77 | Mean fitness (Test): 2.30
 | Mean Accuracy (Test): 0.10
Generation 990 | Best fitness (Train): 2.17 | Best fitness in generation (Train): 2.38 | Mean fitness (Train): 2.81 | Mean fitness (Test): 2.30
 | Mean Accuracy (Test): 0.10
Generation 995 | Best fitness (Train): 2.17 | Best fitness in generation (Train): 2.38 | Mean fitness (Train): 2.76 | Mean fitness (Test): 2.31
 | Mean Accuracy (Test): 0.10
Generation 1000 | Best fitness (Train): 2.17 | Best fitness in generation (Train): 2.39 | Mean fitness (Train): 3.00 | Mean fitness (Test): 2.31
 | Mean Accuracy (Test): 0.09
running the experiment ... [../../results/TorchVisionProblem/FashionMNIST/Open_ES/1]
Generation 005 | Best fitness (Train): 316.00 | Best fitness in generation (Train): 323.20 | Mean fitness (Train): 653.84 | Mean fitness (Test): 9.34
 | Mean Accuracy (Test): 0.10
Generation 010 | Best fitness (Train): 273.19 | Best fitness in generation (Train): 318.44 | Mean fitness (Train): 540.69 | Mean fitness (Test): 22.02
 | Mean Accuracy (Test): 0.11
Generation 015 | Best fitness (Train): 235.52 | Best fitness in generation (Train): 235.52 | Mean fitness (Train): 480.45 | Mean fitness (Test): 33.57
 | Mean Accuracy (Test): 0.13
Generation 020 | Best fitness (Train): 218.44 | Best fitness in generation (Train): 218.44 | Mean fitness (Train): 452.85 | Mean fitness (Test): 42.03
 | Mean Accuracy (Test): 0.13
Generation 025 | Best fitness (Train): 218.44 | Best fitness in generation (Train): 253.07 | Mean fitness (Train): 420.63 | Mean fitness (Test): 45.42
 | Mean Accuracy (Test): 0.19
Generation 030 | Best fitness (Train): 182.46 | Best fitness in generation (Train): 249.69 | Mean fitness (Train): 398.29 | Mean fitness (Test): 45.46
 | Mean Accuracy (Test): 0.21
Generation 035 | Best fitness (Train): 182.46 | Best fitness in generation (Train): 224.70 | Mean fitness (Train): 387.23 | Mean fitness (Test): 40.17
 | Mean Accuracy (Test): 0.19
Generation 040 | Best fitness (Train): 182.46 | Best fitness in generation (Train): 229.68 | Mean fitness (Train): 370.61 | Mean fitness (Test): 30.73
 | Mean Accuracy (Test): 0.23
Generation 045 | Best fitness (Train): 173.44 | Best fitness in generation (Train): 173.44 | Mean fitness (Train): 332.04 | Mean fitness (Test): 25.12
 | Mean Accuracy (Test): 0.30
Generation 050 | Best fitness (Train): 162.89 | Best fitness in generation (Train): 178.28 | Mean fitness (Train): 327.11 | Mean fitness (Test): 23.98
 | Mean Accuracy (Test): 0.35
Generation 055 | Best fitness (Train): 155.76 | Best fitness in generation (Train): 182.07 | Mean fitness (Train): 310.01 | Mean fitness (Test): 24.24
 | Mean Accuracy (Test): 0.35
Generation 060 | Best fitness (Train): 101.25 | Best fitness in generation (Train): 101.25 | Mean fitness (Train): 292.11 | Mean fitness (Test): 23.98
 | Mean Accuracy (Test): 0.37
Generation 065 | Best fitness (Train): 101.25 | Best fitness in generation (Train): 155.41 | Mean fitness (Train): 279.51 | Mean fitness (Test): 22.15
 | Mean Accuracy (Test): 0.36
Generation 070 | Best fitness (Train): 101.25 | Best fitness in generation (Train): 146.17 | Mean fitness (Train): 279.93 | Mean fitness (Test): 17.38
 | Mean Accuracy (Test): 0.40
Generation 075 | Best fitness (Train): 101.25 | Best fitness in generation (Train): 122.08 | Mean fitness (Train): 246.69 | Mean fitness (Test): 16.85
 | Mean Accuracy (Test): 0.38
Generation 080 | Best fitness (Train): 101.25 | Best fitness in generation (Train): 121.79 | Mean fitness (Train): 235.34 | Mean fitness (Test): 16.07
 | Mean Accuracy (Test): 0.42
Generation 085 | Best fitness (Train): 101.25 | Best fitness in generation (Train): 113.33 | Mean fitness (Train): 222.01 | Mean fitness (Test): 16.63
 | Mean Accuracy (Test): 0.43
Generation 090 | Best fitness (Train): 101.25 | Best fitness in generation (Train): 119.09 | Mean fitness (Train): 217.64 | Mean fitness (Test): 15.52
 | Mean Accuracy (Test): 0.43
Generation 095 | Best fitness (Train): 88.08 | Best fitness in generation (Train): 105.48 | Mean fitness (Train): 209.04 | Mean fitness (Test): 18.06
 | Mean Accuracy (Test): 0.42
Generation 100 | Best fitness (Train): 88.08 | Best fitness in generation (Train): 106.92 | Mean fitness (Train): 197.87 | Mean fitness (Test): 16.36
 | Mean Accuracy (Test): 0.43
Generation 105 | Best fitness (Train): 73.54 | Best fitness in generation (Train): 74.94 | Mean fitness (Train): 188.90 | Mean fitness (Test): 15.45
 | Mean Accuracy (Test): 0.46
Generation 110 | Best fitness (Train): 73.54 | Best fitness in generation (Train): 87.19 | Mean fitness (Train): 168.05 | Mean fitness (Test): 15.59
 | Mean Accuracy (Test): 0.49
Generation 115 | Best fitness (Train): 70.86 | Best fitness in generation (Train): 86.33 | Mean fitness (Train): 167.14 | Mean fitness (Test): 14.37
 | Mean Accuracy (Test): 0.50
Generation 120 | Best fitness (Train): 70.86 | Best fitness in generation (Train): 88.04 | Mean fitness (Train): 167.96 | Mean fitness (Test): 13.57
 | Mean Accuracy (Test): 0.51
Generation 125 | Best fitness (Train): 70.86 | Best fitness in generation (Train): 83.75 | Mean fitness (Train): 156.51 | Mean fitness (Test): 12.50
 | Mean Accuracy (Test): 0.52
Generation 130 | Best fitness (Train): 67.45 | Best fitness in generation (Train): 74.13 | Mean fitness (Train): 151.99 | Mean fitness (Test): 10.55
 | Mean Accuracy (Test): 0.52
Generation 135 | Best fitness (Train): 62.15 | Best fitness in generation (Train): 72.64 | Mean fitness (Train): 147.06 | Mean fitness (Test): 9.90
 | Mean Accuracy (Test): 0.51
Generation 140 | Best fitness (Train): 55.18 | Best fitness in generation (Train): 55.18 | Mean fitness (Train): 128.91 | Mean fitness (Test): 9.57
 | Mean Accuracy (Test): 0.50
Generation 145 | Best fitness (Train): 53.98 | Best fitness in generation (Train): 56.64 | Mean fitness (Train): 134.38 | Mean fitness (Test): 7.82
 | Mean Accuracy (Test): 0.55
Generation 150 | Best fitness (Train): 52.64 | Best fitness in generation (Train): 66.20 | Mean fitness (Train): 128.65 | Mean fitness (Test): 6.95
 | Mean Accuracy (Test): 0.53
Generation 155 | Best fitness (Train): 52.64 | Best fitness in generation (Train): 59.47 | Mean fitness (Train): 127.32 | Mean fitness (Test): 6.58
 | Mean Accuracy (Test): 0.51
Generation 160 | Best fitness (Train): 50.72 | Best fitness in generation (Train): 50.72 | Mean fitness (Train): 125.76 | Mean fitness (Test): 6.65
 | Mean Accuracy (Test): 0.49
Generation 165 | Best fitness (Train): 46.70 | Best fitness in generation (Train): 53.63 | Mean fitness (Train): 122.84 | Mean fitness (Test): 5.43
 | Mean Accuracy (Test): 0.51
Generation 170 | Best fitness (Train): 42.96 | Best fitness in generation (Train): 54.40 | Mean fitness (Train): 116.55 | Mean fitness (Test): 5.75
 | Mean Accuracy (Test): 0.49
Generation 175 | Best fitness (Train): 42.96 | Best fitness in generation (Train): 57.99 | Mean fitness (Train): 107.43 | Mean fitness (Test): 5.65
 | Mean Accuracy (Test): 0.51
Generation 180 | Best fitness (Train): 36.33 | Best fitness in generation (Train): 49.37 | Mean fitness (Train): 98.74 | Mean fitness (Test): 5.16
 | Mean Accuracy (Test): 0.49
Generation 185 | Best fitness (Train): 34.19 | Best fitness in generation (Train): 41.88 | Mean fitness (Train): 99.47 | Mean fitness (Test): 4.50
 | Mean Accuracy (Test): 0.50
Generation 190 | Best fitness (Train): 34.19 | Best fitness in generation (Train): 40.79 | Mean fitness (Train): 98.20 | Mean fitness (Test): 3.95
 | Mean Accuracy (Test): 0.47
Generation 195 | Best fitness (Train): 33.73 | Best fitness in generation (Train): 43.06 | Mean fitness (Train): 95.85 | Mean fitness (Test): 3.31
 | Mean Accuracy (Test): 0.47
Generation 200 | Best fitness (Train): 33.73 | Best fitness in generation (Train): 39.69 | Mean fitness (Train): 91.76 | Mean fitness (Test): 3.38
 | Mean Accuracy (Test): 0.46
Generation 205 | Best fitness (Train): 30.23 | Best fitness in generation (Train): 30.23 | Mean fitness (Train): 88.82 | Mean fitness (Test): 2.87
 | Mean Accuracy (Test): 0.42
Generation 210 | Best fitness (Train): 26.45 | Best fitness in generation (Train): 29.57 | Mean fitness (Train): 83.80 | Mean fitness (Test): 2.30
 | Mean Accuracy (Test): 0.42
Generation 215 | Best fitness (Train): 24.21 | Best fitness in generation (Train): 31.05 | Mean fitness (Train): 81.43 | Mean fitness (Test): 2.31
 | Mean Accuracy (Test): 0.41
Generation 220 | Best fitness (Train): 24.21 | Best fitness in generation (Train): 31.73 | Mean fitness (Train): 72.16 | Mean fitness (Test): 2.32
 | Mean Accuracy (Test): 0.38
Generation 225 | Best fitness (Train): 24.21 | Best fitness in generation (Train): 25.40 | Mean fitness (Train): 80.99 | Mean fitness (Test): 2.30
 | Mean Accuracy (Test): 0.34
Generation 230 | Best fitness (Train): 19.61 | Best fitness in generation (Train): 19.61 | Mean fitness (Train): 70.40 | Mean fitness (Test): 2.13
 | Mean Accuracy (Test): 0.33
Generation 235 | Best fitness (Train): 19.61 | Best fitness in generation (Train): 30.81 | Mean fitness (Train): 71.39 | Mean fitness (Test): 2.21
 | Mean Accuracy (Test): 0.27
Generation 240 | Best fitness (Train): 18.83 | Best fitness in generation (Train): 18.83 | Mean fitness (Train): 66.85 | Mean fitness (Test): 2.35
 | Mean Accuracy (Test): 0.25
Generation 245 | Best fitness (Train): 18.83 | Best fitness in generation (Train): 28.07 | Mean fitness (Train): 65.16 | Mean fitness (Test): 2.68
 | Mean Accuracy (Test): 0.11
Generation 250 | Best fitness (Train): 18.83 | Best fitness in generation (Train): 26.17 | Mean fitness (Train): 62.70 | Mean fitness (Test): 2.60
 | Mean Accuracy (Test): 0.09
Generation 255 | Best fitness (Train): 18.83 | Best fitness in generation (Train): 25.51 | Mean fitness (Train): 56.28 | Mean fitness (Test): 2.50
 | Mean Accuracy (Test): 0.11
Generation 260 | Best fitness (Train): 18.83 | Best fitness in generation (Train): 19.48 | Mean fitness (Train): 54.78 | Mean fitness (Test): 2.51
 | Mean Accuracy (Test): 0.11
Generation 265 | Best fitness (Train): 16.66 | Best fitness in generation (Train): 22.71 | Mean fitness (Train): 56.57 | Mean fitness (Test): 2.49
 | Mean Accuracy (Test): 0.09
Generation 270 | Best fitness (Train): 13.76 | Best fitness in generation (Train): 15.57 | Mean fitness (Train): 54.80 | Mean fitness (Test): 2.50
 | Mean Accuracy (Test): 0.08
Generation 275 | Best fitness (Train): 13.76 | Best fitness in generation (Train): 14.66 | Mean fitness (Train): 52.69 | Mean fitness (Test): 2.51
 | Mean Accuracy (Test): 0.11
Generation 280 | Best fitness (Train): 13.34 | Best fitness in generation (Train): 15.52 | Mean fitness (Train): 46.40 | Mean fitness (Test): 2.53
 | Mean Accuracy (Test): 0.11
Generation 285 | Best fitness (Train): 12.37 | Best fitness in generation (Train): 12.37 | Mean fitness (Train): 47.12 | Mean fitness (Test): 2.56
 | Mean Accuracy (Test): 0.11
Generation 290 | Best fitness (Train): 12.37 | Best fitness in generation (Train): 13.59 | Mean fitness (Train): 46.87 | Mean fitness (Test): 2.53
 | Mean Accuracy (Test): 0.10
Generation 295 | Best fitness (Train): 12.37 | Best fitness in generation (Train): 16.52 | Mean fitness (Train): 44.82 | Mean fitness (Test): 2.54
 | Mean Accuracy (Test): 0.10
Generation 300 | Best fitness (Train): 10.13 | Best fitness in generation (Train): 10.13 | Mean fitness (Train): 40.98 | Mean fitness (Test): 2.48
 | Mean Accuracy (Test): 0.10
Generation 305 | Best fitness (Train): 7.86 | Best fitness in generation (Train): 12.31 | Mean fitness (Train): 47.96 | Mean fitness (Test): 2.47
 | Mean Accuracy (Test): 0.10
Generation 310 | Best fitness (Train): 7.86 | Best fitness in generation (Train): 10.44 | Mean fitness (Train): 40.21 | Mean fitness (Test): 2.46
 | Mean Accuracy (Test): 0.10
Generation 315 | Best fitness (Train): 5.77 | Best fitness in generation (Train): 5.77 | Mean fitness (Train): 37.86 | Mean fitness (Test): 2.44
 | Mean Accuracy (Test): 0.12
Generation 320 | Best fitness (Train): 5.77 | Best fitness in generation (Train): 7.26 | Mean fitness (Train): 35.53 | Mean fitness (Test): 2.42
 | Mean Accuracy (Test): 0.11
Generation 325 | Best fitness (Train): 5.77 | Best fitness in generation (Train): 12.16 | Mean fitness (Train): 33.07 | Mean fitness (Test): 2.46
 | Mean Accuracy (Test): 0.09
Generation 330 | Best fitness (Train): 5.77 | Best fitness in generation (Train): 6.63 | Mean fitness (Train): 30.36 | Mean fitness (Test): 2.45
 | Mean Accuracy (Test): 0.11
Generation 335 | Best fitness (Train): 5.77 | Best fitness in generation (Train): 8.68 | Mean fitness (Train): 31.61 | Mean fitness (Test): 2.48
 | Mean Accuracy (Test): 0.10
Generation 340 | Best fitness (Train): 5.77 | Best fitness in generation (Train): 8.30 | Mean fitness (Train): 27.37 | Mean fitness (Test): 2.48
 | Mean Accuracy (Test): 0.10
Generation 345 | Best fitness (Train): 5.44 | Best fitness in generation (Train): 7.37 | Mean fitness (Train): 27.19 | Mean fitness (Test): 2.49
 | Mean Accuracy (Test): 0.11
Generation 350 | Best fitness (Train): 4.65 | Best fitness in generation (Train): 5.66 | Mean fitness (Train): 27.92 | Mean fitness (Test): 2.47
 | Mean Accuracy (Test): 0.12
Generation 355 | Best fitness (Train): 4.56 | Best fitness in generation (Train): 5.37 | Mean fitness (Train): 27.37 | Mean fitness (Test): 2.47
 | Mean Accuracy (Test): 0.11
Generation 360 | Best fitness (Train): 4.10 | Best fitness in generation (Train): 4.99 | Mean fitness (Train): 24.86 | Mean fitness (Test): 2.49
 | Mean Accuracy (Test): 0.11
Generation 365 | Best fitness (Train): 4.02 | Best fitness in generation (Train): 6.89 | Mean fitness (Train): 22.16 | Mean fitness (Test): 2.52
 | Mean Accuracy (Test): 0.11
Generation 370 | Best fitness (Train): 4.02 | Best fitness in generation (Train): 4.40 | Mean fitness (Train): 22.75 | Mean fitness (Test): 2.53
 | Mean Accuracy (Test): 0.10
Generation 375 | Best fitness (Train): 3.26 | Best fitness in generation (Train): 4.78 | Mean fitness (Train): 18.69 | Mean fitness (Test): 2.52
 | Mean Accuracy (Test): 0.11
Generation 380 | Best fitness (Train): 3.26 | Best fitness in generation (Train): 3.96 | Mean fitness (Train): 19.63 | Mean fitness (Test): 2.55
 | Mean Accuracy (Test): 0.10
Generation 385 | Best fitness (Train): 3.26 | Best fitness in generation (Train): 4.22 | Mean fitness (Train): 22.13 | Mean fitness (Test): 2.58
 | Mean Accuracy (Test): 0.09
Generation 390 | Best fitness (Train): 3.26 | Best fitness in generation (Train): 4.35 | Mean fitness (Train): 20.43 | Mean fitness (Test): 2.56
 | Mean Accuracy (Test): 0.10
Generation 395 | Best fitness (Train): 3.21 | Best fitness in generation (Train): 3.21 | Mean fitness (Train): 16.50 | Mean fitness (Test): 2.54
 | Mean Accuracy (Test): 0.10
Generation 400 | Best fitness (Train): 3.17 | Best fitness in generation (Train): 4.13 | Mean fitness (Train): 14.56 | Mean fitness (Test): 2.52
 | Mean Accuracy (Test): 0.11
Generation 405 | Best fitness (Train): 3.05 | Best fitness in generation (Train): 3.33 | Mean fitness (Train): 17.50 | Mean fitness (Test): 2.51
 | Mean Accuracy (Test): 0.11
Generation 410 | Best fitness (Train): 3.05 | Best fitness in generation (Train): 3.13 | Mean fitness (Train): 14.94 | Mean fitness (Test): 2.50
 | Mean Accuracy (Test): 0.10
Generation 415 | Best fitness (Train): 2.99 | Best fitness in generation (Train): 3.45 | Mean fitness (Train): 15.08 | Mean fitness (Test): 2.45
 | Mean Accuracy (Test): 0.12
Generation 420 | Best fitness (Train): 2.90 | Best fitness in generation (Train): 3.55 | Mean fitness (Train): 15.04 | Mean fitness (Test): 2.49
 | Mean Accuracy (Test): 0.11
Generation 425 | Best fitness (Train): 2.89 | Best fitness in generation (Train): 2.89 | Mean fitness (Train): 13.64 | Mean fitness (Test): 2.49
 | Mean Accuracy (Test): 0.11
Generation 430 | Best fitness (Train): 2.89 | Best fitness in generation (Train): 2.91 | Mean fitness (Train): 13.86 | Mean fitness (Test): 2.43
 | Mean Accuracy (Test): 0.10
Generation 435 | Best fitness (Train): 2.89 | Best fitness in generation (Train): 2.93 | Mean fitness (Train): 10.28 | Mean fitness (Test): 2.42
 | Mean Accuracy (Test): 0.09
Generation 440 | Best fitness (Train): 2.76 | Best fitness in generation (Train): 3.03 | Mean fitness (Train): 8.20 | Mean fitness (Test): 2.42
 | Mean Accuracy (Test): 0.09
Generation 445 | Best fitness (Train): 2.62 | Best fitness in generation (Train): 2.86 | Mean fitness (Train): 8.89 | Mean fitness (Test): 2.41
 | Mean Accuracy (Test): 0.11
Generation 450 | Best fitness (Train): 2.62 | Best fitness in generation (Train): 2.95 | Mean fitness (Train): 9.28 | Mean fitness (Test): 2.40
 | Mean Accuracy (Test): 0.10
Generation 455 | Best fitness (Train): 2.62 | Best fitness in generation (Train): 2.74 | Mean fitness (Train): 8.03 | Mean fitness (Test): 2.40
 | Mean Accuracy (Test): 0.10
Generation 460 | Best fitness (Train): 2.62 | Best fitness in generation (Train): 2.85 | Mean fitness (Train): 8.51 | Mean fitness (Test): 2.36
 | Mean Accuracy (Test): 0.11
Generation 465 | Best fitness (Train): 2.62 | Best fitness in generation (Train): 2.70 | Mean fitness (Train): 8.03 | Mean fitness (Test): 2.40
 | Mean Accuracy (Test): 0.10
Generation 470 | Best fitness (Train): 2.43 | Best fitness in generation (Train): 2.82 | Mean fitness (Train): 7.25 | Mean fitness (Test): 2.38
 | Mean Accuracy (Test): 0.11
Generation 475 | Best fitness (Train): 2.43 | Best fitness in generation (Train): 2.64 | Mean fitness (Train): 7.32 | Mean fitness (Test): 2.36
 | Mean Accuracy (Test): 0.10
Generation 480 | Best fitness (Train): 2.43 | Best fitness in generation (Train): 2.56 | Mean fitness (Train): 7.13 | Mean fitness (Test): 2.35
 | Mean Accuracy (Test): 0.10
Generation 485 | Best fitness (Train): 2.43 | Best fitness in generation (Train): 2.48 | Mean fitness (Train): 7.90 | Mean fitness (Test): 2.35
 | Mean Accuracy (Test): 0.08
Generation 490 | Best fitness (Train): 2.43 | Best fitness in generation (Train): 2.58 | Mean fitness (Train): 5.60 | Mean fitness (Test): 2.33
 | Mean Accuracy (Test): 0.11
Generation 495 | Best fitness (Train): 2.43 | Best fitness in generation (Train): 2.68 | Mean fitness (Train): 6.52 | Mean fitness (Test): 2.34
 | Mean Accuracy (Test): 0.09
Generation 500 | Best fitness (Train): 2.43 | Best fitness in generation (Train): 2.62 | Mean fitness (Train): 5.77 | Mean fitness (Test): 2.32
 | Mean Accuracy (Test): 0.10
Generation 505 | Best fitness (Train): 2.43 | Best fitness in generation (Train): 2.46 | Mean fitness (Train): 4.94 | Mean fitness (Test): 2.33
 | Mean Accuracy (Test): 0.11
Generation 510 | Best fitness (Train): 2.43 | Best fitness in generation (Train): 2.55 | Mean fitness (Train): 6.57 | Mean fitness (Test): 2.33
 | Mean Accuracy (Test): 0.10
Generation 515 | Best fitness (Train): 2.43 | Best fitness in generation (Train): 2.53 | Mean fitness (Train): 4.92 | Mean fitness (Test): 2.31
 | Mean Accuracy (Test): 0.10
Generation 520 | Best fitness (Train): 2.42 | Best fitness in generation (Train): 2.42 | Mean fitness (Train): 4.83 | Mean fitness (Test): 2.33
 | Mean Accuracy (Test): 0.08
Generation 525 | Best fitness (Train): 2.42 | Best fitness in generation (Train): 2.51 | Mean fitness (Train): 5.17 | Mean fitness (Test): 2.31
 | Mean Accuracy (Test): 0.10
Generation 530 | Best fitness (Train): 2.42 | Best fitness in generation (Train): 2.49 | Mean fitness (Train): 5.25 | Mean fitness (Test): 2.31
 | Mean Accuracy (Test): 0.11
Generation 535 | Best fitness (Train): 2.42 | Best fitness in generation (Train): 2.46 | Mean fitness (Train): 4.10 | Mean fitness (Test): 2.30
 | Mean Accuracy (Test): 0.10
Generation 540 | Best fitness (Train): 2.35 | Best fitness in generation (Train): 2.48 | Mean fitness (Train): 4.53 | Mean fitness (Test): 2.31
 | Mean Accuracy (Test): 0.08
Generation 545 | Best fitness (Train): 2.35 | Best fitness in generation (Train): 2.48 | Mean fitness (Train): 4.24 | Mean fitness (Test): 2.31
 | Mean Accuracy (Test): 0.09
Generation 550 | Best fitness (Train): 2.35 | Best fitness in generation (Train): 2.43 | Mean fitness (Train): 4.10 | Mean fitness (Test): 2.30
 | Mean Accuracy (Test): 0.11
Generation 555 | Best fitness (Train): 2.35 | Best fitness in generation (Train): 2.53 | Mean fitness (Train): 4.84 | Mean fitness (Test): 2.31
 | Mean Accuracy (Test): 0.09
Generation 560 | Best fitness (Train): 2.35 | Best fitness in generation (Train): 2.43 | Mean fitness (Train): 3.60 | Mean fitness (Test): 2.30
 | Mean Accuracy (Test): 0.10
Generation 565 | Best fitness (Train): 2.35 | Best fitness in generation (Train): 2.43 | Mean fitness (Train): 4.02 | Mean fitness (Test): 2.30
 | Mean Accuracy (Test): 0.12
Generation 570 | Best fitness (Train): 2.35 | Best fitness in generation (Train): 2.50 | Mean fitness (Train): 3.92 | Mean fitness (Test): 2.30
 | Mean Accuracy (Test): 0.09
Generation 575 | Best fitness (Train): 2.34 | Best fitness in generation (Train): 2.34 | Mean fitness (Train): 3.31 | Mean fitness (Test): 2.30
 | Mean Accuracy (Test): 0.09
Generation 580 | Best fitness (Train): 2.34 | Best fitness in generation (Train): 2.43 | Mean fitness (Train): 4.01 | Mean fitness (Test): 2.30
 | Mean Accuracy (Test): 0.09
Generation 585 | Best fitness (Train): 2.34 | Best fitness in generation (Train): 2.40 | Mean fitness (Train): 3.59 | Mean fitness (Test): 2.32
 | Mean Accuracy (Test): 0.09
Generation 590 | Best fitness (Train): 2.34 | Best fitness in generation (Train): 2.46 | Mean fitness (Train): 3.93 | Mean fitness (Test): 2.31
 | Mean Accuracy (Test): 0.10
Generation 595 | Best fitness (Train): 2.34 | Best fitness in generation (Train): 2.39 | Mean fitness (Train): 3.79 | Mean fitness (Test): 2.31
 | Mean Accuracy (Test): 0.11
Generation 600 | Best fitness (Train): 2.33 | Best fitness in generation (Train): 2.42 | Mean fitness (Train): 3.33 | Mean fitness (Test): 2.31
 | Mean Accuracy (Test): 0.10
Generation 605 | Best fitness (Train): 2.33 | Best fitness in generation (Train): 2.43 | Mean fitness (Train): 3.32 | Mean fitness (Test): 2.31
 | Mean Accuracy (Test): 0.10
Generation 610 | Best fitness (Train): 2.33 | Best fitness in generation (Train): 2.44 | Mean fitness (Train): 3.31 | Mean fitness (Test): 2.31
 | Mean Accuracy (Test): 0.11
Generation 615 | Best fitness (Train): 2.33 | Best fitness in generation (Train): 2.43 | Mean fitness (Train): 3.44 | Mean fitness (Test): 2.30
 | Mean Accuracy (Test): 0.11
Generation 620 | Best fitness (Train): 2.33 | Best fitness in generation (Train): 2.44 | Mean fitness (Train): 4.21 | Mean fitness (Test): 2.30
 | Mean Accuracy (Test): 0.09
Generation 625 | Best fitness (Train): 2.33 | Best fitness in generation (Train): 2.42 | Mean fitness (Train): 3.19 | Mean fitness (Test): 2.30
 | Mean Accuracy (Test): 0.10
Generation 630 | Best fitness (Train): 2.33 | Best fitness in generation (Train): 2.41 | Mean fitness (Train): 3.13 | Mean fitness (Test): 2.30
 | Mean Accuracy (Test): 0.12
Generation 635 | Best fitness (Train): 2.33 | Best fitness in generation (Train): 2.41 | Mean fitness (Train): 2.93 | Mean fitness (Test): 2.30
 | Mean Accuracy (Test): 0.11
Generation 640 | Best fitness (Train): 2.33 | Best fitness in generation (Train): 2.41 | Mean fitness (Train): 3.01 | Mean fitness (Test): 2.31
 | Mean Accuracy (Test): 0.10
Generation 645 | Best fitness (Train): 2.33 | Best fitness in generation (Train): 2.40 | Mean fitness (Train): 3.10 | Mean fitness (Test): 2.31
 | Mean Accuracy (Test): 0.11
Generation 650 | Best fitness (Train): 2.33 | Best fitness in generation (Train): 2.36 | Mean fitness (Train): 3.21 | Mean fitness (Test): 2.30
 | Mean Accuracy (Test): 0.11
Generation 655 | Best fitness (Train): 2.33 | Best fitness in generation (Train): 2.42 | Mean fitness (Train): 2.94 | Mean fitness (Test): 2.30
 | Mean Accuracy (Test): 0.10
Generation 660 | Best fitness (Train): 2.33 | Best fitness in generation (Train): 2.34 | Mean fitness (Train): 2.87 | Mean fitness (Test): 2.30
 | Mean Accuracy (Test): 0.10
Generation 665 | Best fitness (Train): 2.33 | Best fitness in generation (Train): 2.41 | Mean fitness (Train): 3.28 | Mean fitness (Test): 2.31
 | Mean Accuracy (Test): 0.09
Generation 670 | Best fitness (Train): 2.33 | Best fitness in generation (Train): 2.41 | Mean fitness (Train): 2.86 | Mean fitness (Test): 2.30
 | Mean Accuracy (Test): 0.11
Generation 675 | Best fitness (Train): 2.33 | Best fitness in generation (Train): 2.45 | Mean fitness (Train): 3.06 | Mean fitness (Test): 2.31
 | Mean Accuracy (Test): 0.10
Generation 680 | Best fitness (Train): 2.33 | Best fitness in generation (Train): 2.38 | Mean fitness (Train): 2.94 | Mean fitness (Test): 2.30
 | Mean Accuracy (Test): 0.09
Generation 685 | Best fitness (Train): 2.33 | Best fitness in generation (Train): 2.37 | Mean fitness (Train): 3.19 | Mean fitness (Test): 2.30
 | Mean Accuracy (Test): 0.10
Generation 690 | Best fitness (Train): 2.33 | Best fitness in generation (Train): 2.42 | Mean fitness (Train): 3.04 | Mean fitness (Test): 2.30
 | Mean Accuracy (Test): 0.09
Generation 695 | Best fitness (Train): 2.33 | Best fitness in generation (Train): 2.36 | Mean fitness (Train): 2.94 | Mean fitness (Test): 2.30
 | Mean Accuracy (Test): 0.11
Generation 700 | Best fitness (Train): 2.33 | Best fitness in generation (Train): 2.42 | Mean fitness (Train): 2.98 | Mean fitness (Test): 2.31
 | Mean Accuracy (Test): 0.09
Generation 705 | Best fitness (Train): 2.33 | Best fitness in generation (Train): 2.41 | Mean fitness (Train): 3.00 | Mean fitness (Test): 2.30
 | Mean Accuracy (Test): 0.11
Generation 710 | Best fitness (Train): 2.33 | Best fitness in generation (Train): 2.42 | Mean fitness (Train): 2.88 | Mean fitness (Test): 2.30
 | Mean Accuracy (Test): 0.11
Generation 715 | Best fitness (Train): 2.33 | Best fitness in generation (Train): 2.41 | Mean fitness (Train): 3.06 | Mean fitness (Test): 2.30
 | Mean Accuracy (Test): 0.11
Generation 720 | Best fitness (Train): 2.33 | Best fitness in generation (Train): 2.39 | Mean fitness (Train): 2.83 | Mean fitness (Test): 2.30
 | Mean Accuracy (Test): 0.10
Generation 725 | Best fitness (Train): 2.33 | Best fitness in generation (Train): 2.40 | Mean fitness (Train): 3.06 | Mean fitness (Test): 2.30
 | Mean Accuracy (Test): 0.10
Generation 730 | Best fitness (Train): 2.33 | Best fitness in generation (Train): 2.45 | Mean fitness (Train): 2.93 | Mean fitness (Test): 2.30
 | Mean Accuracy (Test): 0.10
Generation 735 | Best fitness (Train): 2.33 | Best fitness in generation (Train): 2.42 | Mean fitness (Train): 2.83 | Mean fitness (Test): 2.30
 | Mean Accuracy (Test): 0.10
Generation 740 | Best fitness (Train): 2.33 | Best fitness in generation (Train): 2.37 | Mean fitness (Train): 3.16 | Mean fitness (Test): 2.30
 | Mean Accuracy (Test): 0.12
Generation 745 | Best fitness (Train): 2.33 | Best fitness in generation (Train): 2.44 | Mean fitness (Train): 2.91 | Mean fitness (Test): 2.30
 | Mean Accuracy (Test): 0.12
Generation 750 | Best fitness (Train): 2.33 | Best fitness in generation (Train): 2.42 | Mean fitness (Train): 3.02 | Mean fitness (Test): 2.31
 | Mean Accuracy (Test): 0.10
Generation 755 | Best fitness (Train): 2.33 | Best fitness in generation (Train): 2.35 | Mean fitness (Train): 2.90 | Mean fitness (Test): 2.30
 | Mean Accuracy (Test): 0.11
Generation 760 | Best fitness (Train): 2.33 | Best fitness in generation (Train): 2.39 | Mean fitness (Train): 3.26 | Mean fitness (Test): 2.31
 | Mean Accuracy (Test): 0.10
Generation 765 | Best fitness (Train): 2.33 | Best fitness in generation (Train): 2.37 | Mean fitness (Train): 2.77 | Mean fitness (Test): 2.31
 | Mean Accuracy (Test): 0.11
Generation 770 | Best fitness (Train): 2.33 | Best fitness in generation (Train): 2.43 | Mean fitness (Train): 2.74 | Mean fitness (Test): 2.30
 | Mean Accuracy (Test): 0.11
Generation 775 | Best fitness (Train): 2.33 | Best fitness in generation (Train): 2.40 | Mean fitness (Train): 2.94 | Mean fitness (Test): 2.31
 | Mean Accuracy (Test): 0.10
Generation 780 | Best fitness (Train): 2.33 | Best fitness in generation (Train): 2.40 | Mean fitness (Train): 2.96 | Mean fitness (Test): 2.30
 | Mean Accuracy (Test): 0.11
Generation 785 | Best fitness (Train): 2.33 | Best fitness in generation (Train): 2.46 | Mean fitness (Train): 2.80 | Mean fitness (Test): 2.30
 | Mean Accuracy (Test): 0.10
Generation 790 | Best fitness (Train): 2.33 | Best fitness in generation (Train): 2.40 | Mean fitness (Train): 2.91 | Mean fitness (Test): 2.31
 | Mean Accuracy (Test): 0.08
Generation 795 | Best fitness (Train): 2.33 | Best fitness in generation (Train): 2.39 | Mean fitness (Train): 3.12 | Mean fitness (Test): 2.30
 | Mean Accuracy (Test): 0.11
Generation 800 | Best fitness (Train): 2.33 | Best fitness in generation (Train): 2.44 | Mean fitness (Train): 3.12 | Mean fitness (Test): 2.30
 | Mean Accuracy (Test): 0.11
Generation 805 | Best fitness (Train): 2.33 | Best fitness in generation (Train): 2.39 | Mean fitness (Train): 2.84 | Mean fitness (Test): 2.30
 | Mean Accuracy (Test): 0.09
Generation 810 | Best fitness (Train): 2.33 | Best fitness in generation (Train): 2.41 | Mean fitness (Train): 3.14 | Mean fitness (Test): 2.30
 | Mean Accuracy (Test): 0.12
Generation 815 | Best fitness (Train): 2.33 | Best fitness in generation (Train): 2.41 | Mean fitness (Train): 2.84 | Mean fitness (Test): 2.30
 | Mean Accuracy (Test): 0.10
Generation 820 | Best fitness (Train): 2.33 | Best fitness in generation (Train): 2.39 | Mean fitness (Train): 2.81 | Mean fitness (Test): 2.30
 | Mean Accuracy (Test): 0.11
Generation 825 | Best fitness (Train): 2.33 | Best fitness in generation (Train): 2.41 | Mean fitness (Train): 2.74 | Mean fitness (Test): 2.30
 | Mean Accuracy (Test): 0.10
Generation 830 | Best fitness (Train): 2.33 | Best fitness in generation (Train): 2.37 | Mean fitness (Train): 2.78 | Mean fitness (Test): 2.31
 | Mean Accuracy (Test): 0.10
Generation 835 | Best fitness (Train): 2.33 | Best fitness in generation (Train): 2.45 | Mean fitness (Train): 2.84 | Mean fitness (Test): 2.30
 | Mean Accuracy (Test): 0.11
Generation 840 | Best fitness (Train): 2.33 | Best fitness in generation (Train): 2.41 | Mean fitness (Train): 2.84 | Mean fitness (Test): 2.30
 | Mean Accuracy (Test): 0.10
Generation 845 | Best fitness (Train): 2.33 | Best fitness in generation (Train): 2.43 | Mean fitness (Train): 3.45 | Mean fitness (Test): 2.31
 | Mean Accuracy (Test): 0.10
Generation 850 | Best fitness (Train): 2.33 | Best fitness in generation (Train): 2.46 | Mean fitness (Train): 2.80 | Mean fitness (Test): 2.31
 | Mean Accuracy (Test): 0.10
Generation 855 | Best fitness (Train): 2.33 | Best fitness in generation (Train): 2.36 | Mean fitness (Train): 2.77 | Mean fitness (Test): 2.31
 | Mean Accuracy (Test): 0.10
Generation 860 | Best fitness (Train): 2.33 | Best fitness in generation (Train): 2.43 | Mean fitness (Train): 2.80 | Mean fitness (Test): 2.30
 | Mean Accuracy (Test): 0.11
Generation 865 | Best fitness (Train): 2.33 | Best fitness in generation (Train): 2.38 | Mean fitness (Train): 3.27 | Mean fitness (Test): 2.30
 | Mean Accuracy (Test): 0.10
Generation 870 | Best fitness (Train): 2.33 | Best fitness in generation (Train): 2.45 | Mean fitness (Train): 2.83 | Mean fitness (Test): 2.30
 | Mean Accuracy (Test): 0.10
Generation 875 | Best fitness (Train): 2.33 | Best fitness in generation (Train): 2.39 | Mean fitness (Train): 2.81 | Mean fitness (Test): 2.30
 | Mean Accuracy (Test): 0.10
Generation 880 | Best fitness (Train): 2.33 | Best fitness in generation (Train): 2.37 | Mean fitness (Train): 2.83 | Mean fitness (Test): 2.31
 | Mean Accuracy (Test): 0.09
Generation 885 | Best fitness (Train): 2.33 | Best fitness in generation (Train): 2.42 | Mean fitness (Train): 2.83 | Mean fitness (Test): 2.31
 | Mean Accuracy (Test): 0.10
Generation 890 | Best fitness (Train): 2.33 | Best fitness in generation (Train): 2.33 | Mean fitness (Train): 2.89 | Mean fitness (Test): 2.31
 | Mean Accuracy (Test): 0.07
Generation 895 | Best fitness (Train): 2.33 | Best fitness in generation (Train): 2.40 | Mean fitness (Train): 2.90 | Mean fitness (Test): 2.30
 | Mean Accuracy (Test): 0.11
Generation 900 | Best fitness (Train): 2.33 | Best fitness in generation (Train): 2.40 | Mean fitness (Train): 2.84 | Mean fitness (Test): 2.30
 | Mean Accuracy (Test): 0.09
Generation 905 | Best fitness (Train): 2.33 | Best fitness in generation (Train): 2.34 | Mean fitness (Train): 2.73 | Mean fitness (Test): 2.31
 | Mean Accuracy (Test): 0.10
Generation 910 | Best fitness (Train): 2.33 | Best fitness in generation (Train): 2.40 | Mean fitness (Train): 2.85 | Mean fitness (Test): 2.30
 | Mean Accuracy (Test): 0.09
Generation 915 | Best fitness (Train): 2.33 | Best fitness in generation (Train): 2.39 | Mean fitness (Train): 2.81 | Mean fitness (Test): 2.30
 | Mean Accuracy (Test): 0.11
Generation 920 | Best fitness (Train): 2.33 | Best fitness in generation (Train): 2.38 | Mean fitness (Train): 2.76 | Mean fitness (Test): 2.30
 | Mean Accuracy (Test): 0.11
Generation 925 | Best fitness (Train): 2.33 | Best fitness in generation (Train): 2.40 | Mean fitness (Train): 2.82 | Mean fitness (Test): 2.30
 | Mean Accuracy (Test): 0.11
Generation 930 | Best fitness (Train): 2.29 | Best fitness in generation (Train): 2.38 | Mean fitness (Train): 2.73 | Mean fitness (Test): 2.31
 | Mean Accuracy (Test): 0.08
Generation 935 | Best fitness (Train): 2.29 | Best fitness in generation (Train): 2.36 | Mean fitness (Train): 2.87 | Mean fitness (Test): 2.30
 | Mean Accuracy (Test): 0.11
Generation 940 | Best fitness (Train): 2.29 | Best fitness in generation (Train): 2.41 | Mean fitness (Train): 2.76 | Mean fitness (Test): 2.30
 | Mean Accuracy (Test): 0.10
Generation 945 | Best fitness (Train): 2.29 | Best fitness in generation (Train): 2.34 | Mean fitness (Train): 2.76 | Mean fitness (Test): 2.30
 | Mean Accuracy (Test): 0.11
Generation 950 | Best fitness (Train): 2.29 | Best fitness in generation (Train): 2.43 | Mean fitness (Train): 2.84 | Mean fitness (Test): 2.30
 | Mean Accuracy (Test): 0.09
Generation 955 | Best fitness (Train): 2.29 | Best fitness in generation (Train): 2.39 | Mean fitness (Train): 2.76 | Mean fitness (Test): 2.30
 | Mean Accuracy (Test): 0.11
Generation 960 | Best fitness (Train): 2.29 | Best fitness in generation (Train): 2.42 | Mean fitness (Train): 2.81 | Mean fitness (Test): 2.30
 | Mean Accuracy (Test): 0.10
Generation 965 | Best fitness (Train): 2.29 | Best fitness in generation (Train): 2.40 | Mean fitness (Train): 2.90 | Mean fitness (Test): 2.30
 | Mean Accuracy (Test): 0.10
Generation 970 | Best fitness (Train): 2.29 | Best fitness in generation (Train): 2.40 | Mean fitness (Train): 2.78 | Mean fitness (Test): 2.31
 | Mean Accuracy (Test): 0.08
Generation 975 | Best fitness (Train): 2.29 | Best fitness in generation (Train): 2.45 | Mean fitness (Train): 2.80 | Mean fitness (Test): 2.30
 | Mean Accuracy (Test): 0.11
Generation 980 | Best fitness (Train): 2.29 | Best fitness in generation (Train): 2.34 | Mean fitness (Train): 2.93 | Mean fitness (Test): 2.30
 | Mean Accuracy (Test): 0.09
Generation 985 | Best fitness (Train): 2.29 | Best fitness in generation (Train): 2.41 | Mean fitness (Train): 2.80 | Mean fitness (Test): 2.31
 | Mean Accuracy (Test): 0.09
Generation 990 | Best fitness (Train): 2.29 | Best fitness in generation (Train): 2.37 | Mean fitness (Train): 2.83 | Mean fitness (Test): 2.31
 | Mean Accuracy (Test): 0.08
Generation 995 | Best fitness (Train): 2.29 | Best fitness in generation (Train): 2.40 | Mean fitness (Train): 3.57 | Mean fitness (Test): 2.30
 | Mean Accuracy (Test): 0.10
Generation 1000 | Best fitness (Train): 2.29 | Best fitness in generation (Train): 2.46 | Mean fitness (Train): 2.83 | Mean fitness (Test): 2.30
 | Mean Accuracy (Test): 0.10
running the experiment ... [../../results/TorchVisionProblem/FashionMNIST/Open_ES/2]
Generation 005 | Best fitness (Train): 331.54 | Best fitness in generation (Train): 331.54 | Mean fitness (Train): 649.35 | Mean fitness (Test): 10.74
 | Mean Accuracy (Test): 0.09
Generation 010 | Best fitness (Train): 292.57 | Best fitness in generation (Train): 292.57 | Mean fitness (Train): 581.62 | Mean fitness (Test): 19.43
 | Mean Accuracy (Test): 0.11
Generation 015 | Best fitness (Train): 248.28 | Best fitness in generation (Train): 285.37 | Mean fitness (Train): 503.96 | Mean fitness (Test): 34.57
 | Mean Accuracy (Test): 0.10
Generation 020 | Best fitness (Train): 248.28 | Best fitness in generation (Train): 277.77 | Mean fitness (Train): 462.96 | Mean fitness (Test): 45.69
 | Mean Accuracy (Test): 0.11
Generation 025 | Best fitness (Train): 216.57 | Best fitness in generation (Train): 243.46 | Mean fitness (Train): 439.04 | Mean fitness (Test): 47.35
 | Mean Accuracy (Test): 0.12
Generation 030 | Best fitness (Train): 216.57 | Best fitness in generation (Train): 218.74 | Mean fitness (Train): 417.63 | Mean fitness (Test): 43.37
 | Mean Accuracy (Test): 0.15
Generation 035 | Best fitness (Train): 216.57 | Best fitness in generation (Train): 225.67 | Mean fitness (Train): 390.11 | Mean fitness (Test): 36.76
 | Mean Accuracy (Test): 0.14
Generation 040 | Best fitness (Train): 174.35 | Best fitness in generation (Train): 187.77 | Mean fitness (Train): 374.66 | Mean fitness (Test): 33.17
 | Mean Accuracy (Test): 0.20
Generation 045 | Best fitness (Train): 174.35 | Best fitness in generation (Train): 204.89 | Mean fitness (Train): 360.17 | Mean fitness (Test): 30.21
 | Mean Accuracy (Test): 0.21
Generation 050 | Best fitness (Train): 153.73 | Best fitness in generation (Train): 202.63 | Mean fitness (Train): 350.50 | Mean fitness (Test): 26.58
 | Mean Accuracy (Test): 0.25
Generation 055 | Best fitness (Train): 130.24 | Best fitness in generation (Train): 167.17 | Mean fitness (Train): 296.87 | Mean fitness (Test): 25.27
 | Mean Accuracy (Test): 0.28
Generation 060 | Best fitness (Train): 130.24 | Best fitness in generation (Train): 170.09 | Mean fitness (Train): 298.52 | Mean fitness (Test): 25.76
 | Mean Accuracy (Test): 0.34
Generation 065 | Best fitness (Train): 130.24 | Best fitness in generation (Train): 150.62 | Mean fitness (Train): 292.97 | Mean fitness (Test): 22.94
 | Mean Accuracy (Test): 0.39
Generation 070 | Best fitness (Train): 127.42 | Best fitness in generation (Train): 135.03 | Mean fitness (Train): 278.85 | Mean fitness (Test): 20.20
 | Mean Accuracy (Test): 0.44
Generation 075 | Best fitness (Train): 127.42 | Best fitness in generation (Train): 141.17 | Mean fitness (Train): 244.01 | Mean fitness (Test): 22.07
 | Mean Accuracy (Test): 0.42
Generation 080 | Best fitness (Train): 96.18 | Best fitness in generation (Train): 96.18 | Mean fitness (Train): 241.25 | Mean fitness (Test): 22.51
 | Mean Accuracy (Test): 0.42
Generation 085 | Best fitness (Train): 93.41 | Best fitness in generation (Train): 127.30 | Mean fitness (Train): 232.44 | Mean fitness (Test): 21.78
 | Mean Accuracy (Test): 0.42
Generation 090 | Best fitness (Train): 82.88 | Best fitness in generation (Train): 113.70 | Mean fitness (Train): 220.97 | Mean fitness (Test): 23.49
 | Mean Accuracy (Test): 0.44
Generation 095 | Best fitness (Train): 82.88 | Best fitness in generation (Train): 106.03 | Mean fitness (Train): 212.05 | Mean fitness (Test): 23.05
 | Mean Accuracy (Test): 0.47
Generation 100 | Best fitness (Train): 82.88 | Best fitness in generation (Train): 94.97 | Mean fitness (Train): 205.61 | Mean fitness (Test): 20.05
 | Mean Accuracy (Test): 0.48
Generation 105 | Best fitness (Train): 73.16 | Best fitness in generation (Train): 78.82 | Mean fitness (Train): 191.94 | Mean fitness (Test): 19.02
 | Mean Accuracy (Test): 0.48
Generation 110 | Best fitness (Train): 73.16 | Best fitness in generation (Train): 82.87 | Mean fitness (Train): 184.88 | Mean fitness (Test): 16.58
 | Mean Accuracy (Test): 0.48
Generation 115 | Best fitness (Train): 73.16 | Best fitness in generation (Train): 80.41 | Mean fitness (Train): 179.79 | Mean fitness (Test): 17.27
 | Mean Accuracy (Test): 0.47
Generation 120 | Best fitness (Train): 73.16 | Best fitness in generation (Train): 76.47 | Mean fitness (Train): 168.22 | Mean fitness (Test): 16.38
 | Mean Accuracy (Test): 0.48
Generation 125 | Best fitness (Train): 69.89 | Best fitness in generation (Train): 72.07 | Mean fitness (Train): 165.37 | Mean fitness (Test): 16.46
 | Mean Accuracy (Test): 0.44
Generation 130 | Best fitness (Train): 63.77 | Best fitness in generation (Train): 85.64 | Mean fitness (Train): 155.79 | Mean fitness (Test): 14.82
 | Mean Accuracy (Test): 0.42
Generation 135 | Best fitness (Train): 63.77 | Best fitness in generation (Train): 74.20 | Mean fitness (Train): 155.37 | Mean fitness (Test): 15.72
 | Mean Accuracy (Test): 0.43
Generation 140 | Best fitness (Train): 63.17 | Best fitness in generation (Train): 63.17 | Mean fitness (Train): 136.60 | Mean fitness (Test): 15.14
 | Mean Accuracy (Test): 0.41
Generation 145 | Best fitness (Train): 61.92 | Best fitness in generation (Train): 61.92 | Mean fitness (Train): 142.27 | Mean fitness (Test): 12.13
 | Mean Accuracy (Test): 0.45
Generation 150 | Best fitness (Train): 56.13 | Best fitness in generation (Train): 59.67 | Mean fitness (Train): 129.48 | Mean fitness (Test): 12.66
 | Mean Accuracy (Test): 0.46
Generation 155 | Best fitness (Train): 50.35 | Best fitness in generation (Train): 58.75 | Mean fitness (Train): 123.28 | Mean fitness (Test): 12.67
 | Mean Accuracy (Test): 0.45
Generation 160 | Best fitness (Train): 46.71 | Best fitness in generation (Train): 51.86 | Mean fitness (Train): 125.16 | Mean fitness (Test): 11.07
 | Mean Accuracy (Test): 0.45
Generation 165 | Best fitness (Train): 46.71 | Best fitness in generation (Train): 54.73 | Mean fitness (Train): 113.85 | Mean fitness (Test): 11.04
 | Mean Accuracy (Test): 0.44
Generation 170 | Best fitness (Train): 37.56 | Best fitness in generation (Train): 48.85 | Mean fitness (Train): 111.43 | Mean fitness (Test): 11.34
 | Mean Accuracy (Test): 0.43
Generation 175 | Best fitness (Train): 37.56 | Best fitness in generation (Train): 54.63 | Mean fitness (Train): 112.44 | Mean fitness (Test): 9.57
 | Mean Accuracy (Test): 0.44
Generation 180 | Best fitness (Train): 37.56 | Best fitness in generation (Train): 44.51 | Mean fitness (Train): 109.04 | Mean fitness (Test): 9.47
 | Mean Accuracy (Test): 0.44
Generation 185 | Best fitness (Train): 37.56 | Best fitness in generation (Train): 43.04 | Mean fitness (Train): 112.05 | Mean fitness (Test): 8.44
 | Mean Accuracy (Test): 0.45
Generation 190 | Best fitness (Train): 37.56 | Best fitness in generation (Train): 45.14 | Mean fitness (Train): 97.30 | Mean fitness (Test): 8.65
 | Mean Accuracy (Test): 0.43
Generation 195 | Best fitness (Train): 37.56 | Best fitness in generation (Train): 39.99 | Mean fitness (Train): 103.80 | Mean fitness (Test): 7.81
 | Mean Accuracy (Test): 0.42
Generation 200 | Best fitness (Train): 33.63 | Best fitness in generation (Train): 33.63 | Mean fitness (Train): 87.86 | Mean fitness (Test): 7.79
 | Mean Accuracy (Test): 0.41
Generation 205 | Best fitness (Train): 33.63 | Best fitness in generation (Train): 39.97 | Mean fitness (Train): 90.15 | Mean fitness (Test): 7.19
 | Mean Accuracy (Test): 0.41
Generation 210 | Best fitness (Train): 31.38 | Best fitness in generation (Train): 39.78 | Mean fitness (Train): 83.39 | Mean fitness (Test): 6.61
 | Mean Accuracy (Test): 0.37
Generation 215 | Best fitness (Train): 31.10 | Best fitness in generation (Train): 31.10 | Mean fitness (Train): 88.36 | Mean fitness (Test): 5.63
 | Mean Accuracy (Test): 0.39
Generation 220 | Best fitness (Train): 29.51 | Best fitness in generation (Train): 34.89 | Mean fitness (Train): 85.23 | Mean fitness (Test): 4.81
 | Mean Accuracy (Test): 0.41
Generation 225 | Best fitness (Train): 28.78 | Best fitness in generation (Train): 33.20 | Mean fitness (Train): 75.79 | Mean fitness (Test): 4.71
 | Mean Accuracy (Test): 0.41
Generation 230 | Best fitness (Train): 28.78 | Best fitness in generation (Train): 30.98 | Mean fitness (Train): 73.76 | Mean fitness (Test): 4.72
 | Mean Accuracy (Test): 0.44
Generation 235 | Best fitness (Train): 26.12 | Best fitness in generation (Train): 30.46 | Mean fitness (Train): 73.54 | Mean fitness (Test): 4.46
 | Mean Accuracy (Test): 0.44
Generation 240 | Best fitness (Train): 20.12 | Best fitness in generation (Train): 23.32 | Mean fitness (Train): 64.11 | Mean fitness (Test): 3.83
 | Mean Accuracy (Test): 0.41
Generation 245 | Best fitness (Train): 20.12 | Best fitness in generation (Train): 27.80 | Mean fitness (Train): 65.27 | Mean fitness (Test): 3.35
 | Mean Accuracy (Test): 0.41
Generation 250 | Best fitness (Train): 18.91 | Best fitness in generation (Train): 19.27 | Mean fitness (Train): 65.56 | Mean fitness (Test): 2.72
 | Mean Accuracy (Test): 0.42
Generation 255 | Best fitness (Train): 18.91 | Best fitness in generation (Train): 27.41 | Mean fitness (Train): 66.86 | Mean fitness (Test): 2.15
 | Mean Accuracy (Test): 0.41
Generation 260 | Best fitness (Train): 14.01 | Best fitness in generation (Train): 14.01 | Mean fitness (Train): 62.49 | Mean fitness (Test): 1.96
 | Mean Accuracy (Test): 0.40
Generation 265 | Best fitness (Train): 14.01 | Best fitness in generation (Train): 20.98 | Mean fitness (Train): 55.15 | Mean fitness (Test): 2.05
 | Mean Accuracy (Test): 0.38
Generation 270 | Best fitness (Train): 14.01 | Best fitness in generation (Train): 20.23 | Mean fitness (Train): 59.12 | Mean fitness (Test): 2.01
 | Mean Accuracy (Test): 0.36
Generation 275 | Best fitness (Train): 13.30 | Best fitness in generation (Train): 19.09 | Mean fitness (Train): 55.15 | Mean fitness (Test): 2.49
 | Mean Accuracy (Test): 0.10
Generation 280 | Best fitness (Train): 12.70 | Best fitness in generation (Train): 12.94 | Mean fitness (Train): 50.81 | Mean fitness (Test): 2.49
 | Mean Accuracy (Test): 0.10
Generation 285 | Best fitness (Train): 12.70 | Best fitness in generation (Train): 21.24 | Mean fitness (Train): 58.43 | Mean fitness (Test): 2.46
 | Mean Accuracy (Test): 0.11
Generation 290 | Best fitness (Train): 11.80 | Best fitness in generation (Train): 18.40 | Mean fitness (Train): 46.04 | Mean fitness (Test): 2.52
 | Mean Accuracy (Test): 0.10
Generation 295 | Best fitness (Train): 10.62 | Best fitness in generation (Train): 17.50 | Mean fitness (Train): 46.74 | Mean fitness (Test): 2.48
 | Mean Accuracy (Test): 0.10
Generation 300 | Best fitness (Train): 10.62 | Best fitness in generation (Train): 11.52 | Mean fitness (Train): 47.03 | Mean fitness (Test): 2.50
 | Mean Accuracy (Test): 0.11
Generation 305 | Best fitness (Train): 10.62 | Best fitness in generation (Train): 10.62 | Mean fitness (Train): 41.50 | Mean fitness (Test): 2.50
 | Mean Accuracy (Test): 0.08
Generation 310 | Best fitness (Train): 10.62 | Best fitness in generation (Train): 12.69 | Mean fitness (Train): 40.87 | Mean fitness (Test): 2.48
 | Mean Accuracy (Test): 0.11
Generation 315 | Best fitness (Train): 10.42 | Best fitness in generation (Train): 12.89 | Mean fitness (Train): 44.01 | Mean fitness (Test): 2.47
 | Mean Accuracy (Test): 0.09
Generation 320 | Best fitness (Train): 8.26 | Best fitness in generation (Train): 11.98 | Mean fitness (Train): 38.87 | Mean fitness (Test): 2.51
 | Mean Accuracy (Test): 0.10
Generation 325 | Best fitness (Train): 6.99 | Best fitness in generation (Train): 10.21 | Mean fitness (Train): 35.99 | Mean fitness (Test): 2.53
 | Mean Accuracy (Test): 0.10
Generation 330 | Best fitness (Train): 6.94 | Best fitness in generation (Train): 7.94 | Mean fitness (Train): 37.13 | Mean fitness (Test): 2.54
 | Mean Accuracy (Test): 0.10
Generation 335 | Best fitness (Train): 6.94 | Best fitness in generation (Train): 8.21 | Mean fitness (Train): 35.55 | Mean fitness (Test): 2.52
 | Mean Accuracy (Test): 0.12
Generation 340 | Best fitness (Train): 4.33 | Best fitness in generation (Train): 9.46 | Mean fitness (Train): 30.93 | Mean fitness (Test): 2.55
 | Mean Accuracy (Test): 0.09
Generation 345 | Best fitness (Train): 4.33 | Best fitness in generation (Train): 6.20 | Mean fitness (Train): 32.12 | Mean fitness (Test): 2.53
 | Mean Accuracy (Test): 0.10
Generation 350 | Best fitness (Train): 4.33 | Best fitness in generation (Train): 7.01 | Mean fitness (Train): 31.57 | Mean fitness (Test): 2.53
 | Mean Accuracy (Test): 0.10
Generation 355 | Best fitness (Train): 4.33 | Best fitness in generation (Train): 6.43 | Mean fitness (Train): 28.66 | Mean fitness (Test): 2.57
 | Mean Accuracy (Test): 0.11
Generation 360 | Best fitness (Train): 4.33 | Best fitness in generation (Train): 6.43 | Mean fitness (Train): 31.60 | Mean fitness (Test): 2.54
 | Mean Accuracy (Test): 0.11
Generation 365 | Best fitness (Train): 4.33 | Best fitness in generation (Train): 5.40 | Mean fitness (Train): 20.85 | Mean fitness (Test): 2.56
 | Mean Accuracy (Test): 0.09
Generation 370 | Best fitness (Train): 4.32 | Best fitness in generation (Train): 4.32 | Mean fitness (Train): 23.33 | Mean fitness (Test): 2.51
 | Mean Accuracy (Test): 0.12
Generation 375 | Best fitness (Train): 4.32 | Best fitness in generation (Train): 5.27 | Mean fitness (Train): 22.00 | Mean fitness (Test): 2.54
 | Mean Accuracy (Test): 0.10
Generation 380 | Best fitness (Train): 4.30 | Best fitness in generation (Train): 5.61 | Mean fitness (Train): 22.96 | Mean fitness (Test): 2.55
 | Mean Accuracy (Test): 0.10
Generation 385 | Best fitness (Train): 4.29 | Best fitness in generation (Train): 4.71 | Mean fitness (Train): 16.96 | Mean fitness (Test): 2.58
 | Mean Accuracy (Test): 0.09
Generation 390 | Best fitness (Train): 3.53 | Best fitness in generation (Train): 3.92 | Mean fitness (Train): 18.03 | Mean fitness (Test): 2.52
 | Mean Accuracy (Test): 0.10
Generation 395 | Best fitness (Train): 3.53 | Best fitness in generation (Train): 4.18 | Mean fitness (Train): 17.48 | Mean fitness (Test): 2.53
 | Mean Accuracy (Test): 0.10
Generation 400 | Best fitness (Train): 3.53 | Best fitness in generation (Train): 3.73 | Mean fitness (Train): 17.07 | Mean fitness (Test): 2.49
 | Mean Accuracy (Test): 0.09
Generation 405 | Best fitness (Train): 3.15 | Best fitness in generation (Train): 3.15 | Mean fitness (Train): 16.11 | Mean fitness (Test): 2.52
 | Mean Accuracy (Test): 0.11
Generation 410 | Best fitness (Train): 3.15 | Best fitness in generation (Train): 3.82 | Mean fitness (Train): 13.42 | Mean fitness (Test): 2.54
 | Mean Accuracy (Test): 0.09
Generation 415 | Best fitness (Train): 3.15 | Best fitness in generation (Train): 3.42 | Mean fitness (Train): 12.62 | Mean fitness (Test): 2.57
 | Mean Accuracy (Test): 0.09
Generation 420 | Best fitness (Train): 3.08 | Best fitness in generation (Train): 3.08 | Mean fitness (Train): 12.40 | Mean fitness (Test): 2.53
 | Mean Accuracy (Test): 0.11
Generation 425 | Best fitness (Train): 2.66 | Best fitness in generation (Train): 2.86 | Mean fitness (Train): 12.27 | Mean fitness (Test): 2.56
 | Mean Accuracy (Test): 0.09
Generation 430 | Best fitness (Train): 2.66 | Best fitness in generation (Train): 3.06 | Mean fitness (Train): 10.88 | Mean fitness (Test): 2.53
 | Mean Accuracy (Test): 0.08
Generation 435 | Best fitness (Train): 2.66 | Best fitness in generation (Train): 3.30 | Mean fitness (Train): 10.91 | Mean fitness (Test): 2.52
 | Mean Accuracy (Test): 0.11
Generation 440 | Best fitness (Train): 2.66 | Best fitness in generation (Train): 2.91 | Mean fitness (Train): 13.29 | Mean fitness (Test): 2.51
 | Mean Accuracy (Test): 0.11
Generation 445 | Best fitness (Train): 2.66 | Best fitness in generation (Train): 3.03 | Mean fitness (Train): 10.00 | Mean fitness (Test): 2.50
 | Mean Accuracy (Test): 0.09
Generation 450 | Best fitness (Train): 2.66 | Best fitness in generation (Train): 3.09 | Mean fitness (Train): 10.30 | Mean fitness (Test): 2.52
 | Mean Accuracy (Test): 0.09
Generation 455 | Best fitness (Train): 2.66 | Best fitness in generation (Train): 2.84 | Mean fitness (Train): 8.64 | Mean fitness (Test): 2.49
 | Mean Accuracy (Test): 0.09
Generation 460 | Best fitness (Train): 2.66 | Best fitness in generation (Train): 2.68 | Mean fitness (Train): 8.06 | Mean fitness (Test): 2.47
 | Mean Accuracy (Test): 0.12
Generation 465 | Best fitness (Train): 2.48 | Best fitness in generation (Train): 2.87 | Mean fitness (Train): 7.90 | Mean fitness (Test): 2.46
 | Mean Accuracy (Test): 0.10
Generation 470 | Best fitness (Train): 2.48 | Best fitness in generation (Train): 2.70 | Mean fitness (Train): 8.08 | Mean fitness (Test): 2.46
 | Mean Accuracy (Test): 0.10
Generation 475 | Best fitness (Train): 2.48 | Best fitness in generation (Train): 2.79 | Mean fitness (Train): 6.95 | Mean fitness (Test): 2.43
 | Mean Accuracy (Test): 0.09
Generation 480 | Best fitness (Train): 2.48 | Best fitness in generation (Train): 2.52 | Mean fitness (Train): 6.74 | Mean fitness (Test): 2.39
 | Mean Accuracy (Test): 0.11
Generation 485 | Best fitness (Train): 2.48 | Best fitness in generation (Train): 2.58 | Mean fitness (Train): 6.35 | Mean fitness (Test): 2.38
 | Mean Accuracy (Test): 0.12
Generation 490 | Best fitness (Train): 2.48 | Best fitness in generation (Train): 2.54 | Mean fitness (Train): 6.42 | Mean fitness (Test): 2.37
 | Mean Accuracy (Test): 0.10
Generation 495 | Best fitness (Train): 2.48 | Best fitness in generation (Train): 2.59 | Mean fitness (Train): 6.50 | Mean fitness (Test): 2.37
 | Mean Accuracy (Test): 0.09
Generation 500 | Best fitness (Train): 2.20 | Best fitness in generation (Train): 2.49 | Mean fitness (Train): 5.52 | Mean fitness (Test): 2.36
 | Mean Accuracy (Test): 0.09
Generation 505 | Best fitness (Train): 2.20 | Best fitness in generation (Train): 2.52 | Mean fitness (Train): 4.89 | Mean fitness (Test): 2.33
 | Mean Accuracy (Test): 0.09
Generation 510 | Best fitness (Train): 2.20 | Best fitness in generation (Train): 2.59 | Mean fitness (Train): 4.97 | Mean fitness (Test): 2.31
 | Mean Accuracy (Test): 0.09
Generation 515 | Best fitness (Train): 2.20 | Best fitness in generation (Train): 2.56 | Mean fitness (Train): 4.72 | Mean fitness (Test): 2.31
 | Mean Accuracy (Test): 0.10
Generation 520 | Best fitness (Train): 2.20 | Best fitness in generation (Train): 2.52 | Mean fitness (Train): 4.97 | Mean fitness (Test): 2.31
 | Mean Accuracy (Test): 0.09
Generation 525 | Best fitness (Train): 2.20 | Best fitness in generation (Train): 2.50 | Mean fitness (Train): 5.41 | Mean fitness (Test): 2.31
 | Mean Accuracy (Test): 0.10
Generation 530 | Best fitness (Train): 2.20 | Best fitness in generation (Train): 2.51 | Mean fitness (Train): 4.53 | Mean fitness (Test): 2.31
 | Mean Accuracy (Test): 0.09
Generation 535 | Best fitness (Train): 2.20 | Best fitness in generation (Train): 2.49 | Mean fitness (Train): 4.34 | Mean fitness (Test): 2.30
 | Mean Accuracy (Test): 0.09
Generation 540 | Best fitness (Train): 2.20 | Best fitness in generation (Train): 2.49 | Mean fitness (Train): 4.22 | Mean fitness (Test): 2.30
 | Mean Accuracy (Test): 0.10
Generation 545 | Best fitness (Train): 2.20 | Best fitness in generation (Train): 2.54 | Mean fitness (Train): 4.62 | Mean fitness (Test): 2.31
 | Mean Accuracy (Test): 0.09
Generation 550 | Best fitness (Train): 2.20 | Best fitness in generation (Train): 2.41 | Mean fitness (Train): 3.98 | Mean fitness (Test): 2.31
 | Mean Accuracy (Test): 0.10
Generation 555 | Best fitness (Train): 2.20 | Best fitness in generation (Train): 2.28 | Mean fitness (Train): 3.89 | Mean fitness (Test): 2.32
 | Mean Accuracy (Test): 0.09
Generation 560 | Best fitness (Train): 2.20 | Best fitness in generation (Train): 2.39 | Mean fitness (Train): 3.85 | Mean fitness (Test): 2.31
 | Mean Accuracy (Test): 0.08
Generation 565 | Best fitness (Train): 2.20 | Best fitness in generation (Train): 2.46 | Mean fitness (Train): 3.90 | Mean fitness (Test): 2.31
 | Mean Accuracy (Test): 0.09
Generation 570 | Best fitness (Train): 2.20 | Best fitness in generation (Train): 2.46 | Mean fitness (Train): 4.19 | Mean fitness (Test): 2.30
 | Mean Accuracy (Test): 0.12
Generation 575 | Best fitness (Train): 2.20 | Best fitness in generation (Train): 2.45 | Mean fitness (Train): 3.75 | Mean fitness (Test): 2.31
 | Mean Accuracy (Test): 0.11
Generation 580 | Best fitness (Train): 2.20 | Best fitness in generation (Train): 2.47 | Mean fitness (Train): 3.52 | Mean fitness (Test): 2.31
 | Mean Accuracy (Test): 0.09
Generation 585 | Best fitness (Train): 2.20 | Best fitness in generation (Train): 2.48 | Mean fitness (Train): 3.82 | Mean fitness (Test): 2.30
 | Mean Accuracy (Test): 0.10
Generation 590 | Best fitness (Train): 2.20 | Best fitness in generation (Train): 2.46 | Mean fitness (Train): 3.55 | Mean fitness (Test): 2.31
 | Mean Accuracy (Test): 0.09
Generation 595 | Best fitness (Train): 2.20 | Best fitness in generation (Train): 2.45 | Mean fitness (Train): 4.15 | Mean fitness (Test): 2.30
 | Mean Accuracy (Test): 0.09
Generation 600 | Best fitness (Train): 2.20 | Best fitness in generation (Train): 2.49 | Mean fitness (Train): 3.62 | Mean fitness (Test): 2.30
 | Mean Accuracy (Test): 0.09
Generation 605 | Best fitness (Train): 2.20 | Best fitness in generation (Train): 2.45 | Mean fitness (Train): 3.39 | Mean fitness (Test): 2.30
 | Mean Accuracy (Test): 0.09
Generation 610 | Best fitness (Train): 2.20 | Best fitness in generation (Train): 2.36 | Mean fitness (Train): 3.36 | Mean fitness (Test): 2.31
 | Mean Accuracy (Test): 0.11
Generation 615 | Best fitness (Train): 2.20 | Best fitness in generation (Train): 2.35 | Mean fitness (Train): 3.10 | Mean fitness (Test): 2.31
 | Mean Accuracy (Test): 0.09
Generation 620 | Best fitness (Train): 2.20 | Best fitness in generation (Train): 2.40 | Mean fitness (Train): 3.07 | Mean fitness (Test): 2.30
 | Mean Accuracy (Test): 0.09
Generation 625 | Best fitness (Train): 2.20 | Best fitness in generation (Train): 2.41 | Mean fitness (Train): 3.03 | Mean fitness (Test): 2.31
 | Mean Accuracy (Test): 0.10
Generation 630 | Best fitness (Train): 2.20 | Best fitness in generation (Train): 2.46 | Mean fitness (Train): 3.18 | Mean fitness (Test): 2.30
 | Mean Accuracy (Test): 0.09
Generation 635 | Best fitness (Train): 2.20 | Best fitness in generation (Train): 2.47 | Mean fitness (Train): 2.98 | Mean fitness (Test): 2.30
 | Mean Accuracy (Test): 0.09
Generation 640 | Best fitness (Train): 2.20 | Best fitness in generation (Train): 2.45 | Mean fitness (Train): 3.12 | Mean fitness (Test): 2.31
 | Mean Accuracy (Test): 0.09
Generation 645 | Best fitness (Train): 2.20 | Best fitness in generation (Train): 2.47 | Mean fitness (Train): 3.21 | Mean fitness (Test): 2.30
 | Mean Accuracy (Test): 0.11
Generation 650 | Best fitness (Train): 2.20 | Best fitness in generation (Train): 2.37 | Mean fitness (Train): 2.89 | Mean fitness (Test): 2.31
 | Mean Accuracy (Test): 0.09
Generation 655 | Best fitness (Train): 2.20 | Best fitness in generation (Train): 2.38 | Mean fitness (Train): 3.34 | Mean fitness (Test): 2.31
 | Mean Accuracy (Test): 0.09
Generation 660 | Best fitness (Train): 2.20 | Best fitness in generation (Train): 2.41 | Mean fitness (Train): 3.21 | Mean fitness (Test): 2.31
 | Mean Accuracy (Test): 0.10
Generation 665 | Best fitness (Train): 2.20 | Best fitness in generation (Train): 2.43 | Mean fitness (Train): 2.96 | Mean fitness (Test): 2.30
 | Mean Accuracy (Test): 0.10
Generation 670 | Best fitness (Train): 2.20 | Best fitness in generation (Train): 2.45 | Mean fitness (Train): 3.07 | Mean fitness (Test): 2.31
 | Mean Accuracy (Test): 0.11
Generation 675 | Best fitness (Train): 2.20 | Best fitness in generation (Train): 2.45 | Mean fitness (Train): 2.98 | Mean fitness (Test): 2.31
 | Mean Accuracy (Test): 0.09
Generation 680 | Best fitness (Train): 2.20 | Best fitness in generation (Train): 2.40 | Mean fitness (Train): 3.11 | Mean fitness (Test): 2.31
 | Mean Accuracy (Test): 0.10
Generation 685 | Best fitness (Train): 2.20 | Best fitness in generation (Train): 2.46 | Mean fitness (Train): 3.21 | Mean fitness (Test): 2.30
 | Mean Accuracy (Test): 0.11
Generation 690 | Best fitness (Train): 2.20 | Best fitness in generation (Train): 2.44 | Mean fitness (Train): 3.02 | Mean fitness (Test): 2.31
 | Mean Accuracy (Test): 0.10
Generation 695 | Best fitness (Train): 2.20 | Best fitness in generation (Train): 2.43 | Mean fitness (Train): 3.01 | Mean fitness (Test): 2.31
 | Mean Accuracy (Test): 0.10
Generation 700 | Best fitness (Train): 2.20 | Best fitness in generation (Train): 2.43 | Mean fitness (Train): 3.16 | Mean fitness (Test): 2.30
 | Mean Accuracy (Test): 0.10
Generation 705 | Best fitness (Train): 2.20 | Best fitness in generation (Train): 2.39 | Mean fitness (Train): 2.99 | Mean fitness (Test): 2.31
 | Mean Accuracy (Test): 0.10
Generation 710 | Best fitness (Train): 2.20 | Best fitness in generation (Train): 2.37 | Mean fitness (Train): 2.88 | Mean fitness (Test): 2.31
 | Mean Accuracy (Test): 0.09
Generation 715 | Best fitness (Train): 2.20 | Best fitness in generation (Train): 2.40 | Mean fitness (Train): 3.42 | Mean fitness (Test): 2.30
 | Mean Accuracy (Test): 0.12
Generation 720 | Best fitness (Train): 2.20 | Best fitness in generation (Train): 2.36 | Mean fitness (Train): 2.87 | Mean fitness (Test): 2.30
 | Mean Accuracy (Test): 0.10
Generation 725 | Best fitness (Train): 2.20 | Best fitness in generation (Train): 2.38 | Mean fitness (Train): 3.23 | Mean fitness (Test): 2.30
 | Mean Accuracy (Test): 0.10
Generation 730 | Best fitness (Train): 2.20 | Best fitness in generation (Train): 2.40 | Mean fitness (Train): 3.21 | Mean fitness (Test): 2.30
 | Mean Accuracy (Test): 0.10
Generation 735 | Best fitness (Train): 2.20 | Best fitness in generation (Train): 2.41 | Mean fitness (Train): 2.96 | Mean fitness (Test): 2.30
 | Mean Accuracy (Test): 0.11
Generation 740 | Best fitness (Train): 2.20 | Best fitness in generation (Train): 2.38 | Mean fitness (Train): 2.90 | Mean fitness (Test): 2.31
 | Mean Accuracy (Test): 0.10
Generation 745 | Best fitness (Train): 2.20 | Best fitness in generation (Train): 2.36 | Mean fitness (Train): 3.04 | Mean fitness (Test): 2.30
 | Mean Accuracy (Test): 0.12
Generation 750 | Best fitness (Train): 2.20 | Best fitness in generation (Train): 2.37 | Mean fitness (Train): 2.88 | Mean fitness (Test): 2.31
 | Mean Accuracy (Test): 0.10
Generation 755 | Best fitness (Train): 2.20 | Best fitness in generation (Train): 2.42 | Mean fitness (Train): 2.89 | Mean fitness (Test): 2.31
 | Mean Accuracy (Test): 0.09
Generation 760 | Best fitness (Train): 2.20 | Best fitness in generation (Train): 2.37 | Mean fitness (Train): 2.90 | Mean fitness (Test): 2.31
 | Mean Accuracy (Test): 0.09
Generation 765 | Best fitness (Train): 2.20 | Best fitness in generation (Train): 2.39 | Mean fitness (Train): 2.80 | Mean fitness (Test): 2.31
 | Mean Accuracy (Test): 0.09
Generation 770 | Best fitness (Train): 2.20 | Best fitness in generation (Train): 2.45 | Mean fitness (Train): 2.93 | Mean fitness (Test): 2.30
 | Mean Accuracy (Test): 0.11
Generation 775 | Best fitness (Train): 2.20 | Best fitness in generation (Train): 2.39 | Mean fitness (Train): 2.98 | Mean fitness (Test): 2.30
 | Mean Accuracy (Test): 0.11
Generation 780 | Best fitness (Train): 2.20 | Best fitness in generation (Train): 2.39 | Mean fitness (Train): 2.78 | Mean fitness (Test): 2.30
 | Mean Accuracy (Test): 0.11
Generation 785 | Best fitness (Train): 2.20 | Best fitness in generation (Train): 2.40 | Mean fitness (Train): 2.91 | Mean fitness (Test): 2.30
 | Mean Accuracy (Test): 0.10
Generation 790 | Best fitness (Train): 2.20 | Best fitness in generation (Train): 2.42 | Mean fitness (Train): 2.89 | Mean fitness (Test): 2.31
 | Mean Accuracy (Test): 0.10
Generation 795 | Best fitness (Train): 2.20 | Best fitness in generation (Train): 2.37 | Mean fitness (Train): 2.82 | Mean fitness (Test): 2.30
 | Mean Accuracy (Test): 0.11
Generation 800 | Best fitness (Train): 2.20 | Best fitness in generation (Train): 2.38 | Mean fitness (Train): 2.79 | Mean fitness (Test): 2.31
 | Mean Accuracy (Test): 0.10
Generation 805 | Best fitness (Train): 2.20 | Best fitness in generation (Train): 2.37 | Mean fitness (Train): 2.85 | Mean fitness (Test): 2.31
 | Mean Accuracy (Test): 0.09
Generation 810 | Best fitness (Train): 2.20 | Best fitness in generation (Train): 2.38 | Mean fitness (Train): 2.79 | Mean fitness (Test): 2.30
 | Mean Accuracy (Test): 0.10
Generation 815 | Best fitness (Train): 2.20 | Best fitness in generation (Train): 2.43 | Mean fitness (Train): 2.79 | Mean fitness (Test): 2.30
 | Mean Accuracy (Test): 0.10
Generation 820 | Best fitness (Train): 2.20 | Best fitness in generation (Train): 2.41 | Mean fitness (Train): 2.76 | Mean fitness (Test): 2.31
 | Mean Accuracy (Test): 0.09
Generation 825 | Best fitness (Train): 2.20 | Best fitness in generation (Train): 2.41 | Mean fitness (Train): 3.05 | Mean fitness (Test): 2.30
 | Mean Accuracy (Test): 0.10
Generation 830 | Best fitness (Train): 2.20 | Best fitness in generation (Train): 2.40 | Mean fitness (Train): 2.83 | Mean fitness (Test): 2.30
 | Mean Accuracy (Test): 0.09
Generation 835 | Best fitness (Train): 2.20 | Best fitness in generation (Train): 2.49 | Mean fitness (Train): 2.89 | Mean fitness (Test): 2.31
 | Mean Accuracy (Test): 0.10
Generation 840 | Best fitness (Train): 2.20 | Best fitness in generation (Train): 2.41 | Mean fitness (Train): 2.84 | Mean fitness (Test): 2.30
 | Mean Accuracy (Test): 0.11
Generation 845 | Best fitness (Train): 2.20 | Best fitness in generation (Train): 2.38 | Mean fitness (Train): 2.99 | Mean fitness (Test): 2.30
 | Mean Accuracy (Test): 0.09
Generation 850 | Best fitness (Train): 2.20 | Best fitness in generation (Train): 2.44 | Mean fitness (Train): 3.09 | Mean fitness (Test): 2.31
 | Mean Accuracy (Test): 0.11
Generation 855 | Best fitness (Train): 2.20 | Best fitness in generation (Train): 2.37 | Mean fitness (Train): 3.06 | Mean fitness (Test): 2.31
 | Mean Accuracy (Test): 0.10
Generation 860 | Best fitness (Train): 2.20 | Best fitness in generation (Train): 2.36 | Mean fitness (Train): 2.76 | Mean fitness (Test): 2.30
 | Mean Accuracy (Test): 0.09
Generation 865 | Best fitness (Train): 2.20 | Best fitness in generation (Train): 2.41 | Mean fitness (Train): 2.81 | Mean fitness (Test): 2.30
 | Mean Accuracy (Test): 0.11
Generation 870 | Best fitness (Train): 2.20 | Best fitness in generation (Train): 2.42 | Mean fitness (Train): 2.94 | Mean fitness (Test): 2.30
 | Mean Accuracy (Test): 0.10
Generation 875 | Best fitness (Train): 2.20 | Best fitness in generation (Train): 2.45 | Mean fitness (Train): 3.07 | Mean fitness (Test): 2.30
 | Mean Accuracy (Test): 0.10
Generation 880 | Best fitness (Train): 2.20 | Best fitness in generation (Train): 2.41 | Mean fitness (Train): 2.79 | Mean fitness (Test): 2.31
 | Mean Accuracy (Test): 0.08
Generation 885 | Best fitness (Train): 2.20 | Best fitness in generation (Train): 2.41 | Mean fitness (Train): 2.81 | Mean fitness (Test): 2.31
 | Mean Accuracy (Test): 0.10
Generation 890 | Best fitness (Train): 2.20 | Best fitness in generation (Train): 2.39 | Mean fitness (Train): 2.79 | Mean fitness (Test): 2.30
 | Mean Accuracy (Test): 0.09
Generation 895 | Best fitness (Train): 2.20 | Best fitness in generation (Train): 2.39 | Mean fitness (Train): 3.07 | Mean fitness (Test): 2.30
 | Mean Accuracy (Test): 0.10
Generation 900 | Best fitness (Train): 2.20 | Best fitness in generation (Train): 2.38 | Mean fitness (Train): 2.89 | Mean fitness (Test): 2.30
 | Mean Accuracy (Test): 0.11
Generation 905 | Best fitness (Train): 2.20 | Best fitness in generation (Train): 2.41 | Mean fitness (Train): 2.79 | Mean fitness (Test): 2.31
 | Mean Accuracy (Test): 0.09
Generation 910 | Best fitness (Train): 2.20 | Best fitness in generation (Train): 2.41 | Mean fitness (Train): 2.86 | Mean fitness (Test): 2.30
 | Mean Accuracy (Test): 0.10
Generation 915 | Best fitness (Train): 2.20 | Best fitness in generation (Train): 2.41 | Mean fitness (Train): 2.86 | Mean fitness (Test): 2.30
 | Mean Accuracy (Test): 0.10
Generation 920 | Best fitness (Train): 2.20 | Best fitness in generation (Train): 2.37 | Mean fitness (Train): 2.89 | Mean fitness (Test): 2.31
 | Mean Accuracy (Test): 0.09
Generation 925 | Best fitness (Train): 2.20 | Best fitness in generation (Train): 2.42 | Mean fitness (Train): 2.86 | Mean fitness (Test): 2.30
 | Mean Accuracy (Test): 0.12
Generation 930 | Best fitness (Train): 2.20 | Best fitness in generation (Train): 2.41 | Mean fitness (Train): 2.84 | Mean fitness (Test): 2.30
 | Mean Accuracy (Test): 0.10
Generation 935 | Best fitness (Train): 2.20 | Best fitness in generation (Train): 2.40 | Mean fitness (Train): 3.09 | Mean fitness (Test): 2.30
 | Mean Accuracy (Test): 0.09
Generation 940 | Best fitness (Train): 2.20 | Best fitness in generation (Train): 2.41 | Mean fitness (Train): 2.82 | Mean fitness (Test): 2.30
 | Mean Accuracy (Test): 0.10
Generation 945 | Best fitness (Train): 2.20 | Best fitness in generation (Train): 2.40 | Mean fitness (Train): 2.91 | Mean fitness (Test): 2.31
 | Mean Accuracy (Test): 0.09
Generation 950 | Best fitness (Train): 2.20 | Best fitness in generation (Train): 2.33 | Mean fitness (Train): 2.87 | Mean fitness (Test): 2.31
 | Mean Accuracy (Test): 0.11
Generation 955 | Best fitness (Train): 2.20 | Best fitness in generation (Train): 2.39 | Mean fitness (Train): 2.81 | Mean fitness (Test): 2.31
 | Mean Accuracy (Test): 0.10
Generation 960 | Best fitness (Train): 2.20 | Best fitness in generation (Train): 2.42 | Mean fitness (Train): 2.77 | Mean fitness (Test): 2.31
 | Mean Accuracy (Test): 0.11
Generation 965 | Best fitness (Train): 2.20 | Best fitness in generation (Train): 2.43 | Mean fitness (Train): 2.97 | Mean fitness (Test): 2.30
 | Mean Accuracy (Test): 0.10
Generation 970 | Best fitness (Train): 2.20 | Best fitness in generation (Train): 2.43 | Mean fitness (Train): 2.79 | Mean fitness (Test): 2.30
 | Mean Accuracy (Test): 0.10
Generation 975 | Best fitness (Train): 2.20 | Best fitness in generation (Train): 2.37 | Mean fitness (Train): 2.74 | Mean fitness (Test): 2.31
 | Mean Accuracy (Test): 0.08
Generation 980 | Best fitness (Train): 2.20 | Best fitness in generation (Train): 2.44 | Mean fitness (Train): 3.00 | Mean fitness (Test): 2.30
 | Mean Accuracy (Test): 0.12
Generation 985 | Best fitness (Train): 2.20 | Best fitness in generation (Train): 2.45 | Mean fitness (Train): 2.81 | Mean fitness (Test): 2.31
 | Mean Accuracy (Test): 0.09
Generation 990 | Best fitness (Train): 2.20 | Best fitness in generation (Train): 2.44 | Mean fitness (Train): 2.82 | Mean fitness (Test): 2.30
 | Mean Accuracy (Test): 0.12
Generation 995 | Best fitness (Train): 2.20 | Best fitness in generation (Train): 2.42 | Mean fitness (Train): 2.94 | Mean fitness (Test): 2.30
 | Mean Accuracy (Test): 0.11
Generation 1000 | Best fitness (Train): 2.20 | Best fitness in generation (Train): 2.40 | Mean fitness (Train): 2.74 | Mean fitness (Test): 2.31
 | Mean Accuracy (Test): 0.09
running the experiment ... [../../results/TorchVisionProblem/FashionMNIST/Open_ES/3]
Generation 005 | Best fitness (Train): 278.43 | Best fitness in generation (Train): 307.02 | Mean fitness (Train): 657.32 | Mean fitness (Test): 12.00
 | Mean Accuracy (Test): 0.11
Generation 010 | Best fitness (Train): 278.43 | Best fitness in generation (Train): 313.34 | Mean fitness (Train): 566.38 | Mean fitness (Test): 25.68
 | Mean Accuracy (Test): 0.08
Generation 015 | Best fitness (Train): 234.41 | Best fitness in generation (Train): 247.10 | Mean fitness (Train): 484.53 | Mean fitness (Test): 36.98
 | Mean Accuracy (Test): 0.12
Generation 020 | Best fitness (Train): 220.47 | Best fitness in generation (Train): 220.47 | Mean fitness (Train): 460.93 | Mean fitness (Test): 47.89
 | Mean Accuracy (Test): 0.07
Generation 025 | Best fitness (Train): 220.47 | Best fitness in generation (Train): 236.34 | Mean fitness (Train): 434.02 | Mean fitness (Test): 53.21
 | Mean Accuracy (Test): 0.09
Generation 030 | Best fitness (Train): 160.81 | Best fitness in generation (Train): 202.15 | Mean fitness (Train): 404.69 | Mean fitness (Test): 48.06
 | Mean Accuracy (Test): 0.13
Generation 035 | Best fitness (Train): 160.81 | Best fitness in generation (Train): 226.85 | Mean fitness (Train): 393.54 | Mean fitness (Test): 43.30
 | Mean Accuracy (Test): 0.20
Generation 040 | Best fitness (Train): 160.81 | Best fitness in generation (Train): 187.34 | Mean fitness (Train): 358.04 | Mean fitness (Test): 42.52
 | Mean Accuracy (Test): 0.23
Generation 045 | Best fitness (Train): 160.81 | Best fitness in generation (Train): 173.43 | Mean fitness (Train): 350.87 | Mean fitness (Test): 39.62
 | Mean Accuracy (Test): 0.26
Generation 050 | Best fitness (Train): 160.81 | Best fitness in generation (Train): 215.81 | Mean fitness (Train): 341.69 | Mean fitness (Test): 33.73
 | Mean Accuracy (Test): 0.30
Generation 055 | Best fitness (Train): 160.81 | Best fitness in generation (Train): 191.36 | Mean fitness (Train): 328.52 | Mean fitness (Test): 32.26
 | Mean Accuracy (Test): 0.31
Generation 060 | Best fitness (Train): 141.13 | Best fitness in generation (Train): 177.38 | Mean fitness (Train): 290.62 | Mean fitness (Test): 25.88
 | Mean Accuracy (Test): 0.31
Generation 065 | Best fitness (Train): 141.13 | Best fitness in generation (Train): 148.11 | Mean fitness (Train): 294.30 | Mean fitness (Test): 23.58
 | Mean Accuracy (Test): 0.33
Generation 070 | Best fitness (Train): 112.67 | Best fitness in generation (Train): 125.05 | Mean fitness (Train): 273.22 | Mean fitness (Test): 22.16
 | Mean Accuracy (Test): 0.35
Generation 075 | Best fitness (Train): 109.63 | Best fitness in generation (Train): 161.63 | Mean fitness (Train): 259.53 | Mean fitness (Test): 22.65
 | Mean Accuracy (Test): 0.36
Generation 080 | Best fitness (Train): 109.63 | Best fitness in generation (Train): 140.62 | Mean fitness (Train): 255.98 | Mean fitness (Test): 24.22
 | Mean Accuracy (Test): 0.40
Generation 085 | Best fitness (Train): 109.63 | Best fitness in generation (Train): 128.23 | Mean fitness (Train): 235.47 | Mean fitness (Test): 25.27
 | Mean Accuracy (Test): 0.41
Generation 090 | Best fitness (Train): 106.20 | Best fitness in generation (Train): 133.01 | Mean fitness (Train): 231.87 | Mean fitness (Test): 26.91
 | Mean Accuracy (Test): 0.40
Generation 095 | Best fitness (Train): 86.06 | Best fitness in generation (Train): 113.36 | Mean fitness (Train): 226.63 | Mean fitness (Test): 23.59
 | Mean Accuracy (Test): 0.42
Generation 100 | Best fitness (Train): 86.06 | Best fitness in generation (Train): 125.59 | Mean fitness (Train): 216.43 | Mean fitness (Test): 20.83
 | Mean Accuracy (Test): 0.42
Generation 105 | Best fitness (Train): 86.06 | Best fitness in generation (Train): 101.59 | Mean fitness (Train): 192.82 | Mean fitness (Test): 19.04
 | Mean Accuracy (Test): 0.48
Generation 110 | Best fitness (Train): 86.06 | Best fitness in generation (Train): 97.86 | Mean fitness (Train): 189.50 | Mean fitness (Test): 18.24
 | Mean Accuracy (Test): 0.47
Generation 115 | Best fitness (Train): 81.75 | Best fitness in generation (Train): 101.12 | Mean fitness (Train): 179.63 | Mean fitness (Test): 16.68
 | Mean Accuracy (Test): 0.48
Generation 120 | Best fitness (Train): 81.75 | Best fitness in generation (Train): 87.88 | Mean fitness (Train): 173.45 | Mean fitness (Test): 15.65
 | Mean Accuracy (Test): 0.47
Generation 125 | Best fitness (Train): 73.39 | Best fitness in generation (Train): 73.39 | Mean fitness (Train): 175.10 | Mean fitness (Test): 16.99
 | Mean Accuracy (Test): 0.45
Generation 130 | Best fitness (Train): 73.39 | Best fitness in generation (Train): 78.94 | Mean fitness (Train): 150.08 | Mean fitness (Test): 15.39
 | Mean Accuracy (Test): 0.48
Generation 135 | Best fitness (Train): 73.39 | Best fitness in generation (Train): 79.08 | Mean fitness (Train): 150.36 | Mean fitness (Test): 13.86
 | Mean Accuracy (Test): 0.50
Generation 140 | Best fitness (Train): 63.33 | Best fitness in generation (Train): 63.33 | Mean fitness (Train): 146.67 | Mean fitness (Test): 14.52
 | Mean Accuracy (Test): 0.48
Generation 145 | Best fitness (Train): 56.66 | Best fitness in generation (Train): 69.07 | Mean fitness (Train): 141.15 | Mean fitness (Test): 14.13
 | Mean Accuracy (Test): 0.49
Generation 150 | Best fitness (Train): 53.77 | Best fitness in generation (Train): 69.76 | Mean fitness (Train): 141.62 | Mean fitness (Test): 13.59
 | Mean Accuracy (Test): 0.48
Generation 155 | Best fitness (Train): 53.77 | Best fitness in generation (Train): 60.21 | Mean fitness (Train): 131.68 | Mean fitness (Test): 13.90
 | Mean Accuracy (Test): 0.46
Generation 160 | Best fitness (Train): 53.77 | Best fitness in generation (Train): 57.15 | Mean fitness (Train): 123.92 | Mean fitness (Test): 14.21
 | Mean Accuracy (Test): 0.45
Generation 165 | Best fitness (Train): 50.76 | Best fitness in generation (Train): 55.22 | Mean fitness (Train): 124.42 | Mean fitness (Test): 13.27
 | Mean Accuracy (Test): 0.42
Generation 170 | Best fitness (Train): 44.78 | Best fitness in generation (Train): 55.92 | Mean fitness (Train): 118.43 | Mean fitness (Test): 9.79
 | Mean Accuracy (Test): 0.45
Generation 175 | Best fitness (Train): 42.28 | Best fitness in generation (Train): 47.48 | Mean fitness (Train): 116.76 | Mean fitness (Test): 8.91
 | Mean Accuracy (Test): 0.46
Generation 180 | Best fitness (Train): 42.28 | Best fitness in generation (Train): 56.79 | Mean fitness (Train): 106.31 | Mean fitness (Test): 7.68
 | Mean Accuracy (Test): 0.44
Generation 185 | Best fitness (Train): 36.29 | Best fitness in generation (Train): 36.29 | Mean fitness (Train): 102.52 | Mean fitness (Test): 7.45
 | Mean Accuracy (Test): 0.45
Generation 190 | Best fitness (Train): 34.30 | Best fitness in generation (Train): 45.52 | Mean fitness (Train): 105.36 | Mean fitness (Test): 7.74
 | Mean Accuracy (Test): 0.43
Generation 195 | Best fitness (Train): 34.30 | Best fitness in generation (Train): 49.42 | Mean fitness (Train): 102.75 | Mean fitness (Test): 8.12
 | Mean Accuracy (Test): 0.43
Generation 200 | Best fitness (Train): 33.05 | Best fitness in generation (Train): 36.40 | Mean fitness (Train): 86.87 | Mean fitness (Test): 8.88
 | Mean Accuracy (Test): 0.38
Generation 205 | Best fitness (Train): 30.10 | Best fitness in generation (Train): 36.26 | Mean fitness (Train): 87.02 | Mean fitness (Test): 7.48
 | Mean Accuracy (Test): 0.43
Generation 210 | Best fitness (Train): 30.10 | Best fitness in generation (Train): 32.88 | Mean fitness (Train): 79.82 | Mean fitness (Test): 5.57
 | Mean Accuracy (Test): 0.43
Generation 215 | Best fitness (Train): 28.57 | Best fitness in generation (Train): 32.33 | Mean fitness (Train): 79.82 | Mean fitness (Test): 4.25
 | Mean Accuracy (Test): 0.40
Generation 220 | Best fitness (Train): 26.95 | Best fitness in generation (Train): 35.18 | Mean fitness (Train): 75.76 | Mean fitness (Test): 2.84
 | Mean Accuracy (Test): 0.44
Generation 225 | Best fitness (Train): 24.11 | Best fitness in generation (Train): 31.21 | Mean fitness (Train): 74.64 | Mean fitness (Test): 2.68
 | Mean Accuracy (Test): 0.45
Generation 230 | Best fitness (Train): 24.11 | Best fitness in generation (Train): 28.81 | Mean fitness (Train): 68.98 | Mean fitness (Test): 2.23
 | Mean Accuracy (Test): 0.46
Generation 235 | Best fitness (Train): 20.29 | Best fitness in generation (Train): 20.29 | Mean fitness (Train): 67.44 | Mean fitness (Test): 2.27
 | Mean Accuracy (Test): 0.45
Generation 240 | Best fitness (Train): 20.29 | Best fitness in generation (Train): 22.64 | Mean fitness (Train): 67.25 | Mean fitness (Test): 2.35
 | Mean Accuracy (Test): 0.44
Generation 245 | Best fitness (Train): 20.29 | Best fitness in generation (Train): 23.04 | Mean fitness (Train): 72.48 | Mean fitness (Test): 2.08
 | Mean Accuracy (Test): 0.44
Generation 250 | Best fitness (Train): 17.30 | Best fitness in generation (Train): 17.30 | Mean fitness (Train): 59.07 | Mean fitness (Test): 1.85
 | Mean Accuracy (Test): 0.38
Generation 255 | Best fitness (Train): 16.07 | Best fitness in generation (Train): 23.20 | Mean fitness (Train): 61.51 | Mean fitness (Test): 1.77
 | Mean Accuracy (Test): 0.36
Generation 260 | Best fitness (Train): 12.73 | Best fitness in generation (Train): 12.73 | Mean fitness (Train): 57.52 | Mean fitness (Test): 2.50
 | Mean Accuracy (Test): 0.09
Generation 265 | Best fitness (Train): 11.37 | Best fitness in generation (Train): 18.16 | Mean fitness (Train): 53.47 | Mean fitness (Test): 2.49
 | Mean Accuracy (Test): 0.09
Generation 270 | Best fitness (Train): 11.37 | Best fitness in generation (Train): 15.31 | Mean fitness (Train): 50.50 | Mean fitness (Test): 2.53
 | Mean Accuracy (Test): 0.10
Generation 275 | Best fitness (Train): 11.04 | Best fitness in generation (Train): 14.88 | Mean fitness (Train): 52.03 | Mean fitness (Test): 2.51
 | Mean Accuracy (Test): 0.09
Generation 280 | Best fitness (Train): 11.04 | Best fitness in generation (Train): 14.75 | Mean fitness (Train): 53.59 | Mean fitness (Test): 2.55
 | Mean Accuracy (Test): 0.09
Generation 285 | Best fitness (Train): 11.04 | Best fitness in generation (Train): 11.44 | Mean fitness (Train): 47.33 | Mean fitness (Test): 2.47
 | Mean Accuracy (Test): 0.10
Generation 290 | Best fitness (Train): 8.57 | Best fitness in generation (Train): 8.57 | Mean fitness (Train): 50.92 | Mean fitness (Test): 2.52
 | Mean Accuracy (Test): 0.09
Generation 295 | Best fitness (Train): 8.57 | Best fitness in generation (Train): 13.98 | Mean fitness (Train): 40.45 | Mean fitness (Test): 2.55
 | Mean Accuracy (Test): 0.11
Generation 300 | Best fitness (Train): 8.57 | Best fitness in generation (Train): 16.18 | Mean fitness (Train): 45.23 | Mean fitness (Test): 2.57
 | Mean Accuracy (Test): 0.09
Generation 305 | Best fitness (Train): 8.57 | Best fitness in generation (Train): 11.40 | Mean fitness (Train): 43.73 | Mean fitness (Test): 2.52
 | Mean Accuracy (Test): 0.11
Generation 310 | Best fitness (Train): 8.05 | Best fitness in generation (Train): 12.96 | Mean fitness (Train): 39.23 | Mean fitness (Test): 2.55
 | Mean Accuracy (Test): 0.09
Generation 315 | Best fitness (Train): 7.83 | Best fitness in generation (Train): 10.97 | Mean fitness (Train): 35.25 | Mean fitness (Test): 2.55
 | Mean Accuracy (Test): 0.10
Generation 320 | Best fitness (Train): 7.83 | Best fitness in generation (Train): 10.14 | Mean fitness (Train): 34.88 | Mean fitness (Test): 2.48
 | Mean Accuracy (Test): 0.10
Generation 325 | Best fitness (Train): 7.83 | Best fitness in generation (Train): 9.73 | Mean fitness (Train): 33.41 | Mean fitness (Test): 2.53
 | Mean Accuracy (Test): 0.11
Generation 330 | Best fitness (Train): 6.50 | Best fitness in generation (Train): 8.50 | Mean fitness (Train): 31.64 | Mean fitness (Test): 2.51
 | Mean Accuracy (Test): 0.10
Generation 335 | Best fitness (Train): 6.45 | Best fitness in generation (Train): 6.45 | Mean fitness (Train): 31.01 | Mean fitness (Test): 2.54
 | Mean Accuracy (Test): 0.11
Generation 340 | Best fitness (Train): 6.32 | Best fitness in generation (Train): 6.94 | Mean fitness (Train): 31.56 | Mean fitness (Test): 2.57
 | Mean Accuracy (Test): 0.09
Generation 345 | Best fitness (Train): 5.87 | Best fitness in generation (Train): 10.09 | Mean fitness (Train): 31.91 | Mean fitness (Test): 2.51
 | Mean Accuracy (Test): 0.09
Generation 350 | Best fitness (Train): 5.17 | Best fitness in generation (Train): 6.93 | Mean fitness (Train): 28.31 | Mean fitness (Test): 2.51
 | Mean Accuracy (Test): 0.10
Generation 355 | Best fitness (Train): 5.17 | Best fitness in generation (Train): 6.91 | Mean fitness (Train): 26.65 | Mean fitness (Test): 2.48
 | Mean Accuracy (Test): 0.11
Generation 360 | Best fitness (Train): 3.90 | Best fitness in generation (Train): 3.90 | Mean fitness (Train): 23.45 | Mean fitness (Test): 2.49
 | Mean Accuracy (Test): 0.11
Generation 365 | Best fitness (Train): 3.82 | Best fitness in generation (Train): 4.91 | Mean fitness (Train): 24.06 | Mean fitness (Test): 2.48
 | Mean Accuracy (Test): 0.10
Generation 370 | Best fitness (Train): 3.82 | Best fitness in generation (Train): 4.97 | Mean fitness (Train): 23.89 | Mean fitness (Test): 2.45
 | Mean Accuracy (Test): 0.12
Generation 375 | Best fitness (Train): 3.74 | Best fitness in generation (Train): 5.48 | Mean fitness (Train): 22.52 | Mean fitness (Test): 2.46
 | Mean Accuracy (Test): 0.09
Generation 380 | Best fitness (Train): 3.74 | Best fitness in generation (Train): 5.38 | Mean fitness (Train): 19.85 | Mean fitness (Test): 2.47
 | Mean Accuracy (Test): 0.09
Generation 385 | Best fitness (Train): 3.74 | Best fitness in generation (Train): 3.92 | Mean fitness (Train): 20.22 | Mean fitness (Test): 2.48
 | Mean Accuracy (Test): 0.10
Generation 390 | Best fitness (Train): 3.74 | Best fitness in generation (Train): 4.94 | Mean fitness (Train): 19.64 | Mean fitness (Test): 2.48
 | Mean Accuracy (Test): 0.10
Generation 395 | Best fitness (Train): 3.74 | Best fitness in generation (Train): 4.10 | Mean fitness (Train): 17.03 | Mean fitness (Test): 2.47
 | Mean Accuracy (Test): 0.10
Generation 400 | Best fitness (Train): 3.39 | Best fitness in generation (Train): 3.39 | Mean fitness (Train): 15.10 | Mean fitness (Test): 2.47
 | Mean Accuracy (Test): 0.09
Generation 405 | Best fitness (Train): 3.39 | Best fitness in generation (Train): 4.28 | Mean fitness (Train): 17.86 | Mean fitness (Test): 2.51
 | Mean Accuracy (Test): 0.10
Generation 410 | Best fitness (Train): 3.39 | Best fitness in generation (Train): 3.47 | Mean fitness (Train): 15.09 | Mean fitness (Test): 2.50
 | Mean Accuracy (Test): 0.09
Generation 415 | Best fitness (Train): 3.39 | Best fitness in generation (Train): 3.57 | Mean fitness (Train): 12.28 | Mean fitness (Test): 2.53
 | Mean Accuracy (Test): 0.11
Generation 420 | Best fitness (Train): 3.17 | Best fitness in generation (Train): 3.52 | Mean fitness (Train): 12.76 | Mean fitness (Test): 2.51
 | Mean Accuracy (Test): 0.09
Generation 425 | Best fitness (Train): 3.05 | Best fitness in generation (Train): 3.42 | Mean fitness (Train): 11.10 | Mean fitness (Test): 2.51
 | Mean Accuracy (Test): 0.10
Generation 430 | Best fitness (Train): 3.05 | Best fitness in generation (Train): 3.13 | Mean fitness (Train): 10.91 | Mean fitness (Test): 2.50
 | Mean Accuracy (Test): 0.10
Generation 435 | Best fitness (Train): 3.00 | Best fitness in generation (Train): 3.13 | Mean fitness (Train): 9.17 | Mean fitness (Test): 2.50
 | Mean Accuracy (Test): 0.10
Generation 440 | Best fitness (Train): 2.82 | Best fitness in generation (Train): 3.10 | Mean fitness (Train): 10.92 | Mean fitness (Test): 2.45
 | Mean Accuracy (Test): 0.09
Generation 445 | Best fitness (Train): 2.78 | Best fitness in generation (Train): 2.91 | Mean fitness (Train): 9.96 | Mean fitness (Test): 2.46
 | Mean Accuracy (Test): 0.10
Generation 450 | Best fitness (Train): 2.78 | Best fitness in generation (Train): 3.07 | Mean fitness (Train): 9.38 | Mean fitness (Test): 2.43
 | Mean Accuracy (Test): 0.10
Generation 455 | Best fitness (Train): 2.78 | Best fitness in generation (Train): 3.11 | Mean fitness (Train): 9.90 | Mean fitness (Test): 2.41
 | Mean Accuracy (Test): 0.11
Generation 460 | Best fitness (Train): 2.62 | Best fitness in generation (Train): 2.66 | Mean fitness (Train): 9.73 | Mean fitness (Test): 2.40
 | Mean Accuracy (Test): 0.09
Generation 465 | Best fitness (Train): 2.62 | Best fitness in generation (Train): 3.01 | Mean fitness (Train): 8.21 | Mean fitness (Test): 2.40
 | Mean Accuracy (Test): 0.10
Generation 470 | Best fitness (Train): 2.62 | Best fitness in generation (Train): 2.80 | Mean fitness (Train): 7.64 | Mean fitness (Test): 2.38
 | Mean Accuracy (Test): 0.10
Generation 475 | Best fitness (Train): 2.48 | Best fitness in generation (Train): 2.68 | Mean fitness (Train): 6.87 | Mean fitness (Test): 2.39
 | Mean Accuracy (Test): 0.12
Generation 480 | Best fitness (Train): 2.48 | Best fitness in generation (Train): 2.74 | Mean fitness (Train): 6.98 | Mean fitness (Test): 2.37
 | Mean Accuracy (Test): 0.11
Generation 485 | Best fitness (Train): 2.48 | Best fitness in generation (Train): 2.65 | Mean fitness (Train): 7.29 | Mean fitness (Test): 2.38
 | Mean Accuracy (Test): 0.10
Generation 490 | Best fitness (Train): 2.48 | Best fitness in generation (Train): 2.59 | Mean fitness (Train): 4.96 | Mean fitness (Test): 2.37
 | Mean Accuracy (Test): 0.10
Generation 495 | Best fitness (Train): 2.48 | Best fitness in generation (Train): 2.53 | Mean fitness (Train): 6.65 | Mean fitness (Test): 2.35
 | Mean Accuracy (Test): 0.10
Generation 500 | Best fitness (Train): 2.48 | Best fitness in generation (Train): 2.67 | Mean fitness (Train): 5.83 | Mean fitness (Test): 2.35
 | Mean Accuracy (Test): 0.08
Generation 505 | Best fitness (Train): 2.43 | Best fitness in generation (Train): 2.49 | Mean fitness (Train): 6.04 | Mean fitness (Test): 2.32
 | Mean Accuracy (Test): 0.09
Generation 510 | Best fitness (Train): 2.43 | Best fitness in generation (Train): 2.51 | Mean fitness (Train): 5.97 | Mean fitness (Test): 2.32
 | Mean Accuracy (Test): 0.09
Generation 515 | Best fitness (Train): 2.43 | Best fitness in generation (Train): 2.46 | Mean fitness (Train): 4.92 | Mean fitness (Test): 2.31
 | Mean Accuracy (Test): 0.10
Generation 520 | Best fitness (Train): 2.43 | Best fitness in generation (Train): 2.59 | Mean fitness (Train): 5.60 | Mean fitness (Test): 2.32
 | Mean Accuracy (Test): 0.10
Generation 525 | Best fitness (Train): 2.43 | Best fitness in generation (Train): 2.56 | Mean fitness (Train): 4.81 | Mean fitness (Test): 2.30
 | Mean Accuracy (Test): 0.12
Generation 530 | Best fitness (Train): 2.43 | Best fitness in generation (Train): 2.50 | Mean fitness (Train): 4.93 | Mean fitness (Test): 2.32
 | Mean Accuracy (Test): 0.11
Generation 535 | Best fitness (Train): 2.43 | Best fitness in generation (Train): 2.49 | Mean fitness (Train): 5.64 | Mean fitness (Test): 2.33
 | Mean Accuracy (Test): 0.08
Generation 540 | Best fitness (Train): 2.43 | Best fitness in generation (Train): 2.48 | Mean fitness (Train): 4.36 | Mean fitness (Test): 2.32
 | Mean Accuracy (Test): 0.08
Generation 545 | Best fitness (Train): 2.41 | Best fitness in generation (Train): 2.52 | Mean fitness (Train): 4.68 | Mean fitness (Test): 2.31
 | Mean Accuracy (Test): 0.10
Generation 550 | Best fitness (Train): 2.41 | Best fitness in generation (Train): 2.49 | Mean fitness (Train): 4.05 | Mean fitness (Test): 2.31
 | Mean Accuracy (Test): 0.10
Generation 555 | Best fitness (Train): 2.41 | Best fitness in generation (Train): 2.46 | Mean fitness (Train): 4.52 | Mean fitness (Test): 2.31
 | Mean Accuracy (Test): 0.11
Generation 560 | Best fitness (Train): 2.40 | Best fitness in generation (Train): 2.40 | Mean fitness (Train): 4.20 | Mean fitness (Test): 2.31
 | Mean Accuracy (Test): 0.10
Generation 565 | Best fitness (Train): 2.40 | Best fitness in generation (Train): 2.42 | Mean fitness (Train): 4.71 | Mean fitness (Test): 2.31
 | Mean Accuracy (Test): 0.10
Generation 570 | Best fitness (Train): 2.37 | Best fitness in generation (Train): 2.37 | Mean fitness (Train): 3.72 | Mean fitness (Test): 2.31
 | Mean Accuracy (Test): 0.09
Generation 575 | Best fitness (Train): 2.35 | Best fitness in generation (Train): 2.42 | Mean fitness (Train): 3.75 | Mean fitness (Test): 2.31
 | Mean Accuracy (Test): 0.11
Generation 580 | Best fitness (Train): 2.35 | Best fitness in generation (Train): 2.46 | Mean fitness (Train): 3.33 | Mean fitness (Test): 2.31
 | Mean Accuracy (Test): 0.10
Generation 585 | Best fitness (Train): 2.35 | Best fitness in generation (Train): 2.44 | Mean fitness (Train): 3.89 | Mean fitness (Test): 2.31
 | Mean Accuracy (Test): 0.09
Generation 590 | Best fitness (Train): 2.35 | Best fitness in generation (Train): 2.47 | Mean fitness (Train): 4.35 | Mean fitness (Test): 2.31
 | Mean Accuracy (Test): 0.11
Generation 595 | Best fitness (Train): 2.35 | Best fitness in generation (Train): 2.55 | Mean fitness (Train): 3.62 | Mean fitness (Test): 2.31
 | Mean Accuracy (Test): 0.09
Generation 600 | Best fitness (Train): 2.35 | Best fitness in generation (Train): 2.45 | Mean fitness (Train): 3.67 | Mean fitness (Test): 2.30
 | Mean Accuracy (Test): 0.11
Generation 605 | Best fitness (Train): 2.35 | Best fitness in generation (Train): 2.44 | Mean fitness (Train): 3.15 | Mean fitness (Test): 2.30
 | Mean Accuracy (Test): 0.09
Generation 610 | Best fitness (Train): 2.35 | Best fitness in generation (Train): 2.42 | Mean fitness (Train): 3.87 | Mean fitness (Test): 2.30
 | Mean Accuracy (Test): 0.12
Generation 615 | Best fitness (Train): 2.35 | Best fitness in generation (Train): 2.44 | Mean fitness (Train): 3.36 | Mean fitness (Test): 2.31
 | Mean Accuracy (Test): 0.10
Generation 620 | Best fitness (Train): 2.35 | Best fitness in generation (Train): 2.40 | Mean fitness (Train): 3.19 | Mean fitness (Test): 2.31
 | Mean Accuracy (Test): 0.09
Generation 625 | Best fitness (Train): 2.12 | Best fitness in generation (Train): 2.12 | Mean fitness (Train): 3.39 | Mean fitness (Test): 2.30
 | Mean Accuracy (Test): 0.11
Generation 630 | Best fitness (Train): 2.12 | Best fitness in generation (Train): 2.39 | Mean fitness (Train): 3.40 | Mean fitness (Test): 2.31
 | Mean Accuracy (Test): 0.10
Generation 635 | Best fitness (Train): 2.12 | Best fitness in generation (Train): 2.45 | Mean fitness (Train): 3.20 | Mean fitness (Test): 2.31
 | Mean Accuracy (Test): 0.10
Generation 640 | Best fitness (Train): 2.12 | Best fitness in generation (Train): 2.37 | Mean fitness (Train): 3.98 | Mean fitness (Test): 2.31
 | Mean Accuracy (Test): 0.09
Generation 645 | Best fitness (Train): 2.12 | Best fitness in generation (Train): 2.47 | Mean fitness (Train): 3.68 | Mean fitness (Test): 2.31
 | Mean Accuracy (Test): 0.10
Generation 650 | Best fitness (Train): 2.12 | Best fitness in generation (Train): 2.44 | Mean fitness (Train): 3.49 | Mean fitness (Test): 2.30
 | Mean Accuracy (Test): 0.11
Generation 655 | Best fitness (Train): 2.12 | Best fitness in generation (Train): 2.42 | Mean fitness (Train): 2.96 | Mean fitness (Test): 2.30
 | Mean Accuracy (Test): 0.11
Generation 660 | Best fitness (Train): 2.12 | Best fitness in generation (Train): 2.37 | Mean fitness (Train): 3.68 | Mean fitness (Test): 2.31
 | Mean Accuracy (Test): 0.10
Generation 665 | Best fitness (Train): 2.12 | Best fitness in generation (Train): 2.38 | Mean fitness (Train): 3.43 | Mean fitness (Test): 2.31
 | Mean Accuracy (Test): 0.09
Generation 670 | Best fitness (Train): 2.12 | Best fitness in generation (Train): 2.40 | Mean fitness (Train): 3.22 | Mean fitness (Test): 2.30
 | Mean Accuracy (Test): 0.09
Generation 675 | Best fitness (Train): 2.12 | Best fitness in generation (Train): 2.43 | Mean fitness (Train): 2.95 | Mean fitness (Test): 2.31
 | Mean Accuracy (Test): 0.10
Generation 680 | Best fitness (Train): 2.12 | Best fitness in generation (Train): 2.38 | Mean fitness (Train): 2.92 | Mean fitness (Test): 2.30
 | Mean Accuracy (Test): 0.11
Generation 685 | Best fitness (Train): 2.12 | Best fitness in generation (Train): 2.41 | Mean fitness (Train): 3.31 | Mean fitness (Test): 2.31
 | Mean Accuracy (Test): 0.09
Generation 690 | Best fitness (Train): 2.12 | Best fitness in generation (Train): 2.44 | Mean fitness (Train): 3.16 | Mean fitness (Test): 2.31
 | Mean Accuracy (Test): 0.10
Generation 695 | Best fitness (Train): 2.12 | Best fitness in generation (Train): 2.44 | Mean fitness (Train): 3.28 | Mean fitness (Test): 2.30
 | Mean Accuracy (Test): 0.11
Generation 700 | Best fitness (Train): 2.12 | Best fitness in generation (Train): 2.43 | Mean fitness (Train): 3.21 | Mean fitness (Test): 2.31
 | Mean Accuracy (Test): 0.10
Generation 705 | Best fitness (Train): 2.12 | Best fitness in generation (Train): 2.51 | Mean fitness (Train): 3.23 | Mean fitness (Test): 2.31
 | Mean Accuracy (Test): 0.10
Generation 710 | Best fitness (Train): 2.12 | Best fitness in generation (Train): 2.43 | Mean fitness (Train): 2.95 | Mean fitness (Test): 2.31
 | Mean Accuracy (Test): 0.10
Generation 715 | Best fitness (Train): 2.12 | Best fitness in generation (Train): 2.47 | Mean fitness (Train): 3.36 | Mean fitness (Test): 2.30
 | Mean Accuracy (Test): 0.11
Generation 720 | Best fitness (Train): 2.12 | Best fitness in generation (Train): 2.45 | Mean fitness (Train): 2.85 | Mean fitness (Test): 2.30
 | Mean Accuracy (Test): 0.10
Generation 725 | Best fitness (Train): 2.12 | Best fitness in generation (Train): 2.43 | Mean fitness (Train): 2.92 | Mean fitness (Test): 2.30
 | Mean Accuracy (Test): 0.09
Generation 730 | Best fitness (Train): 2.12 | Best fitness in generation (Train): 2.37 | Mean fitness (Train): 2.90 | Mean fitness (Test): 2.31
 | Mean Accuracy (Test): 0.09
Generation 735 | Best fitness (Train): 2.12 | Best fitness in generation (Train): 2.46 | Mean fitness (Train): 2.84 | Mean fitness (Test): 2.30
 | Mean Accuracy (Test): 0.11
Generation 740 | Best fitness (Train): 2.12 | Best fitness in generation (Train): 2.42 | Mean fitness (Train): 3.15 | Mean fitness (Test): 2.30
 | Mean Accuracy (Test): 0.08
Generation 745 | Best fitness (Train): 2.12 | Best fitness in generation (Train): 2.43 | Mean fitness (Train): 2.85 | Mean fitness (Test): 2.31
 | Mean Accuracy (Test): 0.09
Generation 750 | Best fitness (Train): 2.12 | Best fitness in generation (Train): 2.43 | Mean fitness (Train): 2.86 | Mean fitness (Test): 2.31
 | Mean Accuracy (Test): 0.09
Generation 755 | Best fitness (Train): 2.12 | Best fitness in generation (Train): 2.35 | Mean fitness (Train): 3.04 | Mean fitness (Test): 2.31
 | Mean Accuracy (Test): 0.11
Generation 760 | Best fitness (Train): 2.12 | Best fitness in generation (Train): 2.35 | Mean fitness (Train): 3.04 | Mean fitness (Test): 2.31
 | Mean Accuracy (Test): 0.10
Generation 765 | Best fitness (Train): 2.12 | Best fitness in generation (Train): 2.45 | Mean fitness (Train): 3.21 | Mean fitness (Test): 2.31
 | Mean Accuracy (Test): 0.10
Generation 770 | Best fitness (Train): 2.12 | Best fitness in generation (Train): 2.38 | Mean fitness (Train): 2.96 | Mean fitness (Test): 2.31
 | Mean Accuracy (Test): 0.11
Generation 775 | Best fitness (Train): 2.12 | Best fitness in generation (Train): 2.41 | Mean fitness (Train): 3.03 | Mean fitness (Test): 2.31
 | Mean Accuracy (Test): 0.09
Generation 780 | Best fitness (Train): 2.12 | Best fitness in generation (Train): 2.44 | Mean fitness (Train): 3.15 | Mean fitness (Test): 2.31
 | Mean Accuracy (Test): 0.10
Generation 785 | Best fitness (Train): 2.12 | Best fitness in generation (Train): 2.44 | Mean fitness (Train): 2.96 | Mean fitness (Test): 2.31
 | Mean Accuracy (Test): 0.10
Generation 790 | Best fitness (Train): 2.12 | Best fitness in generation (Train): 2.40 | Mean fitness (Train): 2.88 | Mean fitness (Test): 2.30
 | Mean Accuracy (Test): 0.11
Generation 795 | Best fitness (Train): 2.12 | Best fitness in generation (Train): 2.40 | Mean fitness (Train): 3.21 | Mean fitness (Test): 2.31
 | Mean Accuracy (Test): 0.10
Generation 800 | Best fitness (Train): 2.12 | Best fitness in generation (Train): 2.43 | Mean fitness (Train): 2.82 | Mean fitness (Test): 2.30
 | Mean Accuracy (Test): 0.09
Generation 805 | Best fitness (Train): 2.12 | Best fitness in generation (Train): 2.38 | Mean fitness (Train): 2.81 | Mean fitness (Test): 2.30
 | Mean Accuracy (Test): 0.09
Generation 810 | Best fitness (Train): 2.12 | Best fitness in generation (Train): 2.39 | Mean fitness (Train): 2.90 | Mean fitness (Test): 2.30
 | Mean Accuracy (Test): 0.12
Generation 815 | Best fitness (Train): 2.12 | Best fitness in generation (Train): 2.39 | Mean fitness (Train): 2.99 | Mean fitness (Test): 2.30
 | Mean Accuracy (Test): 0.09
Generation 820 | Best fitness (Train): 2.12 | Best fitness in generation (Train): 2.38 | Mean fitness (Train): 2.92 | Mean fitness (Test): 2.30
 | Mean Accuracy (Test): 0.11
Generation 825 | Best fitness (Train): 2.12 | Best fitness in generation (Train): 2.43 | Mean fitness (Train): 3.07 | Mean fitness (Test): 2.30
 | Mean Accuracy (Test): 0.10
Generation 830 | Best fitness (Train): 2.12 | Best fitness in generation (Train): 2.41 | Mean fitness (Train): 2.75 | Mean fitness (Test): 2.30
 | Mean Accuracy (Test): 0.11
Generation 835 | Best fitness (Train): 2.12 | Best fitness in generation (Train): 2.40 | Mean fitness (Train): 2.80 | Mean fitness (Test): 2.31
 | Mean Accuracy (Test): 0.10
Generation 840 | Best fitness (Train): 2.12 | Best fitness in generation (Train): 2.38 | Mean fitness (Train): 2.83 | Mean fitness (Test): 2.31
 | Mean Accuracy (Test): 0.08
Generation 845 | Best fitness (Train): 2.12 | Best fitness in generation (Train): 2.41 | Mean fitness (Train): 2.84 | Mean fitness (Test): 2.31
 | Mean Accuracy (Test): 0.09
Generation 850 | Best fitness (Train): 2.12 | Best fitness in generation (Train): 2.42 | Mean fitness (Train): 2.83 | Mean fitness (Test): 2.30
 | Mean Accuracy (Test): 0.11
Generation 855 | Best fitness (Train): 2.12 | Best fitness in generation (Train): 2.41 | Mean fitness (Train): 2.83 | Mean fitness (Test): 2.30
 | Mean Accuracy (Test): 0.11
Generation 860 | Best fitness (Train): 2.12 | Best fitness in generation (Train): 2.40 | Mean fitness (Train): 3.24 | Mean fitness (Test): 2.30
 | Mean Accuracy (Test): 0.11
Generation 865 | Best fitness (Train): 2.12 | Best fitness in generation (Train): 2.41 | Mean fitness (Train): 2.78 | Mean fitness (Test): 2.30
 | Mean Accuracy (Test): 0.10
Generation 870 | Best fitness (Train): 2.12 | Best fitness in generation (Train): 2.37 | Mean fitness (Train): 3.06 | Mean fitness (Test): 2.30
 | Mean Accuracy (Test): 0.10
Generation 875 | Best fitness (Train): 2.12 | Best fitness in generation (Train): 2.43 | Mean fitness (Train): 2.82 | Mean fitness (Test): 2.31
 | Mean Accuracy (Test): 0.08
Generation 880 | Best fitness (Train): 2.12 | Best fitness in generation (Train): 2.47 | Mean fitness (Train): 2.86 | Mean fitness (Test): 2.31
 | Mean Accuracy (Test): 0.10
Generation 885 | Best fitness (Train): 2.12 | Best fitness in generation (Train): 2.39 | Mean fitness (Train): 2.79 | Mean fitness (Test): 2.30
 | Mean Accuracy (Test): 0.10
Generation 890 | Best fitness (Train): 2.12 | Best fitness in generation (Train): 2.35 | Mean fitness (Train): 2.73 | Mean fitness (Test): 2.31
 | Mean Accuracy (Test): 0.10
Generation 895 | Best fitness (Train): 2.12 | Best fitness in generation (Train): 2.42 | Mean fitness (Train): 2.86 | Mean fitness (Test): 2.30
 | Mean Accuracy (Test): 0.11
Generation 900 | Best fitness (Train): 2.12 | Best fitness in generation (Train): 2.39 | Mean fitness (Train): 2.85 | Mean fitness (Test): 2.30
 | Mean Accuracy (Test): 0.10
Generation 905 | Best fitness (Train): 2.12 | Best fitness in generation (Train): 2.36 | Mean fitness (Train): 2.75 | Mean fitness (Test): 2.31
 | Mean Accuracy (Test): 0.09
Generation 910 | Best fitness (Train): 2.12 | Best fitness in generation (Train): 2.36 | Mean fitness (Train): 2.80 | Mean fitness (Test): 2.31
 | Mean Accuracy (Test): 0.10
Generation 915 | Best fitness (Train): 2.12 | Best fitness in generation (Train): 2.41 | Mean fitness (Train): 2.81 | Mean fitness (Test): 2.30
 | Mean Accuracy (Test): 0.11
Generation 920 | Best fitness (Train): 2.12 | Best fitness in generation (Train): 2.43 | Mean fitness (Train): 2.79 | Mean fitness (Test): 2.31
 | Mean Accuracy (Test): 0.10
Generation 925 | Best fitness (Train): 2.12 | Best fitness in generation (Train): 2.37 | Mean fitness (Train): 2.79 | Mean fitness (Test): 2.30
 | Mean Accuracy (Test): 0.12
Generation 930 | Best fitness (Train): 2.12 | Best fitness in generation (Train): 2.40 | Mean fitness (Train): 2.84 | Mean fitness (Test): 2.31
 | Mean Accuracy (Test): 0.08
Generation 935 | Best fitness (Train): 2.12 | Best fitness in generation (Train): 2.41 | Mean fitness (Train): 2.78 | Mean fitness (Test): 2.31
 | Mean Accuracy (Test): 0.10
Generation 940 | Best fitness (Train): 2.12 | Best fitness in generation (Train): 2.38 | Mean fitness (Train): 2.78 | Mean fitness (Test): 2.30
 | Mean Accuracy (Test): 0.10
Generation 945 | Best fitness (Train): 2.12 | Best fitness in generation (Train): 2.40 | Mean fitness (Train): 2.79 | Mean fitness (Test): 2.31
 | Mean Accuracy (Test): 0.10
Generation 950 | Best fitness (Train): 2.12 | Best fitness in generation (Train): 2.45 | Mean fitness (Train): 2.80 | Mean fitness (Test): 2.30
 | Mean Accuracy (Test): 0.09
Generation 955 | Best fitness (Train): 2.12 | Best fitness in generation (Train): 2.39 | Mean fitness (Train): 3.25 | Mean fitness (Test): 2.31
 | Mean Accuracy (Test): 0.10
Generation 960 | Best fitness (Train): 2.12 | Best fitness in generation (Train): 2.44 | Mean fitness (Train): 2.81 | Mean fitness (Test): 2.31
 | Mean Accuracy (Test): 0.09
Generation 965 | Best fitness (Train): 2.12 | Best fitness in generation (Train): 2.44 | Mean fitness (Train): 2.80 | Mean fitness (Test): 2.30
 | Mean Accuracy (Test): 0.10
Generation 970 | Best fitness (Train): 2.12 | Best fitness in generation (Train): 2.44 | Mean fitness (Train): 2.76 | Mean fitness (Test): 2.31
 | Mean Accuracy (Test): 0.09
Generation 975 | Best fitness (Train): 2.12 | Best fitness in generation (Train): 2.39 | Mean fitness (Train): 2.78 | Mean fitness (Test): 2.30
 | Mean Accuracy (Test): 0.10
Generation 980 | Best fitness (Train): 2.12 | Best fitness in generation (Train): 2.42 | Mean fitness (Train): 2.79 | Mean fitness (Test): 2.30
 | Mean Accuracy (Test): 0.11
Generation 985 | Best fitness (Train): 2.12 | Best fitness in generation (Train): 2.37 | Mean fitness (Train): 2.75 | Mean fitness (Test): 2.30
 | Mean Accuracy (Test): 0.11
Generation 990 | Best fitness (Train): 2.12 | Best fitness in generation (Train): 2.42 | Mean fitness (Train): 2.89 | Mean fitness (Test): 2.31
 | Mean Accuracy (Test): 0.11
Generation 995 | Best fitness (Train): 2.12 | Best fitness in generation (Train): 2.42 | Mean fitness (Train): 2.82 | Mean fitness (Test): 2.30
 | Mean Accuracy (Test): 0.09
Generation 1000 | Best fitness (Train): 2.12 | Best fitness in generation (Train): 2.38 | Mean fitness (Train): 2.75 | Mean fitness (Test): 2.31
 | Mean Accuracy (Test): 0.09
running the experiment ... [../../results/TorchVisionProblem/FashionMNIST/Open_ES/4]
Generation 005 | Best fitness (Train): 303.51 | Best fitness in generation (Train): 303.51 | Mean fitness (Train): 603.51 | Mean fitness (Test): 10.81
 | Mean Accuracy (Test): 0.10
Generation 010 | Best fitness (Train): 223.39 | Best fitness in generation (Train): 223.39 | Mean fitness (Train): 512.15 | Mean fitness (Test): 28.69
 | Mean Accuracy (Test): 0.07
Generation 015 | Best fitness (Train): 223.39 | Best fitness in generation (Train): 247.93 | Mean fitness (Train): 451.76 | Mean fitness (Test): 40.90
 | Mean Accuracy (Test): 0.07
Generation 020 | Best fitness (Train): 193.99 | Best fitness in generation (Train): 193.99 | Mean fitness (Train): 458.71 | Mean fitness (Test): 44.85
 | Mean Accuracy (Test): 0.07
Generation 025 | Best fitness (Train): 193.99 | Best fitness in generation (Train): 244.06 | Mean fitness (Train): 429.13 | Mean fitness (Test): 46.63
 | Mean Accuracy (Test): 0.07
Generation 030 | Best fitness (Train): 193.99 | Best fitness in generation (Train): 198.56 | Mean fitness (Train): 392.05 | Mean fitness (Test): 37.68
 | Mean Accuracy (Test): 0.14
Generation 035 | Best fitness (Train): 193.99 | Best fitness in generation (Train): 218.64 | Mean fitness (Train): 368.55 | Mean fitness (Test): 31.61
 | Mean Accuracy (Test): 0.23
Generation 040 | Best fitness (Train): 181.22 | Best fitness in generation (Train): 196.43 | Mean fitness (Train): 354.68 | Mean fitness (Test): 23.91
 | Mean Accuracy (Test): 0.30
Generation 045 | Best fitness (Train): 172.93 | Best fitness in generation (Train): 178.82 | Mean fitness (Train): 337.86 | Mean fitness (Test): 21.51
 | Mean Accuracy (Test): 0.33
Generation 050 | Best fitness (Train): 153.45 | Best fitness in generation (Train): 177.90 | Mean fitness (Train): 317.82 | Mean fitness (Test): 20.84
 | Mean Accuracy (Test): 0.34
Generation 055 | Best fitness (Train): 143.25 | Best fitness in generation (Train): 175.74 | Mean fitness (Train): 297.22 | Mean fitness (Test): 19.49
 | Mean Accuracy (Test): 0.36
Generation 060 | Best fitness (Train): 143.25 | Best fitness in generation (Train): 150.50 | Mean fitness (Train): 283.81 | Mean fitness (Test): 19.79
 | Mean Accuracy (Test): 0.37
Generation 065 | Best fitness (Train): 111.20 | Best fitness in generation (Train): 129.76 | Mean fitness (Train): 280.40 | Mean fitness (Test): 20.41
 | Mean Accuracy (Test): 0.37
Generation 070 | Best fitness (Train): 111.20 | Best fitness in generation (Train): 149.64 | Mean fitness (Train): 269.53 | Mean fitness (Test): 23.54
 | Mean Accuracy (Test): 0.37
Generation 075 | Best fitness (Train): 111.20 | Best fitness in generation (Train): 134.77 | Mean fitness (Train): 245.64 | Mean fitness (Test): 24.66
 | Mean Accuracy (Test): 0.36
Generation 080 | Best fitness (Train): 111.20 | Best fitness in generation (Train): 129.17 | Mean fitness (Train): 246.74 | Mean fitness (Test): 22.59
 | Mean Accuracy (Test): 0.38
Generation 085 | Best fitness (Train): 100.18 | Best fitness in generation (Train): 132.19 | Mean fitness (Train): 223.00 | Mean fitness (Test): 21.71
 | Mean Accuracy (Test): 0.41
Generation 090 | Best fitness (Train): 100.18 | Best fitness in generation (Train): 116.37 | Mean fitness (Train): 211.47 | Mean fitness (Test): 20.64
 | Mean Accuracy (Test): 0.43
Generation 095 | Best fitness (Train): 95.92 | Best fitness in generation (Train): 113.92 | Mean fitness (Train): 203.45 | Mean fitness (Test): 20.87
 | Mean Accuracy (Test): 0.40
Generation 100 | Best fitness (Train): 82.25 | Best fitness in generation (Train): 101.72 | Mean fitness (Train): 197.41 | Mean fitness (Test): 20.47
 | Mean Accuracy (Test): 0.41
Generation 105 | Best fitness (Train): 82.25 | Best fitness in generation (Train): 97.95 | Mean fitness (Train): 187.39 | Mean fitness (Test): 20.41
 | Mean Accuracy (Test): 0.41
Generation 110 | Best fitness (Train): 82.25 | Best fitness in generation (Train): 95.61 | Mean fitness (Train): 174.94 | Mean fitness (Test): 18.56
 | Mean Accuracy (Test): 0.44
Generation 115 | Best fitness (Train): 80.92 | Best fitness in generation (Train): 93.56 | Mean fitness (Train): 169.72 | Mean fitness (Test): 17.83
 | Mean Accuracy (Test): 0.42
Generation 120 | Best fitness (Train): 59.93 | Best fitness in generation (Train): 71.68 | Mean fitness (Train): 164.13 | Mean fitness (Test): 17.28
 | Mean Accuracy (Test): 0.40
Generation 125 | Best fitness (Train): 59.93 | Best fitness in generation (Train): 83.65 | Mean fitness (Train): 162.45 | Mean fitness (Test): 17.68
 | Mean Accuracy (Test): 0.41
Generation 130 | Best fitness (Train): 59.93 | Best fitness in generation (Train): 84.81 | Mean fitness (Train): 155.72 | Mean fitness (Test): 15.28
 | Mean Accuracy (Test): 0.39
Generation 135 | Best fitness (Train): 59.93 | Best fitness in generation (Train): 64.77 | Mean fitness (Train): 140.92 | Mean fitness (Test): 14.96
 | Mean Accuracy (Test): 0.39
Generation 140 | Best fitness (Train): 59.93 | Best fitness in generation (Train): 67.35 | Mean fitness (Train): 139.78 | Mean fitness (Test): 15.82
 | Mean Accuracy (Test): 0.33
Generation 145 | Best fitness (Train): 48.79 | Best fitness in generation (Train): 48.79 | Mean fitness (Train): 134.45 | Mean fitness (Test): 16.37
 | Mean Accuracy (Test): 0.33
Generation 150 | Best fitness (Train): 48.79 | Best fitness in generation (Train): 60.41 | Mean fitness (Train): 133.70 | Mean fitness (Test): 16.55
 | Mean Accuracy (Test): 0.32
Generation 155 | Best fitness (Train): 43.54 | Best fitness in generation (Train): 52.49 | Mean fitness (Train): 118.31 | Mean fitness (Test): 16.10
 | Mean Accuracy (Test): 0.34
Generation 160 | Best fitness (Train): 43.54 | Best fitness in generation (Train): 47.05 | Mean fitness (Train): 127.29 | Mean fitness (Test): 13.56
 | Mean Accuracy (Test): 0.35
Generation 165 | Best fitness (Train): 43.54 | Best fitness in generation (Train): 53.60 | Mean fitness (Train): 112.01 | Mean fitness (Test): 11.25
 | Mean Accuracy (Test): 0.34
Generation 170 | Best fitness (Train): 39.96 | Best fitness in generation (Train): 60.92 | Mean fitness (Train): 111.69 | Mean fitness (Test): 8.50
 | Mean Accuracy (Test): 0.31
Generation 175 | Best fitness (Train): 39.96 | Best fitness in generation (Train): 46.50 | Mean fitness (Train): 104.47 | Mean fitness (Test): 6.49
 | Mean Accuracy (Test): 0.34
Generation 180 | Best fitness (Train): 28.69 | Best fitness in generation (Train): 38.70 | Mean fitness (Train): 104.34 | Mean fitness (Test): 5.37
 | Mean Accuracy (Test): 0.33
Generation 185 | Best fitness (Train): 28.69 | Best fitness in generation (Train): 45.87 | Mean fitness (Train): 95.40 | Mean fitness (Test): 4.49
 | Mean Accuracy (Test): 0.34
Generation 190 | Best fitness (Train): 28.69 | Best fitness in generation (Train): 38.66 | Mean fitness (Train): 98.92 | Mean fitness (Test): 4.72
 | Mean Accuracy (Test): 0.31
Generation 195 | Best fitness (Train): 28.69 | Best fitness in generation (Train): 44.23 | Mean fitness (Train): 95.92 | Mean fitness (Test): 4.43
 | Mean Accuracy (Test): 0.33
Generation 200 | Best fitness (Train): 28.69 | Best fitness in generation (Train): 39.87 | Mean fitness (Train): 94.35 | Mean fitness (Test): 4.23
 | Mean Accuracy (Test): 0.32
Generation 205 | Best fitness (Train): 28.69 | Best fitness in generation (Train): 31.23 | Mean fitness (Train): 88.54 | Mean fitness (Test): 3.23
 | Mean Accuracy (Test): 0.36
Generation 210 | Best fitness (Train): 27.73 | Best fitness in generation (Train): 27.73 | Mean fitness (Train): 83.29 | Mean fitness (Test): 2.37
 | Mean Accuracy (Test): 0.36
Generation 215 | Best fitness (Train): 27.73 | Best fitness in generation (Train): 32.41 | Mean fitness (Train): 78.29 | Mean fitness (Test): 2.19
 | Mean Accuracy (Test): 0.32
Generation 220 | Best fitness (Train): 27.73 | Best fitness in generation (Train): 35.17 | Mean fitness (Train): 79.17 | Mean fitness (Test): 2.36
 | Mean Accuracy (Test): 0.32
Generation 225 | Best fitness (Train): 24.47 | Best fitness in generation (Train): 27.88 | Mean fitness (Train): 69.95 | Mean fitness (Test): 2.24
 | Mean Accuracy (Test): 0.28
Generation 230 | Best fitness (Train): 21.00 | Best fitness in generation (Train): 31.05 | Mean fitness (Train): 72.58 | Mean fitness (Test): 2.72
 | Mean Accuracy (Test): 0.09
Generation 235 | Best fitness (Train): 21.00 | Best fitness in generation (Train): 27.83 | Mean fitness (Train): 75.76 | Mean fitness (Test): 2.76
 | Mean Accuracy (Test): 0.10
Generation 240 | Best fitness (Train): 20.39 | Best fitness in generation (Train): 27.10 | Mean fitness (Train): 70.56 | Mean fitness (Test): 2.80
 | Mean Accuracy (Test): 0.10
Generation 245 | Best fitness (Train): 20.39 | Best fitness in generation (Train): 33.73 | Mean fitness (Train): 68.74 | Mean fitness (Test): 2.75
 | Mean Accuracy (Test): 0.12
Generation 250 | Best fitness (Train): 19.57 | Best fitness in generation (Train): 21.05 | Mean fitness (Train): 67.62 | Mean fitness (Test): 2.79
 | Mean Accuracy (Test): 0.10
Generation 255 | Best fitness (Train): 17.66 | Best fitness in generation (Train): 17.66 | Mean fitness (Train): 62.91 | Mean fitness (Test): 2.79
 | Mean Accuracy (Test): 0.11
Generation 260 | Best fitness (Train): 17.66 | Best fitness in generation (Train): 20.00 | Mean fitness (Train): 60.43 | Mean fitness (Test): 2.80
 | Mean Accuracy (Test): 0.10
Generation 265 | Best fitness (Train): 16.71 | Best fitness in generation (Train): 20.01 | Mean fitness (Train): 57.42 | Mean fitness (Test): 2.79
 | Mean Accuracy (Test): 0.09
Generation 270 | Best fitness (Train): 14.52 | Best fitness in generation (Train): 19.16 | Mean fitness (Train): 58.26 | Mean fitness (Test): 2.81
 | Mean Accuracy (Test): 0.10
Generation 275 | Best fitness (Train): 11.97 | Best fitness in generation (Train): 21.99 | Mean fitness (Train): 53.35 | Mean fitness (Test): 2.80
 | Mean Accuracy (Test): 0.11
Generation 280 | Best fitness (Train): 11.97 | Best fitness in generation (Train): 13.60 | Mean fitness (Train): 47.69 | Mean fitness (Test): 2.87
 | Mean Accuracy (Test): 0.10
Generation 285 | Best fitness (Train): 11.97 | Best fitness in generation (Train): 15.96 | Mean fitness (Train): 53.30 | Mean fitness (Test): 2.86
 | Mean Accuracy (Test): 0.11
Generation 290 | Best fitness (Train): 11.97 | Best fitness in generation (Train): 13.56 | Mean fitness (Train): 50.30 | Mean fitness (Test): 2.80
 | Mean Accuracy (Test): 0.10
Generation 295 | Best fitness (Train): 11.97 | Best fitness in generation (Train): 16.90 | Mean fitness (Train): 46.60 | Mean fitness (Test): 2.85
 | Mean Accuracy (Test): 0.10
Generation 300 | Best fitness (Train): 8.30 | Best fitness in generation (Train): 8.30 | Mean fitness (Train): 44.07 | Mean fitness (Test): 2.79
 | Mean Accuracy (Test): 0.12
Generation 305 | Best fitness (Train): 8.30 | Best fitness in generation (Train): 12.56 | Mean fitness (Train): 45.74 | Mean fitness (Test): 2.80
 | Mean Accuracy (Test): 0.10
Generation 310 | Best fitness (Train): 8.30 | Best fitness in generation (Train): 14.37 | Mean fitness (Train): 40.75 | Mean fitness (Test): 2.85
 | Mean Accuracy (Test): 0.10
Generation 315 | Best fitness (Train): 8.28 | Best fitness in generation (Train): 8.28 | Mean fitness (Train): 39.20 | Mean fitness (Test): 2.84
 | Mean Accuracy (Test): 0.11
Generation 320 | Best fitness (Train): 8.28 | Best fitness in generation (Train): 10.18 | Mean fitness (Train): 36.23 | Mean fitness (Test): 2.91
 | Mean Accuracy (Test): 0.09
Generation 325 | Best fitness (Train): 5.73 | Best fitness in generation (Train): 10.01 | Mean fitness (Train): 36.89 | Mean fitness (Test): 2.85
 | Mean Accuracy (Test): 0.10
Generation 330 | Best fitness (Train): 5.73 | Best fitness in generation (Train): 8.91 | Mean fitness (Train): 40.27 | Mean fitness (Test): 2.85
 | Mean Accuracy (Test): 0.09
Generation 335 | Best fitness (Train): 5.73 | Best fitness in generation (Train): 8.64 | Mean fitness (Train): 34.01 | Mean fitness (Test): 2.80
 | Mean Accuracy (Test): 0.11
Generation 340 | Best fitness (Train): 5.73 | Best fitness in generation (Train): 9.61 | Mean fitness (Train): 34.02 | Mean fitness (Test): 2.86
 | Mean Accuracy (Test): 0.11
Generation 345 | Best fitness (Train): 5.73 | Best fitness in generation (Train): 7.68 | Mean fitness (Train): 32.74 | Mean fitness (Test): 2.84
 | Mean Accuracy (Test): 0.11
Generation 350 | Best fitness (Train): 5.71 | Best fitness in generation (Train): 5.77 | Mean fitness (Train): 28.57 | Mean fitness (Test): 2.79
 | Mean Accuracy (Test): 0.11
Generation 355 | Best fitness (Train): 5.13 | Best fitness in generation (Train): 5.13 | Mean fitness (Train): 26.92 | Mean fitness (Test): 2.84
 | Mean Accuracy (Test): 0.10
Generation 360 | Best fitness (Train): 5.13 | Best fitness in generation (Train): 5.14 | Mean fitness (Train): 25.03 | Mean fitness (Test): 2.88
 | Mean Accuracy (Test): 0.09
Generation 365 | Best fitness (Train): 5.13 | Best fitness in generation (Train): 5.21 | Mean fitness (Train): 22.51 | Mean fitness (Test): 2.86
 | Mean Accuracy (Test): 0.10
Generation 370 | Best fitness (Train): 4.36 | Best fitness in generation (Train): 6.72 | Mean fitness (Train): 24.48 | Mean fitness (Test): 2.82
 | Mean Accuracy (Test): 0.10
Generation 375 | Best fitness (Train): 4.36 | Best fitness in generation (Train): 4.36 | Mean fitness (Train): 22.03 | Mean fitness (Test): 2.82
 | Mean Accuracy (Test): 0.10
Generation 380 | Best fitness (Train): 3.16 | Best fitness in generation (Train): 4.29 | Mean fitness (Train): 18.44 | Mean fitness (Test): 2.78
 | Mean Accuracy (Test): 0.11
Generation 385 | Best fitness (Train): 3.16 | Best fitness in generation (Train): 5.78 | Mean fitness (Train): 20.93 | Mean fitness (Test): 2.77
 | Mean Accuracy (Test): 0.09
Generation 390 | Best fitness (Train): 3.16 | Best fitness in generation (Train): 4.18 | Mean fitness (Train): 20.83 | Mean fitness (Test): 2.76
 | Mean Accuracy (Test): 0.10
Generation 395 | Best fitness (Train): 3.16 | Best fitness in generation (Train): 4.81 | Mean fitness (Train): 16.81 | Mean fitness (Test): 2.74
 | Mean Accuracy (Test): 0.08
Generation 400 | Best fitness (Train): 3.16 | Best fitness in generation (Train): 3.89 | Mean fitness (Train): 16.96 | Mean fitness (Test): 2.67
 | Mean Accuracy (Test): 0.12
Generation 405 | Best fitness (Train): 3.16 | Best fitness in generation (Train): 3.96 | Mean fitness (Train): 15.62 | Mean fitness (Test): 2.74
 | Mean Accuracy (Test): 0.09
Generation 410 | Best fitness (Train): 3.16 | Best fitness in generation (Train): 3.61 | Mean fitness (Train): 15.84 | Mean fitness (Test): 2.64
 | Mean Accuracy (Test): 0.10
Generation 415 | Best fitness (Train): 3.11 | Best fitness in generation (Train): 4.17 | Mean fitness (Train): 15.24 | Mean fitness (Test): 2.63
 | Mean Accuracy (Test): 0.11
Generation 420 | Best fitness (Train): 3.11 | Best fitness in generation (Train): 3.73 | Mean fitness (Train): 12.30 | Mean fitness (Test): 2.59
 | Mean Accuracy (Test): 0.11
Generation 425 | Best fitness (Train): 3.05 | Best fitness in generation (Train): 3.15 | Mean fitness (Train): 11.69 | Mean fitness (Test): 2.62
 | Mean Accuracy (Test): 0.09
Generation 430 | Best fitness (Train): 3.00 | Best fitness in generation (Train): 3.23 | Mean fitness (Train): 10.92 | Mean fitness (Test): 2.65
 | Mean Accuracy (Test): 0.10
Generation 435 | Best fitness (Train): 3.00 | Best fitness in generation (Train): 3.12 | Mean fitness (Train): 9.34 | Mean fitness (Test): 2.59
 | Mean Accuracy (Test): 0.10
Generation 440 | Best fitness (Train): 2.77 | Best fitness in generation (Train): 2.87 | Mean fitness (Train): 11.65 | Mean fitness (Test): 2.53
 | Mean Accuracy (Test): 0.11
Generation 445 | Best fitness (Train): 2.77 | Best fitness in generation (Train): 3.29 | Mean fitness (Train): 9.82 | Mean fitness (Test): 2.50
 | Mean Accuracy (Test): 0.11
Generation 450 | Best fitness (Train): 2.70 | Best fitness in generation (Train): 2.98 | Mean fitness (Train): 8.93 | Mean fitness (Test): 2.52
 | Mean Accuracy (Test): 0.11
Generation 455 | Best fitness (Train): 2.68 | Best fitness in generation (Train): 2.97 | Mean fitness (Train): 10.19 | Mean fitness (Test): 2.50
 | Mean Accuracy (Test): 0.09
Generation 460 | Best fitness (Train): 2.64 | Best fitness in generation (Train): 2.96 | Mean fitness (Train): 8.74 | Mean fitness (Test): 2.47
 | Mean Accuracy (Test): 0.10
Generation 465 | Best fitness (Train): 2.64 | Best fitness in generation (Train): 2.72 | Mean fitness (Train): 7.27 | Mean fitness (Test): 2.47
 | Mean Accuracy (Test): 0.10
Generation 470 | Best fitness (Train): 2.63 | Best fitness in generation (Train): 2.79 | Mean fitness (Train): 6.95 | Mean fitness (Test): 2.43
 | Mean Accuracy (Test): 0.10
Generation 475 | Best fitness (Train): 2.56 | Best fitness in generation (Train): 2.77 | Mean fitness (Train): 6.52 | Mean fitness (Test): 2.42
 | Mean Accuracy (Test): 0.08
Generation 480 | Best fitness (Train): 2.56 | Best fitness in generation (Train): 2.63 | Mean fitness (Train): 7.23 | Mean fitness (Test): 2.36
 | Mean Accuracy (Test): 0.10
Generation 485 | Best fitness (Train): 2.49 | Best fitness in generation (Train): 2.81 | Mean fitness (Train): 5.58 | Mean fitness (Test): 2.39
 | Mean Accuracy (Test): 0.11
Generation 490 | Best fitness (Train): 2.49 | Best fitness in generation (Train): 2.55 | Mean fitness (Train): 7.05 | Mean fitness (Test): 2.35
 | Mean Accuracy (Test): 0.10
Generation 495 | Best fitness (Train): 2.49 | Best fitness in generation (Train): 2.61 | Mean fitness (Train): 6.85 | Mean fitness (Test): 2.36
 | Mean Accuracy (Test): 0.10
Generation 500 | Best fitness (Train): 2.35 | Best fitness in generation (Train): 2.47 | Mean fitness (Train): 5.10 | Mean fitness (Test): 2.36
 | Mean Accuracy (Test): 0.09
Generation 505 | Best fitness (Train): 2.35 | Best fitness in generation (Train): 2.48 | Mean fitness (Train): 5.17 | Mean fitness (Test): 2.34
 | Mean Accuracy (Test): 0.09
Generation 510 | Best fitness (Train): 2.35 | Best fitness in generation (Train): 2.56 | Mean fitness (Train): 5.33 | Mean fitness (Test): 2.34
 | Mean Accuracy (Test): 0.10
Generation 515 | Best fitness (Train): 2.35 | Best fitness in generation (Train): 2.59 | Mean fitness (Train): 5.54 | Mean fitness (Test): 2.35
 | Mean Accuracy (Test): 0.09
Generation 520 | Best fitness (Train): 2.35 | Best fitness in generation (Train): 2.56 | Mean fitness (Train): 4.99 | Mean fitness (Test): 2.32
 | Mean Accuracy (Test): 0.10
Generation 525 | Best fitness (Train): 2.35 | Best fitness in generation (Train): 2.45 | Mean fitness (Train): 4.96 | Mean fitness (Test): 2.32
 | Mean Accuracy (Test): 0.10
Generation 530 | Best fitness (Train): 2.35 | Best fitness in generation (Train): 2.51 | Mean fitness (Train): 4.78 | Mean fitness (Test): 2.33
 | Mean Accuracy (Test): 0.09
Generation 535 | Best fitness (Train): 2.35 | Best fitness in generation (Train): 2.46 | Mean fitness (Train): 4.89 | Mean fitness (Test): 2.32
 | Mean Accuracy (Test): 0.11
Generation 540 | Best fitness (Train): 2.35 | Best fitness in generation (Train): 2.47 | Mean fitness (Train): 4.37 | Mean fitness (Test): 2.31
 | Mean Accuracy (Test): 0.11
Generation 545 | Best fitness (Train): 2.35 | Best fitness in generation (Train): 2.50 | Mean fitness (Train): 4.55 | Mean fitness (Test): 2.31
 | Mean Accuracy (Test): 0.12
Generation 550 | Best fitness (Train): 2.13 | Best fitness in generation (Train): 2.49 | Mean fitness (Train): 4.30 | Mean fitness (Test): 2.31
 | Mean Accuracy (Test): 0.10
Generation 555 | Best fitness (Train): 2.13 | Best fitness in generation (Train): 2.44 | Mean fitness (Train): 4.75 | Mean fitness (Test): 2.31
 | Mean Accuracy (Test): 0.10
Generation 560 | Best fitness (Train): 2.13 | Best fitness in generation (Train): 2.47 | Mean fitness (Train): 4.16 | Mean fitness (Test): 2.30
 | Mean Accuracy (Test): 0.10
Generation 565 | Best fitness (Train): 2.13 | Best fitness in generation (Train): 2.47 | Mean fitness (Train): 3.55 | Mean fitness (Test): 2.31
 | Mean Accuracy (Test): 0.08
Generation 570 | Best fitness (Train): 2.13 | Best fitness in generation (Train): 2.42 | Mean fitness (Train): 3.34 | Mean fitness (Test): 2.31
 | Mean Accuracy (Test): 0.10
Generation 575 | Best fitness (Train): 2.13 | Best fitness in generation (Train): 2.46 | Mean fitness (Train): 3.97 | Mean fitness (Test): 2.31
 | Mean Accuracy (Test): 0.11
Generation 580 | Best fitness (Train): 2.13 | Best fitness in generation (Train): 2.41 | Mean fitness (Train): 3.66 | Mean fitness (Test): 2.30
 | Mean Accuracy (Test): 0.11
Generation 585 | Best fitness (Train): 2.13 | Best fitness in generation (Train): 2.41 | Mean fitness (Train): 4.90 | Mean fitness (Test): 2.30
 | Mean Accuracy (Test): 0.09
Generation 590 | Best fitness (Train): 2.13 | Best fitness in generation (Train): 2.44 | Mean fitness (Train): 3.49 | Mean fitness (Test): 2.30
 | Mean Accuracy (Test): 0.12
Generation 595 | Best fitness (Train): 2.13 | Best fitness in generation (Train): 2.47 | Mean fitness (Train): 3.53 | Mean fitness (Test): 2.31
 | Mean Accuracy (Test): 0.09
Generation 600 | Best fitness (Train): 2.13 | Best fitness in generation (Train): 2.49 | Mean fitness (Train): 3.46 | Mean fitness (Test): 2.31
 | Mean Accuracy (Test): 0.09
Generation 605 | Best fitness (Train): 2.13 | Best fitness in generation (Train): 2.43 | Mean fitness (Train): 4.19 | Mean fitness (Test): 2.31
 | Mean Accuracy (Test): 0.11
Generation 610 | Best fitness (Train): 2.13 | Best fitness in generation (Train): 2.43 | Mean fitness (Train): 3.17 | Mean fitness (Test): 2.30
 | Mean Accuracy (Test): 0.09
Generation 615 | Best fitness (Train): 2.13 | Best fitness in generation (Train): 2.36 | Mean fitness (Train): 3.39 | Mean fitness (Test): 2.30
 | Mean Accuracy (Test): 0.10
Generation 620 | Best fitness (Train): 2.13 | Best fitness in generation (Train): 2.47 | Mean fitness (Train): 3.87 | Mean fitness (Test): 2.30
 | Mean Accuracy (Test): 0.09
Generation 625 | Best fitness (Train): 2.13 | Best fitness in generation (Train): 2.41 | Mean fitness (Train): 3.29 | Mean fitness (Test): 2.31
 | Mean Accuracy (Test): 0.10
Generation 630 | Best fitness (Train): 2.13 | Best fitness in generation (Train): 2.44 | Mean fitness (Train): 3.09 | Mean fitness (Test): 2.31
 | Mean Accuracy (Test): 0.09
Generation 635 | Best fitness (Train): 2.13 | Best fitness in generation (Train): 2.46 | Mean fitness (Train): 3.82 | Mean fitness (Test): 2.31
 | Mean Accuracy (Test): 0.11
Generation 640 | Best fitness (Train): 2.13 | Best fitness in generation (Train): 2.42 | Mean fitness (Train): 2.94 | Mean fitness (Test): 2.31
 | Mean Accuracy (Test): 0.10
Generation 645 | Best fitness (Train): 2.13 | Best fitness in generation (Train): 2.44 | Mean fitness (Train): 3.01 | Mean fitness (Test): 2.30
 | Mean Accuracy (Test): 0.10
Generation 650 | Best fitness (Train): 2.13 | Best fitness in generation (Train): 2.38 | Mean fitness (Train): 2.99 | Mean fitness (Test): 2.31
 | Mean Accuracy (Test): 0.11
Generation 655 | Best fitness (Train): 2.13 | Best fitness in generation (Train): 2.41 | Mean fitness (Train): 3.30 | Mean fitness (Test): 2.30
 | Mean Accuracy (Test): 0.12
Generation 660 | Best fitness (Train): 2.13 | Best fitness in generation (Train): 2.41 | Mean fitness (Train): 3.29 | Mean fitness (Test): 2.30
 | Mean Accuracy (Test): 0.09
Generation 665 | Best fitness (Train): 2.13 | Best fitness in generation (Train): 2.40 | Mean fitness (Train): 2.85 | Mean fitness (Test): 2.31
 | Mean Accuracy (Test): 0.09
Generation 670 | Best fitness (Train): 2.13 | Best fitness in generation (Train): 2.48 | Mean fitness (Train): 3.09 | Mean fitness (Test): 2.30
 | Mean Accuracy (Test): 0.10
Generation 675 | Best fitness (Train): 2.13 | Best fitness in generation (Train): 2.44 | Mean fitness (Train): 2.98 | Mean fitness (Test): 2.30
 | Mean Accuracy (Test): 0.09
Generation 680 | Best fitness (Train): 2.13 | Best fitness in generation (Train): 2.43 | Mean fitness (Train): 2.86 | Mean fitness (Test): 2.30
 | Mean Accuracy (Test): 0.11
Generation 685 | Best fitness (Train): 2.13 | Best fitness in generation (Train): 2.39 | Mean fitness (Train): 2.95 | Mean fitness (Test): 2.30
 | Mean Accuracy (Test): 0.11
Generation 690 | Best fitness (Train): 2.13 | Best fitness in generation (Train): 2.40 | Mean fitness (Train): 2.86 | Mean fitness (Test): 2.30
 | Mean Accuracy (Test): 0.11
Generation 695 | Best fitness (Train): 2.13 | Best fitness in generation (Train): 2.39 | Mean fitness (Train): 2.87 | Mean fitness (Test): 2.30
 | Mean Accuracy (Test): 0.11
Generation 700 | Best fitness (Train): 2.13 | Best fitness in generation (Train): 2.40 | Mean fitness (Train): 3.12 | Mean fitness (Test): 2.30
 | Mean Accuracy (Test): 0.09
Generation 705 | Best fitness (Train): 2.13 | Best fitness in generation (Train): 2.39 | Mean fitness (Train): 3.01 | Mean fitness (Test): 2.31
 | Mean Accuracy (Test): 0.11
Generation 710 | Best fitness (Train): 2.13 | Best fitness in generation (Train): 2.41 | Mean fitness (Train): 3.11 | Mean fitness (Test): 2.31
 | Mean Accuracy (Test): 0.10
Generation 715 | Best fitness (Train): 2.13 | Best fitness in generation (Train): 2.43 | Mean fitness (Train): 2.83 | Mean fitness (Test): 2.31
 | Mean Accuracy (Test): 0.09
Generation 720 | Best fitness (Train): 2.13 | Best fitness in generation (Train): 2.43 | Mean fitness (Train): 3.24 | Mean fitness (Test): 2.30
 | Mean Accuracy (Test): 0.11
Generation 725 | Best fitness (Train): 2.13 | Best fitness in generation (Train): 2.46 | Mean fitness (Train): 3.20 | Mean fitness (Test): 2.30
 | Mean Accuracy (Test): 0.10
Generation 730 | Best fitness (Train): 2.13 | Best fitness in generation (Train): 2.41 | Mean fitness (Train): 2.86 | Mean fitness (Test): 2.30
 | Mean Accuracy (Test): 0.10
Generation 735 | Best fitness (Train): 2.13 | Best fitness in generation (Train): 2.41 | Mean fitness (Train): 2.95 | Mean fitness (Test): 2.31
 | Mean Accuracy (Test): 0.10
Generation 740 | Best fitness (Train): 2.13 | Best fitness in generation (Train): 2.39 | Mean fitness (Train): 2.90 | Mean fitness (Test): 2.30
 | Mean Accuracy (Test): 0.10
Generation 745 | Best fitness (Train): 2.13 | Best fitness in generation (Train): 2.39 | Mean fitness (Train): 3.03 | Mean fitness (Test): 2.30
 | Mean Accuracy (Test): 0.10
Generation 750 | Best fitness (Train): 2.13 | Best fitness in generation (Train): 2.46 | Mean fitness (Train): 3.14 | Mean fitness (Test): 2.30
 | Mean Accuracy (Test): 0.10
Generation 755 | Best fitness (Train): 2.13 | Best fitness in generation (Train): 2.43 | Mean fitness (Train): 2.95 | Mean fitness (Test): 2.31
 | Mean Accuracy (Test): 0.09
Generation 760 | Best fitness (Train): 2.13 | Best fitness in generation (Train): 2.42 | Mean fitness (Train): 3.11 | Mean fitness (Test): 2.31
 | Mean Accuracy (Test): 0.08
Generation 765 | Best fitness (Train): 2.13 | Best fitness in generation (Train): 2.37 | Mean fitness (Train): 2.82 | Mean fitness (Test): 2.31
 | Mean Accuracy (Test): 0.09
Generation 770 | Best fitness (Train): 2.13 | Best fitness in generation (Train): 2.38 | Mean fitness (Train): 2.98 | Mean fitness (Test): 2.30
 | Mean Accuracy (Test): 0.10
Generation 775 | Best fitness (Train): 2.13 | Best fitness in generation (Train): 2.45 | Mean fitness (Train): 2.86 | Mean fitness (Test): 2.30
 | Mean Accuracy (Test): 0.10
Generation 780 | Best fitness (Train): 2.13 | Best fitness in generation (Train): 2.38 | Mean fitness (Train): 2.84 | Mean fitness (Test): 2.30
 | Mean Accuracy (Test): 0.12
Generation 785 | Best fitness (Train): 2.13 | Best fitness in generation (Train): 2.40 | Mean fitness (Train): 2.84 | Mean fitness (Test): 2.30
 | Mean Accuracy (Test): 0.11
Generation 790 | Best fitness (Train): 2.13 | Best fitness in generation (Train): 2.42 | Mean fitness (Train): 2.86 | Mean fitness (Test): 2.30
 | Mean Accuracy (Test): 0.10
Generation 795 | Best fitness (Train): 2.13 | Best fitness in generation (Train): 2.38 | Mean fitness (Train): 2.78 | Mean fitness (Test): 2.30
 | Mean Accuracy (Test): 0.09
Generation 800 | Best fitness (Train): 2.13 | Best fitness in generation (Train): 2.44 | Mean fitness (Train): 3.44 | Mean fitness (Test): 2.30
 | Mean Accuracy (Test): 0.11
Generation 805 | Best fitness (Train): 2.13 | Best fitness in generation (Train): 2.34 | Mean fitness (Train): 2.95 | Mean fitness (Test): 2.31
 | Mean Accuracy (Test): 0.10
Generation 810 | Best fitness (Train): 2.13 | Best fitness in generation (Train): 2.39 | Mean fitness (Train): 3.16 | Mean fitness (Test): 2.30
 | Mean Accuracy (Test): 0.11
Generation 815 | Best fitness (Train): 2.13 | Best fitness in generation (Train): 2.39 | Mean fitness (Train): 3.13 | Mean fitness (Test): 2.30
 | Mean Accuracy (Test): 0.09
Generation 820 | Best fitness (Train): 2.13 | Best fitness in generation (Train): 2.39 | Mean fitness (Train): 2.90 | Mean fitness (Test): 2.30
 | Mean Accuracy (Test): 0.11
Generation 825 | Best fitness (Train): 2.13 | Best fitness in generation (Train): 2.41 | Mean fitness (Train): 2.89 | Mean fitness (Test): 2.30
 | Mean Accuracy (Test): 0.10
Generation 830 | Best fitness (Train): 2.13 | Best fitness in generation (Train): 2.40 | Mean fitness (Train): 2.97 | Mean fitness (Test): 2.30
 | Mean Accuracy (Test): 0.11
Generation 835 | Best fitness (Train): 2.13 | Best fitness in generation (Train): 2.38 | Mean fitness (Train): 2.94 | Mean fitness (Test): 2.31
 | Mean Accuracy (Test): 0.11
Generation 840 | Best fitness (Train): 2.13 | Best fitness in generation (Train): 2.42 | Mean fitness (Train): 2.79 | Mean fitness (Test): 2.30
 | Mean Accuracy (Test): 0.09
Generation 845 | Best fitness (Train): 2.13 | Best fitness in generation (Train): 2.36 | Mean fitness (Train): 2.95 | Mean fitness (Test): 2.30
 | Mean Accuracy (Test): 0.11
Generation 850 | Best fitness (Train): 2.13 | Best fitness in generation (Train): 2.41 | Mean fitness (Train): 2.81 | Mean fitness (Test): 2.31
 | Mean Accuracy (Test): 0.10
Generation 855 | Best fitness (Train): 2.13 | Best fitness in generation (Train): 2.42 | Mean fitness (Train): 3.23 | Mean fitness (Test): 2.30
 | Mean Accuracy (Test): 0.10
Generation 860 | Best fitness (Train): 2.13 | Best fitness in generation (Train): 2.43 | Mean fitness (Train): 2.83 | Mean fitness (Test): 2.31
 | Mean Accuracy (Test): 0.10
Generation 865 | Best fitness (Train): 2.13 | Best fitness in generation (Train): 2.36 | Mean fitness (Train): 2.89 | Mean fitness (Test): 2.31
 | Mean Accuracy (Test): 0.10
Generation 870 | Best fitness (Train): 2.13 | Best fitness in generation (Train): 2.43 | Mean fitness (Train): 2.92 | Mean fitness (Test): 2.30
 | Mean Accuracy (Test): 0.10
Generation 875 | Best fitness (Train): 2.13 | Best fitness in generation (Train): 2.34 | Mean fitness (Train): 2.77 | Mean fitness (Test): 2.30
 | Mean Accuracy (Test): 0.11
Generation 880 | Best fitness (Train): 2.13 | Best fitness in generation (Train): 2.39 | Mean fitness (Train): 2.77 | Mean fitness (Test): 2.31
 | Mean Accuracy (Test): 0.11
Generation 885 | Best fitness (Train): 2.13 | Best fitness in generation (Train): 2.46 | Mean fitness (Train): 2.86 | Mean fitness (Test): 2.30
 | Mean Accuracy (Test): 0.11
Generation 890 | Best fitness (Train): 2.13 | Best fitness in generation (Train): 2.42 | Mean fitness (Train): 2.99 | Mean fitness (Test): 2.30
 | Mean Accuracy (Test): 0.09
Generation 895 | Best fitness (Train): 2.13 | Best fitness in generation (Train): 2.43 | Mean fitness (Train): 2.82 | Mean fitness (Test): 2.31
 | Mean Accuracy (Test): 0.10
Generation 900 | Best fitness (Train): 2.13 | Best fitness in generation (Train): 2.35 | Mean fitness (Train): 2.80 | Mean fitness (Test): 2.30
 | Mean Accuracy (Test): 0.10
Generation 905 | Best fitness (Train): 2.13 | Best fitness in generation (Train): 2.43 | Mean fitness (Train): 2.86 | Mean fitness (Test): 2.31
 | Mean Accuracy (Test): 0.09
Generation 910 | Best fitness (Train): 2.13 | Best fitness in generation (Train): 2.36 | Mean fitness (Train): 2.76 | Mean fitness (Test): 2.30
 | Mean Accuracy (Test): 0.11
Generation 915 | Best fitness (Train): 2.13 | Best fitness in generation (Train): 2.41 | Mean fitness (Train): 2.94 | Mean fitness (Test): 2.31
 | Mean Accuracy (Test): 0.09
Generation 920 | Best fitness (Train): 2.13 | Best fitness in generation (Train): 2.37 | Mean fitness (Train): 3.02 | Mean fitness (Test): 2.31
 | Mean Accuracy (Test): 0.10
Generation 925 | Best fitness (Train): 2.13 | Best fitness in generation (Train): 2.38 | Mean fitness (Train): 2.78 | Mean fitness (Test): 2.31
 | Mean Accuracy (Test): 0.09
Generation 930 | Best fitness (Train): 2.13 | Best fitness in generation (Train): 2.43 | Mean fitness (Train): 2.97 | Mean fitness (Test): 2.30
 | Mean Accuracy (Test): 0.10
Generation 935 | Best fitness (Train): 2.13 | Best fitness in generation (Train): 2.43 | Mean fitness (Train): 2.82 | Mean fitness (Test): 2.30
 | Mean Accuracy (Test): 0.12
Generation 940 | Best fitness (Train): 2.13 | Best fitness in generation (Train): 2.41 | Mean fitness (Train): 2.90 | Mean fitness (Test): 2.30
 | Mean Accuracy (Test): 0.10
Generation 945 | Best fitness (Train): 2.13 | Best fitness in generation (Train): 2.38 | Mean fitness (Train): 3.21 | Mean fitness (Test): 2.31
 | Mean Accuracy (Test): 0.09
Generation 950 | Best fitness (Train): 2.13 | Best fitness in generation (Train): 2.44 | Mean fitness (Train): 2.79 | Mean fitness (Test): 2.30
 | Mean Accuracy (Test): 0.11
Generation 955 | Best fitness (Train): 2.13 | Best fitness in generation (Train): 2.39 | Mean fitness (Train): 2.75 | Mean fitness (Test): 2.30
 | Mean Accuracy (Test): 0.10
Generation 960 | Best fitness (Train): 2.13 | Best fitness in generation (Train): 2.36 | Mean fitness (Train): 2.91 | Mean fitness (Test): 2.31
 | Mean Accuracy (Test): 0.09
Generation 965 | Best fitness (Train): 2.13 | Best fitness in generation (Train): 2.43 | Mean fitness (Train): 2.81 | Mean fitness (Test): 2.30
 | Mean Accuracy (Test): 0.10
Generation 970 | Best fitness (Train): 2.13 | Best fitness in generation (Train): 2.39 | Mean fitness (Train): 2.73 | Mean fitness (Test): 2.31
 | Mean Accuracy (Test): 0.11
Generation 975 | Best fitness (Train): 2.13 | Best fitness in generation (Train): 2.37 | Mean fitness (Train): 2.84 | Mean fitness (Test): 2.30
 | Mean Accuracy (Test): 0.10
Generation 980 | Best fitness (Train): 2.13 | Best fitness in generation (Train): 2.43 | Mean fitness (Train): 2.89 | Mean fitness (Test): 2.31
 | Mean Accuracy (Test): 0.09
Generation 985 | Best fitness (Train): 2.13 | Best fitness in generation (Train): 2.36 | Mean fitness (Train): 3.13 | Mean fitness (Test): 2.30
 | Mean Accuracy (Test): 0.10
Generation 990 | Best fitness (Train): 2.13 | Best fitness in generation (Train): 2.37 | Mean fitness (Train): 2.82 | Mean fitness (Test): 2.31
 | Mean Accuracy (Test): 0.10
Generation 995 | Best fitness (Train): 2.13 | Best fitness in generation (Train): 2.39 | Mean fitness (Train): 2.82 | Mean fitness (Test): 2.30
 | Mean Accuracy (Test): 0.10
Generation 1000 | Best fitness (Train): 2.13 | Best fitness in generation (Train): 2.39 | Mean fitness (Train): 2.75 | Mean fitness (Test): 2.30
 | Mean Accuracy (Test): 0.09
Running ES algorithms:   0%|                                                                                                               | 0/1 [00:00<?, ?it/s][A
Running ES algorithms: 100%|██████████████████████████████████████████████████████████████████████████████████████████████████████| 1/1 [04:23<00:00, 263.72s/it][ARunning ES algorithms: 100%|██████████████████████████████████████████████████████████████████████████████████████████████████████| 1/1 [04:23<00:00, 263.72s/it]
Successfully loaded: CIFAR10
Loading Problems ..:  50%|████████████████████████████████████████████████████                                                    | 2/4 [07:36<07:54, 237.17s/it]
running the experiment ... [../../results/TorchVisionProblem/CIFAR10/Open_ES/0]
UNKNOWN: Failed to determine best cudnn convolution algorithm for:
%cudnn-conv.3 = (f32[1024,2048,32,32]{3,2,1,0}, u8[0]{0}) custom-call(f32[1024,3,32,32]{3,2,1,0} %bitcast.16284, f32[2048,3,5,5]{3,2,1,0} %bitcast.16858), window={size=5x5 pad=2_2x2_2}, dim_labels=bf01_oi01->bf01, custom_call_target="__cudnn$convForward", metadata={op_name="jit(scan_step)/jit(main)/while/body/jit(eval)/vmap(CNN)/Conv_0/conv_general_dilated" source_file="/home/ronedr/evolution-strategy-baselines-comparison/experiment/utils/es_utils.py" source_line=74}, backend_config={"operation_queue_id":"0","wait_on_operation_queues":[],"cudnn_conv_backend_config":{"conv_result_scale":1,"activation_mode":"kNone","side_input_scale":0,"leakyrelu_alpha":0},"force_earliest_schedule":false}

Original error: RESOURCE_EXHAUSTED: Out of memory while trying to allocate 8606711808 bytes. [tf-allocator-allocation-error='']

To ignore this failure and try to use a fallback algorithm (which may have suboptimal performance), use XLA_FLAGS=--xla_gpu_strict_conv_algorithm_picker=false.  Please also file a bug for the root cause of failing autotuning. Open_ES TorchVisionProblem/CIFAR10
Running ES algorithms:   0%|                                                                                                               | 0/1 [00:00<?, ?it/s][A
Running ES algorithms: 100%|███████████████████████████████████████████████████████████████████████████████████████████████████████| 1/1 [00:12<00:00, 12.69s/it][ARunning ES algorithms: 100%|███████████████████████████████████████████████████████████████████████████████████████████████████████| 1/1 [00:12<00:00, 12.69s/it]
Successfully loaded: SVHN
Loading Problems ..:  75%|██████████████████████████████████████████████████████████████████████████████                          | 3/4 [08:05<02:22, 142.01s/it]
running the experiment ... [../../results/TorchVisionProblem/SVHN/Open_ES/0]
UNKNOWN: Failed to determine best cudnn convolution algorithm for:
%cudnn-conv.3 = (f32[1024,2048,32,32]{3,2,1,0}, u8[0]{0}) custom-call(f32[1024,3,32,32]{3,2,1,0} %bitcast.16176, f32[2048,3,5,5]{3,2,1,0} %bitcast.16750), window={size=5x5 pad=2_2x2_2}, dim_labels=bf01_oi01->bf01, custom_call_target="__cudnn$convForward", metadata={op_name="jit(scan_step)/jit(main)/while/body/jit(eval)/vmap(CNN)/Conv_0/conv_general_dilated" source_file="/home/ronedr/evolution-strategy-baselines-comparison/experiment/utils/es_utils.py" source_line=74}, backend_config={"operation_queue_id":"0","wait_on_operation_queues":[],"cudnn_conv_backend_config":{"conv_result_scale":1,"activation_mode":"kNone","side_input_scale":0,"leakyrelu_alpha":0},"force_earliest_schedule":false}

Original error: RESOURCE_EXHAUSTED: Out of memory while trying to allocate 8606711808 bytes. [tf-allocator-allocation-error='']

To ignore this failure and try to use a fallback algorithm (which may have suboptimal performance), use XLA_FLAGS=--xla_gpu_strict_conv_algorithm_picker=false.  Please also file a bug for the root cause of failing autotuning. Open_ES TorchVisionProblem/SVHN
Running ES algorithms:   0%|                                                                                                               | 0/1 [00:00<?, ?it/s][A
Running ES algorithms: 100%|███████████████████████████████████████████████████████████████████████████████████████████████████████| 1/1 [00:16<00:00, 16.92s/it][ARunning ES algorithms: 100%|███████████████████████████████████████████████████████████████████████████████████████████████████████| 1/1 [00:16<00:00, 16.92s/it]
Loading Problems ..: 100%|████████████████████████████████████████████████████████████████████████████████████████████████████████| 4/4 [08:43<00:00, 101.04s/it]Loading Problems ..: 100%|████████████████████████████████████████████████████████████████████████████████████████████████████████| 4/4 [08:43<00:00, 131.00s/it]
