Sun 09 Nov 2025 00:24:20 IST

SLURM_JOBID:		 8041817
SLURM_JOB_NODELIST:	 cs-pheno-03 

configuration parmas running: problem_type=brax es_algorithms=PGPE
Loading Problems ..:   0%|                                                              | 0/12 [00:00<?, ?it/s]/home/ronedr/.conda/envs/ronedr_es_env/lib/python3.10/site-packages/brax/io/mjcf.py:480: UserWarning: Brax System, piplines and environments are not actively being maintained. Please see MJX for a well maintained JAX-based physics engine: https://github.com/google-deepmind/mujoco/tree/main/mjx. For a host of environments that use MJX, see: https://github.com/google-deepmind/mujoco_playground.
  warnings.warn(
E1109 00:24:39.103892 1693476 hlo_lexer.cc:443] Failed to parse int literal: 1986902096214075708017
Successfully loaded: ant

running the experiment ... [../../results/BraxProblem/ant/PGPE/0]
Generation 010 | Best fitness (Train): -2.12 | Best fitness in generation (Train): -8.19 | Mean fitness (Train): -51.51 | Mean fitness (Test): 7.27
Generation 020 | Best fitness (Train): -2.12 | Best fitness in generation (Train): -8.53 | Mean fitness (Train): -60.59 | Mean fitness (Test): -10.66
Generation 030 | Best fitness (Train): -2.12 | Best fitness in generation (Train): -7.72 | Mean fitness (Train): -55.79 | Mean fitness (Test): -6.66
Generation 040 | Best fitness (Train): 0.57 | Best fitness in generation (Train): -7.50 | Mean fitness (Train): -49.62 | Mean fitness (Test): -6.70
Generation 050 | Best fitness (Train): 0.57 | Best fitness in generation (Train): -5.58 | Mean fitness (Train): -45.81 | Mean fitness (Test): 3.96
Generation 060 | Best fitness (Train): 0.57 | Best fitness in generation (Train): -6.55 | Mean fitness (Train): -50.95 | Mean fitness (Test): 9.03
Generation 070 | Best fitness (Train): 0.57 | Best fitness in generation (Train): -9.77 | Mean fitness (Train): -51.56 | Mean fitness (Test): -40.16
Generation 080 | Best fitness (Train): 18.18 | Best fitness in generation (Train): -3.63 | Mean fitness (Train): -50.40 | Mean fitness (Test): 8.59
Generation 090 | Best fitness (Train): 18.18 | Best fitness in generation (Train): -9.75 | Mean fitness (Train): -54.50 | Mean fitness (Test): 10.74
Generation 100 | Best fitness (Train): 18.18 | Best fitness in generation (Train): -7.99 | Mean fitness (Train): -56.85 | Mean fitness (Test): -11.48
Generation 110 | Best fitness (Train): 18.18 | Best fitness in generation (Train): -7.89 | Mean fitness (Train): -52.58 | Mean fitness (Test): -2.42
Generation 120 | Best fitness (Train): 18.18 | Best fitness in generation (Train): -7.40 | Mean fitness (Train): -46.47 | Mean fitness (Test): 2.96
Generation 130 | Best fitness (Train): 18.18 | Best fitness in generation (Train): -4.75 | Mean fitness (Train): -50.88 | Mean fitness (Test): 0.60
Generation 140 | Best fitness (Train): 18.18 | Best fitness in generation (Train): -6.35 | Mean fitness (Train): -51.75 | Mean fitness (Test): 17.04
Generation 150 | Best fitness (Train): 18.18 | Best fitness in generation (Train): -7.45 | Mean fitness (Train): -50.07 | Mean fitness (Test): -11.99
Generation 160 | Best fitness (Train): 18.18 | Best fitness in generation (Train): -6.24 | Mean fitness (Train): -47.91 | Mean fitness (Test): -21.02
Generation 170 | Best fitness (Train): 18.18 | Best fitness in generation (Train): -6.06 | Mean fitness (Train): -51.34 | Mean fitness (Test): -12.97
Generation 180 | Best fitness (Train): 18.18 | Best fitness in generation (Train): -7.57 | Mean fitness (Train): -54.68 | Mean fitness (Test): -4.75
Generation 190 | Best fitness (Train): 18.18 | Best fitness in generation (Train): -5.38 | Mean fitness (Train): -51.92 | Mean fitness (Test): -4.88
Generation 200 | Best fitness (Train): 18.18 | Best fitness in generation (Train): -7.22 | Mean fitness (Train): -45.07 | Mean fitness (Test): -11.15
Generation 210 | Best fitness (Train): 18.18 | Best fitness in generation (Train): -5.99 | Mean fitness (Train): -46.85 | Mean fitness (Test): -26.08
Generation 220 | Best fitness (Train): 18.18 | Best fitness in generation (Train): -8.07 | Mean fitness (Train): -60.20 | Mean fitness (Test): -18.16
Generation 230 | Best fitness (Train): 18.18 | Best fitness in generation (Train): -7.50 | Mean fitness (Train): -53.21 | Mean fitness (Test): -18.14
Generation 240 | Best fitness (Train): 18.18 | Best fitness in generation (Train): -7.75 | Mean fitness (Train): -50.76 | Mean fitness (Test): -17.64
Generation 250 | Best fitness (Train): 18.18 | Best fitness in generation (Train): -6.75 | Mean fitness (Train): -50.27 | Mean fitness (Test): -7.39
Generation 260 | Best fitness (Train): 18.18 | Best fitness in generation (Train): -7.93 | Mean fitness (Train): -56.21 | Mean fitness (Test): -4.13
Generation 270 | Best fitness (Train): 18.18 | Best fitness in generation (Train): -8.29 | Mean fitness (Train): -49.58 | Mean fitness (Test): -10.03
Generation 280 | Best fitness (Train): 18.18 | Best fitness in generation (Train): -0.14 | Mean fitness (Train): -48.92 | Mean fitness (Test): -10.51
Generation 290 | Best fitness (Train): 18.18 | Best fitness in generation (Train): -7.01 | Mean fitness (Train): -51.75 | Mean fitness (Test): -23.80
Generation 300 | Best fitness (Train): 18.18 | Best fitness in generation (Train): -4.05 | Mean fitness (Train): -43.63 | Mean fitness (Test): -97.82
Generation 310 | Best fitness (Train): 18.18 | Best fitness in generation (Train): -10.49 | Mean fitness (Train): -53.18 | Mean fitness (Test): -34.12
Generation 320 | Best fitness (Train): 18.18 | Best fitness in generation (Train): -6.45 | Mean fitness (Train): -49.47 | Mean fitness (Test): -89.69
Generation 330 | Best fitness (Train): 18.18 | Best fitness in generation (Train): -8.74 | Mean fitness (Train): -55.39 | Mean fitness (Test): -29.60
Generation 340 | Best fitness (Train): 18.18 | Best fitness in generation (Train): -7.77 | Mean fitness (Train): -51.91 | Mean fitness (Test): -49.40
Generation 350 | Best fitness (Train): 18.18 | Best fitness in generation (Train): -4.96 | Mean fitness (Train): -51.13 | Mean fitness (Test): -28.87
Generation 360 | Best fitness (Train): 18.18 | Best fitness in generation (Train): -7.77 | Mean fitness (Train): -53.97 | Mean fitness (Test): -51.50
Generation 370 | Best fitness (Train): 18.18 | Best fitness in generation (Train): -6.84 | Mean fitness (Train): -45.54 | Mean fitness (Test): -19.19
Generation 380 | Best fitness (Train): 18.18 | Best fitness in generation (Train): -6.57 | Mean fitness (Train): -51.25 | Mean fitness (Test): -17.39
Generation 390 | Best fitness (Train): 18.18 | Best fitness in generation (Train): -7.70 | Mean fitness (Train): -55.38 | Mean fitness (Test): -12.51
Generation 400 | Best fitness (Train): 18.18 | Best fitness in generation (Train): -6.11 | Mean fitness (Train): -49.91 | Mean fitness (Test): -19.40
Generation 410 | Best fitness (Train): 18.18 | Best fitness in generation (Train): -5.58 | Mean fitness (Train): -53.41 | Mean fitness (Test): -13.92
Generation 420 | Best fitness (Train): 18.18 | Best fitness in generation (Train): -8.32 | Mean fitness (Train): -39.85 | Mean fitness (Test): -14.44
Generation 430 | Best fitness (Train): 18.18 | Best fitness in generation (Train): -9.98 | Mean fitness (Train): -59.79 | Mean fitness (Test): -28.82
Generation 440 | Best fitness (Train): 18.18 | Best fitness in generation (Train): -6.54 | Mean fitness (Train): -43.95 | Mean fitness (Test): -42.29
Generation 450 | Best fitness (Train): 18.18 | Best fitness in generation (Train): -6.18 | Mean fitness (Train): -57.61 | Mean fitness (Test): -17.38
Generation 460 | Best fitness (Train): 18.18 | Best fitness in generation (Train): -8.12 | Mean fitness (Train): -53.68 | Mean fitness (Test): -92.38
Generation 470 | Best fitness (Train): 18.18 | Best fitness in generation (Train): -6.70 | Mean fitness (Train): -46.64 | Mean fitness (Test): -6.51
Generation 480 | Best fitness (Train): 18.18 | Best fitness in generation (Train): -5.88 | Mean fitness (Train): -39.58 | Mean fitness (Test): -3.79
Generation 490 | Best fitness (Train): 18.18 | Best fitness in generation (Train): -8.43 | Mean fitness (Train): -46.99 | Mean fitness (Test): -9.88
Generation 500 | Best fitness (Train): 18.18 | Best fitness in generation (Train): -5.18 | Mean fitness (Train): -47.30 | Mean fitness (Test): -46.75
Generation 510 | Best fitness (Train): 18.18 | Best fitness in generation (Train): -10.30 | Mean fitness (Train): -57.99 | Mean fitness (Test): -109.65
Generation 520 | Best fitness (Train): 18.18 | Best fitness in generation (Train): -5.37 | Mean fitness (Train): -52.99 | Mean fitness (Test): -87.15
Generation 530 | Best fitness (Train): 18.18 | Best fitness in generation (Train): -4.50 | Mean fitness (Train): -37.75 | Mean fitness (Test): -4.43
Generation 540 | Best fitness (Train): 18.18 | Best fitness in generation (Train): -7.94 | Mean fitness (Train): -58.67 | Mean fitness (Test): -5.72
Generation 550 | Best fitness (Train): 18.18 | Best fitness in generation (Train): -3.91 | Mean fitness (Train): -39.18 | Mean fitness (Test): -4.52
Generation 560 | Best fitness (Train): 18.18 | Best fitness in generation (Train): -7.52 | Mean fitness (Train): -46.39 | Mean fitness (Test): -43.37
Generation 570 | Best fitness (Train): 18.18 | Best fitness in generation (Train): -4.75 | Mean fitness (Train): -44.39 | Mean fitness (Test): -15.66
Generation 580 | Best fitness (Train): 18.18 | Best fitness in generation (Train): -5.99 | Mean fitness (Train): -45.98 | Mean fitness (Test): -14.71
Generation 590 | Best fitness (Train): 18.18 | Best fitness in generation (Train): -1.29 | Mean fitness (Train): -39.56 | Mean fitness (Test): -6.75
Generation 600 | Best fitness (Train): 19.44 | Best fitness in generation (Train): -5.73 | Mean fitness (Train): -52.61 | Mean fitness (Test): -106.91
Generation 610 | Best fitness (Train): 19.44 | Best fitness in generation (Train): -9.97 | Mean fitness (Train): -56.59 | Mean fitness (Test): -78.18
Generation 620 | Best fitness (Train): 19.44 | Best fitness in generation (Train): -4.48 | Mean fitness (Train): -50.07 | Mean fitness (Test): -10.51
Generation 630 | Best fitness (Train): 19.44 | Best fitness in generation (Train): -5.56 | Mean fitness (Train): -44.90 | Mean fitness (Test): -8.63
Generation 640 | Best fitness (Train): 19.44 | Best fitness in generation (Train): -4.93 | Mean fitness (Train): -40.11 | Mean fitness (Test): -7.43
Generation 650 | Best fitness (Train): 19.44 | Best fitness in generation (Train): -7.11 | Mean fitness (Train): -41.37 | Mean fitness (Test): -58.71
Generation 660 | Best fitness (Train): 19.44 | Best fitness in generation (Train): -6.03 | Mean fitness (Train): -45.99 | Mean fitness (Test): -42.25
Generation 670 | Best fitness (Train): 19.44 | Best fitness in generation (Train): -6.70 | Mean fitness (Train): -48.59 | Mean fitness (Test): -9.51
Generation 680 | Best fitness (Train): 19.44 | Best fitness in generation (Train): -4.64 | Mean fitness (Train): -51.45 | Mean fitness (Test): -59.23
Generation 690 | Best fitness (Train): 19.44 | Best fitness in generation (Train): -6.42 | Mean fitness (Train): -47.58 | Mean fitness (Test): -24.03
Generation 700 | Best fitness (Train): 19.44 | Best fitness in generation (Train): -5.09 | Mean fitness (Train): -40.59 | Mean fitness (Test): -10.09
Generation 710 | Best fitness (Train): 19.44 | Best fitness in generation (Train): -7.68 | Mean fitness (Train): -50.42 | Mean fitness (Test): -7.67
Generation 720 | Best fitness (Train): 19.44 | Best fitness in generation (Train): -6.53 | Mean fitness (Train): -47.18 | Mean fitness (Test): -71.28
Generation 730 | Best fitness (Train): 19.44 | Best fitness in generation (Train): -5.85 | Mean fitness (Train): -49.73 | Mean fitness (Test): -38.72
Generation 740 | Best fitness (Train): 19.44 | Best fitness in generation (Train): -4.33 | Mean fitness (Train): -48.42 | Mean fitness (Test): -36.46
Generation 750 | Best fitness (Train): 19.44 | Best fitness in generation (Train): -5.27 | Mean fitness (Train): -45.59 | Mean fitness (Test): -42.56
Generation 760 | Best fitness (Train): 19.44 | Best fitness in generation (Train): -5.26 | Mean fitness (Train): -42.26 | Mean fitness (Test): -101.24
Generation 770 | Best fitness (Train): 19.44 | Best fitness in generation (Train): -5.53 | Mean fitness (Train): -38.74 | Mean fitness (Test): -9.23
Generation 780 | Best fitness (Train): 19.44 | Best fitness in generation (Train): -3.65 | Mean fitness (Train): -32.04 | Mean fitness (Test): -10.04
Generation 790 | Best fitness (Train): 19.44 | Best fitness in generation (Train): -8.72 | Mean fitness (Train): -52.11 | Mean fitness (Test): -75.40
Generation 800 | Best fitness (Train): 19.44 | Best fitness in generation (Train): -5.82 | Mean fitness (Train): -56.29 | Mean fitness (Test): -23.51
Generation 810 | Best fitness (Train): 19.44 | Best fitness in generation (Train): -4.09 | Mean fitness (Train): -40.36 | Mean fitness (Test): -13.34
Generation 820 | Best fitness (Train): 19.44 | Best fitness in generation (Train): -10.08 | Mean fitness (Train): -46.93 | Mean fitness (Test): -57.71
Generation 830 | Best fitness (Train): 19.44 | Best fitness in generation (Train): -5.03 | Mean fitness (Train): -37.77 | Mean fitness (Test): -6.27
Generation 840 | Best fitness (Train): 19.44 | Best fitness in generation (Train): -5.11 | Mean fitness (Train): -41.01 | Mean fitness (Test): -11.87
Generation 850 | Best fitness (Train): 19.44 | Best fitness in generation (Train): -7.51 | Mean fitness (Train): -39.21 | Mean fitness (Test): -11.65
Generation 860 | Best fitness (Train): 19.44 | Best fitness in generation (Train): -4.50 | Mean fitness (Train): -42.60 | Mean fitness (Test): -61.72
Generation 870 | Best fitness (Train): 19.44 | Best fitness in generation (Train): -5.97 | Mean fitness (Train): -51.05 | Mean fitness (Test): -83.50
Generation 880 | Best fitness (Train): 19.44 | Best fitness in generation (Train): -5.31 | Mean fitness (Train): -50.84 | Mean fitness (Test): -18.72
Generation 890 | Best fitness (Train): 19.44 | Best fitness in generation (Train): -4.38 | Mean fitness (Train): -39.43 | Mean fitness (Test): -16.89
Generation 900 | Best fitness (Train): 19.44 | Best fitness in generation (Train): -5.41 | Mean fitness (Train): -31.16 | Mean fitness (Test): -5.99
Generation 910 | Best fitness (Train): 19.44 | Best fitness in generation (Train): -4.93 | Mean fitness (Train): -39.01 | Mean fitness (Test): -10.24
Generation 920 | Best fitness (Train): 19.44 | Best fitness in generation (Train): -5.79 | Mean fitness (Train): -37.78 | Mean fitness (Test): -5.40
Generation 930 | Best fitness (Train): 19.44 | Best fitness in generation (Train): -6.17 | Mean fitness (Train): -37.84 | Mean fitness (Test): -8.56
Generation 940 | Best fitness (Train): 19.44 | Best fitness in generation (Train): -7.74 | Mean fitness (Train): -38.91 | Mean fitness (Test): -15.24
Generation 950 | Best fitness (Train): 19.44 | Best fitness in generation (Train): -4.97 | Mean fitness (Train): -30.62 | Mean fitness (Test): -8.04
Generation 960 | Best fitness (Train): 19.44 | Best fitness in generation (Train): -7.33 | Mean fitness (Train): -37.65 | Mean fitness (Test): -10.82
Generation 970 | Best fitness (Train): 19.44 | Best fitness in generation (Train): -8.95 | Mean fitness (Train): -32.47 | Mean fitness (Test): -23.62
Generation 980 | Best fitness (Train): 19.44 | Best fitness in generation (Train): -6.60 | Mean fitness (Train): -29.25 | Mean fitness (Test): -11.72
Generation 990 | Best fitness (Train): 19.44 | Best fitness in generation (Train): -4.37 | Mean fitness (Train): -48.05 | Mean fitness (Test): -69.49
Generation 1000 | Best fitness (Train): 19.44 | Best fitness in generation (Train): -5.17 | Mean fitness (Train): -36.85 | Mean fitness (Test): -21.00
running the experiment ... [../../results/BraxProblem/ant/PGPE/1]
Generation 010 | Best fitness (Train): -4.11 | Best fitness in generation (Train): -5.72 | Mean fitness (Train): -53.52 | Mean fitness (Test): 16.14
Generation 020 | Best fitness (Train): -2.20 | Best fitness in generation (Train): -7.46 | Mean fitness (Train): -55.79 | Mean fitness (Test): 8.55
Generation 030 | Best fitness (Train): -2.20 | Best fitness in generation (Train): -7.91 | Mean fitness (Train): -50.59 | Mean fitness (Test): 8.19
Generation 040 | Best fitness (Train): -2.20 | Best fitness in generation (Train): -7.66 | Mean fitness (Train): -64.16 | Mean fitness (Test): -10.86
Generation 050 | Best fitness (Train): -2.20 | Best fitness in generation (Train): -4.68 | Mean fitness (Train): -46.24 | Mean fitness (Test): -44.97
Generation 060 | Best fitness (Train): -2.20 | Best fitness in generation (Train): -4.46 | Mean fitness (Train): -52.67 | Mean fitness (Test): -10.10
Generation 070 | Best fitness (Train): -2.20 | Best fitness in generation (Train): -5.83 | Mean fitness (Train): -55.70 | Mean fitness (Test): -55.53
Generation 080 | Best fitness (Train): -2.20 | Best fitness in generation (Train): -8.24 | Mean fitness (Train): -51.44 | Mean fitness (Test): -18.75
Generation 090 | Best fitness (Train): 13.72 | Best fitness in generation (Train): -7.84 | Mean fitness (Train): -49.33 | Mean fitness (Test): -12.26
Generation 100 | Best fitness (Train): 13.72 | Best fitness in generation (Train): -5.44 | Mean fitness (Train): -48.09 | Mean fitness (Test): -1.92
Generation 110 | Best fitness (Train): 13.72 | Best fitness in generation (Train): -6.97 | Mean fitness (Train): -49.61 | Mean fitness (Test): -44.91
Generation 120 | Best fitness (Train): 13.72 | Best fitness in generation (Train): -4.42 | Mean fitness (Train): -51.06 | Mean fitness (Test): -14.39
Generation 130 | Best fitness (Train): 13.72 | Best fitness in generation (Train): -6.45 | Mean fitness (Train): -49.38 | Mean fitness (Test): 1.12
Generation 140 | Best fitness (Train): 13.72 | Best fitness in generation (Train): -5.86 | Mean fitness (Train): -54.23 | Mean fitness (Test): -13.73
Generation 150 | Best fitness (Train): 13.72 | Best fitness in generation (Train): -5.73 | Mean fitness (Train): -52.78 | Mean fitness (Test): -13.11
Generation 160 | Best fitness (Train): 13.72 | Best fitness in generation (Train): -9.10 | Mean fitness (Train): -47.74 | Mean fitness (Test): -2.30
Generation 170 | Best fitness (Train): 13.72 | Best fitness in generation (Train): -5.70 | Mean fitness (Train): -51.99 | Mean fitness (Test): -6.45
Generation 180 | Best fitness (Train): 13.72 | Best fitness in generation (Train): -6.44 | Mean fitness (Train): -49.13 | Mean fitness (Test): -9.64
Generation 190 | Best fitness (Train): 13.72 | Best fitness in generation (Train): -5.21 | Mean fitness (Train): -51.36 | Mean fitness (Test): -1.47
Generation 200 | Best fitness (Train): 13.72 | Best fitness in generation (Train): -7.47 | Mean fitness (Train): -53.70 | Mean fitness (Test): -9.52
Generation 210 | Best fitness (Train): 13.72 | Best fitness in generation (Train): -10.98 | Mean fitness (Train): -56.67 | Mean fitness (Test): -14.46
Generation 220 | Best fitness (Train): 13.72 | Best fitness in generation (Train): -7.15 | Mean fitness (Train): -51.48 | Mean fitness (Test): -14.11
Generation 230 | Best fitness (Train): 13.72 | Best fitness in generation (Train): -9.13 | Mean fitness (Train): -54.79 | Mean fitness (Test): -6.83
Generation 240 | Best fitness (Train): 13.72 | Best fitness in generation (Train): -8.68 | Mean fitness (Train): -50.80 | Mean fitness (Test): -10.69
Generation 250 | Best fitness (Train): 13.72 | Best fitness in generation (Train): -6.99 | Mean fitness (Train): -50.81 | Mean fitness (Test): -3.05
Generation 260 | Best fitness (Train): 13.72 | Best fitness in generation (Train): -3.27 | Mean fitness (Train): -45.19 | Mean fitness (Test): -6.29
Generation 270 | Best fitness (Train): 13.72 | Best fitness in generation (Train): -7.10 | Mean fitness (Train): -43.14 | Mean fitness (Test): -1.34
Generation 280 | Best fitness (Train): 13.72 | Best fitness in generation (Train): -7.00 | Mean fitness (Train): -52.39 | Mean fitness (Test): -24.70
Generation 290 | Best fitness (Train): 13.72 | Best fitness in generation (Train): -12.49 | Mean fitness (Train): -52.61 | Mean fitness (Test): -53.68
Generation 300 | Best fitness (Train): 13.72 | Best fitness in generation (Train): -5.24 | Mean fitness (Train): -49.44 | Mean fitness (Test): -19.43
Generation 310 | Best fitness (Train): 13.72 | Best fitness in generation (Train): -4.67 | Mean fitness (Train): -50.56 | Mean fitness (Test): -18.58
Generation 320 | Best fitness (Train): 13.72 | Best fitness in generation (Train): -6.47 | Mean fitness (Train): -50.01 | Mean fitness (Test): -44.14
Generation 330 | Best fitness (Train): 13.72 | Best fitness in generation (Train): -5.91 | Mean fitness (Train): -51.82 | Mean fitness (Test): -14.73
Generation 340 | Best fitness (Train): 13.72 | Best fitness in generation (Train): -5.65 | Mean fitness (Train): -46.47 | Mean fitness (Test): -5.10
Generation 350 | Best fitness (Train): 13.72 | Best fitness in generation (Train): -5.17 | Mean fitness (Train): -49.09 | Mean fitness (Test): -4.56
Generation 360 | Best fitness (Train): 13.72 | Best fitness in generation (Train): -4.87 | Mean fitness (Train): -52.06 | Mean fitness (Test): -11.55
Generation 370 | Best fitness (Train): 13.72 | Best fitness in generation (Train): -8.05 | Mean fitness (Train): -46.95 | Mean fitness (Test): -7.99
Generation 380 | Best fitness (Train): 13.72 | Best fitness in generation (Train): -6.18 | Mean fitness (Train): -50.04 | Mean fitness (Test): -49.02
Generation 390 | Best fitness (Train): 13.72 | Best fitness in generation (Train): -4.64 | Mean fitness (Train): -45.54 | Mean fitness (Test): -35.11
Generation 400 | Best fitness (Train): 13.72 | Best fitness in generation (Train): -5.40 | Mean fitness (Train): -46.90 | Mean fitness (Test): -48.69
Generation 410 | Best fitness (Train): 13.72 | Best fitness in generation (Train): -4.18 | Mean fitness (Train): -39.12 | Mean fitness (Test): -28.99
Generation 420 | Best fitness (Train): 13.72 | Best fitness in generation (Train): -6.28 | Mean fitness (Train): -51.23 | Mean fitness (Test): -10.33
Generation 430 | Best fitness (Train): 13.72 | Best fitness in generation (Train): -8.58 | Mean fitness (Train): -48.76 | Mean fitness (Test): -36.05
Generation 440 | Best fitness (Train): 13.72 | Best fitness in generation (Train): -6.75 | Mean fitness (Train): -45.98 | Mean fitness (Test): -19.46
Generation 450 | Best fitness (Train): 13.72 | Best fitness in generation (Train): -5.96 | Mean fitness (Train): -47.75 | Mean fitness (Test): -26.62
Generation 460 | Best fitness (Train): 13.72 | Best fitness in generation (Train): -6.60 | Mean fitness (Train): -44.68 | Mean fitness (Test): -18.37
Generation 470 | Best fitness (Train): 13.72 | Best fitness in generation (Train): -6.97 | Mean fitness (Train): -47.89 | Mean fitness (Test): -11.78
Generation 480 | Best fitness (Train): 13.72 | Best fitness in generation (Train): -5.80 | Mean fitness (Train): -50.34 | Mean fitness (Test): -121.03
Generation 490 | Best fitness (Train): 13.72 | Best fitness in generation (Train): -4.01 | Mean fitness (Train): -49.06 | Mean fitness (Test): -29.24
Generation 500 | Best fitness (Train): 13.72 | Best fitness in generation (Train): -6.21 | Mean fitness (Train): -41.97 | Mean fitness (Test): -31.81
Generation 510 | Best fitness (Train): 13.72 | Best fitness in generation (Train): -4.84 | Mean fitness (Train): -47.26 | Mean fitness (Test): -19.61
Generation 520 | Best fitness (Train): 13.72 | Best fitness in generation (Train): -6.15 | Mean fitness (Train): -43.67 | Mean fitness (Test): -19.16
Generation 530 | Best fitness (Train): 13.72 | Best fitness in generation (Train): -8.03 | Mean fitness (Train): -50.55 | Mean fitness (Test): -6.60
Generation 540 | Best fitness (Train): 13.72 | Best fitness in generation (Train): -10.46 | Mean fitness (Train): -51.89 | Mean fitness (Test): -10.47
Generation 550 | Best fitness (Train): 13.72 | Best fitness in generation (Train): -8.53 | Mean fitness (Train): -54.66 | Mean fitness (Test): -68.79
Generation 560 | Best fitness (Train): 13.72 | Best fitness in generation (Train): -8.59 | Mean fitness (Train): -49.12 | Mean fitness (Test): -22.54
Generation 570 | Best fitness (Train): 13.72 | Best fitness in generation (Train): -7.93 | Mean fitness (Train): -48.11 | Mean fitness (Test): -61.58
Generation 580 | Best fitness (Train): 13.72 | Best fitness in generation (Train): -7.98 | Mean fitness (Train): -44.97 | Mean fitness (Test): -9.45
Generation 590 | Best fitness (Train): 13.72 | Best fitness in generation (Train): -4.60 | Mean fitness (Train): -45.72 | Mean fitness (Test): -4.38
Generation 600 | Best fitness (Train): 13.72 | Best fitness in generation (Train): -5.85 | Mean fitness (Train): -46.24 | Mean fitness (Test): -8.61
Generation 610 | Best fitness (Train): 13.72 | Best fitness in generation (Train): -9.42 | Mean fitness (Train): -45.27 | Mean fitness (Test): -10.13
Generation 620 | Best fitness (Train): 13.72 | Best fitness in generation (Train): -5.19 | Mean fitness (Train): -42.90 | Mean fitness (Test): -6.72
Generation 630 | Best fitness (Train): 13.72 | Best fitness in generation (Train): -8.36 | Mean fitness (Train): -49.58 | Mean fitness (Test): -9.08
Generation 640 | Best fitness (Train): 13.72 | Best fitness in generation (Train): -7.80 | Mean fitness (Train): -36.47 | Mean fitness (Test): -8.51
Generation 650 | Best fitness (Train): 13.72 | Best fitness in generation (Train): -5.05 | Mean fitness (Train): -43.32 | Mean fitness (Test): -6.67
Generation 660 | Best fitness (Train): 13.72 | Best fitness in generation (Train): -3.09 | Mean fitness (Train): -39.14 | Mean fitness (Test): -86.44
Generation 670 | Best fitness (Train): 13.72 | Best fitness in generation (Train): -6.99 | Mean fitness (Train): -46.11 | Mean fitness (Test): -59.54
Generation 680 | Best fitness (Train): 13.72 | Best fitness in generation (Train): -5.85 | Mean fitness (Train): -47.92 | Mean fitness (Test): -32.22
Generation 690 | Best fitness (Train): 13.72 | Best fitness in generation (Train): -2.42 | Mean fitness (Train): -49.34 | Mean fitness (Test): -9.23
Generation 700 | Best fitness (Train): 13.72 | Best fitness in generation (Train): -9.61 | Mean fitness (Train): -50.12 | Mean fitness (Test): -16.56
Generation 710 | Best fitness (Train): 13.72 | Best fitness in generation (Train): -9.12 | Mean fitness (Train): -47.25 | Mean fitness (Test): -52.33
Generation 720 | Best fitness (Train): 13.72 | Best fitness in generation (Train): -4.20 | Mean fitness (Train): -45.85 | Mean fitness (Test): -6.32
Generation 730 | Best fitness (Train): 13.72 | Best fitness in generation (Train): -5.07 | Mean fitness (Train): -43.89 | Mean fitness (Test): -9.58
Generation 740 | Best fitness (Train): 13.72 | Best fitness in generation (Train): -4.32 | Mean fitness (Train): -47.98 | Mean fitness (Test): -41.43
Generation 750 | Best fitness (Train): 13.72 | Best fitness in generation (Train): -2.81 | Mean fitness (Train): -39.42 | Mean fitness (Test): -12.27
Generation 760 | Best fitness (Train): 13.72 | Best fitness in generation (Train): -4.91 | Mean fitness (Train): -42.48 | Mean fitness (Test): -7.42
Generation 770 | Best fitness (Train): 13.72 | Best fitness in generation (Train): -5.96 | Mean fitness (Train): -42.74 | Mean fitness (Test): -19.27
Generation 780 | Best fitness (Train): 13.72 | Best fitness in generation (Train): -8.24 | Mean fitness (Train): -47.61 | Mean fitness (Test): -33.28
Generation 790 | Best fitness (Train): 13.72 | Best fitness in generation (Train): -5.82 | Mean fitness (Train): -42.97 | Mean fitness (Test): -8.72
Generation 800 | Best fitness (Train): 13.72 | Best fitness in generation (Train): -5.49 | Mean fitness (Train): -42.12 | Mean fitness (Test): -6.76
Generation 810 | Best fitness (Train): 13.72 | Best fitness in generation (Train): -7.05 | Mean fitness (Train): -50.41 | Mean fitness (Test): -11.72
Generation 820 | Best fitness (Train): 13.72 | Best fitness in generation (Train): -4.27 | Mean fitness (Train): -45.58 | Mean fitness (Test): -10.03
Generation 830 | Best fitness (Train): 13.72 | Best fitness in generation (Train): -7.22 | Mean fitness (Train): -47.67 | Mean fitness (Test): -11.58
Generation 840 | Best fitness (Train): 13.72 | Best fitness in generation (Train): -12.56 | Mean fitness (Train): -51.15 | Mean fitness (Test): -12.65
Generation 850 | Best fitness (Train): 13.72 | Best fitness in generation (Train): -6.11 | Mean fitness (Train): -49.72 | Mean fitness (Test): -5.31
Generation 860 | Best fitness (Train): 13.72 | Best fitness in generation (Train): -4.75 | Mean fitness (Train): -29.04 | Mean fitness (Test): -7.19
Generation 870 | Best fitness (Train): 13.72 | Best fitness in generation (Train): -7.63 | Mean fitness (Train): -39.44 | Mean fitness (Test): -11.13
Generation 880 | Best fitness (Train): 13.72 | Best fitness in generation (Train): -3.42 | Mean fitness (Train): -35.71 | Mean fitness (Test): -7.39
Generation 890 | Best fitness (Train): 13.72 | Best fitness in generation (Train): -7.48 | Mean fitness (Train): -38.13 | Mean fitness (Test): -10.88
Generation 900 | Best fitness (Train): 13.72 | Best fitness in generation (Train): -7.57 | Mean fitness (Train): -34.97 | Mean fitness (Test): -10.52
Generation 910 | Best fitness (Train): 13.72 | Best fitness in generation (Train): -6.56 | Mean fitness (Train): -39.68 | Mean fitness (Test): -12.26
Generation 920 | Best fitness (Train): 13.72 | Best fitness in generation (Train): -4.48 | Mean fitness (Train): -37.30 | Mean fitness (Test): -26.47
Generation 930 | Best fitness (Train): 13.72 | Best fitness in generation (Train): -6.29 | Mean fitness (Train): -28.98 | Mean fitness (Test): -8.04
Generation 940 | Best fitness (Train): 13.72 | Best fitness in generation (Train): -7.75 | Mean fitness (Train): -43.98 | Mean fitness (Test): -13.95
Generation 950 | Best fitness (Train): 13.72 | Best fitness in generation (Train): -5.76 | Mean fitness (Train): -33.18 | Mean fitness (Test): -53.17
Generation 960 | Best fitness (Train): 13.72 | Best fitness in generation (Train): -5.39 | Mean fitness (Train): -28.10 | Mean fitness (Test): -5.88
Generation 970 | Best fitness (Train): 13.73 | Best fitness in generation (Train): -4.62 | Mean fitness (Train): -27.56 | Mean fitness (Test): -7.79
Generation 980 | Best fitness (Train): 13.73 | Best fitness in generation (Train): -8.58 | Mean fitness (Train): -34.22 | Mean fitness (Test): -15.84
Generation 990 | Best fitness (Train): 13.73 | Best fitness in generation (Train): -7.65 | Mean fitness (Train): -24.11 | Mean fitness (Test): -13.53
Generation 1000 | Best fitness (Train): 13.73 | Best fitness in generation (Train): -5.30 | Mean fitness (Train): -23.46 | Mean fitness (Test): -11.80
running the experiment ... [../../results/BraxProblem/ant/PGPE/2]
Generation 010 | Best fitness (Train): -4.36 | Best fitness in generation (Train): -9.13 | Mean fitness (Train): -60.91 | Mean fitness (Test): 19.93
Generation 020 | Best fitness (Train): -4.36 | Best fitness in generation (Train): -4.88 | Mean fitness (Train): -45.60 | Mean fitness (Test): 9.68
Generation 030 | Best fitness (Train): -4.36 | Best fitness in generation (Train): -7.08 | Mean fitness (Train): -54.20 | Mean fitness (Test): 46.99
Generation 040 | Best fitness (Train): -3.56 | Best fitness in generation (Train): -9.50 | Mean fitness (Train): -51.63 | Mean fitness (Test): 10.67
Generation 050 | Best fitness (Train): -3.56 | Best fitness in generation (Train): -8.74 | Mean fitness (Train): -52.26 | Mean fitness (Test): 1.23
Generation 060 | Best fitness (Train): -3.56 | Best fitness in generation (Train): -5.60 | Mean fitness (Train): -47.86 | Mean fitness (Test): 17.90
Generation 070 | Best fitness (Train): -0.84 | Best fitness in generation (Train): -7.48 | Mean fitness (Train): -56.16 | Mean fitness (Test): -0.32
Generation 080 | Best fitness (Train): -0.84 | Best fitness in generation (Train): -10.28 | Mean fitness (Train): -52.78 | Mean fitness (Test): -18.55
Generation 090 | Best fitness (Train): 0.48 | Best fitness in generation (Train): -8.06 | Mean fitness (Train): -58.56 | Mean fitness (Test): -5.44
Generation 100 | Best fitness (Train): 0.48 | Best fitness in generation (Train): -7.01 | Mean fitness (Train): -46.71 | Mean fitness (Test): -15.28
Generation 110 | Best fitness (Train): 0.48 | Best fitness in generation (Train): -8.39 | Mean fitness (Train): -49.31 | Mean fitness (Test): -210.00
Generation 120 | Best fitness (Train): 11.17 | Best fitness in generation (Train): 11.17 | Mean fitness (Train): -49.61 | Mean fitness (Test): -9.11
Generation 130 | Best fitness (Train): 11.17 | Best fitness in generation (Train): -5.21 | Mean fitness (Train): -49.47 | Mean fitness (Test): -149.49
Generation 140 | Best fitness (Train): 11.17 | Best fitness in generation (Train): -5.67 | Mean fitness (Train): -45.09 | Mean fitness (Test): -10.00
Generation 150 | Best fitness (Train): 11.17 | Best fitness in generation (Train): -9.43 | Mean fitness (Train): -52.14 | Mean fitness (Test): -14.60
Generation 160 | Best fitness (Train): 11.17 | Best fitness in generation (Train): -4.90 | Mean fitness (Train): -59.53 | Mean fitness (Test): -107.39
Generation 170 | Best fitness (Train): 11.17 | Best fitness in generation (Train): -9.06 | Mean fitness (Train): -48.80 | Mean fitness (Test): -12.00
Generation 180 | Best fitness (Train): 11.17 | Best fitness in generation (Train): -6.56 | Mean fitness (Train): -57.77 | Mean fitness (Test): -11.19
Generation 190 | Best fitness (Train): 11.17 | Best fitness in generation (Train): -5.40 | Mean fitness (Train): -52.65 | Mean fitness (Test): -179.13
Generation 200 | Best fitness (Train): 11.17 | Best fitness in generation (Train): -4.73 | Mean fitness (Train): -48.69 | Mean fitness (Test): -16.72
Generation 210 | Best fitness (Train): 11.17 | Best fitness in generation (Train): -8.53 | Mean fitness (Train): -52.45 | Mean fitness (Test): -109.17
Generation 220 | Best fitness (Train): 11.17 | Best fitness in generation (Train): -7.25 | Mean fitness (Train): -56.23 | Mean fitness (Test): -18.75
Generation 230 | Best fitness (Train): 11.17 | Best fitness in generation (Train): -3.58 | Mean fitness (Train): -48.79 | Mean fitness (Test): -76.04
Generation 240 | Best fitness (Train): 11.17 | Best fitness in generation (Train): -7.28 | Mean fitness (Train): -55.20 | Mean fitness (Test): -11.02
Generation 250 | Best fitness (Train): 11.17 | Best fitness in generation (Train): -3.50 | Mean fitness (Train): -52.12 | Mean fitness (Test): -14.17
Generation 260 | Best fitness (Train): 11.17 | Best fitness in generation (Train): -6.14 | Mean fitness (Train): -54.07 | Mean fitness (Test): -66.45
Generation 270 | Best fitness (Train): 11.17 | Best fitness in generation (Train): -9.23 | Mean fitness (Train): -58.00 | Mean fitness (Test): -29.30
Generation 280 | Best fitness (Train): 11.17 | Best fitness in generation (Train): -5.90 | Mean fitness (Train): -53.38 | Mean fitness (Test): -18.35
Generation 290 | Best fitness (Train): 11.17 | Best fitness in generation (Train): -7.24 | Mean fitness (Train): -56.08 | Mean fitness (Test): -50.01
Generation 300 | Best fitness (Train): 11.17 | Best fitness in generation (Train): -7.13 | Mean fitness (Train): -53.27 | Mean fitness (Test): -53.43
Generation 310 | Best fitness (Train): 11.17 | Best fitness in generation (Train): -5.10 | Mean fitness (Train): -52.56 | Mean fitness (Test): -9.63
Generation 320 | Best fitness (Train): 11.17 | Best fitness in generation (Train): -8.91 | Mean fitness (Train): -51.23 | Mean fitness (Test): -80.43
Generation 330 | Best fitness (Train): 11.17 | Best fitness in generation (Train): -7.29 | Mean fitness (Train): -52.93 | Mean fitness (Test): -20.60
Generation 340 | Best fitness (Train): 11.17 | Best fitness in generation (Train): -6.58 | Mean fitness (Train): -55.18 | Mean fitness (Test): -12.13
Generation 350 | Best fitness (Train): 11.17 | Best fitness in generation (Train): -7.61 | Mean fitness (Train): -54.49 | Mean fitness (Test): -69.75
Generation 360 | Best fitness (Train): 11.17 | Best fitness in generation (Train): -8.00 | Mean fitness (Train): -46.77 | Mean fitness (Test): -5.40
Generation 370 | Best fitness (Train): 11.17 | Best fitness in generation (Train): -1.47 | Mean fitness (Train): -49.72 | Mean fitness (Test): -20.39
Generation 380 | Best fitness (Train): 11.17 | Best fitness in generation (Train): -2.90 | Mean fitness (Train): -48.95 | Mean fitness (Test): -55.79
Generation 390 | Best fitness (Train): 11.17 | Best fitness in generation (Train): -2.56 | Mean fitness (Train): -48.92 | Mean fitness (Test): -28.60
Generation 400 | Best fitness (Train): 11.17 | Best fitness in generation (Train): -6.09 | Mean fitness (Train): -51.17 | Mean fitness (Test): -22.79
Generation 410 | Best fitness (Train): 11.17 | Best fitness in generation (Train): -10.15 | Mean fitness (Train): -55.71 | Mean fitness (Test): -13.62
Generation 420 | Best fitness (Train): 11.17 | Best fitness in generation (Train): -5.58 | Mean fitness (Train): -47.15 | Mean fitness (Test): -8.58
Generation 430 | Best fitness (Train): 11.17 | Best fitness in generation (Train): -7.52 | Mean fitness (Train): -44.78 | Mean fitness (Test): -43.63
Generation 440 | Best fitness (Train): 11.17 | Best fitness in generation (Train): -3.97 | Mean fitness (Train): -47.73 | Mean fitness (Test): -26.12
Generation 450 | Best fitness (Train): 11.17 | Best fitness in generation (Train): -7.57 | Mean fitness (Train): -49.14 | Mean fitness (Test): -7.02
Generation 460 | Best fitness (Train): 11.17 | Best fitness in generation (Train): 6.75 | Mean fitness (Train): -45.49 | Mean fitness (Test): -25.20
Generation 470 | Best fitness (Train): 11.17 | Best fitness in generation (Train): -6.33 | Mean fitness (Train): -49.91 | Mean fitness (Test): -6.02
Generation 480 | Best fitness (Train): 11.17 | Best fitness in generation (Train): -2.98 | Mean fitness (Train): -50.33 | Mean fitness (Test): -19.56
Generation 490 | Best fitness (Train): 11.17 | Best fitness in generation (Train): -4.49 | Mean fitness (Train): -44.87 | Mean fitness (Test): -10.91
Generation 500 | Best fitness (Train): 12.80 | Best fitness in generation (Train): -5.42 | Mean fitness (Train): -41.91 | Mean fitness (Test): -27.77
Generation 510 | Best fitness (Train): 12.80 | Best fitness in generation (Train): -6.81 | Mean fitness (Train): -49.27 | Mean fitness (Test): -9.27
Generation 520 | Best fitness (Train): 12.80 | Best fitness in generation (Train): -8.27 | Mean fitness (Train): -46.45 | Mean fitness (Test): -8.53
Generation 530 | Best fitness (Train): 12.80 | Best fitness in generation (Train): -8.00 | Mean fitness (Train): -46.25 | Mean fitness (Test): -5.46
Generation 540 | Best fitness (Train): 12.80 | Best fitness in generation (Train): -8.19 | Mean fitness (Train): -49.22 | Mean fitness (Test): -25.23
Generation 550 | Best fitness (Train): 12.80 | Best fitness in generation (Train): 1.52 | Mean fitness (Train): -44.67 | Mean fitness (Test): -10.18
Generation 560 | Best fitness (Train): 12.80 | Best fitness in generation (Train): -8.70 | Mean fitness (Train): -52.04 | Mean fitness (Test): -90.14
Generation 570 | Best fitness (Train): 12.80 | Best fitness in generation (Train): -6.86 | Mean fitness (Train): -44.03 | Mean fitness (Test): -51.54
Generation 580 | Best fitness (Train): 12.80 | Best fitness in generation (Train): -5.58 | Mean fitness (Train): -51.66 | Mean fitness (Test): -23.61
Generation 590 | Best fitness (Train): 12.80 | Best fitness in generation (Train): -4.03 | Mean fitness (Train): -46.41 | Mean fitness (Test): -37.55
Generation 600 | Best fitness (Train): 12.80 | Best fitness in generation (Train): -6.71 | Mean fitness (Train): -44.86 | Mean fitness (Test): -52.08
Generation 610 | Best fitness (Train): 12.80 | Best fitness in generation (Train): -6.82 | Mean fitness (Train): -43.14 | Mean fitness (Test): -9.88
Generation 620 | Best fitness (Train): 12.80 | Best fitness in generation (Train): -6.10 | Mean fitness (Train): -51.30 | Mean fitness (Test): -43.18
Generation 630 | Best fitness (Train): 12.80 | Best fitness in generation (Train): -6.09 | Mean fitness (Train): -45.42 | Mean fitness (Test): -14.13
Generation 640 | Best fitness (Train): 12.80 | Best fitness in generation (Train): -2.91 | Mean fitness (Train): -49.72 | Mean fitness (Test): -98.71
Generation 650 | Best fitness (Train): 12.80 | Best fitness in generation (Train): -8.63 | Mean fitness (Train): -42.70 | Mean fitness (Test): -33.66
Generation 660 | Best fitness (Train): 12.80 | Best fitness in generation (Train): -8.96 | Mean fitness (Train): -51.35 | Mean fitness (Test): -26.79
Generation 670 | Best fitness (Train): 12.80 | Best fitness in generation (Train): -7.99 | Mean fitness (Train): -51.39 | Mean fitness (Test): -8.78
Generation 680 | Best fitness (Train): 12.80 | Best fitness in generation (Train): -6.74 | Mean fitness (Train): -53.84 | Mean fitness (Test): -14.77
Generation 690 | Best fitness (Train): 12.80 | Best fitness in generation (Train): -5.91 | Mean fitness (Train): -41.54 | Mean fitness (Test): -7.15
Generation 700 | Best fitness (Train): 12.80 | Best fitness in generation (Train): -4.82 | Mean fitness (Train): -44.44 | Mean fitness (Test): -39.91
Generation 710 | Best fitness (Train): 12.80 | Best fitness in generation (Train): -6.62 | Mean fitness (Train): -49.00 | Mean fitness (Test): -14.62
Generation 720 | Best fitness (Train): 12.80 | Best fitness in generation (Train): -3.97 | Mean fitness (Train): -35.40 | Mean fitness (Test): -7.08
Generation 730 | Best fitness (Train): 12.80 | Best fitness in generation (Train): -4.82 | Mean fitness (Train): -47.00 | Mean fitness (Test): -10.62
Generation 740 | Best fitness (Train): 12.80 | Best fitness in generation (Train): -6.51 | Mean fitness (Train): -44.07 | Mean fitness (Test): -15.40
Generation 750 | Best fitness (Train): 12.80 | Best fitness in generation (Train): -6.41 | Mean fitness (Train): -51.87 | Mean fitness (Test): -43.32
Generation 760 | Best fitness (Train): 12.80 | Best fitness in generation (Train): -4.47 | Mean fitness (Train): -42.57 | Mean fitness (Test): -11.25
Generation 770 | Best fitness (Train): 12.80 | Best fitness in generation (Train): -5.00 | Mean fitness (Train): -40.73 | Mean fitness (Test): -10.04
Generation 780 | Best fitness (Train): 12.80 | Best fitness in generation (Train): -6.43 | Mean fitness (Train): -42.18 | Mean fitness (Test): -35.73
Generation 790 | Best fitness (Train): 12.80 | Best fitness in generation (Train): -6.14 | Mean fitness (Train): -34.32 | Mean fitness (Test): -5.96
Generation 800 | Best fitness (Train): 12.80 | Best fitness in generation (Train): -6.11 | Mean fitness (Train): -40.72 | Mean fitness (Test): -14.72
Generation 810 | Best fitness (Train): 12.80 | Best fitness in generation (Train): -3.56 | Mean fitness (Train): -34.49 | Mean fitness (Test): -9.44
Generation 820 | Best fitness (Train): 12.80 | Best fitness in generation (Train): -7.35 | Mean fitness (Train): -43.13 | Mean fitness (Test): -18.31
Generation 830 | Best fitness (Train): 12.80 | Best fitness in generation (Train): -5.88 | Mean fitness (Train): -43.29 | Mean fitness (Test): -15.40
Generation 840 | Best fitness (Train): 12.80 | Best fitness in generation (Train): -5.39 | Mean fitness (Train): -37.02 | Mean fitness (Test): -8.39
Generation 850 | Best fitness (Train): 12.80 | Best fitness in generation (Train): -9.14 | Mean fitness (Train): -49.53 | Mean fitness (Test): -12.85
Generation 860 | Best fitness (Train): 12.80 | Best fitness in generation (Train): -7.35 | Mean fitness (Train): -39.90 | Mean fitness (Test): -16.40
Generation 870 | Best fitness (Train): 12.80 | Best fitness in generation (Train): -4.17 | Mean fitness (Train): -28.03 | Mean fitness (Test): -7.07
Generation 880 | Best fitness (Train): 12.80 | Best fitness in generation (Train): -9.47 | Mean fitness (Train): -44.47 | Mean fitness (Test): -15.72
Generation 890 | Best fitness (Train): 12.80 | Best fitness in generation (Train): -6.17 | Mean fitness (Train): -39.73 | Mean fitness (Test): -10.78
Generation 900 | Best fitness (Train): 12.80 | Best fitness in generation (Train): -5.21 | Mean fitness (Train): -35.72 | Mean fitness (Test): -8.51
Generation 910 | Best fitness (Train): 12.80 | Best fitness in generation (Train): -2.88 | Mean fitness (Train): -44.23 | Mean fitness (Test): -12.97
Generation 920 | Best fitness (Train): 12.80 | Best fitness in generation (Train): -5.65 | Mean fitness (Train): -34.96 | Mean fitness (Test): -15.11
Generation 930 | Best fitness (Train): 12.80 | Best fitness in generation (Train): -9.42 | Mean fitness (Train): -50.88 | Mean fitness (Test): -8.41
Generation 940 | Best fitness (Train): 12.80 | Best fitness in generation (Train): -5.04 | Mean fitness (Train): -30.80 | Mean fitness (Test): -6.54
Generation 950 | Best fitness (Train): 12.80 | Best fitness in generation (Train): -8.82 | Mean fitness (Train): -43.68 | Mean fitness (Test): -47.16
Generation 960 | Best fitness (Train): 12.80 | Best fitness in generation (Train): -8.48 | Mean fitness (Train): -32.26 | Mean fitness (Test): -21.41
Generation 970 | Best fitness (Train): 12.80 | Best fitness in generation (Train): -8.99 | Mean fitness (Train): -45.31 | Mean fitness (Test): -25.36
Generation 980 | Best fitness (Train): 12.80 | Best fitness in generation (Train): -6.28 | Mean fitness (Train): -38.26 | Mean fitness (Test): -28.02
Generation 990 | Best fitness (Train): 12.80 | Best fitness in generation (Train): -2.56 | Mean fitness (Train): -38.48 | Mean fitness (Test): -34.93
Generation 1000 | Best fitness (Train): 12.80 | Best fitness in generation (Train): -6.13 | Mean fitness (Train): -31.80 | Mean fitness (Test): -15.36
running the experiment ... [../../results/BraxProblem/ant/PGPE/3]
Generation 010 | Best fitness (Train): -5.62 | Best fitness in generation (Train): -7.41 | Mean fitness (Train): -50.13 | Mean fitness (Test): 7.47
Generation 020 | Best fitness (Train): -1.65 | Best fitness in generation (Train): -3.71 | Mean fitness (Train): -48.47 | Mean fitness (Test): 0.15
Generation 030 | Best fitness (Train): -1.65 | Best fitness in generation (Train): -10.89 | Mean fitness (Train): -60.08 | Mean fitness (Test): -0.39
Generation 040 | Best fitness (Train): -1.65 | Best fitness in generation (Train): -8.20 | Mean fitness (Train): -53.43 | Mean fitness (Test): -8.20
Generation 050 | Best fitness (Train): -1.65 | Best fitness in generation (Train): -9.77 | Mean fitness (Train): -55.61 | Mean fitness (Test): -28.53
Generation 060 | Best fitness (Train): -1.65 | Best fitness in generation (Train): -4.03 | Mean fitness (Train): -43.84 | Mean fitness (Test): 1.66
Generation 070 | Best fitness (Train): -1.65 | Best fitness in generation (Train): -3.73 | Mean fitness (Train): -46.01 | Mean fitness (Test): -36.53
Generation 080 | Best fitness (Train): -1.65 | Best fitness in generation (Train): -6.13 | Mean fitness (Train): -53.65 | Mean fitness (Test): -28.11
Generation 090 | Best fitness (Train): -1.65 | Best fitness in generation (Train): -6.02 | Mean fitness (Train): -49.65 | Mean fitness (Test): -19.25
Generation 100 | Best fitness (Train): -1.65 | Best fitness in generation (Train): -6.51 | Mean fitness (Train): -50.64 | Mean fitness (Test): -23.58
Generation 110 | Best fitness (Train): -1.65 | Best fitness in generation (Train): -4.52 | Mean fitness (Train): -46.19 | Mean fitness (Test): -0.07
Generation 120 | Best fitness (Train): -1.65 | Best fitness in generation (Train): -7.78 | Mean fitness (Train): -53.53 | Mean fitness (Test): 14.34
Generation 130 | Best fitness (Train): -1.65 | Best fitness in generation (Train): -7.85 | Mean fitness (Train): -55.35 | Mean fitness (Test): -27.24
Generation 140 | Best fitness (Train): -0.50 | Best fitness in generation (Train): -6.46 | Mean fitness (Train): -52.16 | Mean fitness (Test): -20.21
Generation 150 | Best fitness (Train): -0.50 | Best fitness in generation (Train): -8.32 | Mean fitness (Train): -58.60 | Mean fitness (Test): -6.95
Generation 160 | Best fitness (Train): -0.50 | Best fitness in generation (Train): -9.15 | Mean fitness (Train): -54.73 | Mean fitness (Test): -5.39
Generation 170 | Best fitness (Train): -0.50 | Best fitness in generation (Train): -5.19 | Mean fitness (Train): -51.95 | Mean fitness (Test): -5.64
Generation 180 | Best fitness (Train): -0.50 | Best fitness in generation (Train): -6.59 | Mean fitness (Train): -46.20 | Mean fitness (Test): -43.88
Generation 190 | Best fitness (Train): -0.50 | Best fitness in generation (Train): -6.16 | Mean fitness (Train): -50.86 | Mean fitness (Test): -10.00
Generation 200 | Best fitness (Train): -0.50 | Best fitness in generation (Train): -5.03 | Mean fitness (Train): -44.96 | Mean fitness (Test): -13.26
Generation 210 | Best fitness (Train): -0.50 | Best fitness in generation (Train): -7.43 | Mean fitness (Train): -52.34 | Mean fitness (Test): -40.02
Generation 220 | Best fitness (Train): -0.50 | Best fitness in generation (Train): -7.47 | Mean fitness (Train): -51.54 | Mean fitness (Test): -10.82
Generation 230 | Best fitness (Train): -0.50 | Best fitness in generation (Train): -5.46 | Mean fitness (Train): -42.39 | Mean fitness (Test): 5.90
Generation 240 | Best fitness (Train): -0.50 | Best fitness in generation (Train): -8.93 | Mean fitness (Train): -54.56 | Mean fitness (Test): -25.27
Generation 250 | Best fitness (Train): -0.50 | Best fitness in generation (Train): -7.09 | Mean fitness (Train): -55.10 | Mean fitness (Test): -7.43
Generation 260 | Best fitness (Train): -0.50 | Best fitness in generation (Train): -6.71 | Mean fitness (Train): -56.32 | Mean fitness (Test): -27.15
Generation 270 | Best fitness (Train): -0.50 | Best fitness in generation (Train): -6.25 | Mean fitness (Train): -54.50 | Mean fitness (Test): -12.50
Generation 280 | Best fitness (Train): -0.50 | Best fitness in generation (Train): -9.49 | Mean fitness (Train): -50.67 | Mean fitness (Test): -24.62
Generation 290 | Best fitness (Train): -0.50 | Best fitness in generation (Train): -6.35 | Mean fitness (Train): -60.58 | Mean fitness (Test): -16.96
Generation 300 | Best fitness (Train): -0.50 | Best fitness in generation (Train): -9.40 | Mean fitness (Train): -47.92 | Mean fitness (Test): -22.82
Generation 310 | Best fitness (Train): -0.50 | Best fitness in generation (Train): -4.89 | Mean fitness (Train): -47.13 | Mean fitness (Test): -35.20
Generation 320 | Best fitness (Train): -0.50 | Best fitness in generation (Train): -4.34 | Mean fitness (Train): -51.04 | Mean fitness (Test): -8.00
Generation 330 | Best fitness (Train): -0.50 | Best fitness in generation (Train): -7.55 | Mean fitness (Train): -48.79 | Mean fitness (Test): -35.58
Generation 340 | Best fitness (Train): -0.50 | Best fitness in generation (Train): -4.32 | Mean fitness (Train): -44.65 | Mean fitness (Test): -6.59
Generation 350 | Best fitness (Train): 3.29 | Best fitness in generation (Train): -6.13 | Mean fitness (Train): -54.08 | Mean fitness (Test): -17.74
Generation 360 | Best fitness (Train): 3.29 | Best fitness in generation (Train): -5.81 | Mean fitness (Train): -51.44 | Mean fitness (Test): -4.37
Generation 370 | Best fitness (Train): 3.29 | Best fitness in generation (Train): -11.21 | Mean fitness (Train): -55.40 | Mean fitness (Test): -14.29
Generation 380 | Best fitness (Train): 3.29 | Best fitness in generation (Train): -5.67 | Mean fitness (Train): -54.55 | Mean fitness (Test): -34.24
Generation 390 | Best fitness (Train): 3.29 | Best fitness in generation (Train): -3.62 | Mean fitness (Train): -33.48 | Mean fitness (Test): -2.53
Generation 400 | Best fitness (Train): 3.29 | Best fitness in generation (Train): -4.90 | Mean fitness (Train): -44.38 | Mean fitness (Test): -14.80
Generation 410 | Best fitness (Train): 3.29 | Best fitness in generation (Train): -6.68 | Mean fitness (Train): -46.96 | Mean fitness (Test): -6.97
Generation 420 | Best fitness (Train): 3.29 | Best fitness in generation (Train): -5.33 | Mean fitness (Train): -52.37 | Mean fitness (Test): -31.49
Generation 430 | Best fitness (Train): 3.29 | Best fitness in generation (Train): -5.01 | Mean fitness (Train): -47.81 | Mean fitness (Test): -206.12
Generation 440 | Best fitness (Train): 3.29 | Best fitness in generation (Train): -6.34 | Mean fitness (Train): -49.85 | Mean fitness (Test): -16.47
Generation 450 | Best fitness (Train): 3.29 | Best fitness in generation (Train): -6.71 | Mean fitness (Train): -51.49 | Mean fitness (Test): -215.27
Generation 460 | Best fitness (Train): 3.29 | Best fitness in generation (Train): -3.55 | Mean fitness (Train): -49.58 | Mean fitness (Test): -2.95
Generation 470 | Best fitness (Train): 3.29 | Best fitness in generation (Train): -5.94 | Mean fitness (Train): -51.22 | Mean fitness (Test): -82.47
Generation 480 | Best fitness (Train): 3.29 | Best fitness in generation (Train): -5.98 | Mean fitness (Train): -51.20 | Mean fitness (Test): -41.90
Generation 490 | Best fitness (Train): 3.29 | Best fitness in generation (Train): -8.40 | Mean fitness (Train): -51.84 | Mean fitness (Test): -18.00
Generation 500 | Best fitness (Train): 3.29 | Best fitness in generation (Train): -3.72 | Mean fitness (Train): -47.78 | Mean fitness (Test): -8.86
Generation 510 | Best fitness (Train): 3.29 | Best fitness in generation (Train): -8.69 | Mean fitness (Train): -47.36 | Mean fitness (Test): -24.63
Generation 520 | Best fitness (Train): 3.29 | Best fitness in generation (Train): 2.72 | Mean fitness (Train): -43.40 | Mean fitness (Test): -22.19
Generation 530 | Best fitness (Train): 3.29 | Best fitness in generation (Train): -9.66 | Mean fitness (Train): -55.48 | Mean fitness (Test): -40.84
Generation 540 | Best fitness (Train): 3.29 | Best fitness in generation (Train): -8.99 | Mean fitness (Train): -49.93 | Mean fitness (Test): -24.32
Generation 550 | Best fitness (Train): 3.29 | Best fitness in generation (Train): -9.22 | Mean fitness (Train): -47.67 | Mean fitness (Test): -35.03
Generation 560 | Best fitness (Train): 3.29 | Best fitness in generation (Train): -7.01 | Mean fitness (Train): -52.23 | Mean fitness (Test): -54.69
Generation 570 | Best fitness (Train): 3.29 | Best fitness in generation (Train): -7.50 | Mean fitness (Train): -49.69 | Mean fitness (Test): -32.22
Generation 580 | Best fitness (Train): 3.29 | Best fitness in generation (Train): -7.91 | Mean fitness (Train): -47.97 | Mean fitness (Test): -76.02
Generation 590 | Best fitness (Train): 3.29 | Best fitness in generation (Train): -8.24 | Mean fitness (Train): -51.92 | Mean fitness (Test): -28.06
Generation 600 | Best fitness (Train): 3.29 | Best fitness in generation (Train): -5.89 | Mean fitness (Train): -43.03 | Mean fitness (Test): -45.09
Generation 610 | Best fitness (Train): 3.29 | Best fitness in generation (Train): -6.35 | Mean fitness (Train): -43.85 | Mean fitness (Test): -22.92
Generation 620 | Best fitness (Train): 3.29 | Best fitness in generation (Train): -6.53 | Mean fitness (Train): -58.22 | Mean fitness (Test): -37.36
Generation 630 | Best fitness (Train): 3.29 | Best fitness in generation (Train): -11.87 | Mean fitness (Train): -45.92 | Mean fitness (Test): -14.45
Generation 640 | Best fitness (Train): 3.29 | Best fitness in generation (Train): -6.79 | Mean fitness (Train): -45.52 | Mean fitness (Test): -42.07
Generation 650 | Best fitness (Train): 3.29 | Best fitness in generation (Train): -4.85 | Mean fitness (Train): -49.51 | Mean fitness (Test): -5.52
Generation 660 | Best fitness (Train): 3.29 | Best fitness in generation (Train): -6.50 | Mean fitness (Train): -51.38 | Mean fitness (Test): -11.28
Generation 670 | Best fitness (Train): 3.29 | Best fitness in generation (Train): -6.70 | Mean fitness (Train): -45.08 | Mean fitness (Test): -8.89
Generation 680 | Best fitness (Train): 3.29 | Best fitness in generation (Train): -5.49 | Mean fitness (Train): -47.64 | Mean fitness (Test): -30.69
Generation 690 | Best fitness (Train): 3.29 | Best fitness in generation (Train): -9.17 | Mean fitness (Train): -50.77 | Mean fitness (Test): -62.32
Generation 700 | Best fitness (Train): 3.29 | Best fitness in generation (Train): -7.82 | Mean fitness (Train): -47.84 | Mean fitness (Test): -11.63
Generation 710 | Best fitness (Train): 3.29 | Best fitness in generation (Train): -6.67 | Mean fitness (Train): -46.48 | Mean fitness (Test): -25.50
Generation 720 | Best fitness (Train): 3.29 | Best fitness in generation (Train): -5.40 | Mean fitness (Train): -37.33 | Mean fitness (Test): -8.03
Generation 730 | Best fitness (Train): 3.29 | Best fitness in generation (Train): -4.79 | Mean fitness (Train): -45.92 | Mean fitness (Test): -13.64
Generation 740 | Best fitness (Train): 3.29 | Best fitness in generation (Train): -6.31 | Mean fitness (Train): -47.36 | Mean fitness (Test): -13.41
Generation 750 | Best fitness (Train): 3.29 | Best fitness in generation (Train): -3.78 | Mean fitness (Train): -42.10 | Mean fitness (Test): -7.16
Generation 760 | Best fitness (Train): 3.29 | Best fitness in generation (Train): -8.53 | Mean fitness (Train): -55.96 | Mean fitness (Test): -48.63
Generation 770 | Best fitness (Train): 3.29 | Best fitness in generation (Train): -4.46 | Mean fitness (Train): -39.91 | Mean fitness (Test): -5.63
Generation 780 | Best fitness (Train): 3.29 | Best fitness in generation (Train): -6.50 | Mean fitness (Train): -36.80 | Mean fitness (Test): -8.70
Generation 790 | Best fitness (Train): 3.29 | Best fitness in generation (Train): -2.83 | Mean fitness (Train): -35.78 | Mean fitness (Test): -10.69
Generation 800 | Best fitness (Train): 3.29 | Best fitness in generation (Train): -6.35 | Mean fitness (Train): -39.46 | Mean fitness (Test): -10.27
Generation 810 | Best fitness (Train): 3.29 | Best fitness in generation (Train): -7.91 | Mean fitness (Train): -43.16 | Mean fitness (Test): -8.46
Generation 820 | Best fitness (Train): 3.29 | Best fitness in generation (Train): -5.79 | Mean fitness (Train): -40.17 | Mean fitness (Test): -6.82
Generation 830 | Best fitness (Train): 3.29 | Best fitness in generation (Train): -7.97 | Mean fitness (Train): -39.66 | Mean fitness (Test): -11.19
Generation 840 | Best fitness (Train): 3.29 | Best fitness in generation (Train): -6.65 | Mean fitness (Train): -47.09 | Mean fitness (Test): -50.59
Generation 850 | Best fitness (Train): 3.29 | Best fitness in generation (Train): -7.26 | Mean fitness (Train): -42.16 | Mean fitness (Test): -12.62
Generation 860 | Best fitness (Train): 3.29 | Best fitness in generation (Train): -8.60 | Mean fitness (Train): -44.57 | Mean fitness (Test): -12.06
Generation 870 | Best fitness (Train): 3.29 | Best fitness in generation (Train): -7.44 | Mean fitness (Train): -36.90 | Mean fitness (Test): -8.73
Generation 880 | Best fitness (Train): 3.29 | Best fitness in generation (Train): -6.73 | Mean fitness (Train): -41.05 | Mean fitness (Test): -32.94
Generation 890 | Best fitness (Train): 3.29 | Best fitness in generation (Train): -7.00 | Mean fitness (Train): -40.58 | Mean fitness (Test): -11.17
Generation 900 | Best fitness (Train): 3.29 | Best fitness in generation (Train): -4.28 | Mean fitness (Train): -37.49 | Mean fitness (Test): -35.18
Generation 910 | Best fitness (Train): 3.29 | Best fitness in generation (Train): -5.88 | Mean fitness (Train): -29.99 | Mean fitness (Test): -8.53
Generation 920 | Best fitness (Train): 3.29 | Best fitness in generation (Train): -8.94 | Mean fitness (Train): -52.13 | Mean fitness (Test): -36.70
Generation 930 | Best fitness (Train): 3.29 | Best fitness in generation (Train): -5.64 | Mean fitness (Train): -34.07 | Mean fitness (Test): -5.57
Generation 940 | Best fitness (Train): 3.29 | Best fitness in generation (Train): -5.17 | Mean fitness (Train): -26.25 | Mean fitness (Test): -14.27
Generation 950 | Best fitness (Train): 3.29 | Best fitness in generation (Train): -7.91 | Mean fitness (Train): -34.99 | Mean fitness (Test): -9.15
Generation 960 | Best fitness (Train): 3.29 | Best fitness in generation (Train): -7.66 | Mean fitness (Train): -24.63 | Mean fitness (Test): -11.53
Generation 970 | Best fitness (Train): 3.29 | Best fitness in generation (Train): -6.66 | Mean fitness (Train): -21.43 | Mean fitness (Test): -8.38
Generation 980 | Best fitness (Train): 3.29 | Best fitness in generation (Train): -5.98 | Mean fitness (Train): -27.35 | Mean fitness (Test): -25.66
Generation 990 | Best fitness (Train): 3.29 | Best fitness in generation (Train): -5.03 | Mean fitness (Train): -31.48 | Mean fitness (Test): -12.49
Generation 1000 | Best fitness (Train): 3.29 | Best fitness in generation (Train): -7.93 | Mean fitness (Train): -23.14 | Mean fitness (Test): -16.13
running the experiment ... [../../results/BraxProblem/ant/PGPE/4]
Generation 010 | Best fitness (Train): -4.24 | Best fitness in generation (Train): -8.63 | Mean fitness (Train): -56.38 | Mean fitness (Test): -16.75
Generation 020 | Best fitness (Train): -4.24 | Best fitness in generation (Train): -7.36 | Mean fitness (Train): -52.33 | Mean fitness (Test): -9.74
Generation 030 | Best fitness (Train): -2.17 | Best fitness in generation (Train): -4.43 | Mean fitness (Train): -50.76 | Mean fitness (Test): 1.50
Generation 040 | Best fitness (Train): -2.17 | Best fitness in generation (Train): -4.81 | Mean fitness (Train): -52.84 | Mean fitness (Test): 17.89
Generation 050 | Best fitness (Train): -2.17 | Best fitness in generation (Train): -5.23 | Mean fitness (Train): -48.31 | Mean fitness (Test): -48.15
Generation 060 | Best fitness (Train): -2.17 | Best fitness in generation (Train): -10.15 | Mean fitness (Train): -52.12 | Mean fitness (Test): -47.15
Generation 070 | Best fitness (Train): -2.17 | Best fitness in generation (Train): -6.98 | Mean fitness (Train): -51.59 | Mean fitness (Test): -17.29
Generation 080 | Best fitness (Train): -2.17 | Best fitness in generation (Train): -9.99 | Mean fitness (Train): -55.92 | Mean fitness (Test): 16.76
Generation 090 | Best fitness (Train): -2.17 | Best fitness in generation (Train): -5.72 | Mean fitness (Train): -54.90 | Mean fitness (Test): -12.86
Generation 100 | Best fitness (Train): -2.17 | Best fitness in generation (Train): -7.55 | Mean fitness (Train): -50.86 | Mean fitness (Test): -5.35
Generation 110 | Best fitness (Train): -2.17 | Best fitness in generation (Train): -5.80 | Mean fitness (Train): -45.02 | Mean fitness (Test): -16.11
Generation 120 | Best fitness (Train): -2.17 | Best fitness in generation (Train): -4.15 | Mean fitness (Train): -42.44 | Mean fitness (Test): -23.63
Generation 130 | Best fitness (Train): 1.35 | Best fitness in generation (Train): -6.31 | Mean fitness (Train): -48.27 | Mean fitness (Test): -3.25
Generation 140 | Best fitness (Train): 1.35 | Best fitness in generation (Train): -5.65 | Mean fitness (Train): -45.24 | Mean fitness (Test): -73.63
Generation 150 | Best fitness (Train): 1.35 | Best fitness in generation (Train): -7.01 | Mean fitness (Train): -51.73 | Mean fitness (Test): -11.21
Generation 160 | Best fitness (Train): 1.35 | Best fitness in generation (Train): -10.01 | Mean fitness (Train): -50.61 | Mean fitness (Test): -43.02
Generation 170 | Best fitness (Train): 1.35 | Best fitness in generation (Train): -4.77 | Mean fitness (Train): -50.74 | Mean fitness (Test): -7.00
Generation 180 | Best fitness (Train): 1.35 | Best fitness in generation (Train): -7.15 | Mean fitness (Train): -48.83 | Mean fitness (Test): -11.02
Generation 190 | Best fitness (Train): 1.35 | Best fitness in generation (Train): -5.22 | Mean fitness (Train): -46.67 | Mean fitness (Test): -17.99
Generation 200 | Best fitness (Train): 1.35 | Best fitness in generation (Train): -6.19 | Mean fitness (Train): -56.24 | Mean fitness (Test): -23.81
Generation 210 | Best fitness (Train): 1.35 | Best fitness in generation (Train): -5.78 | Mean fitness (Train): -49.71 | Mean fitness (Test): -44.06
Generation 220 | Best fitness (Train): 3.98 | Best fitness in generation (Train): -8.59 | Mean fitness (Train): -49.07 | Mean fitness (Test): -45.32
Generation 230 | Best fitness (Train): 3.98 | Best fitness in generation (Train): -6.87 | Mean fitness (Train): -51.28 | Mean fitness (Test): -25.35
Generation 240 | Best fitness (Train): 3.98 | Best fitness in generation (Train): -3.65 | Mean fitness (Train): -49.87 | Mean fitness (Test): -22.36
Generation 250 | Best fitness (Train): 3.98 | Best fitness in generation (Train): -5.06 | Mean fitness (Train): -46.15 | Mean fitness (Test): -76.72
Generation 260 | Best fitness (Train): 3.98 | Best fitness in generation (Train): -5.70 | Mean fitness (Train): -49.63 | Mean fitness (Test): -82.66
Generation 270 | Best fitness (Train): 3.98 | Best fitness in generation (Train): -3.67 | Mean fitness (Train): -52.92 | Mean fitness (Test): -14.42
Generation 280 | Best fitness (Train): 3.98 | Best fitness in generation (Train): -8.45 | Mean fitness (Train): -53.92 | Mean fitness (Test): -9.00
Generation 290 | Best fitness (Train): 3.98 | Best fitness in generation (Train): -5.09 | Mean fitness (Train): -49.50 | Mean fitness (Test): -4.06
Generation 300 | Best fitness (Train): 3.98 | Best fitness in generation (Train): -8.45 | Mean fitness (Train): -52.40 | Mean fitness (Test): -57.36
Generation 310 | Best fitness (Train): 3.98 | Best fitness in generation (Train): -5.86 | Mean fitness (Train): -52.89 | Mean fitness (Test): -77.68
Generation 320 | Best fitness (Train): 3.98 | Best fitness in generation (Train): -5.65 | Mean fitness (Train): -46.95 | Mean fitness (Test): -14.16
Generation 330 | Best fitness (Train): 3.98 | Best fitness in generation (Train): -8.03 | Mean fitness (Train): -50.88 | Mean fitness (Test): -9.17
Generation 340 | Best fitness (Train): 3.98 | Best fitness in generation (Train): -4.04 | Mean fitness (Train): -44.10 | Mean fitness (Test): -35.63
Generation 350 | Best fitness (Train): 3.98 | Best fitness in generation (Train): -5.22 | Mean fitness (Train): -55.13 | Mean fitness (Test): -31.27
Generation 360 | Best fitness (Train): 3.98 | Best fitness in generation (Train): -7.62 | Mean fitness (Train): -49.79 | Mean fitness (Test): -6.35
Generation 370 | Best fitness (Train): 3.98 | Best fitness in generation (Train): -7.79 | Mean fitness (Train): -53.08 | Mean fitness (Test): -12.47
Generation 380 | Best fitness (Train): 3.98 | Best fitness in generation (Train): -5.08 | Mean fitness (Train): -50.25 | Mean fitness (Test): -15.63
Generation 390 | Best fitness (Train): 3.98 | Best fitness in generation (Train): -7.13 | Mean fitness (Train): -47.32 | Mean fitness (Test): -8.40
Generation 400 | Best fitness (Train): 3.98 | Best fitness in generation (Train): -10.25 | Mean fitness (Train): -46.35 | Mean fitness (Test): -12.09
Generation 410 | Best fitness (Train): 3.98 | Best fitness in generation (Train): -6.57 | Mean fitness (Train): -53.28 | Mean fitness (Test): -10.27
Generation 420 | Best fitness (Train): 3.98 | Best fitness in generation (Train): -6.81 | Mean fitness (Train): -54.28 | Mean fitness (Test): -32.31
Generation 430 | Best fitness (Train): 3.98 | Best fitness in generation (Train): -8.21 | Mean fitness (Train): -46.87 | Mean fitness (Test): -8.33
Generation 440 | Best fitness (Train): 3.98 | Best fitness in generation (Train): -7.88 | Mean fitness (Train): -55.71 | Mean fitness (Test): -33.94
Generation 450 | Best fitness (Train): 3.98 | Best fitness in generation (Train): -6.55 | Mean fitness (Train): -51.97 | Mean fitness (Test): -8.38
Generation 460 | Best fitness (Train): 3.98 | Best fitness in generation (Train): -9.85 | Mean fitness (Train): -56.70 | Mean fitness (Test): -51.34
Generation 470 | Best fitness (Train): 3.98 | Best fitness in generation (Train): -7.70 | Mean fitness (Train): -54.36 | Mean fitness (Test): -28.94
Generation 480 | Best fitness (Train): 3.98 | Best fitness in generation (Train): -8.49 | Mean fitness (Train): -54.32 | Mean fitness (Test): -139.57
Generation 490 | Best fitness (Train): 3.98 | Best fitness in generation (Train): -6.70 | Mean fitness (Train): -45.12 | Mean fitness (Test): -26.18
Generation 500 | Best fitness (Train): 3.98 | Best fitness in generation (Train): -5.90 | Mean fitness (Train): -57.94 | Mean fitness (Test): -35.88
Generation 510 | Best fitness (Train): 3.98 | Best fitness in generation (Train): -6.78 | Mean fitness (Train): -41.12 | Mean fitness (Test): -30.67
Generation 520 | Best fitness (Train): 3.98 | Best fitness in generation (Train): -7.07 | Mean fitness (Train): -52.61 | Mean fitness (Test): -22.25
Generation 530 | Best fitness (Train): 3.98 | Best fitness in generation (Train): -8.56 | Mean fitness (Train): -58.93 | Mean fitness (Test): -25.39
Generation 540 | Best fitness (Train): 3.98 | Best fitness in generation (Train): -5.78 | Mean fitness (Train): -36.92 | Mean fitness (Test): -4.65
Generation 550 | Best fitness (Train): 3.98 | Best fitness in generation (Train): -5.27 | Mean fitness (Train): -45.18 | Mean fitness (Test): -45.83
Generation 560 | Best fitness (Train): 3.98 | Best fitness in generation (Train): -7.97 | Mean fitness (Train): -45.93 | Mean fitness (Test): -12.59
Generation 570 | Best fitness (Train): 3.98 | Best fitness in generation (Train): -6.02 | Mean fitness (Train): -48.79 | Mean fitness (Test): -41.30
Generation 580 | Best fitness (Train): 3.98 | Best fitness in generation (Train): -5.72 | Mean fitness (Train): -45.88 | Mean fitness (Test): -9.82
Generation 590 | Best fitness (Train): 3.98 | Best fitness in generation (Train): -4.38 | Mean fitness (Train): -48.77 | Mean fitness (Test): -81.46
Generation 600 | Best fitness (Train): 3.98 | Best fitness in generation (Train): -5.84 | Mean fitness (Train): -46.79 | Mean fitness (Test): -25.69
Generation 610 | Best fitness (Train): 3.98 | Best fitness in generation (Train): -7.83 | Mean fitness (Train): -46.40 | Mean fitness (Test): -13.70
Generation 620 | Best fitness (Train): 3.98 | Best fitness in generation (Train): -7.05 | Mean fitness (Train): -47.77 | Mean fitness (Test): -30.77
Generation 630 | Best fitness (Train): 3.98 | Best fitness in generation (Train): -5.89 | Mean fitness (Train): -50.14 | Mean fitness (Test): -11.64
Generation 640 | Best fitness (Train): 9.72 | Best fitness in generation (Train): -7.71 | Mean fitness (Train): -50.98 | Mean fitness (Test): -29.19
Generation 650 | Best fitness (Train): 9.72 | Best fitness in generation (Train): -4.71 | Mean fitness (Train): -41.06 | Mean fitness (Test): -13.28
Generation 660 | Best fitness (Train): 9.72 | Best fitness in generation (Train): -5.35 | Mean fitness (Train): -50.26 | Mean fitness (Test): -15.47
Generation 670 | Best fitness (Train): 9.72 | Best fitness in generation (Train): -5.36 | Mean fitness (Train): -42.23 | Mean fitness (Test): -4.92
Generation 680 | Best fitness (Train): 9.72 | Best fitness in generation (Train): -4.39 | Mean fitness (Train): -44.86 | Mean fitness (Test): -8.95
Generation 690 | Best fitness (Train): 9.72 | Best fitness in generation (Train): -7.13 | Mean fitness (Train): -51.57 | Mean fitness (Test): -21.74
Generation 700 | Best fitness (Train): 9.72 | Best fitness in generation (Train): -4.65 | Mean fitness (Train): -49.39 | Mean fitness (Test): -13.51
Generation 710 | Best fitness (Train): 9.72 | Best fitness in generation (Train): -7.58 | Mean fitness (Train): -42.59 | Mean fitness (Test): -13.21
Generation 720 | Best fitness (Train): 9.72 | Best fitness in generation (Train): -8.44 | Mean fitness (Train): -47.92 | Mean fitness (Test): -14.91
Generation 730 | Best fitness (Train): 9.72 | Best fitness in generation (Train): -7.22 | Mean fitness (Train): -51.20 | Mean fitness (Test): -10.11
Generation 740 | Best fitness (Train): 9.72 | Best fitness in generation (Train): -7.78 | Mean fitness (Train): -44.56 | Mean fitness (Test): -15.86
Generation 750 | Best fitness (Train): 9.72 | Best fitness in generation (Train): -5.80 | Mean fitness (Train): -39.41 | Mean fitness (Test): -24.56
Generation 760 | Best fitness (Train): 9.72 | Best fitness in generation (Train): -8.60 | Mean fitness (Train): -47.55 | Mean fitness (Test): -40.82
Generation 770 | Best fitness (Train): 9.72 | Best fitness in generation (Train): -5.26 | Mean fitness (Train): -44.69 | Mean fitness (Test): -12.67
Generation 780 | Best fitness (Train): 9.72 | Best fitness in generation (Train): -6.46 | Mean fitness (Train): -46.69 | Mean fitness (Test): -11.79
Generation 790 | Best fitness (Train): 9.72 | Best fitness in generation (Train): -6.78 | Mean fitness (Train): -45.47 | Mean fitness (Test): -9.30
Generation 800 | Best fitness (Train): 9.72 | Best fitness in generation (Train): -3.96 | Mean fitness (Train): -45.78 | Mean fitness (Test): -11.79
Generation 810 | Best fitness (Train): 9.72 | Best fitness in generation (Train): -4.79 | Mean fitness (Train): -40.38 | Mean fitness (Test): -10.94
Generation 820 | Best fitness (Train): 9.72 | Best fitness in generation (Train): -5.85 | Mean fitness (Train): -38.57 | Mean fitness (Test): -5.34
Generation 830 | Best fitness (Train): 9.72 | Best fitness in generation (Train): -9.20 | Mean fitness (Train): -52.55 | Mean fitness (Test): -49.06
Generation 840 | Best fitness (Train): 9.72 | Best fitness in generation (Train): -7.17 | Mean fitness (Train): -48.07 | Mean fitness (Test): -47.22
Generation 850 | Best fitness (Train): 9.72 | Best fitness in generation (Train): -7.00 | Mean fitness (Train): -45.33 | Mean fitness (Test): -10.09
Generation 860 | Best fitness (Train): 9.72 | Best fitness in generation (Train): -6.45 | Mean fitness (Train): -35.83 | Mean fitness (Test): -6.89
Generation 870 | Best fitness (Train): 9.72 | Best fitness in generation (Train): -7.14 | Mean fitness (Train): -47.60 | Mean fitness (Test): -20.26
Generation 880 | Best fitness (Train): 9.72 | Best fitness in generation (Train): -6.18 | Mean fitness (Train): -45.93 | Mean fitness (Test): -8.84
Generation 890 | Best fitness (Train): 11.52 | Best fitness in generation (Train): -7.70 | Mean fitness (Train): -44.62 | Mean fitness (Test): -12.94
Generation 900 | Best fitness (Train): 11.52 | Best fitness in generation (Train): -9.38 | Mean fitness (Train): -51.69 | Mean fitness (Test): -12.57
Generation 910 | Best fitness (Train): 11.52 | Best fitness in generation (Train): -5.22 | Mean fitness (Train): -32.89 | Mean fitness (Test): -6.92
Generation 920 | Best fitness (Train): 11.75 | Best fitness in generation (Train): -3.99 | Mean fitness (Train): -39.94 | Mean fitness (Test): -76.17
Generation 930 | Best fitness (Train): 11.75 | Best fitness in generation (Train): -5.07 | Mean fitness (Train): -43.32 | Mean fitness (Test): -39.48
Generation 940 | Best fitness (Train): 11.75 | Best fitness in generation (Train): -7.60 | Mean fitness (Train): -45.09 | Mean fitness (Test): -10.18
Generation 950 | Best fitness (Train): 11.75 | Best fitness in generation (Train): -7.22 | Mean fitness (Train): -48.01 | Mean fitness (Test): -14.37
Generation 960 | Best fitness (Train): 11.75 | Best fitness in generation (Train): -6.70 | Mean fitness (Train): -47.04 | Mean fitness (Test): -8.18
Generation 970 | Best fitness (Train): 11.75 | Best fitness in generation (Train): -8.39 | Mean fitness (Train): -47.06 | Mean fitness (Test): -9.47
Generation 980 | Best fitness (Train): 11.75 | Best fitness in generation (Train): -6.91 | Mean fitness (Train): -47.91 | Mean fitness (Test): -29.07
Generation 990 | Best fitness (Train): 11.75 | Best fitness in generation (Train): -5.99 | Mean fitness (Train): -34.27 | Mean fitness (Test): -6.45
Generation 1000 | Best fitness (Train): 11.75 | Best fitness in generation (Train): -6.25 | Mean fitness (Train): -42.54 | Mean fitness (Test): -7.08
Running ES algorithms:   0%|                                                             | 0/1 [00:00<?, ?it/s][A
Running ES algorithms: 100%|███████████████████████████████████████████████| 1/1 [20:18:54<00:00, 73134.78s/it][ARunning ES algorithms: 100%|███████████████████████████████████████████████| 1/1 [20:18:54<00:00, 73134.79s/it]
Successfully loaded: fast
Loading Problems ..:   8%|███▋                                        | 1/12 [20:19:23<223:33:19, 73163.56s/it]
running the experiment ... [../../results/BraxProblem/fast/PGPE/0]
Generation 010 | Best fitness (Train): 66867.05 | Best fitness in generation (Train): 66867.05 | Mean fitness (Train): 15981.00 | Mean fitness (Test): 66867.05
Generation 020 | Best fitness (Train): 66867.05 | Best fitness in generation (Train): 66867.05 | Mean fitness (Train): 16766.56 | Mean fitness (Test): 66867.05
Generation 030 | Best fitness (Train): 66867.05 | Best fitness in generation (Train): 66867.05 | Mean fitness (Train): 18563.13 | Mean fitness (Test): 66867.05
Generation 040 | Best fitness (Train): 66867.05 | Best fitness in generation (Train): 66867.05 | Mean fitness (Train): 21867.58 | Mean fitness (Test): 66867.05
Generation 050 | Best fitness (Train): 66867.05 | Best fitness in generation (Train): 66867.05 | Mean fitness (Train): 23774.72 | Mean fitness (Test): 66867.05
Generation 060 | Best fitness (Train): 66867.05 | Best fitness in generation (Train): 66867.05 | Mean fitness (Train): 24229.76 | Mean fitness (Test): 66867.05
Generation 070 | Best fitness (Train): 66867.05 | Best fitness in generation (Train): 66867.05 | Mean fitness (Train): 24675.72 | Mean fitness (Test): 66867.05
Generation 080 | Best fitness (Train): 66867.05 | Best fitness in generation (Train): 66867.05 | Mean fitness (Train): 25686.50 | Mean fitness (Test): 66867.05
Generation 090 | Best fitness (Train): 66867.05 | Best fitness in generation (Train): 66867.05 | Mean fitness (Train): 26764.11 | Mean fitness (Test): 66867.05
Generation 100 | Best fitness (Train): 66867.05 | Best fitness in generation (Train): 66867.05 | Mean fitness (Train): 29596.23 | Mean fitness (Test): 66860.54
Generation 110 | Best fitness (Train): 66867.05 | Best fitness in generation (Train): 66867.05 | Mean fitness (Train): 29486.62 | Mean fitness (Test): 66867.05
Generation 120 | Best fitness (Train): 66867.05 | Best fitness in generation (Train): 66867.05 | Mean fitness (Train): 28594.58 | Mean fitness (Test): 66851.32
Generation 130 | Best fitness (Train): 66867.05 | Best fitness in generation (Train): 66867.05 | Mean fitness (Train): 36198.26 | Mean fitness (Test): 66867.05
Generation 140 | Best fitness (Train): 66867.05 | Best fitness in generation (Train): 66867.05 | Mean fitness (Train): 36305.04 | Mean fitness (Test): 66867.05
Generation 150 | Best fitness (Train): 66867.05 | Best fitness in generation (Train): 66867.05 | Mean fitness (Train): 35074.07 | Mean fitness (Test): 66867.05
Generation 160 | Best fitness (Train): 66867.05 | Best fitness in generation (Train): 66867.05 | Mean fitness (Train): 38976.54 | Mean fitness (Test): 66867.05
Generation 170 | Best fitness (Train): 66867.05 | Best fitness in generation (Train): 66867.05 | Mean fitness (Train): 39036.93 | Mean fitness (Test): 66867.05
Generation 180 | Best fitness (Train): 66867.05 | Best fitness in generation (Train): 66867.05 | Mean fitness (Train): 43279.66 | Mean fitness (Test): 66867.05
Generation 190 | Best fitness (Train): 66867.05 | Best fitness in generation (Train): 66867.05 | Mean fitness (Train): 44888.72 | Mean fitness (Test): 66867.05
Generation 200 | Best fitness (Train): 66867.05 | Best fitness in generation (Train): 66867.05 | Mean fitness (Train): 45412.94 | Mean fitness (Test): 66867.05
Generation 210 | Best fitness (Train): 66867.05 | Best fitness in generation (Train): 66867.05 | Mean fitness (Train): 49092.28 | Mean fitness (Test): 66867.05
Generation 220 | Best fitness (Train): 66867.05 | Best fitness in generation (Train): 66867.05 | Mean fitness (Train): 51875.72 | Mean fitness (Test): 66867.05
Generation 230 | Best fitness (Train): 66867.05 | Best fitness in generation (Train): 66867.05 | Mean fitness (Train): 52346.85 | Mean fitness (Test): 66867.05
Generation 240 | Best fitness (Train): 66867.05 | Best fitness in generation (Train): 66867.05 | Mean fitness (Train): 54790.68 | Mean fitness (Test): 66867.05
Generation 250 | Best fitness (Train): 66867.05 | Best fitness in generation (Train): 66867.05 | Mean fitness (Train): 54411.41 | Mean fitness (Test): 66867.05
Generation 260 | Best fitness (Train): 66867.05 | Best fitness in generation (Train): 66867.05 | Mean fitness (Train): 54676.40 | Mean fitness (Test): 66867.05
Generation 270 | Best fitness (Train): 66867.05 | Best fitness in generation (Train): 66867.05 | Mean fitness (Train): 57841.18 | Mean fitness (Test): 66867.05
Generation 280 | Best fitness (Train): 66867.05 | Best fitness in generation (Train): 66867.05 | Mean fitness (Train): 56097.63 | Mean fitness (Test): 66867.05
Generation 290 | Best fitness (Train): 66867.05 | Best fitness in generation (Train): 66867.05 | Mean fitness (Train): 58440.96 | Mean fitness (Test): 66867.05
Generation 300 | Best fitness (Train): 66867.05 | Best fitness in generation (Train): 66867.05 | Mean fitness (Train): 60558.76 | Mean fitness (Test): 66867.05
Generation 310 | Best fitness (Train): 66867.05 | Best fitness in generation (Train): 66867.05 | Mean fitness (Train): 60389.38 | Mean fitness (Test): 66867.05
Generation 320 | Best fitness (Train): 66867.05 | Best fitness in generation (Train): 66867.05 | Mean fitness (Train): 61721.02 | Mean fitness (Test): 66867.05
Generation 330 | Best fitness (Train): 66867.05 | Best fitness in generation (Train): 66867.05 | Mean fitness (Train): 59588.59 | Mean fitness (Test): 66867.05
Generation 340 | Best fitness (Train): 66867.05 | Best fitness in generation (Train): 66867.05 | Mean fitness (Train): 63651.48 | Mean fitness (Test): 66867.05
Generation 350 | Best fitness (Train): 66867.05 | Best fitness in generation (Train): 66867.05 | Mean fitness (Train): 63556.00 | Mean fitness (Test): 66867.05
Generation 360 | Best fitness (Train): 66867.05 | Best fitness in generation (Train): 66867.05 | Mean fitness (Train): 62786.99 | Mean fitness (Test): 66867.05
Generation 370 | Best fitness (Train): 66867.05 | Best fitness in generation (Train): 66867.05 | Mean fitness (Train): 63353.87 | Mean fitness (Test): 66867.05
Generation 380 | Best fitness (Train): 66867.05 | Best fitness in generation (Train): 66867.05 | Mean fitness (Train): 64721.71 | Mean fitness (Test): 66867.05
Generation 390 | Best fitness (Train): 66867.05 | Best fitness in generation (Train): 66867.05 | Mean fitness (Train): 65221.35 | Mean fitness (Test): 66867.05
Generation 400 | Best fitness (Train): 66867.05 | Best fitness in generation (Train): 66867.05 | Mean fitness (Train): 65155.07 | Mean fitness (Test): 66867.05
Generation 410 | Best fitness (Train): 66867.05 | Best fitness in generation (Train): 66867.05 | Mean fitness (Train): 64445.42 | Mean fitness (Test): 66867.05
Generation 420 | Best fitness (Train): 66867.05 | Best fitness in generation (Train): 66867.05 | Mean fitness (Train): 65207.42 | Mean fitness (Test): 66867.05
Generation 430 | Best fitness (Train): 66867.05 | Best fitness in generation (Train): 66867.05 | Mean fitness (Train): 65829.84 | Mean fitness (Test): 66867.05
Generation 440 | Best fitness (Train): 66867.05 | Best fitness in generation (Train): 66867.05 | Mean fitness (Train): 66247.60 | Mean fitness (Test): 66867.05
Generation 450 | Best fitness (Train): 66867.05 | Best fitness in generation (Train): 66867.05 | Mean fitness (Train): 65836.09 | Mean fitness (Test): 66867.05
Generation 460 | Best fitness (Train): 66867.05 | Best fitness in generation (Train): 66867.05 | Mean fitness (Train): 66034.98 | Mean fitness (Test): 66867.05
Generation 470 | Best fitness (Train): 66867.05 | Best fitness in generation (Train): 66867.05 | Mean fitness (Train): 66011.73 | Mean fitness (Test): 66867.05
Generation 480 | Best fitness (Train): 66867.05 | Best fitness in generation (Train): 66867.05 | Mean fitness (Train): 65967.42 | Mean fitness (Test): 66867.05
Generation 490 | Best fitness (Train): 66867.05 | Best fitness in generation (Train): 66867.05 | Mean fitness (Train): 66235.89 | Mean fitness (Test): 66867.05
Generation 500 | Best fitness (Train): 66867.05 | Best fitness in generation (Train): 66867.05 | Mean fitness (Train): 66125.38 | Mean fitness (Test): 66867.05
Generation 510 | Best fitness (Train): 66867.05 | Best fitness in generation (Train): 66867.05 | Mean fitness (Train): 66185.20 | Mean fitness (Test): 66867.05
Generation 520 | Best fitness (Train): 66867.05 | Best fitness in generation (Train): 66867.05 | Mean fitness (Train): 64908.27 | Mean fitness (Test): 66867.05
Generation 530 | Best fitness (Train): 66867.05 | Best fitness in generation (Train): 66867.05 | Mean fitness (Train): 66698.88 | Mean fitness (Test): 66867.05
Generation 540 | Best fitness (Train): 66867.05 | Best fitness in generation (Train): 66867.05 | Mean fitness (Train): 66727.80 | Mean fitness (Test): 66867.05
Generation 550 | Best fitness (Train): 66867.05 | Best fitness in generation (Train): 66867.05 | Mean fitness (Train): 66716.55 | Mean fitness (Test): 66867.05
Generation 560 | Best fitness (Train): 66867.05 | Best fitness in generation (Train): 66867.05 | Mean fitness (Train): 66523.50 | Mean fitness (Test): 66867.05
Generation 570 | Best fitness (Train): 66867.05 | Best fitness in generation (Train): 66867.05 | Mean fitness (Train): 66539.20 | Mean fitness (Test): 66867.05
Generation 580 | Best fitness (Train): 66867.05 | Best fitness in generation (Train): 66867.05 | Mean fitness (Train): 65935.27 | Mean fitness (Test): 66867.05
Generation 590 | Best fitness (Train): 66867.05 | Best fitness in generation (Train): 66867.05 | Mean fitness (Train): 66502.08 | Mean fitness (Test): 66867.05
Generation 600 | Best fitness (Train): 66867.05 | Best fitness in generation (Train): 66867.05 | Mean fitness (Train): 66619.98 | Mean fitness (Test): 66867.05
Generation 610 | Best fitness (Train): 66867.05 | Best fitness in generation (Train): 66867.05 | Mean fitness (Train): 66257.92 | Mean fitness (Test): 66867.05
Generation 620 | Best fitness (Train): 66867.05 | Best fitness in generation (Train): 66867.05 | Mean fitness (Train): 66612.70 | Mean fitness (Test): 66867.05
Generation 630 | Best fitness (Train): 66867.05 | Best fitness in generation (Train): 66867.05 | Mean fitness (Train): 66560.55 | Mean fitness (Test): 66867.05
Generation 640 | Best fitness (Train): 66867.05 | Best fitness in generation (Train): 66867.05 | Mean fitness (Train): 66296.80 | Mean fitness (Test): 66867.05
Generation 650 | Best fitness (Train): 66867.05 | Best fitness in generation (Train): 66867.05 | Mean fitness (Train): 66546.27 | Mean fitness (Test): 66867.05
Generation 660 | Best fitness (Train): 66867.05 | Best fitness in generation (Train): 66867.05 | Mean fitness (Train): 66501.58 | Mean fitness (Test): 66867.05
Generation 670 | Best fitness (Train): 66867.05 | Best fitness in generation (Train): 66867.05 | Mean fitness (Train): 66846.67 | Mean fitness (Test): 66867.05
Generation 680 | Best fitness (Train): 66867.05 | Best fitness in generation (Train): 66867.05 | Mean fitness (Train): 66491.60 | Mean fitness (Test): 66867.05
Generation 690 | Best fitness (Train): 66867.05 | Best fitness in generation (Train): 66867.05 | Mean fitness (Train): 66792.85 | Mean fitness (Test): 66867.05
Generation 700 | Best fitness (Train): 66867.05 | Best fitness in generation (Train): 66867.05 | Mean fitness (Train): 66792.17 | Mean fitness (Test): 66867.05
Generation 710 | Best fitness (Train): 66867.05 | Best fitness in generation (Train): 66867.05 | Mean fitness (Train): 66849.18 | Mean fitness (Test): 66867.05
Generation 720 | Best fitness (Train): 66867.05 | Best fitness in generation (Train): 66867.05 | Mean fitness (Train): 66737.05 | Mean fitness (Test): 66867.05
Generation 730 | Best fitness (Train): 66867.05 | Best fitness in generation (Train): 66867.05 | Mean fitness (Train): 66349.56 | Mean fitness (Test): 66867.05
Generation 740 | Best fitness (Train): 66867.05 | Best fitness in generation (Train): 66867.05 | Mean fitness (Train): 66859.79 | Mean fitness (Test): 66867.05
Generation 750 | Best fitness (Train): 66867.05 | Best fitness in generation (Train): 66867.05 | Mean fitness (Train): 66803.14 | Mean fitness (Test): 66867.05
Generation 760 | Best fitness (Train): 66867.05 | Best fitness in generation (Train): 66867.05 | Mean fitness (Train): 66375.37 | Mean fitness (Test): 66867.05
Generation 770 | Best fitness (Train): 66867.05 | Best fitness in generation (Train): 66867.05 | Mean fitness (Train): 66780.64 | Mean fitness (Test): 66867.05
Generation 780 | Best fitness (Train): 66867.05 | Best fitness in generation (Train): 66867.05 | Mean fitness (Train): 66625.92 | Mean fitness (Test): 66867.05
Generation 790 | Best fitness (Train): 66867.05 | Best fitness in generation (Train): 66867.05 | Mean fitness (Train): 66863.27 | Mean fitness (Test): 66867.05
Generation 800 | Best fitness (Train): 66867.05 | Best fitness in generation (Train): 66867.05 | Mean fitness (Train): 66760.42 | Mean fitness (Test): 66867.05
Generation 810 | Best fitness (Train): 66867.05 | Best fitness in generation (Train): 66867.05 | Mean fitness (Train): 66784.59 | Mean fitness (Test): 66867.05
Generation 820 | Best fitness (Train): 66867.05 | Best fitness in generation (Train): 66867.05 | Mean fitness (Train): 66254.00 | Mean fitness (Test): 66867.05
Generation 830 | Best fitness (Train): 66867.05 | Best fitness in generation (Train): 66867.05 | Mean fitness (Train): 66808.66 | Mean fitness (Test): 66867.05
Generation 840 | Best fitness (Train): 66867.05 | Best fitness in generation (Train): 66867.05 | Mean fitness (Train): 66865.53 | Mean fitness (Test): 66867.05
Generation 850 | Best fitness (Train): 66867.05 | Best fitness in generation (Train): 66867.05 | Mean fitness (Train): 66834.21 | Mean fitness (Test): 66867.05
Generation 860 | Best fitness (Train): 66867.05 | Best fitness in generation (Train): 66867.05 | Mean fitness (Train): 66806.52 | Mean fitness (Test): 66867.05
Generation 870 | Best fitness (Train): 66867.05 | Best fitness in generation (Train): 66867.05 | Mean fitness (Train): 66865.41 | Mean fitness (Test): 66867.05
Generation 880 | Best fitness (Train): 66867.05 | Best fitness in generation (Train): 66867.05 | Mean fitness (Train): 66552.24 | Mean fitness (Test): 66867.05
Generation 890 | Best fitness (Train): 66867.05 | Best fitness in generation (Train): 66867.05 | Mean fitness (Train): 66684.27 | Mean fitness (Test): 66867.05
Generation 900 | Best fitness (Train): 66867.05 | Best fitness in generation (Train): 66867.05 | Mean fitness (Train): 66335.93 | Mean fitness (Test): 66867.05
Generation 910 | Best fitness (Train): 66867.05 | Best fitness in generation (Train): 66867.05 | Mean fitness (Train): 66867.05 | Mean fitness (Test): 66867.05
Generation 920 | Best fitness (Train): 66867.05 | Best fitness in generation (Train): 66867.05 | Mean fitness (Train): 66638.72 | Mean fitness (Test): 66867.05
Generation 930 | Best fitness (Train): 66867.05 | Best fitness in generation (Train): 66867.05 | Mean fitness (Train): 66598.38 | Mean fitness (Test): 66867.05
Generation 940 | Best fitness (Train): 66867.05 | Best fitness in generation (Train): 66867.05 | Mean fitness (Train): 66862.69 | Mean fitness (Test): 66867.05
Generation 950 | Best fitness (Train): 66867.05 | Best fitness in generation (Train): 66867.05 | Mean fitness (Train): 66867.05 | Mean fitness (Test): 66867.05
Generation 960 | Best fitness (Train): 66867.05 | Best fitness in generation (Train): 66867.05 | Mean fitness (Train): 66867.05 | Mean fitness (Test): 66867.05
Generation 970 | Best fitness (Train): 66867.05 | Best fitness in generation (Train): 66867.05 | Mean fitness (Train): 66846.68 | Mean fitness (Test): 66867.05
Generation 980 | Best fitness (Train): 66867.05 | Best fitness in generation (Train): 66867.05 | Mean fitness (Train): 66769.20 | Mean fitness (Test): 66867.05
Generation 990 | Best fitness (Train): 66867.05 | Best fitness in generation (Train): 66867.05 | Mean fitness (Train): 66867.05 | Mean fitness (Test): 66867.05
Generation 1000 | Best fitness (Train): 66867.05 | Best fitness in generation (Train): 66867.05 | Mean fitness (Train): 66867.05 | Mean fitness (Test): 66867.05
Failed to generate visualization: 'Fast' object has no attribute 'sys'
running the experiment ... [../../results/BraxProblem/fast/PGPE/1]
Generation 010 | Best fitness (Train): 66867.05 | Best fitness in generation (Train): 66867.05 | Mean fitness (Train): 18078.37 | Mean fitness (Test): 65403.75
Generation 020 | Best fitness (Train): 66867.05 | Best fitness in generation (Train): 66867.05 | Mean fitness (Train): 19498.71 | Mean fitness (Test): 63490.14
Generation 030 | Best fitness (Train): 66867.05 | Best fitness in generation (Train): 66867.05 | Mean fitness (Train): 20983.87 | Mean fitness (Test): 65540.28
Generation 040 | Best fitness (Train): 66867.05 | Best fitness in generation (Train): 66867.05 | Mean fitness (Train): 20016.91 | Mean fitness (Test): 66867.05
Generation 050 | Best fitness (Train): 66867.05 | Best fitness in generation (Train): 66867.05 | Mean fitness (Train): 24215.56 | Mean fitness (Test): 66867.05
Generation 060 | Best fitness (Train): 66867.05 | Best fitness in generation (Train): 66867.05 | Mean fitness (Train): 24320.77 | Mean fitness (Test): 66867.05
Generation 070 | Best fitness (Train): 66867.05 | Best fitness in generation (Train): 66867.05 | Mean fitness (Train): 25220.35 | Mean fitness (Test): 66867.05
Generation 080 | Best fitness (Train): 66867.05 | Best fitness in generation (Train): 66867.05 | Mean fitness (Train): 27889.30 | Mean fitness (Test): 66867.05
Generation 090 | Best fitness (Train): 66867.05 | Best fitness in generation (Train): 66867.05 | Mean fitness (Train): 31367.90 | Mean fitness (Test): 66867.05
Generation 100 | Best fitness (Train): 66867.05 | Best fitness in generation (Train): 66867.05 | Mean fitness (Train): 26786.82 | Mean fitness (Test): 66867.05
Generation 110 | Best fitness (Train): 66867.05 | Best fitness in generation (Train): 66867.05 | Mean fitness (Train): 31531.21 | Mean fitness (Test): 66867.05
Generation 120 | Best fitness (Train): 66867.05 | Best fitness in generation (Train): 66867.05 | Mean fitness (Train): 30024.94 | Mean fitness (Test): 66867.05
Generation 130 | Best fitness (Train): 66867.05 | Best fitness in generation (Train): 66867.05 | Mean fitness (Train): 36153.70 | Mean fitness (Test): 66867.05
Generation 140 | Best fitness (Train): 66867.05 | Best fitness in generation (Train): 66867.05 | Mean fitness (Train): 37668.79 | Mean fitness (Test): 66867.05
Generation 150 | Best fitness (Train): 66867.05 | Best fitness in generation (Train): 66867.05 | Mean fitness (Train): 39172.44 | Mean fitness (Test): 66867.05
Generation 160 | Best fitness (Train): 66867.05 | Best fitness in generation (Train): 66867.05 | Mean fitness (Train): 41398.45 | Mean fitness (Test): 66867.05
Generation 170 | Best fitness (Train): 66867.05 | Best fitness in generation (Train): 66867.05 | Mean fitness (Train): 38364.69 | Mean fitness (Test): 66867.05
Generation 180 | Best fitness (Train): 66867.05 | Best fitness in generation (Train): 66867.05 | Mean fitness (Train): 46121.81 | Mean fitness (Test): 66867.05
Generation 190 | Best fitness (Train): 66867.05 | Best fitness in generation (Train): 66867.05 | Mean fitness (Train): 46596.63 | Mean fitness (Test): 66867.05
Generation 200 | Best fitness (Train): 66867.05 | Best fitness in generation (Train): 66867.05 | Mean fitness (Train): 47028.98 | Mean fitness (Test): 66867.05
Generation 210 | Best fitness (Train): 66867.05 | Best fitness in generation (Train): 66867.05 | Mean fitness (Train): 48492.66 | Mean fitness (Test): 66867.05
Generation 220 | Best fitness (Train): 66867.05 | Best fitness in generation (Train): 66867.05 | Mean fitness (Train): 48566.90 | Mean fitness (Test): 66867.05
Generation 230 | Best fitness (Train): 66867.05 | Best fitness in generation (Train): 66867.05 | Mean fitness (Train): 50270.48 | Mean fitness (Test): 66867.05
Generation 240 | Best fitness (Train): 66867.05 | Best fitness in generation (Train): 66867.05 | Mean fitness (Train): 51936.08 | Mean fitness (Test): 66867.05
Generation 250 | Best fitness (Train): 66867.05 | Best fitness in generation (Train): 66867.05 | Mean fitness (Train): 52867.40 | Mean fitness (Test): 66867.05
Generation 260 | Best fitness (Train): 66867.05 | Best fitness in generation (Train): 66867.05 | Mean fitness (Train): 55862.15 | Mean fitness (Test): 66867.05
Generation 270 | Best fitness (Train): 66867.05 | Best fitness in generation (Train): 66867.05 | Mean fitness (Train): 56921.68 | Mean fitness (Test): 66867.05
Generation 280 | Best fitness (Train): 66867.05 | Best fitness in generation (Train): 66867.05 | Mean fitness (Train): 57558.91 | Mean fitness (Test): 66867.05
Generation 290 | Best fitness (Train): 66867.05 | Best fitness in generation (Train): 66867.05 | Mean fitness (Train): 60902.96 | Mean fitness (Test): 66867.05
Generation 300 | Best fitness (Train): 66867.05 | Best fitness in generation (Train): 66867.05 | Mean fitness (Train): 59499.98 | Mean fitness (Test): 66867.05
Generation 310 | Best fitness (Train): 66867.05 | Best fitness in generation (Train): 66867.05 | Mean fitness (Train): 60878.15 | Mean fitness (Test): 66867.05
Generation 320 | Best fitness (Train): 66867.05 | Best fitness in generation (Train): 66867.05 | Mean fitness (Train): 62245.45 | Mean fitness (Test): 66867.05
Generation 330 | Best fitness (Train): 66867.05 | Best fitness in generation (Train): 66867.05 | Mean fitness (Train): 61940.71 | Mean fitness (Test): 66867.05
Generation 340 | Best fitness (Train): 66867.05 | Best fitness in generation (Train): 66867.05 | Mean fitness (Train): 63149.05 | Mean fitness (Test): 66867.05
Generation 350 | Best fitness (Train): 66867.05 | Best fitness in generation (Train): 66867.05 | Mean fitness (Train): 62954.38 | Mean fitness (Test): 66867.05
Generation 360 | Best fitness (Train): 66867.05 | Best fitness in generation (Train): 66867.05 | Mean fitness (Train): 63836.05 | Mean fitness (Test): 66867.05
Generation 370 | Best fitness (Train): 66867.05 | Best fitness in generation (Train): 66867.05 | Mean fitness (Train): 62582.80 | Mean fitness (Test): 66867.05
Generation 380 | Best fitness (Train): 66867.05 | Best fitness in generation (Train): 66867.05 | Mean fitness (Train): 65107.07 | Mean fitness (Test): 66867.05
Generation 390 | Best fitness (Train): 66867.05 | Best fitness in generation (Train): 66867.05 | Mean fitness (Train): 65488.07 | Mean fitness (Test): 66867.05
Generation 400 | Best fitness (Train): 66867.05 | Best fitness in generation (Train): 66867.05 | Mean fitness (Train): 64953.07 | Mean fitness (Test): 66867.05
Generation 410 | Best fitness (Train): 66867.05 | Best fitness in generation (Train): 66867.05 | Mean fitness (Train): 64840.88 | Mean fitness (Test): 66867.05
Generation 420 | Best fitness (Train): 66867.05 | Best fitness in generation (Train): 66867.05 | Mean fitness (Train): 65142.78 | Mean fitness (Test): 66867.05
Generation 430 | Best fitness (Train): 66867.05 | Best fitness in generation (Train): 66867.05 | Mean fitness (Train): 64482.75 | Mean fitness (Test): 66867.05
Generation 440 | Best fitness (Train): 66867.05 | Best fitness in generation (Train): 66867.05 | Mean fitness (Train): 65255.01 | Mean fitness (Test): 66867.05
Generation 450 | Best fitness (Train): 66867.05 | Best fitness in generation (Train): 66867.05 | Mean fitness (Train): 65996.81 | Mean fitness (Test): 66867.05
Generation 460 | Best fitness (Train): 66867.05 | Best fitness in generation (Train): 66867.05 | Mean fitness (Train): 66196.87 | Mean fitness (Test): 66867.05
Generation 470 | Best fitness (Train): 66867.05 | Best fitness in generation (Train): 66867.05 | Mean fitness (Train): 65503.32 | Mean fitness (Test): 66867.05
Generation 480 | Best fitness (Train): 66867.05 | Best fitness in generation (Train): 66867.05 | Mean fitness (Train): 66280.53 | Mean fitness (Test): 66867.05
Generation 490 | Best fitness (Train): 66867.05 | Best fitness in generation (Train): 66867.05 | Mean fitness (Train): 64728.34 | Mean fitness (Test): 66867.05
Generation 500 | Best fitness (Train): 66867.05 | Best fitness in generation (Train): 66867.05 | Mean fitness (Train): 66088.03 | Mean fitness (Test): 66867.05
Generation 510 | Best fitness (Train): 66867.05 | Best fitness in generation (Train): 66867.05 | Mean fitness (Train): 65711.95 | Mean fitness (Test): 66867.05
Generation 520 | Best fitness (Train): 66867.05 | Best fitness in generation (Train): 66867.05 | Mean fitness (Train): 66327.00 | Mean fitness (Test): 66867.05
Generation 530 | Best fitness (Train): 66867.05 | Best fitness in generation (Train): 66867.05 | Mean fitness (Train): 66456.61 | Mean fitness (Test): 66867.05
Generation 540 | Best fitness (Train): 66867.05 | Best fitness in generation (Train): 66867.05 | Mean fitness (Train): 66361.86 | Mean fitness (Test): 66867.05
Generation 550 | Best fitness (Train): 66867.05 | Best fitness in generation (Train): 66867.05 | Mean fitness (Train): 65885.88 | Mean fitness (Test): 66867.05
Generation 560 | Best fitness (Train): 66867.05 | Best fitness in generation (Train): 66867.05 | Mean fitness (Train): 66457.37 | Mean fitness (Test): 66867.05
Generation 570 | Best fitness (Train): 66867.05 | Best fitness in generation (Train): 66867.05 | Mean fitness (Train): 66280.82 | Mean fitness (Test): 66867.05
Generation 580 | Best fitness (Train): 66867.05 | Best fitness in generation (Train): 66867.05 | Mean fitness (Train): 66253.92 | Mean fitness (Test): 66867.05
Generation 590 | Best fitness (Train): 66867.05 | Best fitness in generation (Train): 66867.05 | Mean fitness (Train): 66029.50 | Mean fitness (Test): 66867.05
Generation 600 | Best fitness (Train): 66867.05 | Best fitness in generation (Train): 66867.05 | Mean fitness (Train): 66223.59 | Mean fitness (Test): 66867.05
Generation 610 | Best fitness (Train): 66867.05 | Best fitness in generation (Train): 66867.05 | Mean fitness (Train): 66724.60 | Mean fitness (Test): 66867.05
Generation 620 | Best fitness (Train): 66867.05 | Best fitness in generation (Train): 66867.05 | Mean fitness (Train): 66525.23 | Mean fitness (Test): 66867.05
Generation 630 | Best fitness (Train): 66867.05 | Best fitness in generation (Train): 66867.05 | Mean fitness (Train): 66751.94 | Mean fitness (Test): 66867.05
Generation 640 | Best fitness (Train): 66867.05 | Best fitness in generation (Train): 66867.05 | Mean fitness (Train): 66846.45 | Mean fitness (Test): 66867.05
Generation 650 | Best fitness (Train): 66867.05 | Best fitness in generation (Train): 66867.05 | Mean fitness (Train): 66463.38 | Mean fitness (Test): 66867.05
Generation 660 | Best fitness (Train): 66867.05 | Best fitness in generation (Train): 66867.05 | Mean fitness (Train): 66526.84 | Mean fitness (Test): 66867.05
Generation 670 | Best fitness (Train): 66867.05 | Best fitness in generation (Train): 66867.05 | Mean fitness (Train): 66394.57 | Mean fitness (Test): 66867.05
Generation 680 | Best fitness (Train): 66867.05 | Best fitness in generation (Train): 66867.05 | Mean fitness (Train): 66825.39 | Mean fitness (Test): 66867.05
Generation 690 | Best fitness (Train): 66867.05 | Best fitness in generation (Train): 66867.05 | Mean fitness (Train): 66439.17 | Mean fitness (Test): 66867.05
Generation 700 | Best fitness (Train): 66867.05 | Best fitness in generation (Train): 66867.05 | Mean fitness (Train): 66536.63 | Mean fitness (Test): 66867.05
Generation 710 | Best fitness (Train): 66867.05 | Best fitness in generation (Train): 66867.05 | Mean fitness (Train): 66408.15 | Mean fitness (Test): 66867.05
Generation 720 | Best fitness (Train): 66867.05 | Best fitness in generation (Train): 66867.05 | Mean fitness (Train): 66756.22 | Mean fitness (Test): 66867.05
Generation 730 | Best fitness (Train): 66867.05 | Best fitness in generation (Train): 66867.05 | Mean fitness (Train): 66595.67 | Mean fitness (Test): 66867.05
Generation 740 | Best fitness (Train): 66867.05 | Best fitness in generation (Train): 66867.05 | Mean fitness (Train): 66560.30 | Mean fitness (Test): 66867.05
Generation 750 | Best fitness (Train): 66867.05 | Best fitness in generation (Train): 66867.05 | Mean fitness (Train): 66812.48 | Mean fitness (Test): 66867.05
Generation 760 | Best fitness (Train): 66867.05 | Best fitness in generation (Train): 66867.05 | Mean fitness (Train): 66451.97 | Mean fitness (Test): 66867.05
Generation 770 | Best fitness (Train): 66867.05 | Best fitness in generation (Train): 66867.05 | Mean fitness (Train): 66767.24 | Mean fitness (Test): 66867.05
Generation 780 | Best fitness (Train): 66867.05 | Best fitness in generation (Train): 66867.05 | Mean fitness (Train): 66862.02 | Mean fitness (Test): 66867.05
Generation 790 | Best fitness (Train): 66867.05 | Best fitness in generation (Train): 66867.05 | Mean fitness (Train): 66866.12 | Mean fitness (Test): 66867.05
Generation 800 | Best fitness (Train): 66867.05 | Best fitness in generation (Train): 66867.05 | Mean fitness (Train): 66578.49 | Mean fitness (Test): 66867.05
Generation 810 | Best fitness (Train): 66867.05 | Best fitness in generation (Train): 66867.05 | Mean fitness (Train): 66833.19 | Mean fitness (Test): 66867.05
Generation 820 | Best fitness (Train): 66867.05 | Best fitness in generation (Train): 66867.05 | Mean fitness (Train): 66563.80 | Mean fitness (Test): 66867.05
Generation 830 | Best fitness (Train): 66867.05 | Best fitness in generation (Train): 66867.05 | Mean fitness (Train): 66317.28 | Mean fitness (Test): 66867.05
Generation 840 | Best fitness (Train): 66867.05 | Best fitness in generation (Train): 66867.05 | Mean fitness (Train): 66867.05 | Mean fitness (Test): 66867.05
Generation 850 | Best fitness (Train): 66867.05 | Best fitness in generation (Train): 66867.05 | Mean fitness (Train): 66378.50 | Mean fitness (Test): 66867.05
Generation 860 | Best fitness (Train): 66867.05 | Best fitness in generation (Train): 66867.05 | Mean fitness (Train): 66605.53 | Mean fitness (Test): 66867.05
Generation 870 | Best fitness (Train): 66867.05 | Best fitness in generation (Train): 66867.05 | Mean fitness (Train): 66828.68 | Mean fitness (Test): 66867.05
Generation 880 | Best fitness (Train): 66867.05 | Best fitness in generation (Train): 66867.05 | Mean fitness (Train): 66815.76 | Mean fitness (Test): 66867.05
Generation 890 | Best fitness (Train): 66867.05 | Best fitness in generation (Train): 66867.05 | Mean fitness (Train): 66590.24 | Mean fitness (Test): 66867.05
Generation 900 | Best fitness (Train): 66867.05 | Best fitness in generation (Train): 66867.05 | Mean fitness (Train): 66570.33 | Mean fitness (Test): 66867.05
Generation 910 | Best fitness (Train): 66867.05 | Best fitness in generation (Train): 66867.05 | Mean fitness (Train): 66867.05 | Mean fitness (Test): 66867.05
Generation 920 | Best fitness (Train): 66867.05 | Best fitness in generation (Train): 66867.05 | Mean fitness (Train): 66864.64 | Mean fitness (Test): 66867.05
Generation 930 | Best fitness (Train): 66867.05 | Best fitness in generation (Train): 66867.05 | Mean fitness (Train): 66823.28 | Mean fitness (Test): 66867.05
Generation 940 | Best fitness (Train): 66867.05 | Best fitness in generation (Train): 66867.05 | Mean fitness (Train): 66865.52 | Mean fitness (Test): 66867.05
Generation 950 | Best fitness (Train): 66867.05 | Best fitness in generation (Train): 66867.05 | Mean fitness (Train): 66786.55 | Mean fitness (Test): 66867.05
Generation 960 | Best fitness (Train): 66867.05 | Best fitness in generation (Train): 66867.05 | Mean fitness (Train): 66847.70 | Mean fitness (Test): 66867.05
Generation 970 | Best fitness (Train): 66867.05 | Best fitness in generation (Train): 66867.05 | Mean fitness (Train): 66173.16 | Mean fitness (Test): 66867.05
Generation 980 | Best fitness (Train): 66867.05 | Best fitness in generation (Train): 66867.05 | Mean fitness (Train): 66837.96 | Mean fitness (Test): 66867.05
Generation 990 | Best fitness (Train): 66867.05 | Best fitness in generation (Train): 66867.05 | Mean fitness (Train): 66866.01 | Mean fitness (Test): 66867.05
Generation 1000 | Best fitness (Train): 66867.05 | Best fitness in generation (Train): 66867.05 | Mean fitness (Train): 66775.82 | Mean fitness (Test): 66867.05
Failed to generate visualization: 'Fast' object has no attribute 'sys'
running the experiment ... [../../results/BraxProblem/fast/PGPE/2]
Generation 010 | Best fitness (Train): 66867.05 | Best fitness in generation (Train): 66867.05 | Mean fitness (Train): 18740.60 | Mean fitness (Test): 0.00
Generation 020 | Best fitness (Train): 66867.05 | Best fitness in generation (Train): 66867.05 | Mean fitness (Train): 19253.43 | Mean fitness (Test): 0.00
Generation 030 | Best fitness (Train): 66867.05 | Best fitness in generation (Train): 66867.05 | Mean fitness (Train): 18923.68 | Mean fitness (Test): 66867.05
Generation 040 | Best fitness (Train): 66867.05 | Best fitness in generation (Train): 66867.05 | Mean fitness (Train): 22725.75 | Mean fitness (Test): 66867.05
Generation 050 | Best fitness (Train): 66867.05 | Best fitness in generation (Train): 66867.05 | Mean fitness (Train): 21944.66 | Mean fitness (Test): 66867.05
Generation 060 | Best fitness (Train): 66867.05 | Best fitness in generation (Train): 66867.05 | Mean fitness (Train): 25459.88 | Mean fitness (Test): 66867.05
Generation 070 | Best fitness (Train): 66867.05 | Best fitness in generation (Train): 66867.05 | Mean fitness (Train): 27103.21 | Mean fitness (Test): 66867.05
Generation 080 | Best fitness (Train): 66867.05 | Best fitness in generation (Train): 66867.05 | Mean fitness (Train): 25831.88 | Mean fitness (Test): 66867.05
Generation 090 | Best fitness (Train): 66867.05 | Best fitness in generation (Train): 66867.05 | Mean fitness (Train): 29467.27 | Mean fitness (Test): 66867.05
Generation 100 | Best fitness (Train): 66867.05 | Best fitness in generation (Train): 66867.05 | Mean fitness (Train): 31287.89 | Mean fitness (Test): 66867.05
Generation 110 | Best fitness (Train): 66867.05 | Best fitness in generation (Train): 66867.05 | Mean fitness (Train): 30718.22 | Mean fitness (Test): 66867.05
Generation 120 | Best fitness (Train): 66867.05 | Best fitness in generation (Train): 66867.05 | Mean fitness (Train): 35253.38 | Mean fitness (Test): 66867.05
Generation 130 | Best fitness (Train): 66867.05 | Best fitness in generation (Train): 66867.05 | Mean fitness (Train): 34772.59 | Mean fitness (Test): 66867.05
Generation 140 | Best fitness (Train): 66867.05 | Best fitness in generation (Train): 66867.05 | Mean fitness (Train): 39388.92 | Mean fitness (Test): 66867.05
Generation 150 | Best fitness (Train): 66867.05 | Best fitness in generation (Train): 66867.05 | Mean fitness (Train): 39031.81 | Mean fitness (Test): 66867.05
Generation 160 | Best fitness (Train): 66867.05 | Best fitness in generation (Train): 66867.05 | Mean fitness (Train): 38214.43 | Mean fitness (Test): 66867.05
Generation 170 | Best fitness (Train): 66867.05 | Best fitness in generation (Train): 66867.05 | Mean fitness (Train): 41564.80 | Mean fitness (Test): 66867.05
Generation 180 | Best fitness (Train): 66867.05 | Best fitness in generation (Train): 66867.05 | Mean fitness (Train): 43985.94 | Mean fitness (Test): 66867.05
Generation 190 | Best fitness (Train): 66867.05 | Best fitness in generation (Train): 66867.05 | Mean fitness (Train): 46086.35 | Mean fitness (Test): 66867.05
Generation 200 | Best fitness (Train): 66867.05 | Best fitness in generation (Train): 66867.05 | Mean fitness (Train): 48316.05 | Mean fitness (Test): 66867.05
Generation 210 | Best fitness (Train): 66867.05 | Best fitness in generation (Train): 66867.05 | Mean fitness (Train): 49837.93 | Mean fitness (Test): 66867.05
Generation 220 | Best fitness (Train): 66867.05 | Best fitness in generation (Train): 66867.05 | Mean fitness (Train): 51708.95 | Mean fitness (Test): 66867.05
Generation 230 | Best fitness (Train): 66867.05 | Best fitness in generation (Train): 66867.05 | Mean fitness (Train): 52947.45 | Mean fitness (Test): 66867.05
Generation 240 | Best fitness (Train): 66867.05 | Best fitness in generation (Train): 66867.05 | Mean fitness (Train): 53539.59 | Mean fitness (Test): 66867.05
Generation 250 | Best fitness (Train): 66867.05 | Best fitness in generation (Train): 66867.05 | Mean fitness (Train): 55665.27 | Mean fitness (Test): 66867.05
Generation 260 | Best fitness (Train): 66867.05 | Best fitness in generation (Train): 66867.05 | Mean fitness (Train): 57927.52 | Mean fitness (Test): 66867.05
Generation 270 | Best fitness (Train): 66867.05 | Best fitness in generation (Train): 66867.05 | Mean fitness (Train): 58064.40 | Mean fitness (Test): 66867.05
Generation 280 | Best fitness (Train): 66867.05 | Best fitness in generation (Train): 66867.05 | Mean fitness (Train): 59299.26 | Mean fitness (Test): 66867.05
Generation 290 | Best fitness (Train): 66867.05 | Best fitness in generation (Train): 66867.05 | Mean fitness (Train): 60323.64 | Mean fitness (Test): 66867.05
Generation 300 | Best fitness (Train): 66867.05 | Best fitness in generation (Train): 66867.05 | Mean fitness (Train): 62192.89 | Mean fitness (Test): 66867.05
Generation 310 | Best fitness (Train): 66867.05 | Best fitness in generation (Train): 66867.05 | Mean fitness (Train): 61712.19 | Mean fitness (Test): 66867.05
Generation 320 | Best fitness (Train): 66867.05 | Best fitness in generation (Train): 66867.05 | Mean fitness (Train): 61449.71 | Mean fitness (Test): 66867.05
Generation 330 | Best fitness (Train): 66867.05 | Best fitness in generation (Train): 66867.05 | Mean fitness (Train): 64074.69 | Mean fitness (Test): 66867.05
Generation 340 | Best fitness (Train): 66867.05 | Best fitness in generation (Train): 66867.05 | Mean fitness (Train): 61497.38 | Mean fitness (Test): 66867.05
Generation 350 | Best fitness (Train): 66867.05 | Best fitness in generation (Train): 66867.05 | Mean fitness (Train): 64867.15 | Mean fitness (Test): 66867.05
Generation 360 | Best fitness (Train): 66867.05 | Best fitness in generation (Train): 66867.05 | Mean fitness (Train): 63277.43 | Mean fitness (Test): 66867.05
Generation 370 | Best fitness (Train): 66867.05 | Best fitness in generation (Train): 66867.05 | Mean fitness (Train): 63027.43 | Mean fitness (Test): 66867.05
Generation 380 | Best fitness (Train): 66867.05 | Best fitness in generation (Train): 66867.05 | Mean fitness (Train): 63250.58 | Mean fitness (Test): 66867.05
Generation 390 | Best fitness (Train): 66867.05 | Best fitness in generation (Train): 66867.05 | Mean fitness (Train): 65069.12 | Mean fitness (Test): 66867.05
Generation 400 | Best fitness (Train): 66867.05 | Best fitness in generation (Train): 66867.05 | Mean fitness (Train): 64586.12 | Mean fitness (Test): 66867.05
Generation 410 | Best fitness (Train): 66867.05 | Best fitness in generation (Train): 66867.05 | Mean fitness (Train): 65338.01 | Mean fitness (Test): 66867.05
Generation 420 | Best fitness (Train): 66867.05 | Best fitness in generation (Train): 66867.05 | Mean fitness (Train): 65717.38 | Mean fitness (Test): 66867.05
Generation 430 | Best fitness (Train): 66867.05 | Best fitness in generation (Train): 66867.05 | Mean fitness (Train): 66054.95 | Mean fitness (Test): 66867.05
Generation 440 | Best fitness (Train): 66867.05 | Best fitness in generation (Train): 66867.05 | Mean fitness (Train): 66102.28 | Mean fitness (Test): 66867.05
Generation 450 | Best fitness (Train): 66867.05 | Best fitness in generation (Train): 66867.05 | Mean fitness (Train): 65084.00 | Mean fitness (Test): 66867.05
Generation 460 | Best fitness (Train): 66867.05 | Best fitness in generation (Train): 66867.05 | Mean fitness (Train): 65572.66 | Mean fitness (Test): 66867.05
Generation 470 | Best fitness (Train): 66867.05 | Best fitness in generation (Train): 66867.05 | Mean fitness (Train): 65772.08 | Mean fitness (Test): 66867.05
Generation 480 | Best fitness (Train): 66867.05 | Best fitness in generation (Train): 66867.05 | Mean fitness (Train): 65384.45 | Mean fitness (Test): 66867.05
Generation 490 | Best fitness (Train): 66867.05 | Best fitness in generation (Train): 66867.05 | Mean fitness (Train): 66019.31 | Mean fitness (Test): 66867.05
Generation 500 | Best fitness (Train): 66867.05 | Best fitness in generation (Train): 66867.05 | Mean fitness (Train): 65674.33 | Mean fitness (Test): 66867.05
Generation 510 | Best fitness (Train): 66867.05 | Best fitness in generation (Train): 66867.05 | Mean fitness (Train): 66338.55 | Mean fitness (Test): 66867.05
Generation 520 | Best fitness (Train): 66867.05 | Best fitness in generation (Train): 66867.05 | Mean fitness (Train): 66134.51 | Mean fitness (Test): 66867.05
Generation 530 | Best fitness (Train): 66867.05 | Best fitness in generation (Train): 66867.05 | Mean fitness (Train): 66024.65 | Mean fitness (Test): 66867.05
Generation 540 | Best fitness (Train): 66867.05 | Best fitness in generation (Train): 66867.05 | Mean fitness (Train): 66370.07 | Mean fitness (Test): 66867.05
Generation 550 | Best fitness (Train): 66867.05 | Best fitness in generation (Train): 66867.05 | Mean fitness (Train): 66240.41 | Mean fitness (Test): 66867.05
Generation 560 | Best fitness (Train): 66867.05 | Best fitness in generation (Train): 66867.05 | Mean fitness (Train): 66225.43 | Mean fitness (Test): 66867.05
Generation 570 | Best fitness (Train): 66867.05 | Best fitness in generation (Train): 66867.05 | Mean fitness (Train): 66526.44 | Mean fitness (Test): 66867.05
Generation 580 | Best fitness (Train): 66867.05 | Best fitness in generation (Train): 66867.05 | Mean fitness (Train): 66487.20 | Mean fitness (Test): 66867.05
Generation 590 | Best fitness (Train): 66867.05 | Best fitness in generation (Train): 66867.05 | Mean fitness (Train): 65828.31 | Mean fitness (Test): 66867.05
Generation 600 | Best fitness (Train): 66867.05 | Best fitness in generation (Train): 66867.05 | Mean fitness (Train): 66375.99 | Mean fitness (Test): 66867.05
Generation 610 | Best fitness (Train): 66867.05 | Best fitness in generation (Train): 66867.05 | Mean fitness (Train): 66736.45 | Mean fitness (Test): 66867.05
Generation 620 | Best fitness (Train): 66867.05 | Best fitness in generation (Train): 66867.05 | Mean fitness (Train): 66431.05 | Mean fitness (Test): 66867.05
Generation 630 | Best fitness (Train): 66867.05 | Best fitness in generation (Train): 66867.05 | Mean fitness (Train): 66505.82 | Mean fitness (Test): 66867.05
Generation 640 | Best fitness (Train): 66867.05 | Best fitness in generation (Train): 66867.05 | Mean fitness (Train): 66061.41 | Mean fitness (Test): 66867.05
Generation 650 | Best fitness (Train): 66867.05 | Best fitness in generation (Train): 66867.05 | Mean fitness (Train): 66821.61 | Mean fitness (Test): 66867.05
Generation 660 | Best fitness (Train): 66867.05 | Best fitness in generation (Train): 66867.05 | Mean fitness (Train): 66581.81 | Mean fitness (Test): 66867.05
Generation 670 | Best fitness (Train): 66867.05 | Best fitness in generation (Train): 66867.05 | Mean fitness (Train): 66028.00 | Mean fitness (Test): 66867.05
Generation 680 | Best fitness (Train): 66867.05 | Best fitness in generation (Train): 66867.05 | Mean fitness (Train): 66669.34 | Mean fitness (Test): 66867.05
Generation 690 | Best fitness (Train): 66867.05 | Best fitness in generation (Train): 66867.05 | Mean fitness (Train): 66195.64 | Mean fitness (Test): 66867.05
Generation 700 | Best fitness (Train): 66867.05 | Best fitness in generation (Train): 66867.05 | Mean fitness (Train): 66343.70 | Mean fitness (Test): 66867.05
Generation 710 | Best fitness (Train): 66867.05 | Best fitness in generation (Train): 66867.05 | Mean fitness (Train): 66793.28 | Mean fitness (Test): 66867.05
Generation 720 | Best fitness (Train): 66867.05 | Best fitness in generation (Train): 66867.05 | Mean fitness (Train): 66498.20 | Mean fitness (Test): 66867.05
Generation 730 | Best fitness (Train): 66867.05 | Best fitness in generation (Train): 66867.05 | Mean fitness (Train): 66550.75 | Mean fitness (Test): 66867.05
Generation 740 | Best fitness (Train): 66867.05 | Best fitness in generation (Train): 66867.05 | Mean fitness (Train): 66331.61 | Mean fitness (Test): 66867.05
Generation 750 | Best fitness (Train): 66867.05 | Best fitness in generation (Train): 66867.05 | Mean fitness (Train): 66720.25 | Mean fitness (Test): 66867.05
Generation 760 | Best fitness (Train): 66867.05 | Best fitness in generation (Train): 66867.05 | Mean fitness (Train): 66520.39 | Mean fitness (Test): 66867.05
Generation 770 | Best fitness (Train): 66867.05 | Best fitness in generation (Train): 66867.05 | Mean fitness (Train): 66586.75 | Mean fitness (Test): 66867.05
Generation 780 | Best fitness (Train): 66867.05 | Best fitness in generation (Train): 66867.05 | Mean fitness (Train): 66865.27 | Mean fitness (Test): 66867.05
Generation 790 | Best fitness (Train): 66867.05 | Best fitness in generation (Train): 66867.05 | Mean fitness (Train): 66866.75 | Mean fitness (Test): 66867.05
Generation 800 | Best fitness (Train): 66867.05 | Best fitness in generation (Train): 66867.05 | Mean fitness (Train): 66863.91 | Mean fitness (Test): 66867.05
Generation 810 | Best fitness (Train): 66867.05 | Best fitness in generation (Train): 66867.05 | Mean fitness (Train): 66602.16 | Mean fitness (Test): 66867.05
Generation 820 | Best fitness (Train): 66867.05 | Best fitness in generation (Train): 66867.05 | Mean fitness (Train): 66450.22 | Mean fitness (Test): 66867.05
Generation 830 | Best fitness (Train): 66867.05 | Best fitness in generation (Train): 66867.05 | Mean fitness (Train): 66845.22 | Mean fitness (Test): 66867.05
Generation 840 | Best fitness (Train): 66867.05 | Best fitness in generation (Train): 66867.05 | Mean fitness (Train): 66847.97 | Mean fitness (Test): 66867.05
Generation 850 | Best fitness (Train): 66867.05 | Best fitness in generation (Train): 66867.05 | Mean fitness (Train): 66846.17 | Mean fitness (Test): 66867.05
Generation 860 | Best fitness (Train): 66867.05 | Best fitness in generation (Train): 66867.05 | Mean fitness (Train): 66806.46 | Mean fitness (Test): 66867.05
Generation 870 | Best fitness (Train): 66867.05 | Best fitness in generation (Train): 66867.05 | Mean fitness (Train): 66291.08 | Mean fitness (Test): 66867.05
Generation 880 | Best fitness (Train): 66867.05 | Best fitness in generation (Train): 66867.05 | Mean fitness (Train): 66867.05 | Mean fitness (Test): 66867.05
Generation 890 | Best fitness (Train): 66867.05 | Best fitness in generation (Train): 66867.05 | Mean fitness (Train): 66605.42 | Mean fitness (Test): 66867.05
Generation 900 | Best fitness (Train): 66867.05 | Best fitness in generation (Train): 66867.05 | Mean fitness (Train): 66829.75 | Mean fitness (Test): 66867.05
Generation 910 | Best fitness (Train): 66867.05 | Best fitness in generation (Train): 66867.05 | Mean fitness (Train): 66756.02 | Mean fitness (Test): 66867.05
Generation 920 | Best fitness (Train): 66867.05 | Best fitness in generation (Train): 66867.05 | Mean fitness (Train): 66805.73 | Mean fitness (Test): 66867.05
Generation 930 | Best fitness (Train): 66867.05 | Best fitness in generation (Train): 66867.05 | Mean fitness (Train): 66845.32 | Mean fitness (Test): 66867.05
Generation 940 | Best fitness (Train): 66867.05 | Best fitness in generation (Train): 66867.05 | Mean fitness (Train): 66836.70 | Mean fitness (Test): 66867.05
Generation 950 | Best fitness (Train): 66867.05 | Best fitness in generation (Train): 66867.05 | Mean fitness (Train): 66861.06 | Mean fitness (Test): 66867.05
Generation 960 | Best fitness (Train): 66867.05 | Best fitness in generation (Train): 66867.05 | Mean fitness (Train): 66858.09 | Mean fitness (Test): 66867.05
Generation 970 | Best fitness (Train): 66867.05 | Best fitness in generation (Train): 66867.05 | Mean fitness (Train): 66683.19 | Mean fitness (Test): 66867.05
Generation 980 | Best fitness (Train): 66867.05 | Best fitness in generation (Train): 66867.05 | Mean fitness (Train): 66837.97 | Mean fitness (Test): 66867.05
Generation 990 | Best fitness (Train): 66867.05 | Best fitness in generation (Train): 66867.05 | Mean fitness (Train): 66848.84 | Mean fitness (Test): 66867.05
Generation 1000 | Best fitness (Train): 66867.05 | Best fitness in generation (Train): 66867.05 | Mean fitness (Train): 66824.01 | Mean fitness (Test): 66867.05
Failed to generate visualization: 'Fast' object has no attribute 'sys'
running the experiment ... [../../results/BraxProblem/fast/PGPE/3]
Generation 010 | Best fitness (Train): 66867.05 | Best fitness in generation (Train): 66867.05 | Mean fitness (Train): 18086.85 | Mean fitness (Test): 66867.05
Generation 020 | Best fitness (Train): 66867.05 | Best fitness in generation (Train): 66867.05 | Mean fitness (Train): 18594.95 | Mean fitness (Test): 66867.05
Generation 030 | Best fitness (Train): 66867.05 | Best fitness in generation (Train): 66867.05 | Mean fitness (Train): 20659.00 | Mean fitness (Test): 66867.05
Generation 040 | Best fitness (Train): 66867.05 | Best fitness in generation (Train): 66867.05 | Mean fitness (Train): 20523.01 | Mean fitness (Test): 66867.05
Generation 050 | Best fitness (Train): 66867.05 | Best fitness in generation (Train): 66867.05 | Mean fitness (Train): 21823.69 | Mean fitness (Test): 66867.05
Generation 060 | Best fitness (Train): 66867.05 | Best fitness in generation (Train): 66867.05 | Mean fitness (Train): 25390.51 | Mean fitness (Test): 66867.05
Generation 070 | Best fitness (Train): 66867.05 | Best fitness in generation (Train): 66867.05 | Mean fitness (Train): 26382.67 | Mean fitness (Test): 66867.05
Generation 080 | Best fitness (Train): 66867.05 | Best fitness in generation (Train): 66867.05 | Mean fitness (Train): 28459.37 | Mean fitness (Test): 66867.05
Generation 090 | Best fitness (Train): 66867.05 | Best fitness in generation (Train): 66867.05 | Mean fitness (Train): 23918.80 | Mean fitness (Test): 66867.05
Generation 100 | Best fitness (Train): 66867.05 | Best fitness in generation (Train): 66867.05 | Mean fitness (Train): 29074.52 | Mean fitness (Test): 66867.05
Generation 110 | Best fitness (Train): 66867.05 | Best fitness in generation (Train): 66867.05 | Mean fitness (Train): 31790.95 | Mean fitness (Test): 66867.05
Generation 120 | Best fitness (Train): 66867.05 | Best fitness in generation (Train): 66867.05 | Mean fitness (Train): 30547.50 | Mean fitness (Test): 66867.05
Generation 130 | Best fitness (Train): 66867.05 | Best fitness in generation (Train): 66867.05 | Mean fitness (Train): 33874.51 | Mean fitness (Test): 66867.05
Generation 140 | Best fitness (Train): 66867.05 | Best fitness in generation (Train): 66867.05 | Mean fitness (Train): 36564.77 | Mean fitness (Test): 66867.05
Generation 150 | Best fitness (Train): 66867.05 | Best fitness in generation (Train): 66867.05 | Mean fitness (Train): 38197.01 | Mean fitness (Test): 66867.05
Generation 160 | Best fitness (Train): 66867.05 | Best fitness in generation (Train): 66867.05 | Mean fitness (Train): 39182.09 | Mean fitness (Test): 66867.05
Generation 170 | Best fitness (Train): 66867.05 | Best fitness in generation (Train): 66867.05 | Mean fitness (Train): 44479.62 | Mean fitness (Test): 66867.05
Generation 180 | Best fitness (Train): 66867.05 | Best fitness in generation (Train): 66867.05 | Mean fitness (Train): 45321.02 | Mean fitness (Test): 66867.05
Generation 190 | Best fitness (Train): 66867.05 | Best fitness in generation (Train): 66867.05 | Mean fitness (Train): 43726.85 | Mean fitness (Test): 66867.05
Generation 200 | Best fitness (Train): 66867.05 | Best fitness in generation (Train): 66867.05 | Mean fitness (Train): 49163.74 | Mean fitness (Test): 66867.05
Generation 210 | Best fitness (Train): 66867.05 | Best fitness in generation (Train): 66867.05 | Mean fitness (Train): 48636.25 | Mean fitness (Test): 66867.05
Generation 220 | Best fitness (Train): 66867.05 | Best fitness in generation (Train): 66867.05 | Mean fitness (Train): 49970.20 | Mean fitness (Test): 66867.05
Generation 230 | Best fitness (Train): 66867.05 | Best fitness in generation (Train): 66867.05 | Mean fitness (Train): 52946.51 | Mean fitness (Test): 66867.05
Generation 240 | Best fitness (Train): 66867.05 | Best fitness in generation (Train): 66867.05 | Mean fitness (Train): 53755.16 | Mean fitness (Test): 66867.05
Generation 250 | Best fitness (Train): 66867.05 | Best fitness in generation (Train): 66867.05 | Mean fitness (Train): 54635.94 | Mean fitness (Test): 66867.05
Generation 260 | Best fitness (Train): 66867.05 | Best fitness in generation (Train): 66867.05 | Mean fitness (Train): 57387.37 | Mean fitness (Test): 66867.05
Generation 270 | Best fitness (Train): 66867.05 | Best fitness in generation (Train): 66867.05 | Mean fitness (Train): 58705.23 | Mean fitness (Test): 66867.05
Generation 280 | Best fitness (Train): 66867.05 | Best fitness in generation (Train): 66867.05 | Mean fitness (Train): 59790.48 | Mean fitness (Test): 66867.05
Generation 290 | Best fitness (Train): 66867.05 | Best fitness in generation (Train): 66867.05 | Mean fitness (Train): 59816.02 | Mean fitness (Test): 66867.05
Generation 300 | Best fitness (Train): 66867.05 | Best fitness in generation (Train): 66867.05 | Mean fitness (Train): 61961.37 | Mean fitness (Test): 66867.05
Generation 310 | Best fitness (Train): 66867.05 | Best fitness in generation (Train): 66867.05 | Mean fitness (Train): 63671.94 | Mean fitness (Test): 66867.05
Generation 320 | Best fitness (Train): 66867.05 | Best fitness in generation (Train): 66867.05 | Mean fitness (Train): 63099.10 | Mean fitness (Test): 66867.05
Generation 330 | Best fitness (Train): 66867.05 | Best fitness in generation (Train): 66867.05 | Mean fitness (Train): 62077.65 | Mean fitness (Test): 66867.05
Generation 340 | Best fitness (Train): 66867.05 | Best fitness in generation (Train): 66867.05 | Mean fitness (Train): 62432.59 | Mean fitness (Test): 66867.05
Generation 350 | Best fitness (Train): 66867.05 | Best fitness in generation (Train): 66867.05 | Mean fitness (Train): 64588.45 | Mean fitness (Test): 66867.05
Generation 360 | Best fitness (Train): 66867.05 | Best fitness in generation (Train): 66867.05 | Mean fitness (Train): 63770.99 | Mean fitness (Test): 66867.05
Generation 370 | Best fitness (Train): 66867.05 | Best fitness in generation (Train): 66867.05 | Mean fitness (Train): 64978.30 | Mean fitness (Test): 66867.05
Generation 380 | Best fitness (Train): 66867.05 | Best fitness in generation (Train): 66867.05 | Mean fitness (Train): 64803.59 | Mean fitness (Test): 66867.05
Generation 390 | Best fitness (Train): 66867.05 | Best fitness in generation (Train): 66867.05 | Mean fitness (Train): 65147.70 | Mean fitness (Test): 66867.05
Generation 400 | Best fitness (Train): 66867.05 | Best fitness in generation (Train): 66867.05 | Mean fitness (Train): 65292.64 | Mean fitness (Test): 66867.05
Generation 410 | Best fitness (Train): 66867.05 | Best fitness in generation (Train): 66867.05 | Mean fitness (Train): 65124.64 | Mean fitness (Test): 66867.05
Generation 420 | Best fitness (Train): 66867.05 | Best fitness in generation (Train): 66867.05 | Mean fitness (Train): 65627.91 | Mean fitness (Test): 66867.05
Generation 430 | Best fitness (Train): 66867.05 | Best fitness in generation (Train): 66867.05 | Mean fitness (Train): 65361.42 | Mean fitness (Test): 66867.05
Generation 440 | Best fitness (Train): 66867.05 | Best fitness in generation (Train): 66867.05 | Mean fitness (Train): 65674.61 | Mean fitness (Test): 66867.05
Generation 450 | Best fitness (Train): 66867.05 | Best fitness in generation (Train): 66867.05 | Mean fitness (Train): 65569.60 | Mean fitness (Test): 66867.05
Generation 460 | Best fitness (Train): 66867.05 | Best fitness in generation (Train): 66867.05 | Mean fitness (Train): 66165.73 | Mean fitness (Test): 66867.05
Generation 470 | Best fitness (Train): 66867.05 | Best fitness in generation (Train): 66867.05 | Mean fitness (Train): 65902.25 | Mean fitness (Test): 66867.05
Generation 480 | Best fitness (Train): 66867.05 | Best fitness in generation (Train): 66867.05 | Mean fitness (Train): 65806.81 | Mean fitness (Test): 66867.05
Generation 490 | Best fitness (Train): 66867.05 | Best fitness in generation (Train): 66867.05 | Mean fitness (Train): 66396.91 | Mean fitness (Test): 66867.05
Generation 500 | Best fitness (Train): 66867.05 | Best fitness in generation (Train): 66867.05 | Mean fitness (Train): 66069.34 | Mean fitness (Test): 66867.05
Generation 510 | Best fitness (Train): 66867.05 | Best fitness in generation (Train): 66867.05 | Mean fitness (Train): 66794.59 | Mean fitness (Test): 66867.05
Generation 520 | Best fitness (Train): 66867.05 | Best fitness in generation (Train): 66867.05 | Mean fitness (Train): 66133.56 | Mean fitness (Test): 66867.05
Generation 530 | Best fitness (Train): 66867.05 | Best fitness in generation (Train): 66867.05 | Mean fitness (Train): 66022.45 | Mean fitness (Test): 66867.05
Generation 540 | Best fitness (Train): 66867.05 | Best fitness in generation (Train): 66867.05 | Mean fitness (Train): 66295.96 | Mean fitness (Test): 66867.05
Generation 550 | Best fitness (Train): 66867.05 | Best fitness in generation (Train): 66867.05 | Mean fitness (Train): 66538.41 | Mean fitness (Test): 66867.05
Generation 560 | Best fitness (Train): 66867.05 | Best fitness in generation (Train): 66867.05 | Mean fitness (Train): 66527.64 | Mean fitness (Test): 66867.05
Generation 570 | Best fitness (Train): 66867.05 | Best fitness in generation (Train): 66867.05 | Mean fitness (Train): 66239.04 | Mean fitness (Test): 66867.05
Generation 580 | Best fitness (Train): 66867.05 | Best fitness in generation (Train): 66867.05 | Mean fitness (Train): 66393.09 | Mean fitness (Test): 66867.05
Generation 590 | Best fitness (Train): 66867.05 | Best fitness in generation (Train): 66867.05 | Mean fitness (Train): 66267.42 | Mean fitness (Test): 66867.05
Generation 600 | Best fitness (Train): 66867.05 | Best fitness in generation (Train): 66867.05 | Mean fitness (Train): 66679.62 | Mean fitness (Test): 66867.05
Generation 610 | Best fitness (Train): 66867.05 | Best fitness in generation (Train): 66867.05 | Mean fitness (Train): 66163.89 | Mean fitness (Test): 66867.05
Generation 620 | Best fitness (Train): 66867.05 | Best fitness in generation (Train): 66867.05 | Mean fitness (Train): 65991.30 | Mean fitness (Test): 66867.05
Generation 630 | Best fitness (Train): 66867.05 | Best fitness in generation (Train): 66867.05 | Mean fitness (Train): 66625.42 | Mean fitness (Test): 66867.05
Generation 640 | Best fitness (Train): 66867.05 | Best fitness in generation (Train): 66867.05 | Mean fitness (Train): 66327.42 | Mean fitness (Test): 66867.05
Generation 650 | Best fitness (Train): 66867.05 | Best fitness in generation (Train): 66867.05 | Mean fitness (Train): 66851.63 | Mean fitness (Test): 66867.05
Generation 660 | Best fitness (Train): 66867.05 | Best fitness in generation (Train): 66867.05 | Mean fitness (Train): 66293.39 | Mean fitness (Test): 66867.05
Generation 670 | Best fitness (Train): 66867.05 | Best fitness in generation (Train): 66867.05 | Mean fitness (Train): 66542.04 | Mean fitness (Test): 66867.05
Generation 680 | Best fitness (Train): 66867.05 | Best fitness in generation (Train): 66867.05 | Mean fitness (Train): 66729.84 | Mean fitness (Test): 66867.05
Generation 690 | Best fitness (Train): 66867.05 | Best fitness in generation (Train): 66867.05 | Mean fitness (Train): 66477.59 | Mean fitness (Test): 66867.05
Generation 700 | Best fitness (Train): 66867.05 | Best fitness in generation (Train): 66867.05 | Mean fitness (Train): 66471.06 | Mean fitness (Test): 66867.05
Generation 710 | Best fitness (Train): 66867.05 | Best fitness in generation (Train): 66867.05 | Mean fitness (Train): 66742.22 | Mean fitness (Test): 66867.05
Generation 720 | Best fitness (Train): 66867.05 | Best fitness in generation (Train): 66867.05 | Mean fitness (Train): 66597.56 | Mean fitness (Test): 66867.05
Generation 730 | Best fitness (Train): 66867.05 | Best fitness in generation (Train): 66867.05 | Mean fitness (Train): 66583.86 | Mean fitness (Test): 66867.05
Generation 740 | Best fitness (Train): 66867.05 | Best fitness in generation (Train): 66867.05 | Mean fitness (Train): 66867.05 | Mean fitness (Test): 66867.05
Generation 750 | Best fitness (Train): 66867.05 | Best fitness in generation (Train): 66867.05 | Mean fitness (Train): 66674.14 | Mean fitness (Test): 66867.05
Generation 760 | Best fitness (Train): 66867.05 | Best fitness in generation (Train): 66867.05 | Mean fitness (Train): 66423.02 | Mean fitness (Test): 66867.05
Generation 770 | Best fitness (Train): 66867.05 | Best fitness in generation (Train): 66867.05 | Mean fitness (Train): 66636.62 | Mean fitness (Test): 66867.05
Generation 780 | Best fitness (Train): 66867.05 | Best fitness in generation (Train): 66867.05 | Mean fitness (Train): 66867.05 | Mean fitness (Test): 66867.05
Generation 790 | Best fitness (Train): 66867.05 | Best fitness in generation (Train): 66867.05 | Mean fitness (Train): 66853.70 | Mean fitness (Test): 66867.05
Generation 800 | Best fitness (Train): 66867.05 | Best fitness in generation (Train): 66867.05 | Mean fitness (Train): 66867.05 | Mean fitness (Test): 66867.05
Generation 810 | Best fitness (Train): 66867.05 | Best fitness in generation (Train): 66867.05 | Mean fitness (Train): 66772.24 | Mean fitness (Test): 66867.05
Generation 820 | Best fitness (Train): 66867.05 | Best fitness in generation (Train): 66867.05 | Mean fitness (Train): 66777.20 | Mean fitness (Test): 66867.05
Generation 830 | Best fitness (Train): 66867.05 | Best fitness in generation (Train): 66867.05 | Mean fitness (Train): 66863.88 | Mean fitness (Test): 66867.05
Generation 840 | Best fitness (Train): 66867.05 | Best fitness in generation (Train): 66867.05 | Mean fitness (Train): 66855.36 | Mean fitness (Test): 66867.05
Generation 850 | Best fitness (Train): 66867.05 | Best fitness in generation (Train): 66867.05 | Mean fitness (Train): 66650.83 | Mean fitness (Test): 66867.05
Generation 860 | Best fitness (Train): 66867.05 | Best fitness in generation (Train): 66867.05 | Mean fitness (Train): 66850.56 | Mean fitness (Test): 66867.05
Generation 870 | Best fitness (Train): 66867.05 | Best fitness in generation (Train): 66867.05 | Mean fitness (Train): 66844.02 | Mean fitness (Test): 66867.05
Generation 880 | Best fitness (Train): 66867.05 | Best fitness in generation (Train): 66867.05 | Mean fitness (Train): 66604.97 | Mean fitness (Test): 66867.05
Generation 890 | Best fitness (Train): 66867.05 | Best fitness in generation (Train): 66867.05 | Mean fitness (Train): 66859.25 | Mean fitness (Test): 66867.05
Generation 900 | Best fitness (Train): 66867.05 | Best fitness in generation (Train): 66867.05 | Mean fitness (Train): 66859.95 | Mean fitness (Test): 66867.05
Generation 910 | Best fitness (Train): 66867.05 | Best fitness in generation (Train): 66867.05 | Mean fitness (Train): 66446.47 | Mean fitness (Test): 66867.05
Generation 920 | Best fitness (Train): 66867.05 | Best fitness in generation (Train): 66867.05 | Mean fitness (Train): 66830.03 | Mean fitness (Test): 66867.05
Generation 930 | Best fitness (Train): 66867.05 | Best fitness in generation (Train): 66867.05 | Mean fitness (Train): 66823.94 | Mean fitness (Test): 66867.05
Generation 940 | Best fitness (Train): 66867.05 | Best fitness in generation (Train): 66867.05 | Mean fitness (Train): 66587.53 | Mean fitness (Test): 66867.05
Generation 950 | Best fitness (Train): 66867.05 | Best fitness in generation (Train): 66867.05 | Mean fitness (Train): 66867.05 | Mean fitness (Test): 66867.05
Generation 960 | Best fitness (Train): 66867.05 | Best fitness in generation (Train): 66867.05 | Mean fitness (Train): 66600.24 | Mean fitness (Test): 66867.05
Generation 970 | Best fitness (Train): 66867.05 | Best fitness in generation (Train): 66867.05 | Mean fitness (Train): 66729.02 | Mean fitness (Test): 66867.05
Generation 980 | Best fitness (Train): 66867.05 | Best fitness in generation (Train): 66867.05 | Mean fitness (Train): 66718.19 | Mean fitness (Test): 66867.05
Generation 990 | Best fitness (Train): 66867.05 | Best fitness in generation (Train): 66867.05 | Mean fitness (Train): 66850.19 | Mean fitness (Test): 66867.05
Generation 1000 | Best fitness (Train): 66867.05 | Best fitness in generation (Train): 66867.05 | Mean fitness (Train): 66865.17 | Mean fitness (Test): 66867.05
Failed to generate visualization: 'Fast' object has no attribute 'sys'
running the experiment ... [../../results/BraxProblem/fast/PGPE/4]
Generation 010 | Best fitness (Train): 66867.05 | Best fitness in generation (Train): 66867.05 | Mean fitness (Train): 18387.43 | Mean fitness (Test): 0.00
Generation 020 | Best fitness (Train): 66867.05 | Best fitness in generation (Train): 66867.05 | Mean fitness (Train): 20234.27 | Mean fitness (Test): 0.00
Generation 030 | Best fitness (Train): 66867.05 | Best fitness in generation (Train): 66867.05 | Mean fitness (Train): 17950.01 | Mean fitness (Test): 66867.05
Generation 040 | Best fitness (Train): 66867.05 | Best fitness in generation (Train): 66867.05 | Mean fitness (Train): 19486.26 | Mean fitness (Test): 66867.05
Generation 050 | Best fitness (Train): 66867.05 | Best fitness in generation (Train): 66867.05 | Mean fitness (Train): 22809.35 | Mean fitness (Test): 66867.05
Generation 060 | Best fitness (Train): 66867.05 | Best fitness in generation (Train): 66867.05 | Mean fitness (Train): 22406.15 | Mean fitness (Test): 66867.05
Generation 070 | Best fitness (Train): 66867.05 | Best fitness in generation (Train): 66867.05 | Mean fitness (Train): 26443.17 | Mean fitness (Test): 66867.05
Generation 080 | Best fitness (Train): 66867.05 | Best fitness in generation (Train): 66867.05 | Mean fitness (Train): 25074.74 | Mean fitness (Test): 66867.05
Generation 090 | Best fitness (Train): 66867.05 | Best fitness in generation (Train): 66867.05 | Mean fitness (Train): 25021.56 | Mean fitness (Test): 66867.05
Generation 100 | Best fitness (Train): 66867.05 | Best fitness in generation (Train): 66867.05 | Mean fitness (Train): 28119.89 | Mean fitness (Test): 66867.05
Generation 110 | Best fitness (Train): 66867.05 | Best fitness in generation (Train): 66867.05 | Mean fitness (Train): 30851.89 | Mean fitness (Test): 66867.05
Generation 120 | Best fitness (Train): 66867.05 | Best fitness in generation (Train): 66867.05 | Mean fitness (Train): 30721.29 | Mean fitness (Test): 66867.05
Generation 130 | Best fitness (Train): 66867.05 | Best fitness in generation (Train): 66867.05 | Mean fitness (Train): 34111.84 | Mean fitness (Test): 66867.05
Generation 140 | Best fitness (Train): 66867.05 | Best fitness in generation (Train): 66867.05 | Mean fitness (Train): 35801.70 | Mean fitness (Test): 66867.05
Generation 150 | Best fitness (Train): 66867.05 | Best fitness in generation (Train): 66867.05 | Mean fitness (Train): 39037.69 | Mean fitness (Test): 66867.05
Generation 160 | Best fitness (Train): 66867.05 | Best fitness in generation (Train): 66867.05 | Mean fitness (Train): 36350.51 | Mean fitness (Test): 66867.05
Generation 170 | Best fitness (Train): 66867.05 | Best fitness in generation (Train): 66867.05 | Mean fitness (Train): 38931.57 | Mean fitness (Test): 66867.05
Generation 180 | Best fitness (Train): 66867.05 | Best fitness in generation (Train): 66867.05 | Mean fitness (Train): 40530.60 | Mean fitness (Test): 66867.05
Generation 190 | Best fitness (Train): 66867.05 | Best fitness in generation (Train): 66867.05 | Mean fitness (Train): 44349.84 | Mean fitness (Test): 66867.05
Generation 200 | Best fitness (Train): 66867.05 | Best fitness in generation (Train): 66867.05 | Mean fitness (Train): 47150.43 | Mean fitness (Test): 66867.05
Generation 210 | Best fitness (Train): 66867.05 | Best fitness in generation (Train): 66867.05 | Mean fitness (Train): 49526.65 | Mean fitness (Test): 66867.05
Generation 220 | Best fitness (Train): 66867.05 | Best fitness in generation (Train): 66867.05 | Mean fitness (Train): 46959.57 | Mean fitness (Test): 66867.05
Generation 230 | Best fitness (Train): 66867.05 | Best fitness in generation (Train): 66867.05 | Mean fitness (Train): 51688.61 | Mean fitness (Test): 66867.05
Generation 240 | Best fitness (Train): 66867.05 | Best fitness in generation (Train): 66867.05 | Mean fitness (Train): 51667.34 | Mean fitness (Test): 66867.05
Generation 250 | Best fitness (Train): 66867.05 | Best fitness in generation (Train): 66867.05 | Mean fitness (Train): 52149.17 | Mean fitness (Test): 66867.05
Generation 260 | Best fitness (Train): 66867.05 | Best fitness in generation (Train): 66867.05 | Mean fitness (Train): 55800.53 | Mean fitness (Test): 66867.05
Generation 270 | Best fitness (Train): 66867.05 | Best fitness in generation (Train): 66867.05 | Mean fitness (Train): 58323.88 | Mean fitness (Test): 66867.05
Generation 280 | Best fitness (Train): 66867.05 | Best fitness in generation (Train): 66867.05 | Mean fitness (Train): 58361.80 | Mean fitness (Test): 66867.05
Generation 290 | Best fitness (Train): 66867.05 | Best fitness in generation (Train): 66867.05 | Mean fitness (Train): 59073.65 | Mean fitness (Test): 66867.05
Generation 300 | Best fitness (Train): 66867.05 | Best fitness in generation (Train): 66867.05 | Mean fitness (Train): 59089.22 | Mean fitness (Test): 66867.05
Generation 310 | Best fitness (Train): 66867.05 | Best fitness in generation (Train): 66867.05 | Mean fitness (Train): 60404.75 | Mean fitness (Test): 66867.05
Generation 320 | Best fitness (Train): 66867.05 | Best fitness in generation (Train): 66867.05 | Mean fitness (Train): 61919.34 | Mean fitness (Test): 66867.05
Generation 330 | Best fitness (Train): 66867.05 | Best fitness in generation (Train): 66867.05 | Mean fitness (Train): 60521.33 | Mean fitness (Test): 66867.05
Generation 340 | Best fitness (Train): 66867.05 | Best fitness in generation (Train): 66867.05 | Mean fitness (Train): 63012.40 | Mean fitness (Test): 66867.05
Generation 350 | Best fitness (Train): 66867.05 | Best fitness in generation (Train): 66867.05 | Mean fitness (Train): 60919.29 | Mean fitness (Test): 66867.05
Generation 360 | Best fitness (Train): 66867.05 | Best fitness in generation (Train): 66867.05 | Mean fitness (Train): 63887.58 | Mean fitness (Test): 66867.05
Generation 370 | Best fitness (Train): 66867.05 | Best fitness in generation (Train): 66867.05 | Mean fitness (Train): 61997.63 | Mean fitness (Test): 66867.05
Generation 380 | Best fitness (Train): 66867.05 | Best fitness in generation (Train): 66867.05 | Mean fitness (Train): 63331.54 | Mean fitness (Test): 66867.05
Generation 390 | Best fitness (Train): 66867.05 | Best fitness in generation (Train): 66867.05 | Mean fitness (Train): 64004.45 | Mean fitness (Test): 66867.05
Generation 400 | Best fitness (Train): 66867.05 | Best fitness in generation (Train): 66867.05 | Mean fitness (Train): 64342.59 | Mean fitness (Test): 66867.05
Generation 410 | Best fitness (Train): 66867.05 | Best fitness in generation (Train): 66867.05 | Mean fitness (Train): 64506.90 | Mean fitness (Test): 66867.05
Generation 420 | Best fitness (Train): 66867.05 | Best fitness in generation (Train): 66867.05 | Mean fitness (Train): 65223.47 | Mean fitness (Test): 66867.05
Generation 430 | Best fitness (Train): 66867.05 | Best fitness in generation (Train): 66867.05 | Mean fitness (Train): 64983.34 | Mean fitness (Test): 66867.05
Generation 440 | Best fitness (Train): 66867.05 | Best fitness in generation (Train): 66867.05 | Mean fitness (Train): 66275.02 | Mean fitness (Test): 66867.05
Generation 450 | Best fitness (Train): 66867.05 | Best fitness in generation (Train): 66867.05 | Mean fitness (Train): 65408.87 | Mean fitness (Test): 66867.05
Generation 460 | Best fitness (Train): 66867.05 | Best fitness in generation (Train): 66867.05 | Mean fitness (Train): 65318.18 | Mean fitness (Test): 66867.05
Generation 470 | Best fitness (Train): 66867.05 | Best fitness in generation (Train): 66867.05 | Mean fitness (Train): 64413.30 | Mean fitness (Test): 66867.05
Generation 480 | Best fitness (Train): 66867.05 | Best fitness in generation (Train): 66867.05 | Mean fitness (Train): 65588.64 | Mean fitness (Test): 66867.05
Generation 490 | Best fitness (Train): 66867.05 | Best fitness in generation (Train): 66867.05 | Mean fitness (Train): 65903.86 | Mean fitness (Test): 66867.05
Generation 500 | Best fitness (Train): 66867.05 | Best fitness in generation (Train): 66867.05 | Mean fitness (Train): 65714.98 | Mean fitness (Test): 66867.05
Generation 510 | Best fitness (Train): 66867.05 | Best fitness in generation (Train): 66867.05 | Mean fitness (Train): 66473.59 | Mean fitness (Test): 66867.05
Generation 520 | Best fitness (Train): 66867.05 | Best fitness in generation (Train): 66867.05 | Mean fitness (Train): 66085.31 | Mean fitness (Test): 66867.05
Generation 530 | Best fitness (Train): 66867.05 | Best fitness in generation (Train): 66867.05 | Mean fitness (Train): 65912.92 | Mean fitness (Test): 66867.05
Generation 540 | Best fitness (Train): 66867.05 | Best fitness in generation (Train): 66867.05 | Mean fitness (Train): 66033.47 | Mean fitness (Test): 66867.05
Generation 550 | Best fitness (Train): 66867.05 | Best fitness in generation (Train): 66867.05 | Mean fitness (Train): 66386.96 | Mean fitness (Test): 66867.05
Generation 560 | Best fitness (Train): 66867.05 | Best fitness in generation (Train): 66867.05 | Mean fitness (Train): 66292.55 | Mean fitness (Test): 66867.05
Generation 570 | Best fitness (Train): 66867.05 | Best fitness in generation (Train): 66867.05 | Mean fitness (Train): 66391.72 | Mean fitness (Test): 66867.05
Generation 580 | Best fitness (Train): 66867.05 | Best fitness in generation (Train): 66867.05 | Mean fitness (Train): 66330.39 | Mean fitness (Test): 66867.05
Generation 590 | Best fitness (Train): 66867.05 | Best fitness in generation (Train): 66867.05 | Mean fitness (Train): 66531.12 | Mean fitness (Test): 66867.05
Generation 600 | Best fitness (Train): 66867.05 | Best fitness in generation (Train): 66867.05 | Mean fitness (Train): 66263.14 | Mean fitness (Test): 66867.05
Generation 610 | Best fitness (Train): 66867.05 | Best fitness in generation (Train): 66867.05 | Mean fitness (Train): 66833.97 | Mean fitness (Test): 66867.05
Generation 620 | Best fitness (Train): 66867.05 | Best fitness in generation (Train): 66867.05 | Mean fitness (Train): 66375.94 | Mean fitness (Test): 66867.05
Generation 630 | Best fitness (Train): 66867.05 | Best fitness in generation (Train): 66867.05 | Mean fitness (Train): 66783.91 | Mean fitness (Test): 66867.05
Generation 640 | Best fitness (Train): 66867.05 | Best fitness in generation (Train): 66867.05 | Mean fitness (Train): 66715.05 | Mean fitness (Test): 66867.05
Generation 650 | Best fitness (Train): 66867.05 | Best fitness in generation (Train): 66867.05 | Mean fitness (Train): 66551.46 | Mean fitness (Test): 66867.05
Generation 660 | Best fitness (Train): 66867.05 | Best fitness in generation (Train): 66867.05 | Mean fitness (Train): 66781.69 | Mean fitness (Test): 66867.05
Generation 670 | Best fitness (Train): 66867.05 | Best fitness in generation (Train): 66867.05 | Mean fitness (Train): 66746.58 | Mean fitness (Test): 66867.05
Generation 680 | Best fitness (Train): 66867.05 | Best fitness in generation (Train): 66867.05 | Mean fitness (Train): 66416.89 | Mean fitness (Test): 66867.05
Generation 690 | Best fitness (Train): 66867.05 | Best fitness in generation (Train): 66867.05 | Mean fitness (Train): 66598.73 | Mean fitness (Test): 66867.05
Generation 700 | Best fitness (Train): 66867.05 | Best fitness in generation (Train): 66867.05 | Mean fitness (Train): 66461.08 | Mean fitness (Test): 66867.05
Generation 710 | Best fitness (Train): 66867.05 | Best fitness in generation (Train): 66867.05 | Mean fitness (Train): 66654.54 | Mean fitness (Test): 66867.05
Generation 720 | Best fitness (Train): 66867.05 | Best fitness in generation (Train): 66867.05 | Mean fitness (Train): 66654.49 | Mean fitness (Test): 66867.05
Generation 730 | Best fitness (Train): 66867.05 | Best fitness in generation (Train): 66867.05 | Mean fitness (Train): 66587.00 | Mean fitness (Test): 66867.05
Generation 740 | Best fitness (Train): 66867.05 | Best fitness in generation (Train): 66867.05 | Mean fitness (Train): 66855.56 | Mean fitness (Test): 66867.05
Generation 750 | Best fitness (Train): 66867.05 | Best fitness in generation (Train): 66867.05 | Mean fitness (Train): 66480.70 | Mean fitness (Test): 66867.05
Generation 760 | Best fitness (Train): 66867.05 | Best fitness in generation (Train): 66867.05 | Mean fitness (Train): 66861.52 | Mean fitness (Test): 66867.05
Generation 770 | Best fitness (Train): 66867.05 | Best fitness in generation (Train): 66867.05 | Mean fitness (Train): 66483.50 | Mean fitness (Test): 66867.05
Generation 780 | Best fitness (Train): 66867.05 | Best fitness in generation (Train): 66867.05 | Mean fitness (Train): 66385.67 | Mean fitness (Test): 66867.05
Generation 790 | Best fitness (Train): 66867.05 | Best fitness in generation (Train): 66867.05 | Mean fitness (Train): 66548.04 | Mean fitness (Test): 66867.05
Generation 800 | Best fitness (Train): 66867.05 | Best fitness in generation (Train): 66867.05 | Mean fitness (Train): 66806.97 | Mean fitness (Test): 66867.05
Generation 810 | Best fitness (Train): 66867.05 | Best fitness in generation (Train): 66867.05 | Mean fitness (Train): 66548.69 | Mean fitness (Test): 66867.05
Generation 820 | Best fitness (Train): 66867.05 | Best fitness in generation (Train): 66867.05 | Mean fitness (Train): 66797.78 | Mean fitness (Test): 66867.05
Generation 830 | Best fitness (Train): 66867.05 | Best fitness in generation (Train): 66867.05 | Mean fitness (Train): 66847.95 | Mean fitness (Test): 66867.05
Generation 840 | Best fitness (Train): 66867.05 | Best fitness in generation (Train): 66867.05 | Mean fitness (Train): 66344.66 | Mean fitness (Test): 66867.05
Generation 850 | Best fitness (Train): 66867.05 | Best fitness in generation (Train): 66867.05 | Mean fitness (Train): 66465.14 | Mean fitness (Test): 66867.05
Generation 860 | Best fitness (Train): 66867.05 | Best fitness in generation (Train): 66867.05 | Mean fitness (Train): 66083.45 | Mean fitness (Test): 66867.05
Generation 870 | Best fitness (Train): 66867.05 | Best fitness in generation (Train): 66867.05 | Mean fitness (Train): 66510.31 | Mean fitness (Test): 66867.05
Generation 880 | Best fitness (Train): 66867.05 | Best fitness in generation (Train): 66867.05 | Mean fitness (Train): 66831.68 | Mean fitness (Test): 66867.05
Generation 890 | Best fitness (Train): 66867.05 | Best fitness in generation (Train): 66867.05 | Mean fitness (Train): 66575.42 | Mean fitness (Test): 66867.05
Generation 900 | Best fitness (Train): 66867.05 | Best fitness in generation (Train): 66867.05 | Mean fitness (Train): 66295.31 | Mean fitness (Test): 66867.05
Generation 910 | Best fitness (Train): 66867.05 | Best fitness in generation (Train): 66867.05 | Mean fitness (Train): 66662.89 | Mean fitness (Test): 66867.05
Generation 920 | Best fitness (Train): 66867.05 | Best fitness in generation (Train): 66867.05 | Mean fitness (Train): 66835.88 | Mean fitness (Test): 66867.05
Generation 930 | Best fitness (Train): 66867.05 | Best fitness in generation (Train): 66867.05 | Mean fitness (Train): 66759.88 | Mean fitness (Test): 66867.05
Generation 940 | Best fitness (Train): 66867.05 | Best fitness in generation (Train): 66867.05 | Mean fitness (Train): 66836.70 | Mean fitness (Test): 66867.05
Generation 950 | Best fitness (Train): 66867.05 | Best fitness in generation (Train): 66867.05 | Mean fitness (Train): 66462.30 | Mean fitness (Test): 66867.05
Generation 960 | Best fitness (Train): 66867.05 | Best fitness in generation (Train): 66867.05 | Mean fitness (Train): 66821.97 | Mean fitness (Test): 66867.05
Generation 970 | Best fitness (Train): 66867.05 | Best fitness in generation (Train): 66867.05 | Mean fitness (Train): 66867.05 | Mean fitness (Test): 66867.05
Generation 980 | Best fitness (Train): 66867.05 | Best fitness in generation (Train): 66867.05 | Mean fitness (Train): 66742.57 | Mean fitness (Test): 66867.05
Generation 990 | Best fitness (Train): 66867.05 | Best fitness in generation (Train): 66867.05 | Mean fitness (Train): 66867.05 | Mean fitness (Test): 66867.05
Generation 1000 | Best fitness (Train): 66867.05 | Best fitness in generation (Train): 66867.05 | Mean fitness (Train): 66867.05 | Mean fitness (Test): 66867.05
Failed to generate visualization: 'Fast' object has no attribute 'sys'
Running ES algorithms:   0%|                                                             | 0/1 [00:00<?, ?it/s][A
Running ES algorithms: 100%|███████████████████████████████████████████████████| 1/1 [27:02<00:00, 1622.34s/it][ARunning ES algorithms: 100%|███████████████████████████████████████████████████| 1/1 [27:02<00:00, 1622.35s/it]
Successfully loaded: halfcheetah
Loading Problems ..:  17%|███████▌                                     | 2/12 [20:46:27<86:20:11, 31081.18s/it]
running the experiment ... [../../results/BraxProblem/halfcheetah/PGPE/0]
Generation 010 | Best fitness (Train): -197.23 | Best fitness in generation (Train): -295.48 | Mean fitness (Train): -532.08 | Mean fitness (Test): 112.32
Generation 020 | Best fitness (Train): -190.59 | Best fitness in generation (Train): -190.59 | Mean fitness (Train): -528.52 | Mean fitness (Test): 360.76
Generation 030 | Best fitness (Train): -65.24 | Best fitness in generation (Train): -99.32 | Mean fitness (Train): -527.88 | Mean fitness (Test): 614.18
Generation 040 | Best fitness (Train): -65.24 | Best fitness in generation (Train): -306.59 | Mean fitness (Train): -518.80 | Mean fitness (Test): 904.73
Generation 050 | Best fitness (Train): -65.24 | Best fitness in generation (Train): -296.35 | Mean fitness (Train): -536.97 | Mean fitness (Test): 254.58
Generation 060 | Best fitness (Train): -65.24 | Best fitness in generation (Train): -252.08 | Mean fitness (Train): -511.04 | Mean fitness (Test): 579.65
Generation 070 | Best fitness (Train): -65.24 | Best fitness in generation (Train): -254.35 | Mean fitness (Train): -500.47 | Mean fitness (Test): 795.74
Generation 080 | Best fitness (Train): -65.24 | Best fitness in generation (Train): -296.07 | Mean fitness (Train): -513.07 | Mean fitness (Test): 889.01
Generation 090 | Best fitness (Train): -65.24 | Best fitness in generation (Train): -146.89 | Mean fitness (Train): -503.31 | Mean fitness (Test): 1022.09
Generation 100 | Best fitness (Train): -65.24 | Best fitness in generation (Train): -68.72 | Mean fitness (Train): -502.90 | Mean fitness (Test): 622.35
Generation 110 | Best fitness (Train): -65.24 | Best fitness in generation (Train): -141.89 | Mean fitness (Train): -488.69 | Mean fitness (Test): 1038.44
Generation 120 | Best fitness (Train): -65.24 | Best fitness in generation (Train): -253.89 | Mean fitness (Train): -494.55 | Mean fitness (Test): 1021.48
Generation 130 | Best fitness (Train): -65.24 | Best fitness in generation (Train): -267.47 | Mean fitness (Train): -499.26 | Mean fitness (Test): 749.62
Generation 140 | Best fitness (Train): -65.24 | Best fitness in generation (Train): -180.20 | Mean fitness (Train): -488.49 | Mean fitness (Test): 654.45
Generation 150 | Best fitness (Train): -65.24 | Best fitness in generation (Train): -112.53 | Mean fitness (Train): -482.16 | Mean fitness (Test): 946.20
Generation 160 | Best fitness (Train): -65.24 | Best fitness in generation (Train): -210.48 | Mean fitness (Train): -501.39 | Mean fitness (Test): 866.54
Generation 170 | Best fitness (Train): 9.34 | Best fitness in generation (Train): -203.16 | Mean fitness (Train): -479.45 | Mean fitness (Test): 962.52
[2025-11-09T22:44:45.949] error: *** JOB 8041817 ON cs-pheno-03 CANCELLED AT 2025-11-09T22:44:45 DUE to SIGNAL Terminated ***
Running ES algorithms:   0%|                                                             | 0/1 [00:00<?, ?it/s][A[2025-11-09T22:44:45.949] error: *** STEP 8041817.0 ON cs-pheno-03 CANCELLED AT 2025-11-09T22:44:45 DUE to SIGNAL Terminated ***
srun: Job step aborted: Waiting up to 302 seconds for job step to finish.
