Tue 11 Nov 2025 15:14:04 IST

SLURM_JOBID:		 8108689
SLURM_JOB_NODELIST:	 ise-pheno-07 

configuration parmas running: problem_type=vision es_algorithms=LES
Successfully loaded: MNIST
Loading Problems ..:   0%|                                                                                                            | 0/4 [00:00<?, ?it/s]
running the experiment ... [../../results/TorchVisionProblem/MNIST/LearnedES/0]
Running ES algorithms:   0%|                                                                                                          | 0/1 [00:00<?, ?it/s][A2025-11-11 15:14:32.737587: W external/xla/xla/tsl/framework/bfc_allocator.cc:310] Allocator (GPU_0_bfc) ran out of memory trying to allocate 6.14GiB with freed_by_count=0. The caller indicates that this is not a failure, but this may mean that there could be performance gains if more memory were available.
2025-11-11 15:14:32.737644: W external/xla/xla/tsl/framework/bfc_allocator.cc:310] Allocator (GPU_0_bfc) ran out of memory trying to allocate 6.14GiB with freed_by_count=0. The caller indicates that this is not a failure, but this may mean that there could be performance gains if more memory were available.
2025-11-11 15:14:32.737670: W external/xla/xla/tsl/framework/bfc_allocator.cc:310] Allocator (GPU_0_bfc) ran out of memory trying to allocate 6.14GiB with freed_by_count=0. The caller indicates that this is not a failure, but this may mean that there could be performance gains if more memory were available.
2025-11-11 15:14:32.737693: W external/xla/xla/tsl/framework/bfc_allocator.cc:310] Allocator (GPU_0_bfc) ran out of memory trying to allocate 6.15GiB with freed_by_count=0. The caller indicates that this is not a failure, but this may mean that there could be performance gains if more memory were available.
2025-11-11 15:14:32.866207: W external/xla/xla/tsl/framework/bfc_allocator.cc:310] Allocator (GPU_0_bfc) ran out of memory trying to allocate 6.15GiB with freed_by_count=0. The caller indicates that this is not a failure, but this may mean that there could be performance gains if more memory were available.
2025-11-11 15:14:32.866258: W external/xla/xla/tsl/framework/bfc_allocator.cc:310] Allocator (GPU_0_bfc) ran out of memory trying to allocate 6.15GiB with freed_by_count=0. The caller indicates that this is not a failure, but this may mean that there could be performance gains if more memory were available.
2025-11-11 15:14:32.866281: W external/xla/xla/tsl/framework/bfc_allocator.cc:310] Allocator (GPU_0_bfc) ran out of memory trying to allocate 6.15GiB with freed_by_count=0. The caller indicates that this is not a failure, but this may mean that there could be performance gains if more memory were available.
2025-11-11 15:14:32.866304: W external/xla/xla/tsl/framework/bfc_allocator.cc:310] Allocator (GPU_0_bfc) ran out of memory trying to allocate 6.15GiB with freed_by_count=0. The caller indicates that this is not a failure, but this may mean that there could be performance gains if more memory were available.
2025-11-11 15:14:32.866327: W external/xla/xla/tsl/framework/bfc_allocator.cc:310] Allocator (GPU_0_bfc) ran out of memory trying to allocate 6.15GiB with freed_by_count=0. The caller indicates that this is not a failure, but this may mean that there could be performance gains if more memory were available.
2025-11-11 15:14:32.866351: W external/xla/xla/tsl/framework/bfc_allocator.cc:310] Allocator (GPU_0_bfc) ran out of memory trying to allocate 6.15GiB with freed_by_count=0. The caller indicates that this is not a failure, but this may mean that there could be performance gains if more memory were available.
Generation 005 | Best fitness (Train): 6.03 | Best fitness in generation (Train): 6.03 | Mean fitness (Train): 10.08 | Mean fitness (Test): 2.66
 | Mean Accuracy (Test): 0.34
Generation 010 | Best fitness (Train): 6.03 | Best fitness in generation (Train): 6.42 | Mean fitness (Train): 8.92 | Mean fitness (Test): 2.82
 | Mean Accuracy (Test): 0.39
Generation 015 | Best fitness (Train): 5.11 | Best fitness in generation (Train): 5.11 | Mean fitness (Train): 7.91 | Mean fitness (Test): 2.66
 | Mean Accuracy (Test): 0.42
Generation 020 | Best fitness (Train): 4.80 | Best fitness in generation (Train): 5.26 | Mean fitness (Train): 7.57 | Mean fitness (Test): 2.61
 | Mean Accuracy (Test): 0.47
Generation 025 | Best fitness (Train): 4.61 | Best fitness in generation (Train): 4.61 | Mean fitness (Train): 6.99 | Mean fitness (Test): 2.37
 | Mean Accuracy (Test): 0.47
Generation 030 | Best fitness (Train): 4.61 | Best fitness in generation (Train): 4.70 | Mean fitness (Train): 6.38 | Mean fitness (Test): 2.48
 | Mean Accuracy (Test): 0.50
Generation 035 | Best fitness (Train): 4.04 | Best fitness in generation (Train): 4.33 | Mean fitness (Train): 6.22 | Mean fitness (Test): 2.46
 | Mean Accuracy (Test): 0.53
Generation 040 | Best fitness (Train): 3.74 | Best fitness in generation (Train): 3.90 | Mean fitness (Train): 5.69 | Mean fitness (Test): 2.14
 | Mean Accuracy (Test): 0.58
Generation 045 | Best fitness (Train): 3.54 | Best fitness in generation (Train): 3.69 | Mean fitness (Train): 5.22 | Mean fitness (Test): 2.12
 | Mean Accuracy (Test): 0.60
Generation 050 | Best fitness (Train): 3.18 | Best fitness in generation (Train): 3.39 | Mean fitness (Train): 5.06 | Mean fitness (Test): 1.66
 | Mean Accuracy (Test): 0.67
Generation 055 | Best fitness (Train): 3.18 | Best fitness in generation (Train): 3.22 | Mean fitness (Train): 4.69 | Mean fitness (Test): 1.90
 | Mean Accuracy (Test): 0.65
Generation 060 | Best fitness (Train): 3.18 | Best fitness in generation (Train): 3.46 | Mean fitness (Train): 4.66 | Mean fitness (Test): 1.94
 | Mean Accuracy (Test): 0.64
Generation 065 | Best fitness (Train): 2.70 | Best fitness in generation (Train): 2.93 | Mean fitness (Train): 4.24 | Mean fitness (Test): 1.88
 | Mean Accuracy (Test): 0.67
Generation 070 | Best fitness (Train): 2.70 | Best fitness in generation (Train): 2.98 | Mean fitness (Train): 4.28 | Mean fitness (Test): 1.77
 | Mean Accuracy (Test): 0.67
Generation 075 | Best fitness (Train): 2.70 | Best fitness in generation (Train): 2.88 | Mean fitness (Train): 3.94 | Mean fitness (Test): 1.81
 | Mean Accuracy (Test): 0.69
Generation 080 | Best fitness (Train): 2.67 | Best fitness in generation (Train): 2.67 | Mean fitness (Train): 3.74 | Mean fitness (Test): 1.75
 | Mean Accuracy (Test): 0.69
Generation 085 | Best fitness (Train): 2.54 | Best fitness in generation (Train): 2.54 | Mean fitness (Train): 3.72 | Mean fitness (Test): 1.67
 | Mean Accuracy (Test): 0.71
Generation 090 | Best fitness (Train): 2.42 | Best fitness in generation (Train): 2.48 | Mean fitness (Train): 3.59 | Mean fitness (Test): 1.41
 | Mean Accuracy (Test): 0.73
Generation 095 | Best fitness (Train): 2.18 | Best fitness in generation (Train): 2.18 | Mean fitness (Train): 3.11 | Mean fitness (Test): 1.50
 | Mean Accuracy (Test): 0.71
Generation 100 | Best fitness (Train): 2.18 | Best fitness in generation (Train): 2.36 | Mean fitness (Train): 3.10 | Mean fitness (Test): 1.39
 | Mean Accuracy (Test): 0.73
Generation 105 | Best fitness (Train): 2.15 | Best fitness in generation (Train): 2.15 | Mean fitness (Train): 2.89 | Mean fitness (Test): 1.43
 | Mean Accuracy (Test): 0.73
Generation 110 | Best fitness (Train): 2.00 | Best fitness in generation (Train): 2.20 | Mean fitness (Train): 2.90 | Mean fitness (Test): 1.57
 | Mean Accuracy (Test): 0.73
Generation 115 | Best fitness (Train): 1.83 | Best fitness in generation (Train): 1.98 | Mean fitness (Train): 2.70 | Mean fitness (Test): 1.42
 | Mean Accuracy (Test): 0.73
Generation 120 | Best fitness (Train): 1.83 | Best fitness in generation (Train): 1.88 | Mean fitness (Train): 2.54 | Mean fitness (Test): 1.45
 | Mean Accuracy (Test): 0.75
Generation 125 | Best fitness (Train): 1.83 | Best fitness in generation (Train): 1.84 | Mean fitness (Train): 2.45 | Mean fitness (Test): 1.41
 | Mean Accuracy (Test): 0.75
Generation 130 | Best fitness (Train): 1.74 | Best fitness in generation (Train): 1.74 | Mean fitness (Train): 2.39 | Mean fitness (Test): 1.29
 | Mean Accuracy (Test): 0.75
Generation 135 | Best fitness (Train): 1.72 | Best fitness in generation (Train): 1.75 | Mean fitness (Train): 2.27 | Mean fitness (Test): 1.22
 | Mean Accuracy (Test): 0.77
Generation 140 | Best fitness (Train): 1.65 | Best fitness in generation (Train): 1.65 | Mean fitness (Train): 2.08 | Mean fitness (Test): 1.21
 | Mean Accuracy (Test): 0.76
Generation 145 | Best fitness (Train): 1.50 | Best fitness in generation (Train): 1.78 | Mean fitness (Train): 2.30 | Mean fitness (Test): 1.11
 | Mean Accuracy (Test): 0.77
Generation 150 | Best fitness (Train): 1.43 | Best fitness in generation (Train): 1.43 | Mean fitness (Train): 1.90 | Mean fitness (Test): 1.14
 | Mean Accuracy (Test): 0.76
Generation 155 | Best fitness (Train): 1.43 | Best fitness in generation (Train): 1.63 | Mean fitness (Train): 2.05 | Mean fitness (Test): 1.27
 | Mean Accuracy (Test): 0.78
Generation 160 | Best fitness (Train): 1.42 | Best fitness in generation (Train): 1.52 | Mean fitness (Train): 1.91 | Mean fitness (Test): 1.21
 | Mean Accuracy (Test): 0.76
Generation 165 | Best fitness (Train): 1.42 | Best fitness in generation (Train): 1.45 | Mean fitness (Train): 1.74 | Mean fitness (Test): 1.03
 | Mean Accuracy (Test): 0.78
Generation 170 | Best fitness (Train): 1.22 | Best fitness in generation (Train): 1.28 | Mean fitness (Train): 1.62 | Mean fitness (Test): 0.98
 | Mean Accuracy (Test): 0.79
Generation 175 | Best fitness (Train): 1.11 | Best fitness in generation (Train): 1.11 | Mean fitness (Train): 1.42 | Mean fitness (Test): 1.02
 | Mean Accuracy (Test): 0.79
Generation 180 | Best fitness (Train): 1.11 | Best fitness in generation (Train): 1.20 | Mean fitness (Train): 1.52 | Mean fitness (Test): 1.08
 | Mean Accuracy (Test): 0.78
Generation 185 | Best fitness (Train): 1.11 | Best fitness in generation (Train): 1.32 | Mean fitness (Train): 1.59 | Mean fitness (Test): 0.94
 | Mean Accuracy (Test): 0.79
Generation 190 | Best fitness (Train): 1.11 | Best fitness in generation (Train): 1.21 | Mean fitness (Train): 1.50 | Mean fitness (Test): 1.04
 | Mean Accuracy (Test): 0.78
Generation 195 | Best fitness (Train): 1.11 | Best fitness in generation (Train): 1.21 | Mean fitness (Train): 1.52 | Mean fitness (Test): 0.93
 | Mean Accuracy (Test): 0.79
Generation 200 | Best fitness (Train): 1.09 | Best fitness in generation (Train): 1.09 | Mean fitness (Train): 1.33 | Mean fitness (Test): 0.88
 | Mean Accuracy (Test): 0.80
Generation 205 | Best fitness (Train): 0.96 | Best fitness in generation (Train): 1.07 | Mean fitness (Train): 1.36 | Mean fitness (Test): 1.00
 | Mean Accuracy (Test): 0.78
Generation 210 | Best fitness (Train): 0.96 | Best fitness in generation (Train): 1.10 | Mean fitness (Train): 1.33 | Mean fitness (Test): 0.82
 | Mean Accuracy (Test): 0.82
Generation 215 | Best fitness (Train): 0.96 | Best fitness in generation (Train): 1.12 | Mean fitness (Train): 1.31 | Mean fitness (Test): 0.93
 | Mean Accuracy (Test): 0.80
Generation 220 | Best fitness (Train): 0.95 | Best fitness in generation (Train): 1.07 | Mean fitness (Train): 1.29 | Mean fitness (Test): 0.89
 | Mean Accuracy (Test): 0.80
Generation 225 | Best fitness (Train): 0.95 | Best fitness in generation (Train): 1.02 | Mean fitness (Train): 1.26 | Mean fitness (Test): 0.97
 | Mean Accuracy (Test): 0.80
Generation 230 | Best fitness (Train): 0.95 | Best fitness in generation (Train): 1.10 | Mean fitness (Train): 1.32 | Mean fitness (Test): 0.70
 | Mean Accuracy (Test): 0.82
Generation 235 | Best fitness (Train): 0.95 | Best fitness in generation (Train): 1.03 | Mean fitness (Train): 1.21 | Mean fitness (Test): 0.80
 | Mean Accuracy (Test): 0.82
Generation 240 | Best fitness (Train): 0.90 | Best fitness in generation (Train): 0.96 | Mean fitness (Train): 1.13 | Mean fitness (Test): 0.78
 | Mean Accuracy (Test): 0.81
Generation 245 | Best fitness (Train): 0.90 | Best fitness in generation (Train): 1.08 | Mean fitness (Train): 1.28 | Mean fitness (Test): 0.86
 | Mean Accuracy (Test): 0.81
Generation 250 | Best fitness (Train): 0.81 | Best fitness in generation (Train): 0.81 | Mean fitness (Train): 0.97 | Mean fitness (Test): 0.89
 | Mean Accuracy (Test): 0.82
Generation 255 | Best fitness (Train): 0.78 | Best fitness in generation (Train): 0.78 | Mean fitness (Train): 0.93 | Mean fitness (Test): 0.84
 | Mean Accuracy (Test): 0.81
Generation 260 | Best fitness (Train): 0.78 | Best fitness in generation (Train): 0.84 | Mean fitness (Train): 1.00 | Mean fitness (Test): 0.76
 | Mean Accuracy (Test): 0.82
Generation 265 | Best fitness (Train): 0.78 | Best fitness in generation (Train): 0.87 | Mean fitness (Train): 1.03 | Mean fitness (Test): 0.67
 | Mean Accuracy (Test): 0.84
Generation 270 | Best fitness (Train): 0.78 | Best fitness in generation (Train): 0.85 | Mean fitness (Train): 1.00 | Mean fitness (Test): 0.75
 | Mean Accuracy (Test): 0.82
Generation 275 | Best fitness (Train): 0.78 | Best fitness in generation (Train): 0.78 | Mean fitness (Train): 0.91 | Mean fitness (Test): 0.60
 | Mean Accuracy (Test): 0.85
Generation 280 | Best fitness (Train): 0.74 | Best fitness in generation (Train): 0.82 | Mean fitness (Train): 0.93 | Mean fitness (Test): 0.69
 | Mean Accuracy (Test): 0.84
Generation 285 | Best fitness (Train): 0.60 | Best fitness in generation (Train): 0.81 | Mean fitness (Train): 0.95 | Mean fitness (Test): 0.76
 | Mean Accuracy (Test): 0.83
Generation 290 | Best fitness (Train): 0.60 | Best fitness in generation (Train): 0.80 | Mean fitness (Train): 0.93 | Mean fitness (Test): 0.62
 | Mean Accuracy (Test): 0.84
Generation 295 | Best fitness (Train): 0.60 | Best fitness in generation (Train): 0.66 | Mean fitness (Train): 0.79 | Mean fitness (Test): 0.71
 | Mean Accuracy (Test): 0.84
Generation 300 | Best fitness (Train): 0.60 | Best fitness in generation (Train): 0.73 | Mean fitness (Train): 0.86 | Mean fitness (Test): 0.65
 | Mean Accuracy (Test): 0.85
Generation 305 | Best fitness (Train): 0.60 | Best fitness in generation (Train): 0.73 | Mean fitness (Train): 0.83 | Mean fitness (Test): 0.68
 | Mean Accuracy (Test): 0.84
Generation 310 | Best fitness (Train): 0.60 | Best fitness in generation (Train): 0.66 | Mean fitness (Train): 0.79 | Mean fitness (Test): 0.63
 | Mean Accuracy (Test): 0.85
Generation 315 | Best fitness (Train): 0.57 | Best fitness in generation (Train): 0.69 | Mean fitness (Train): 0.78 | Mean fitness (Test): 0.66
 | Mean Accuracy (Test): 0.86
Generation 320 | Best fitness (Train): 0.57 | Best fitness in generation (Train): 0.69 | Mean fitness (Train): 0.76 | Mean fitness (Test): 0.58
 | Mean Accuracy (Test): 0.86
Generation 325 | Best fitness (Train): 0.57 | Best fitness in generation (Train): 0.69 | Mean fitness (Train): 0.76 | Mean fitness (Test): 0.64
 | Mean Accuracy (Test): 0.84
Generation 330 | Best fitness (Train): 0.57 | Best fitness in generation (Train): 0.64 | Mean fitness (Train): 0.71 | Mean fitness (Test): 0.57
 | Mean Accuracy (Test): 0.86
Generation 335 | Best fitness (Train): 0.55 | Best fitness in generation (Train): 0.70 | Mean fitness (Train): 0.76 | Mean fitness (Test): 0.50
 | Mean Accuracy (Test): 0.87
Generation 340 | Best fitness (Train): 0.53 | Best fitness in generation (Train): 0.67 | Mean fitness (Train): 0.75 | Mean fitness (Test): 0.59
 | Mean Accuracy (Test): 0.85
Generation 345 | Best fitness (Train): 0.53 | Best fitness in generation (Train): 0.64 | Mean fitness (Train): 0.72 | Mean fitness (Test): 0.62
 | Mean Accuracy (Test): 0.84
Generation 350 | Best fitness (Train): 0.53 | Best fitness in generation (Train): 0.60 | Mean fitness (Train): 0.65 | Mean fitness (Test): 0.57
 | Mean Accuracy (Test): 0.85
Generation 355 | Best fitness (Train): 0.53 | Best fitness in generation (Train): 0.59 | Mean fitness (Train): 0.67 | Mean fitness (Test): 0.57
 | Mean Accuracy (Test): 0.86
Generation 360 | Best fitness (Train): 0.53 | Best fitness in generation (Train): 0.64 | Mean fitness (Train): 0.70 | Mean fitness (Test): 0.56
 | Mean Accuracy (Test): 0.86
Generation 365 | Best fitness (Train): 0.53 | Best fitness in generation (Train): 0.53 | Mean fitness (Train): 0.58 | Mean fitness (Test): 0.53
 | Mean Accuracy (Test): 0.86
Generation 370 | Best fitness (Train): 0.47 | Best fitness in generation (Train): 0.57 | Mean fitness (Train): 0.63 | Mean fitness (Test): 0.57
 | Mean Accuracy (Test): 0.86
Generation 375 | Best fitness (Train): 0.47 | Best fitness in generation (Train): 0.50 | Mean fitness (Train): 0.56 | Mean fitness (Test): 0.57
 | Mean Accuracy (Test): 0.85
Generation 380 | Best fitness (Train): 0.47 | Best fitness in generation (Train): 0.52 | Mean fitness (Train): 0.57 | Mean fitness (Test): 0.59
 | Mean Accuracy (Test): 0.86
Generation 385 | Best fitness (Train): 0.44 | Best fitness in generation (Train): 0.57 | Mean fitness (Train): 0.65 | Mean fitness (Test): 0.56
 | Mean Accuracy (Test): 0.85
Generation 390 | Best fitness (Train): 0.44 | Best fitness in generation (Train): 0.56 | Mean fitness (Train): 0.62 | Mean fitness (Test): 0.57
 | Mean Accuracy (Test): 0.85
Generation 395 | Best fitness (Train): 0.44 | Best fitness in generation (Train): 0.50 | Mean fitness (Train): 0.56 | Mean fitness (Test): 0.47
 | Mean Accuracy (Test): 0.87
Generation 400 | Best fitness (Train): 0.44 | Best fitness in generation (Train): 0.52 | Mean fitness (Train): 0.57 | Mean fitness (Test): 0.48
 | Mean Accuracy (Test): 0.86
Generation 405 | Best fitness (Train): 0.44 | Best fitness in generation (Train): 0.59 | Mean fitness (Train): 0.63 | Mean fitness (Test): 0.46
 | Mean Accuracy (Test): 0.87
Generation 410 | Best fitness (Train): 0.44 | Best fitness in generation (Train): 0.54 | Mean fitness (Train): 0.59 | Mean fitness (Test): 0.46
 | Mean Accuracy (Test): 0.88
Generation 415 | Best fitness (Train): 0.44 | Best fitness in generation (Train): 0.49 | Mean fitness (Train): 0.53 | Mean fitness (Test): 0.58
 | Mean Accuracy (Test): 0.86
Generation 420 | Best fitness (Train): 0.44 | Best fitness in generation (Train): 0.53 | Mean fitness (Train): 0.57 | Mean fitness (Test): 0.41
 | Mean Accuracy (Test): 0.89
Generation 425 | Best fitness (Train): 0.44 | Best fitness in generation (Train): 0.51 | Mean fitness (Train): 0.55 | Mean fitness (Test): 0.44
 | Mean Accuracy (Test): 0.87
Generation 430 | Best fitness (Train): 0.38 | Best fitness in generation (Train): 0.38 | Mean fitness (Train): 0.42 | Mean fitness (Test): 0.49
 | Mean Accuracy (Test): 0.87
Generation 435 | Best fitness (Train): 0.38 | Best fitness in generation (Train): 0.39 | Mean fitness (Train): 0.42 | Mean fitness (Test): 0.45
 | Mean Accuracy (Test): 0.88
Generation 440 | Best fitness (Train): 0.38 | Best fitness in generation (Train): 0.51 | Mean fitness (Train): 0.56 | Mean fitness (Test): 0.50
 | Mean Accuracy (Test): 0.86
Generation 445 | Best fitness (Train): 0.38 | Best fitness in generation (Train): 0.56 | Mean fitness (Train): 0.59 | Mean fitness (Test): 0.47
 | Mean Accuracy (Test): 0.87
Generation 450 | Best fitness (Train): 0.38 | Best fitness in generation (Train): 0.44 | Mean fitness (Train): 0.48 | Mean fitness (Test): 0.43
 | Mean Accuracy (Test): 0.89
Generation 455 | Best fitness (Train): 0.38 | Best fitness in generation (Train): 0.46 | Mean fitness (Train): 0.49 | Mean fitness (Test): 0.42
 | Mean Accuracy (Test): 0.88
Generation 460 | Best fitness (Train): 0.38 | Best fitness in generation (Train): 0.48 | Mean fitness (Train): 0.51 | Mean fitness (Test): 0.43
 | Mean Accuracy (Test): 0.88
Generation 465 | Best fitness (Train): 0.38 | Best fitness in generation (Train): 0.49 | Mean fitness (Train): 0.52 | Mean fitness (Test): 0.42
 | Mean Accuracy (Test): 0.89
Generation 470 | Best fitness (Train): 0.38 | Best fitness in generation (Train): 0.49 | Mean fitness (Train): 0.53 | Mean fitness (Test): 0.39
 | Mean Accuracy (Test): 0.89
Generation 475 | Best fitness (Train): 0.38 | Best fitness in generation (Train): 0.45 | Mean fitness (Train): 0.48 | Mean fitness (Test): 0.38
 | Mean Accuracy (Test): 0.91
Generation 480 | Best fitness (Train): 0.38 | Best fitness in generation (Train): 0.43 | Mean fitness (Train): 0.46 | Mean fitness (Test): 0.45
 | Mean Accuracy (Test): 0.88
Generation 485 | Best fitness (Train): 0.38 | Best fitness in generation (Train): 0.47 | Mean fitness (Train): 0.50 | Mean fitness (Test): 0.40
 | Mean Accuracy (Test): 0.88
Generation 490 | Best fitness (Train): 0.38 | Best fitness in generation (Train): 0.44 | Mean fitness (Train): 0.47 | Mean fitness (Test): 0.49
 | Mean Accuracy (Test): 0.87
Generation 495 | Best fitness (Train): 0.38 | Best fitness in generation (Train): 0.47 | Mean fitness (Train): 0.49 | Mean fitness (Test): 0.42
 | Mean Accuracy (Test): 0.88
Generation 500 | Best fitness (Train): 0.38 | Best fitness in generation (Train): 0.41 | Mean fitness (Train): 0.44 | Mean fitness (Test): 0.39
 | Mean Accuracy (Test): 0.89
Generation 505 | Best fitness (Train): 0.38 | Best fitness in generation (Train): 0.44 | Mean fitness (Train): 0.47 | Mean fitness (Test): 0.48
 | Mean Accuracy (Test): 0.87
Generation 510 | Best fitness (Train): 0.38 | Best fitness in generation (Train): 0.45 | Mean fitness (Train): 0.48 | Mean fitness (Test): 0.45
 | Mean Accuracy (Test): 0.88
Generation 515 | Best fitness (Train): 0.38 | Best fitness in generation (Train): 0.55 | Mean fitness (Train): 0.58 | Mean fitness (Test): 0.48
 | Mean Accuracy (Test): 0.87
Generation 520 | Best fitness (Train): 0.38 | Best fitness in generation (Train): 0.43 | Mean fitness (Train): 0.45 | Mean fitness (Test): 0.47
 | Mean Accuracy (Test): 0.87
Generation 525 | Best fitness (Train): 0.38 | Best fitness in generation (Train): 0.46 | Mean fitness (Train): 0.48 | Mean fitness (Test): 0.41
 | Mean Accuracy (Test): 0.88
Generation 530 | Best fitness (Train): 0.38 | Best fitness in generation (Train): 0.45 | Mean fitness (Train): 0.47 | Mean fitness (Test): 0.39
 | Mean Accuracy (Test): 0.89
Generation 535 | Best fitness (Train): 0.38 | Best fitness in generation (Train): 0.38 | Mean fitness (Train): 0.40 | Mean fitness (Test): 0.46
 | Mean Accuracy (Test): 0.87
Generation 540 | Best fitness (Train): 0.38 | Best fitness in generation (Train): 0.53 | Mean fitness (Train): 0.56 | Mean fitness (Test): 0.45
 | Mean Accuracy (Test): 0.88
Generation 545 | Best fitness (Train): 0.33 | Best fitness in generation (Train): 0.33 | Mean fitness (Train): 0.35 | Mean fitness (Test): 0.45
 | Mean Accuracy (Test): 0.88
Generation 550 | Best fitness (Train): 0.33 | Best fitness in generation (Train): 0.46 | Mean fitness (Train): 0.48 | Mean fitness (Test): 0.34
 | Mean Accuracy (Test): 0.90
Generation 555 | Best fitness (Train): 0.33 | Best fitness in generation (Train): 0.44 | Mean fitness (Train): 0.47 | Mean fitness (Test): 0.37
 | Mean Accuracy (Test): 0.89
Generation 560 | Best fitness (Train): 0.33 | Best fitness in generation (Train): 0.43 | Mean fitness (Train): 0.44 | Mean fitness (Test): 0.33
 | Mean Accuracy (Test): 0.91
Generation 565 | Best fitness (Train): 0.33 | Best fitness in generation (Train): 0.43 | Mean fitness (Train): 0.46 | Mean fitness (Test): 0.43
 | Mean Accuracy (Test): 0.89
Generation 570 | Best fitness (Train): 0.33 | Best fitness in generation (Train): 0.42 | Mean fitness (Train): 0.43 | Mean fitness (Test): 0.43
 | Mean Accuracy (Test): 0.88
Generation 575 | Best fitness (Train): 0.33 | Best fitness in generation (Train): 0.37 | Mean fitness (Train): 0.39 | Mean fitness (Test): 0.38
 | Mean Accuracy (Test): 0.90
Generation 580 | Best fitness (Train): 0.31 | Best fitness in generation (Train): 0.43 | Mean fitness (Train): 0.45 | Mean fitness (Test): 0.40
 | Mean Accuracy (Test): 0.89
Generation 585 | Best fitness (Train): 0.31 | Best fitness in generation (Train): 0.34 | Mean fitness (Train): 0.35 | Mean fitness (Test): 0.36
 | Mean Accuracy (Test): 0.91
Generation 590 | Best fitness (Train): 0.31 | Best fitness in generation (Train): 0.35 | Mean fitness (Train): 0.37 | Mean fitness (Test): 0.32
 | Mean Accuracy (Test): 0.90
Generation 595 | Best fitness (Train): 0.31 | Best fitness in generation (Train): 0.31 | Mean fitness (Train): 0.33 | Mean fitness (Test): 0.32
 | Mean Accuracy (Test): 0.90
Generation 600 | Best fitness (Train): 0.31 | Best fitness in generation (Train): 0.42 | Mean fitness (Train): 0.43 | Mean fitness (Test): 0.28
 | Mean Accuracy (Test): 0.90
Generation 605 | Best fitness (Train): 0.31 | Best fitness in generation (Train): 0.36 | Mean fitness (Train): 0.38 | Mean fitness (Test): 0.39
 | Mean Accuracy (Test): 0.89
Generation 610 | Best fitness (Train): 0.31 | Best fitness in generation (Train): 0.35 | Mean fitness (Train): 0.36 | Mean fitness (Test): 0.41
 | Mean Accuracy (Test): 0.88
Generation 615 | Best fitness (Train): 0.31 | Best fitness in generation (Train): 0.45 | Mean fitness (Train): 0.47 | Mean fitness (Test): 0.38
 | Mean Accuracy (Test): 0.90
Generation 620 | Best fitness (Train): 0.31 | Best fitness in generation (Train): 0.44 | Mean fitness (Train): 0.46 | Mean fitness (Test): 0.46
 | Mean Accuracy (Test): 0.90
Generation 625 | Best fitness (Train): 0.31 | Best fitness in generation (Train): 0.38 | Mean fitness (Train): 0.40 | Mean fitness (Test): 0.36
 | Mean Accuracy (Test): 0.90
Generation 630 | Best fitness (Train): 0.31 | Best fitness in generation (Train): 0.35 | Mean fitness (Train): 0.37 | Mean fitness (Test): 0.39
 | Mean Accuracy (Test): 0.90
Generation 635 | Best fitness (Train): 0.31 | Best fitness in generation (Train): 0.37 | Mean fitness (Train): 0.38 | Mean fitness (Test): 0.38
 | Mean Accuracy (Test): 0.90
Generation 640 | Best fitness (Train): 0.31 | Best fitness in generation (Train): 0.34 | Mean fitness (Train): 0.35 | Mean fitness (Test): 0.34
 | Mean Accuracy (Test): 0.91
Generation 645 | Best fitness (Train): 0.31 | Best fitness in generation (Train): 0.36 | Mean fitness (Train): 0.38 | Mean fitness (Test): 0.33
 | Mean Accuracy (Test): 0.92
Generation 650 | Best fitness (Train): 0.31 | Best fitness in generation (Train): 0.33 | Mean fitness (Train): 0.34 | Mean fitness (Test): 0.34
 | Mean Accuracy (Test): 0.90
Generation 655 | Best fitness (Train): 0.31 | Best fitness in generation (Train): 0.39 | Mean fitness (Train): 0.40 | Mean fitness (Test): 0.37
 | Mean Accuracy (Test): 0.89
Generation 660 | Best fitness (Train): 0.29 | Best fitness in generation (Train): 0.29 | Mean fitness (Train): 0.30 | Mean fitness (Test): 0.39
 | Mean Accuracy (Test): 0.90
Generation 665 | Best fitness (Train): 0.29 | Best fitness in generation (Train): 0.40 | Mean fitness (Train): 0.41 | Mean fitness (Test): 0.36
 | Mean Accuracy (Test): 0.91
Generation 670 | Best fitness (Train): 0.29 | Best fitness in generation (Train): 0.33 | Mean fitness (Train): 0.34 | Mean fitness (Test): 0.39
 | Mean Accuracy (Test): 0.89
Generation 675 | Best fitness (Train): 0.29 | Best fitness in generation (Train): 0.36 | Mean fitness (Train): 0.38 | Mean fitness (Test): 0.34
 | Mean Accuracy (Test): 0.90
Generation 680 | Best fitness (Train): 0.29 | Best fitness in generation (Train): 0.38 | Mean fitness (Train): 0.39 | Mean fitness (Test): 0.32
 | Mean Accuracy (Test): 0.91
Generation 685 | Best fitness (Train): 0.29 | Best fitness in generation (Train): 0.38 | Mean fitness (Train): 0.40 | Mean fitness (Test): 0.39
 | Mean Accuracy (Test): 0.89
Generation 690 | Best fitness (Train): 0.29 | Best fitness in generation (Train): 0.37 | Mean fitness (Train): 0.38 | Mean fitness (Test): 0.41
 | Mean Accuracy (Test): 0.89
Generation 695 | Best fitness (Train): 0.29 | Best fitness in generation (Train): 0.33 | Mean fitness (Train): 0.34 | Mean fitness (Test): 0.41
 | Mean Accuracy (Test): 0.89
Generation 700 | Best fitness (Train): 0.29 | Best fitness in generation (Train): 0.34 | Mean fitness (Train): 0.35 | Mean fitness (Test): 0.36
 | Mean Accuracy (Test): 0.92
Generation 705 | Best fitness (Train): 0.29 | Best fitness in generation (Train): 0.33 | Mean fitness (Train): 0.34 | Mean fitness (Test): 0.32
 | Mean Accuracy (Test): 0.90
Generation 710 | Best fitness (Train): 0.29 | Best fitness in generation (Train): 0.41 | Mean fitness (Train): 0.42 | Mean fitness (Test): 0.36
 | Mean Accuracy (Test): 0.90
Generation 715 | Best fitness (Train): 0.29 | Best fitness in generation (Train): 0.34 | Mean fitness (Train): 0.35 | Mean fitness (Test): 0.35
 | Mean Accuracy (Test): 0.90
Generation 720 | Best fitness (Train): 0.29 | Best fitness in generation (Train): 0.30 | Mean fitness (Train): 0.31 | Mean fitness (Test): 0.34
 | Mean Accuracy (Test): 0.92
Generation 725 | Best fitness (Train): 0.29 | Best fitness in generation (Train): 0.31 | Mean fitness (Train): 0.31 | Mean fitness (Test): 0.31
 | Mean Accuracy (Test): 0.91
Generation 730 | Best fitness (Train): 0.29 | Best fitness in generation (Train): 0.39 | Mean fitness (Train): 0.40 | Mean fitness (Test): 0.38
 | Mean Accuracy (Test): 0.89
Generation 735 | Best fitness (Train): 0.29 | Best fitness in generation (Train): 0.38 | Mean fitness (Train): 0.39 | Mean fitness (Test): 0.36
 | Mean Accuracy (Test): 0.90
Generation 740 | Best fitness (Train): 0.29 | Best fitness in generation (Train): 0.34 | Mean fitness (Train): 0.35 | Mean fitness (Test): 0.38
 | Mean Accuracy (Test): 0.89
Generation 745 | Best fitness (Train): 0.29 | Best fitness in generation (Train): 0.34 | Mean fitness (Train): 0.35 | Mean fitness (Test): 0.33
 | Mean Accuracy (Test): 0.90
Generation 750 | Best fitness (Train): 0.29 | Best fitness in generation (Train): 0.30 | Mean fitness (Train): 0.31 | Mean fitness (Test): 0.30
 | Mean Accuracy (Test): 0.91
Generation 755 | Best fitness (Train): 0.29 | Best fitness in generation (Train): 0.40 | Mean fitness (Train): 0.40 | Mean fitness (Test): 0.34
 | Mean Accuracy (Test): 0.91
Generation 760 | Best fitness (Train): 0.29 | Best fitness in generation (Train): 0.42 | Mean fitness (Train): 0.43 | Mean fitness (Test): 0.31
 | Mean Accuracy (Test): 0.90
Generation 765 | Best fitness (Train): 0.29 | Best fitness in generation (Train): 0.35 | Mean fitness (Train): 0.36 | Mean fitness (Test): 0.39
 | Mean Accuracy (Test): 0.90
Generation 770 | Best fitness (Train): 0.28 | Best fitness in generation (Train): 0.38 | Mean fitness (Train): 0.39 | Mean fitness (Test): 0.28
 | Mean Accuracy (Test): 0.92
Generation 775 | Best fitness (Train): 0.28 | Best fitness in generation (Train): 0.31 | Mean fitness (Train): 0.31 | Mean fitness (Test): 0.33
 | Mean Accuracy (Test): 0.91
Generation 780 | Best fitness (Train): 0.28 | Best fitness in generation (Train): 0.35 | Mean fitness (Train): 0.36 | Mean fitness (Test): 0.33
 | Mean Accuracy (Test): 0.91
Generation 785 | Best fitness (Train): 0.27 | Best fitness in generation (Train): 0.37 | Mean fitness (Train): 0.38 | Mean fitness (Test): 0.38
 | Mean Accuracy (Test): 0.90
Generation 790 | Best fitness (Train): 0.27 | Best fitness in generation (Train): 0.33 | Mean fitness (Train): 0.34 | Mean fitness (Test): 0.35
 | Mean Accuracy (Test): 0.91
Generation 795 | Best fitness (Train): 0.27 | Best fitness in generation (Train): 0.33 | Mean fitness (Train): 0.33 | Mean fitness (Test): 0.32
 | Mean Accuracy (Test): 0.91
Generation 800 | Best fitness (Train): 0.27 | Best fitness in generation (Train): 0.29 | Mean fitness (Train): 0.29 | Mean fitness (Test): 0.34
 | Mean Accuracy (Test): 0.91
Generation 805 | Best fitness (Train): 0.27 | Best fitness in generation (Train): 0.36 | Mean fitness (Train): 0.36 | Mean fitness (Test): 0.31
 | Mean Accuracy (Test): 0.91
Generation 810 | Best fitness (Train): 0.27 | Best fitness in generation (Train): 0.35 | Mean fitness (Train): 0.36 | Mean fitness (Test): 0.35
 | Mean Accuracy (Test): 0.90
Generation 815 | Best fitness (Train): 0.27 | Best fitness in generation (Train): 0.37 | Mean fitness (Train): 0.38 | Mean fitness (Test): 0.32
 | Mean Accuracy (Test): 0.91
Generation 820 | Best fitness (Train): 0.27 | Best fitness in generation (Train): 0.30 | Mean fitness (Train): 0.30 | Mean fitness (Test): 0.34
 | Mean Accuracy (Test): 0.91
Generation 825 | Best fitness (Train): 0.27 | Best fitness in generation (Train): 0.34 | Mean fitness (Train): 0.35 | Mean fitness (Test): 0.37
 | Mean Accuracy (Test): 0.90
Generation 830 | Best fitness (Train): 0.27 | Best fitness in generation (Train): 0.31 | Mean fitness (Train): 0.32 | Mean fitness (Test): 0.33
 | Mean Accuracy (Test): 0.90
Generation 835 | Best fitness (Train): 0.27 | Best fitness in generation (Train): 0.42 | Mean fitness (Train): 0.43 | Mean fitness (Test): 0.34
 | Mean Accuracy (Test): 0.89
Generation 840 | Best fitness (Train): 0.27 | Best fitness in generation (Train): 0.32 | Mean fitness (Train): 0.33 | Mean fitness (Test): 0.36
 | Mean Accuracy (Test): 0.90
Generation 845 | Best fitness (Train): 0.27 | Best fitness in generation (Train): 0.36 | Mean fitness (Train): 0.36 | Mean fitness (Test): 0.32
 | Mean Accuracy (Test): 0.91
Generation 850 | Best fitness (Train): 0.27 | Best fitness in generation (Train): 0.34 | Mean fitness (Train): 0.34 | Mean fitness (Test): 0.34
 | Mean Accuracy (Test): 0.90
Generation 855 | Best fitness (Train): 0.27 | Best fitness in generation (Train): 0.32 | Mean fitness (Train): 0.32 | Mean fitness (Test): 0.35
 | Mean Accuracy (Test): 0.91
Generation 860 | Best fitness (Train): 0.27 | Best fitness in generation (Train): 0.36 | Mean fitness (Train): 0.36 | Mean fitness (Test): 0.38
 | Mean Accuracy (Test): 0.90
Generation 865 | Best fitness (Train): 0.27 | Best fitness in generation (Train): 0.34 | Mean fitness (Train): 0.35 | Mean fitness (Test): 0.31
 | Mean Accuracy (Test): 0.91
Generation 870 | Best fitness (Train): 0.27 | Best fitness in generation (Train): 0.31 | Mean fitness (Train): 0.32 | Mean fitness (Test): 0.35
 | Mean Accuracy (Test): 0.90
Generation 875 | Best fitness (Train): 0.27 | Best fitness in generation (Train): 0.34 | Mean fitness (Train): 0.34 | Mean fitness (Test): 0.29
 | Mean Accuracy (Test): 0.91
Generation 880 | Best fitness (Train): 0.27 | Best fitness in generation (Train): 0.31 | Mean fitness (Train): 0.31 | Mean fitness (Test): 0.36
 | Mean Accuracy (Test): 0.90
Generation 885 | Best fitness (Train): 0.27 | Best fitness in generation (Train): 0.32 | Mean fitness (Train): 0.32 | Mean fitness (Test): 0.39
 | Mean Accuracy (Test): 0.90
Generation 890 | Best fitness (Train): 0.27 | Best fitness in generation (Train): 0.37 | Mean fitness (Train): 0.37 | Mean fitness (Test): 0.29
 | Mean Accuracy (Test): 0.91
Generation 895 | Best fitness (Train): 0.26 | Best fitness in generation (Train): 0.37 | Mean fitness (Train): 0.37 | Mean fitness (Test): 0.31
 | Mean Accuracy (Test): 0.91
Generation 900 | Best fitness (Train): 0.26 | Best fitness in generation (Train): 0.32 | Mean fitness (Train): 0.33 | Mean fitness (Test): 0.36
 | Mean Accuracy (Test): 0.91
Generation 905 | Best fitness (Train): 0.26 | Best fitness in generation (Train): 0.30 | Mean fitness (Train): 0.31 | Mean fitness (Test): 0.29
 | Mean Accuracy (Test): 0.92
Generation 910 | Best fitness (Train): 0.26 | Best fitness in generation (Train): 0.34 | Mean fitness (Train): 0.35 | Mean fitness (Test): 0.35
 | Mean Accuracy (Test): 0.90
Generation 915 | Best fitness (Train): 0.26 | Best fitness in generation (Train): 0.31 | Mean fitness (Train): 0.32 | Mean fitness (Test): 0.33
 | Mean Accuracy (Test): 0.91
Generation 920 | Best fitness (Train): 0.26 | Best fitness in generation (Train): 0.28 | Mean fitness (Train): 0.28 | Mean fitness (Test): 0.30
 | Mean Accuracy (Test): 0.92
Generation 925 | Best fitness (Train): 0.26 | Best fitness in generation (Train): 0.36 | Mean fitness (Train): 0.37 | Mean fitness (Test): 0.30
 | Mean Accuracy (Test): 0.92
Generation 930 | Best fitness (Train): 0.26 | Best fitness in generation (Train): 0.32 | Mean fitness (Train): 0.32 | Mean fitness (Test): 0.30
 | Mean Accuracy (Test): 0.92
Generation 935 | Best fitness (Train): 0.26 | Best fitness in generation (Train): 0.38 | Mean fitness (Train): 0.38 | Mean fitness (Test): 0.35
 | Mean Accuracy (Test): 0.91
Generation 940 | Best fitness (Train): 0.26 | Best fitness in generation (Train): 0.30 | Mean fitness (Train): 0.30 | Mean fitness (Test): 0.35
 | Mean Accuracy (Test): 0.91
Generation 945 | Best fitness (Train): 0.24 | Best fitness in generation (Train): 0.29 | Mean fitness (Train): 0.30 | Mean fitness (Test): 0.28
 | Mean Accuracy (Test): 0.92
Generation 950 | Best fitness (Train): 0.24 | Best fitness in generation (Train): 0.31 | Mean fitness (Train): 0.31 | Mean fitness (Test): 0.29
 | Mean Accuracy (Test): 0.91
Generation 955 | Best fitness (Train): 0.24 | Best fitness in generation (Train): 0.29 | Mean fitness (Train): 0.29 | Mean fitness (Test): 0.39
 | Mean Accuracy (Test): 0.91
Generation 960 | Best fitness (Train): 0.24 | Best fitness in generation (Train): 0.31 | Mean fitness (Train): 0.31 | Mean fitness (Test): 0.37
 | Mean Accuracy (Test): 0.89
Generation 965 | Best fitness (Train): 0.24 | Best fitness in generation (Train): 0.36 | Mean fitness (Train): 0.36 | Mean fitness (Test): 0.28
 | Mean Accuracy (Test): 0.91
Generation 970 | Best fitness (Train): 0.24 | Best fitness in generation (Train): 0.31 | Mean fitness (Train): 0.31 | Mean fitness (Test): 0.33
 | Mean Accuracy (Test): 0.91
Generation 975 | Best fitness (Train): 0.24 | Best fitness in generation (Train): 0.33 | Mean fitness (Train): 0.33 | Mean fitness (Test): 0.25
 | Mean Accuracy (Test): 0.93
Generation 980 | Best fitness (Train): 0.24 | Best fitness in generation (Train): 0.35 | Mean fitness (Train): 0.35 | Mean fitness (Test): 0.34
 | Mean Accuracy (Test): 0.90
Generation 985 | Best fitness (Train): 0.24 | Best fitness in generation (Train): 0.32 | Mean fitness (Train): 0.32 | Mean fitness (Test): 0.30
 | Mean Accuracy (Test): 0.91
Generation 990 | Best fitness (Train): 0.24 | Best fitness in generation (Train): 0.33 | Mean fitness (Train): 0.33 | Mean fitness (Test): 0.32
 | Mean Accuracy (Test): 0.91
Generation 995 | Best fitness (Train): 0.24 | Best fitness in generation (Train): 0.35 | Mean fitness (Train): 0.35 | Mean fitness (Test): 0.33
 | Mean Accuracy (Test): 0.91
Generation 1000 | Best fitness (Train): 0.24 | Best fitness in generation (Train): 0.32 | Mean fitness (Train): 0.33 | Mean fitness (Test): 0.32
 | Mean Accuracy (Test): 0.90
running the experiment ... [../../results/TorchVisionProblem/MNIST/LearnedES/1]
Generation 005 | Best fitness (Train): 7.60 | Best fitness in generation (Train): 7.60 | Mean fitness (Train): 10.87 | Mean fitness (Test): 2.68
 | Mean Accuracy (Test): 0.38
Generation 010 | Best fitness (Train): 6.08 | Best fitness in generation (Train): 6.19 | Mean fitness (Train): 8.69 | Mean fitness (Test): 2.64
 | Mean Accuracy (Test): 0.40
Generation 015 | Best fitness (Train): 5.31 | Best fitness in generation (Train): 5.31 | Mean fitness (Train): 7.70 | Mean fitness (Test): 2.38
 | Mean Accuracy (Test): 0.46
Generation 020 | Best fitness (Train): 4.80 | Best fitness in generation (Train): 4.80 | Mean fitness (Train): 7.06 | Mean fitness (Test): 2.22
 | Mean Accuracy (Test): 0.49
Generation 025 | Best fitness (Train): 4.47 | Best fitness in generation (Train): 4.51 | Mean fitness (Train): 6.28 | Mean fitness (Test): 2.24
 | Mean Accuracy (Test): 0.54
Generation 030 | Best fitness (Train): 4.33 | Best fitness in generation (Train): 4.33 | Mean fitness (Train): 5.82 | Mean fitness (Test): 2.12
 | Mean Accuracy (Test): 0.55
Generation 035 | Best fitness (Train): 3.77 | Best fitness in generation (Train): 4.05 | Mean fitness (Train): 5.39 | Mean fitness (Test): 1.90
 | Mean Accuracy (Test): 0.63
Generation 040 | Best fitness (Train): 3.61 | Best fitness in generation (Train): 3.76 | Mean fitness (Train): 5.19 | Mean fitness (Test): 2.03
 | Mean Accuracy (Test): 0.65
Generation 045 | Best fitness (Train): 3.48 | Best fitness in generation (Train): 3.66 | Mean fitness (Train): 4.90 | Mean fitness (Test): 1.98
 | Mean Accuracy (Test): 0.62
Generation 050 | Best fitness (Train): 3.21 | Best fitness in generation (Train): 3.32 | Mean fitness (Train): 4.74 | Mean fitness (Test): 2.24
 | Mean Accuracy (Test): 0.60
Generation 055 | Best fitness (Train): 3.21 | Best fitness in generation (Train): 3.34 | Mean fitness (Train): 4.39 | Mean fitness (Test): 1.95
 | Mean Accuracy (Test): 0.65
Generation 060 | Best fitness (Train): 2.97 | Best fitness in generation (Train): 2.97 | Mean fitness (Train): 3.90 | Mean fitness (Test): 1.72
 | Mean Accuracy (Test): 0.66
Generation 065 | Best fitness (Train): 2.48 | Best fitness in generation (Train): 2.98 | Mean fitness (Train): 3.83 | Mean fitness (Test): 1.91
 | Mean Accuracy (Test): 0.64
Generation 070 | Best fitness (Train): 2.48 | Best fitness in generation (Train): 2.54 | Mean fitness (Train): 3.42 | Mean fitness (Test): 1.76
 | Mean Accuracy (Test): 0.65
Generation 075 | Best fitness (Train): 2.48 | Best fitness in generation (Train): 2.75 | Mean fitness (Train): 3.55 | Mean fitness (Test): 1.61
 | Mean Accuracy (Test): 0.68
Generation 080 | Best fitness (Train): 2.23 | Best fitness in generation (Train): 2.51 | Mean fitness (Train): 3.29 | Mean fitness (Test): 1.52
 | Mean Accuracy (Test): 0.70
Generation 085 | Best fitness (Train): 2.20 | Best fitness in generation (Train): 2.50 | Mean fitness (Train): 3.27 | Mean fitness (Test): 1.66
 | Mean Accuracy (Test): 0.70
Generation 090 | Best fitness (Train): 1.92 | Best fitness in generation (Train): 2.22 | Mean fitness (Train): 2.97 | Mean fitness (Test): 1.45
 | Mean Accuracy (Test): 0.72
Generation 095 | Best fitness (Train): 1.89 | Best fitness in generation (Train): 1.93 | Mean fitness (Train): 2.48 | Mean fitness (Test): 1.36
 | Mean Accuracy (Test): 0.73
Generation 100 | Best fitness (Train): 1.78 | Best fitness in generation (Train): 1.78 | Mean fitness (Train): 2.34 | Mean fitness (Test): 1.21
 | Mean Accuracy (Test): 0.74
Generation 105 | Best fitness (Train): 1.66 | Best fitness in generation (Train): 1.73 | Mean fitness (Train): 2.23 | Mean fitness (Test): 1.20
 | Mean Accuracy (Test): 0.75
Generation 110 | Best fitness (Train): 1.58 | Best fitness in generation (Train): 1.66 | Mean fitness (Train): 2.16 | Mean fitness (Test): 1.20
 | Mean Accuracy (Test): 0.73
Generation 115 | Best fitness (Train): 1.50 | Best fitness in generation (Train): 1.59 | Mean fitness (Train): 2.08 | Mean fitness (Test): 1.30
 | Mean Accuracy (Test): 0.74
Generation 120 | Best fitness (Train): 1.50 | Best fitness in generation (Train): 1.60 | Mean fitness (Train): 2.05 | Mean fitness (Test): 1.11
 | Mean Accuracy (Test): 0.74
Generation 125 | Best fitness (Train): 1.41 | Best fitness in generation (Train): 1.41 | Mean fitness (Train): 1.84 | Mean fitness (Test): 1.17
 | Mean Accuracy (Test): 0.74
Generation 130 | Best fitness (Train): 1.27 | Best fitness in generation (Train): 1.45 | Mean fitness (Train): 1.85 | Mean fitness (Test): 1.09
 | Mean Accuracy (Test): 0.75
Generation 135 | Best fitness (Train): 1.24 | Best fitness in generation (Train): 1.31 | Mean fitness (Train): 1.61 | Mean fitness (Test): 0.91
 | Mean Accuracy (Test): 0.77
Generation 140 | Best fitness (Train): 1.23 | Best fitness in generation (Train): 1.31 | Mean fitness (Train): 1.60 | Mean fitness (Test): 0.95
 | Mean Accuracy (Test): 0.78
Generation 145 | Best fitness (Train): 1.17 | Best fitness in generation (Train): 1.22 | Mean fitness (Train): 1.51 | Mean fitness (Test): 1.05
 | Mean Accuracy (Test): 0.75
Generation 150 | Best fitness (Train): 1.09 | Best fitness in generation (Train): 1.23 | Mean fitness (Train): 1.48 | Mean fitness (Test): 0.87
 | Mean Accuracy (Test): 0.80
Generation 155 | Best fitness (Train): 1.03 | Best fitness in generation (Train): 1.09 | Mean fitness (Train): 1.31 | Mean fitness (Test): 0.94
 | Mean Accuracy (Test): 0.79
Generation 160 | Best fitness (Train): 0.88 | Best fitness in generation (Train): 1.08 | Mean fitness (Train): 1.27 | Mean fitness (Test): 0.93
 | Mean Accuracy (Test): 0.78
Generation 165 | Best fitness (Train): 0.88 | Best fitness in generation (Train): 0.96 | Mean fitness (Train): 1.18 | Mean fitness (Test): 0.81
 | Mean Accuracy (Test): 0.80
Generation 170 | Best fitness (Train): 0.81 | Best fitness in generation (Train): 0.97 | Mean fitness (Train): 1.13 | Mean fitness (Test): 0.76
 | Mean Accuracy (Test): 0.81
Generation 175 | Best fitness (Train): 0.81 | Best fitness in generation (Train): 0.82 | Mean fitness (Train): 0.99 | Mean fitness (Test): 0.77
 | Mean Accuracy (Test): 0.80
Generation 180 | Best fitness (Train): 0.78 | Best fitness in generation (Train): 0.92 | Mean fitness (Train): 1.11 | Mean fitness (Test): 0.70
 | Mean Accuracy (Test): 0.82
Generation 185 | Best fitness (Train): 0.78 | Best fitness in generation (Train): 0.90 | Mean fitness (Train): 1.06 | Mean fitness (Test): 0.70
 | Mean Accuracy (Test): 0.81
Generation 190 | Best fitness (Train): 0.78 | Best fitness in generation (Train): 0.84 | Mean fitness (Train): 0.98 | Mean fitness (Test): 0.70
 | Mean Accuracy (Test): 0.82
Generation 195 | Best fitness (Train): 0.78 | Best fitness in generation (Train): 0.89 | Mean fitness (Train): 1.00 | Mean fitness (Test): 0.64
 | Mean Accuracy (Test): 0.83
Generation 200 | Best fitness (Train): 0.68 | Best fitness in generation (Train): 0.85 | Mean fitness (Train): 0.98 | Mean fitness (Test): 0.59
 | Mean Accuracy (Test): 0.83
Generation 205 | Best fitness (Train): 0.68 | Best fitness in generation (Train): 0.73 | Mean fitness (Train): 0.85 | Mean fitness (Test): 0.67
 | Mean Accuracy (Test): 0.81
Generation 210 | Best fitness (Train): 0.62 | Best fitness in generation (Train): 0.62 | Mean fitness (Train): 0.75 | Mean fitness (Test): 0.62
 | Mean Accuracy (Test): 0.83
Generation 215 | Best fitness (Train): 0.62 | Best fitness in generation (Train): 0.76 | Mean fitness (Train): 0.86 | Mean fitness (Test): 0.60
 | Mean Accuracy (Test): 0.84
Generation 220 | Best fitness (Train): 0.62 | Best fitness in generation (Train): 0.74 | Mean fitness (Train): 0.84 | Mean fitness (Test): 0.68
 | Mean Accuracy (Test): 0.83
Generation 225 | Best fitness (Train): 0.61 | Best fitness in generation (Train): 0.70 | Mean fitness (Train): 0.78 | Mean fitness (Test): 0.53
 | Mean Accuracy (Test): 0.86
Generation 230 | Best fitness (Train): 0.56 | Best fitness in generation (Train): 0.63 | Mean fitness (Train): 0.72 | Mean fitness (Test): 0.63
 | Mean Accuracy (Test): 0.82
Generation 235 | Best fitness (Train): 0.56 | Best fitness in generation (Train): 0.63 | Mean fitness (Train): 0.71 | Mean fitness (Test): 0.56
 | Mean Accuracy (Test): 0.84
Generation 240 | Best fitness (Train): 0.55 | Best fitness in generation (Train): 0.62 | Mean fitness (Train): 0.71 | Mean fitness (Test): 0.45
 | Mean Accuracy (Test): 0.87
Generation 245 | Best fitness (Train): 0.54 | Best fitness in generation (Train): 0.54 | Mean fitness (Train): 0.61 | Mean fitness (Test): 0.53
 | Mean Accuracy (Test): 0.85
Generation 250 | Best fitness (Train): 0.53 | Best fitness in generation (Train): 0.61 | Mean fitness (Train): 0.68 | Mean fitness (Test): 0.51
 | Mean Accuracy (Test): 0.85
Generation 255 | Best fitness (Train): 0.51 | Best fitness in generation (Train): 0.56 | Mean fitness (Train): 0.62 | Mean fitness (Test): 0.53
 | Mean Accuracy (Test): 0.85
Generation 260 | Best fitness (Train): 0.50 | Best fitness in generation (Train): 0.50 | Mean fitness (Train): 0.55 | Mean fitness (Test): 0.43
 | Mean Accuracy (Test): 0.86
Generation 265 | Best fitness (Train): 0.49 | Best fitness in generation (Train): 0.49 | Mean fitness (Train): 0.53 | Mean fitness (Test): 0.47
 | Mean Accuracy (Test): 0.86
Generation 270 | Best fitness (Train): 0.49 | Best fitness in generation (Train): 0.56 | Mean fitness (Train): 0.61 | Mean fitness (Test): 0.47
 | Mean Accuracy (Test): 0.88
Generation 275 | Best fitness (Train): 0.47 | Best fitness in generation (Train): 0.49 | Mean fitness (Train): 0.55 | Mean fitness (Test): 0.44
 | Mean Accuracy (Test): 0.88
Generation 280 | Best fitness (Train): 0.47 | Best fitness in generation (Train): 0.51 | Mean fitness (Train): 0.56 | Mean fitness (Test): 0.49
 | Mean Accuracy (Test): 0.87
Generation 285 | Best fitness (Train): 0.44 | Best fitness in generation (Train): 0.50 | Mean fitness (Train): 0.55 | Mean fitness (Test): 0.51
 | Mean Accuracy (Test): 0.86
Generation 290 | Best fitness (Train): 0.44 | Best fitness in generation (Train): 0.47 | Mean fitness (Train): 0.54 | Mean fitness (Test): 0.52
 | Mean Accuracy (Test): 0.87
Generation 295 | Best fitness (Train): 0.42 | Best fitness in generation (Train): 0.50 | Mean fitness (Train): 0.54 | Mean fitness (Test): 0.46
 | Mean Accuracy (Test): 0.87
Generation 300 | Best fitness (Train): 0.42 | Best fitness in generation (Train): 0.47 | Mean fitness (Train): 0.51 | Mean fitness (Test): 0.39
 | Mean Accuracy (Test): 0.88
Generation 305 | Best fitness (Train): 0.42 | Best fitness in generation (Train): 0.48 | Mean fitness (Train): 0.52 | Mean fitness (Test): 0.44
 | Mean Accuracy (Test): 0.87
Generation 310 | Best fitness (Train): 0.42 | Best fitness in generation (Train): 0.43 | Mean fitness (Train): 0.47 | Mean fitness (Test): 0.39
 | Mean Accuracy (Test): 0.89
Generation 315 | Best fitness (Train): 0.40 | Best fitness in generation (Train): 0.40 | Mean fitness (Train): 0.43 | Mean fitness (Test): 0.39
 | Mean Accuracy (Test): 0.90
Generation 320 | Best fitness (Train): 0.40 | Best fitness in generation (Train): 0.43 | Mean fitness (Train): 0.47 | Mean fitness (Test): 0.43
 | Mean Accuracy (Test): 0.88
Generation 325 | Best fitness (Train): 0.39 | Best fitness in generation (Train): 0.39 | Mean fitness (Train): 0.43 | Mean fitness (Test): 0.47
 | Mean Accuracy (Test): 0.86
Generation 330 | Best fitness (Train): 0.37 | Best fitness in generation (Train): 0.53 | Mean fitness (Train): 0.57 | Mean fitness (Test): 0.39
 | Mean Accuracy (Test): 0.88
Generation 335 | Best fitness (Train): 0.37 | Best fitness in generation (Train): 0.43 | Mean fitness (Train): 0.46 | Mean fitness (Test): 0.41
 | Mean Accuracy (Test): 0.89
Generation 340 | Best fitness (Train): 0.37 | Best fitness in generation (Train): 0.42 | Mean fitness (Train): 0.44 | Mean fitness (Test): 0.47
 | Mean Accuracy (Test): 0.88
Generation 345 | Best fitness (Train): 0.37 | Best fitness in generation (Train): 0.41 | Mean fitness (Train): 0.43 | Mean fitness (Test): 0.42
 | Mean Accuracy (Test): 0.87
Generation 350 | Best fitness (Train): 0.37 | Best fitness in generation (Train): 0.40 | Mean fitness (Train): 0.43 | Mean fitness (Test): 0.46
 | Mean Accuracy (Test): 0.88
Generation 355 | Best fitness (Train): 0.37 | Best fitness in generation (Train): 0.38 | Mean fitness (Train): 0.41 | Mean fitness (Test): 0.46
 | Mean Accuracy (Test): 0.88
Generation 360 | Best fitness (Train): 0.36 | Best fitness in generation (Train): 0.47 | Mean fitness (Train): 0.51 | Mean fitness (Test): 0.35
 | Mean Accuracy (Test): 0.90
Generation 365 | Best fitness (Train): 0.36 | Best fitness in generation (Train): 0.37 | Mean fitness (Train): 0.40 | Mean fitness (Test): 0.36
 | Mean Accuracy (Test): 0.89
Generation 370 | Best fitness (Train): 0.35 | Best fitness in generation (Train): 0.36 | Mean fitness (Train): 0.39 | Mean fitness (Test): 0.40
 | Mean Accuracy (Test): 0.89
Generation 375 | Best fitness (Train): 0.30 | Best fitness in generation (Train): 0.30 | Mean fitness (Train): 0.32 | Mean fitness (Test): 0.47
 | Mean Accuracy (Test): 0.87
Generation 380 | Best fitness (Train): 0.30 | Best fitness in generation (Train): 0.45 | Mean fitness (Train): 0.48 | Mean fitness (Test): 0.34
 | Mean Accuracy (Test): 0.90
Generation 385 | Best fitness (Train): 0.30 | Best fitness in generation (Train): 0.40 | Mean fitness (Train): 0.42 | Mean fitness (Test): 0.38
 | Mean Accuracy (Test): 0.89
Generation 390 | Best fitness (Train): 0.30 | Best fitness in generation (Train): 0.44 | Mean fitness (Train): 0.46 | Mean fitness (Test): 0.37
 | Mean Accuracy (Test): 0.88
Generation 395 | Best fitness (Train): 0.28 | Best fitness in generation (Train): 0.28 | Mean fitness (Train): 0.31 | Mean fitness (Test): 0.33
 | Mean Accuracy (Test): 0.90
Generation 400 | Best fitness (Train): 0.28 | Best fitness in generation (Train): 0.36 | Mean fitness (Train): 0.38 | Mean fitness (Test): 0.37
 | Mean Accuracy (Test): 0.89
Generation 405 | Best fitness (Train): 0.28 | Best fitness in generation (Train): 0.38 | Mean fitness (Train): 0.41 | Mean fitness (Test): 0.36
 | Mean Accuracy (Test): 0.89
Generation 410 | Best fitness (Train): 0.28 | Best fitness in generation (Train): 0.39 | Mean fitness (Train): 0.41 | Mean fitness (Test): 0.36
 | Mean Accuracy (Test): 0.90
Generation 415 | Best fitness (Train): 0.28 | Best fitness in generation (Train): 0.35 | Mean fitness (Train): 0.37 | Mean fitness (Test): 0.39
 | Mean Accuracy (Test): 0.89
Generation 420 | Best fitness (Train): 0.28 | Best fitness in generation (Train): 0.29 | Mean fitness (Train): 0.31 | Mean fitness (Test): 0.34
 | Mean Accuracy (Test): 0.90
Generation 425 | Best fitness (Train): 0.28 | Best fitness in generation (Train): 0.34 | Mean fitness (Train): 0.35 | Mean fitness (Test): 0.39
 | Mean Accuracy (Test): 0.89
Generation 430 | Best fitness (Train): 0.28 | Best fitness in generation (Train): 0.39 | Mean fitness (Train): 0.40 | Mean fitness (Test): 0.33
 | Mean Accuracy (Test): 0.91
Generation 435 | Best fitness (Train): 0.28 | Best fitness in generation (Train): 0.32 | Mean fitness (Train): 0.33 | Mean fitness (Test): 0.29
 | Mean Accuracy (Test): 0.91
Generation 440 | Best fitness (Train): 0.28 | Best fitness in generation (Train): 0.31 | Mean fitness (Train): 0.33 | Mean fitness (Test): 0.43
 | Mean Accuracy (Test): 0.87
Generation 445 | Best fitness (Train): 0.28 | Best fitness in generation (Train): 0.36 | Mean fitness (Train): 0.38 | Mean fitness (Test): 0.34
 | Mean Accuracy (Test): 0.91
Generation 450 | Best fitness (Train): 0.28 | Best fitness in generation (Train): 0.30 | Mean fitness (Train): 0.32 | Mean fitness (Test): 0.37
 | Mean Accuracy (Test): 0.89
Generation 455 | Best fitness (Train): 0.28 | Best fitness in generation (Train): 0.40 | Mean fitness (Train): 0.42 | Mean fitness (Test): 0.26
 | Mean Accuracy (Test): 0.92
Generation 460 | Best fitness (Train): 0.28 | Best fitness in generation (Train): 0.41 | Mean fitness (Train): 0.43 | Mean fitness (Test): 0.33
 | Mean Accuracy (Test): 0.90
Generation 465 | Best fitness (Train): 0.25 | Best fitness in generation (Train): 0.31 | Mean fitness (Train): 0.32 | Mean fitness (Test): 0.31
 | Mean Accuracy (Test): 0.92
Generation 470 | Best fitness (Train): 0.25 | Best fitness in generation (Train): 0.28 | Mean fitness (Train): 0.29 | Mean fitness (Test): 0.31
 | Mean Accuracy (Test): 0.91
Generation 475 | Best fitness (Train): 0.25 | Best fitness in generation (Train): 0.29 | Mean fitness (Train): 0.30 | Mean fitness (Test): 0.25
 | Mean Accuracy (Test): 0.92
Generation 480 | Best fitness (Train): 0.25 | Best fitness in generation (Train): 0.32 | Mean fitness (Train): 0.34 | Mean fitness (Test): 0.36
 | Mean Accuracy (Test): 0.89
Generation 485 | Best fitness (Train): 0.25 | Best fitness in generation (Train): 0.35 | Mean fitness (Train): 0.37 | Mean fitness (Test): 0.32
 | Mean Accuracy (Test): 0.91
Generation 490 | Best fitness (Train): 0.25 | Best fitness in generation (Train): 0.34 | Mean fitness (Train): 0.36 | Mean fitness (Test): 0.42
 | Mean Accuracy (Test): 0.90
Generation 495 | Best fitness (Train): 0.25 | Best fitness in generation (Train): 0.31 | Mean fitness (Train): 0.32 | Mean fitness (Test): 0.34
 | Mean Accuracy (Test): 0.90
Generation 500 | Best fitness (Train): 0.25 | Best fitness in generation (Train): 0.30 | Mean fitness (Train): 0.32 | Mean fitness (Test): 0.30
 | Mean Accuracy (Test): 0.92
Generation 505 | Best fitness (Train): 0.25 | Best fitness in generation (Train): 0.32 | Mean fitness (Train): 0.33 | Mean fitness (Test): 0.37
 | Mean Accuracy (Test): 0.89
Generation 510 | Best fitness (Train): 0.25 | Best fitness in generation (Train): 0.32 | Mean fitness (Train): 0.33 | Mean fitness (Test): 0.34
 | Mean Accuracy (Test): 0.91
Generation 515 | Best fitness (Train): 0.25 | Best fitness in generation (Train): 0.34 | Mean fitness (Train): 0.35 | Mean fitness (Test): 0.29
 | Mean Accuracy (Test): 0.92
Generation 520 | Best fitness (Train): 0.25 | Best fitness in generation (Train): 0.35 | Mean fitness (Train): 0.36 | Mean fitness (Test): 0.34
 | Mean Accuracy (Test): 0.90
Generation 525 | Best fitness (Train): 0.25 | Best fitness in generation (Train): 0.35 | Mean fitness (Train): 0.36 | Mean fitness (Test): 0.30
 | Mean Accuracy (Test): 0.91
Generation 530 | Best fitness (Train): 0.25 | Best fitness in generation (Train): 0.32 | Mean fitness (Train): 0.33 | Mean fitness (Test): 0.35
 | Mean Accuracy (Test): 0.90
Generation 535 | Best fitness (Train): 0.25 | Best fitness in generation (Train): 0.32 | Mean fitness (Train): 0.33 | Mean fitness (Test): 0.27
 | Mean Accuracy (Test): 0.92
Generation 540 | Best fitness (Train): 0.25 | Best fitness in generation (Train): 0.36 | Mean fitness (Train): 0.38 | Mean fitness (Test): 0.31
 | Mean Accuracy (Test): 0.91
Generation 545 | Best fitness (Train): 0.25 | Best fitness in generation (Train): 0.32 | Mean fitness (Train): 0.33 | Mean fitness (Test): 0.28
 | Mean Accuracy (Test): 0.92
Generation 550 | Best fitness (Train): 0.25 | Best fitness in generation (Train): 0.35 | Mean fitness (Train): 0.36 | Mean fitness (Test): 0.34
 | Mean Accuracy (Test): 0.90
Generation 555 | Best fitness (Train): 0.25 | Best fitness in generation (Train): 0.30 | Mean fitness (Train): 0.31 | Mean fitness (Test): 0.29
 | Mean Accuracy (Test): 0.93
Generation 560 | Best fitness (Train): 0.25 | Best fitness in generation (Train): 0.29 | Mean fitness (Train): 0.30 | Mean fitness (Test): 0.30
 | Mean Accuracy (Test): 0.92
Generation 565 | Best fitness (Train): 0.25 | Best fitness in generation (Train): 0.34 | Mean fitness (Train): 0.35 | Mean fitness (Test): 0.29
 | Mean Accuracy (Test): 0.92
Generation 570 | Best fitness (Train): 0.25 | Best fitness in generation (Train): 0.32 | Mean fitness (Train): 0.33 | Mean fitness (Test): 0.35
 | Mean Accuracy (Test): 0.90
Generation 575 | Best fitness (Train): 0.25 | Best fitness in generation (Train): 0.34 | Mean fitness (Train): 0.36 | Mean fitness (Test): 0.31
 | Mean Accuracy (Test): 0.92
Generation 580 | Best fitness (Train): 0.25 | Best fitness in generation (Train): 0.33 | Mean fitness (Train): 0.34 | Mean fitness (Test): 0.34
 | Mean Accuracy (Test): 0.90
Generation 585 | Best fitness (Train): 0.25 | Best fitness in generation (Train): 0.30 | Mean fitness (Train): 0.31 | Mean fitness (Test): 0.32
 | Mean Accuracy (Test): 0.90
Generation 590 | Best fitness (Train): 0.25 | Best fitness in generation (Train): 0.25 | Mean fitness (Train): 0.26 | Mean fitness (Test): 0.28
 | Mean Accuracy (Test): 0.93
Generation 595 | Best fitness (Train): 0.25 | Best fitness in generation (Train): 0.30 | Mean fitness (Train): 0.31 | Mean fitness (Test): 0.33
 | Mean Accuracy (Test): 0.90
Generation 600 | Best fitness (Train): 0.25 | Best fitness in generation (Train): 0.33 | Mean fitness (Train): 0.34 | Mean fitness (Test): 0.28
 | Mean Accuracy (Test): 0.92
Generation 605 | Best fitness (Train): 0.25 | Best fitness in generation (Train): 0.38 | Mean fitness (Train): 0.39 | Mean fitness (Test): 0.34
 | Mean Accuracy (Test): 0.91
Generation 610 | Best fitness (Train): 0.25 | Best fitness in generation (Train): 0.35 | Mean fitness (Train): 0.36 | Mean fitness (Test): 0.29
 | Mean Accuracy (Test): 0.91
Generation 615 | Best fitness (Train): 0.25 | Best fitness in generation (Train): 0.25 | Mean fitness (Train): 0.26 | Mean fitness (Test): 0.31
 | Mean Accuracy (Test): 0.91
Generation 620 | Best fitness (Train): 0.24 | Best fitness in generation (Train): 0.29 | Mean fitness (Train): 0.30 | Mean fitness (Test): 0.25
 | Mean Accuracy (Test): 0.92
Generation 625 | Best fitness (Train): 0.24 | Best fitness in generation (Train): 0.32 | Mean fitness (Train): 0.33 | Mean fitness (Test): 0.30
 | Mean Accuracy (Test): 0.90
Generation 630 | Best fitness (Train): 0.23 | Best fitness in generation (Train): 0.23 | Mean fitness (Train): 0.24 | Mean fitness (Test): 0.29
 | Mean Accuracy (Test): 0.92
Generation 635 | Best fitness (Train): 0.23 | Best fitness in generation (Train): 0.30 | Mean fitness (Train): 0.31 | Mean fitness (Test): 0.28
 | Mean Accuracy (Test): 0.91
Generation 640 | Best fitness (Train): 0.23 | Best fitness in generation (Train): 0.26 | Mean fitness (Train): 0.27 | Mean fitness (Test): 0.30
 | Mean Accuracy (Test): 0.92
Generation 645 | Best fitness (Train): 0.23 | Best fitness in generation (Train): 0.30 | Mean fitness (Train): 0.31 | Mean fitness (Test): 0.30
 | Mean Accuracy (Test): 0.91
Generation 650 | Best fitness (Train): 0.23 | Best fitness in generation (Train): 0.27 | Mean fitness (Train): 0.27 | Mean fitness (Test): 0.27
 | Mean Accuracy (Test): 0.92
Generation 655 | Best fitness (Train): 0.23 | Best fitness in generation (Train): 0.25 | Mean fitness (Train): 0.26 | Mean fitness (Test): 0.30
 | Mean Accuracy (Test): 0.92
Generation 660 | Best fitness (Train): 0.23 | Best fitness in generation (Train): 0.33 | Mean fitness (Train): 0.34 | Mean fitness (Test): 0.34
 | Mean Accuracy (Test): 0.91
Generation 665 | Best fitness (Train): 0.21 | Best fitness in generation (Train): 0.25 | Mean fitness (Train): 0.26 | Mean fitness (Test): 0.25
 | Mean Accuracy (Test): 0.92
Generation 670 | Best fitness (Train): 0.21 | Best fitness in generation (Train): 0.31 | Mean fitness (Train): 0.31 | Mean fitness (Test): 0.26
 | Mean Accuracy (Test): 0.93
Generation 675 | Best fitness (Train): 0.21 | Best fitness in generation (Train): 0.27 | Mean fitness (Train): 0.27 | Mean fitness (Test): 0.26
 | Mean Accuracy (Test): 0.93
Generation 680 | Best fitness (Train): 0.21 | Best fitness in generation (Train): 0.30 | Mean fitness (Train): 0.31 | Mean fitness (Test): 0.24
 | Mean Accuracy (Test): 0.92
Generation 685 | Best fitness (Train): 0.21 | Best fitness in generation (Train): 0.27 | Mean fitness (Train): 0.28 | Mean fitness (Test): 0.28
 | Mean Accuracy (Test): 0.92
Generation 690 | Best fitness (Train): 0.20 | Best fitness in generation (Train): 0.28 | Mean fitness (Train): 0.29 | Mean fitness (Test): 0.30
 | Mean Accuracy (Test): 0.90
Generation 695 | Best fitness (Train): 0.20 | Best fitness in generation (Train): 0.28 | Mean fitness (Train): 0.29 | Mean fitness (Test): 0.29
 | Mean Accuracy (Test): 0.91
Generation 700 | Best fitness (Train): 0.20 | Best fitness in generation (Train): 0.27 | Mean fitness (Train): 0.28 | Mean fitness (Test): 0.25
 | Mean Accuracy (Test): 0.92
Generation 705 | Best fitness (Train): 0.20 | Best fitness in generation (Train): 0.33 | Mean fitness (Train): 0.34 | Mean fitness (Test): 0.27
 | Mean Accuracy (Test): 0.93
Generation 710 | Best fitness (Train): 0.20 | Best fitness in generation (Train): 0.28 | Mean fitness (Train): 0.28 | Mean fitness (Test): 0.30
 | Mean Accuracy (Test): 0.92
Generation 715 | Best fitness (Train): 0.20 | Best fitness in generation (Train): 0.27 | Mean fitness (Train): 0.28 | Mean fitness (Test): 0.30
 | Mean Accuracy (Test): 0.93
Generation 720 | Best fitness (Train): 0.20 | Best fitness in generation (Train): 0.25 | Mean fitness (Train): 0.26 | Mean fitness (Test): 0.25
 | Mean Accuracy (Test): 0.93
Generation 725 | Best fitness (Train): 0.20 | Best fitness in generation (Train): 0.27 | Mean fitness (Train): 0.28 | Mean fitness (Test): 0.30
 | Mean Accuracy (Test): 0.92
Generation 730 | Best fitness (Train): 0.20 | Best fitness in generation (Train): 0.27 | Mean fitness (Train): 0.28 | Mean fitness (Test): 0.26
 | Mean Accuracy (Test): 0.92
Generation 735 | Best fitness (Train): 0.20 | Best fitness in generation (Train): 0.24 | Mean fitness (Train): 0.24 | Mean fitness (Test): 0.30
 | Mean Accuracy (Test): 0.91
Generation 740 | Best fitness (Train): 0.20 | Best fitness in generation (Train): 0.26 | Mean fitness (Train): 0.26 | Mean fitness (Test): 0.30
 | Mean Accuracy (Test): 0.91
Generation 745 | Best fitness (Train): 0.20 | Best fitness in generation (Train): 0.30 | Mean fitness (Train): 0.30 | Mean fitness (Test): 0.29
 | Mean Accuracy (Test): 0.91
Generation 750 | Best fitness (Train): 0.20 | Best fitness in generation (Train): 0.26 | Mean fitness (Train): 0.27 | Mean fitness (Test): 0.28
 | Mean Accuracy (Test): 0.92
Generation 755 | Best fitness (Train): 0.20 | Best fitness in generation (Train): 0.31 | Mean fitness (Train): 0.32 | Mean fitness (Test): 0.26
 | Mean Accuracy (Test): 0.92
Generation 760 | Best fitness (Train): 0.20 | Best fitness in generation (Train): 0.32 | Mean fitness (Train): 0.33 | Mean fitness (Test): 0.26
 | Mean Accuracy (Test): 0.92
Generation 765 | Best fitness (Train): 0.20 | Best fitness in generation (Train): 0.27 | Mean fitness (Train): 0.27 | Mean fitness (Test): 0.29
 | Mean Accuracy (Test): 0.93
Generation 770 | Best fitness (Train): 0.20 | Best fitness in generation (Train): 0.29 | Mean fitness (Train): 0.29 | Mean fitness (Test): 0.24
 | Mean Accuracy (Test): 0.93
Generation 775 | Best fitness (Train): 0.20 | Best fitness in generation (Train): 0.24 | Mean fitness (Train): 0.25 | Mean fitness (Test): 0.23
 | Mean Accuracy (Test): 0.93
Generation 780 | Best fitness (Train): 0.20 | Best fitness in generation (Train): 0.24 | Mean fitness (Train): 0.25 | Mean fitness (Test): 0.25
 | Mean Accuracy (Test): 0.93
Generation 785 | Best fitness (Train): 0.20 | Best fitness in generation (Train): 0.30 | Mean fitness (Train): 0.30 | Mean fitness (Test): 0.24
 | Mean Accuracy (Test): 0.93
Generation 790 | Best fitness (Train): 0.20 | Best fitness in generation (Train): 0.25 | Mean fitness (Train): 0.26 | Mean fitness (Test): 0.24
 | Mean Accuracy (Test): 0.94
Generation 795 | Best fitness (Train): 0.20 | Best fitness in generation (Train): 0.32 | Mean fitness (Train): 0.32 | Mean fitness (Test): 0.25
 | Mean Accuracy (Test): 0.92
Generation 800 | Best fitness (Train): 0.20 | Best fitness in generation (Train): 0.22 | Mean fitness (Train): 0.23 | Mean fitness (Test): 0.27
 | Mean Accuracy (Test): 0.93
Generation 805 | Best fitness (Train): 0.20 | Best fitness in generation (Train): 0.25 | Mean fitness (Train): 0.26 | Mean fitness (Test): 0.29
 | Mean Accuracy (Test): 0.93
Generation 810 | Best fitness (Train): 0.20 | Best fitness in generation (Train): 0.24 | Mean fitness (Train): 0.24 | Mean fitness (Test): 0.27
 | Mean Accuracy (Test): 0.92
Generation 815 | Best fitness (Train): 0.20 | Best fitness in generation (Train): 0.30 | Mean fitness (Train): 0.30 | Mean fitness (Test): 0.29
 | Mean Accuracy (Test): 0.92
Generation 820 | Best fitness (Train): 0.20 | Best fitness in generation (Train): 0.31 | Mean fitness (Train): 0.31 | Mean fitness (Test): 0.29
 | Mean Accuracy (Test): 0.91
Generation 825 | Best fitness (Train): 0.20 | Best fitness in generation (Train): 0.29 | Mean fitness (Train): 0.29 | Mean fitness (Test): 0.27
 | Mean Accuracy (Test): 0.93
Generation 830 | Best fitness (Train): 0.20 | Best fitness in generation (Train): 0.26 | Mean fitness (Train): 0.27 | Mean fitness (Test): 0.27
 | Mean Accuracy (Test): 0.92
Generation 835 | Best fitness (Train): 0.20 | Best fitness in generation (Train): 0.31 | Mean fitness (Train): 0.31 | Mean fitness (Test): 0.30
 | Mean Accuracy (Test): 0.92
Generation 840 | Best fitness (Train): 0.20 | Best fitness in generation (Train): 0.31 | Mean fitness (Train): 0.31 | Mean fitness (Test): 0.24
 | Mean Accuracy (Test): 0.93
Generation 845 | Best fitness (Train): 0.20 | Best fitness in generation (Train): 0.27 | Mean fitness (Train): 0.27 | Mean fitness (Test): 0.28
 | Mean Accuracy (Test): 0.92
Generation 850 | Best fitness (Train): 0.20 | Best fitness in generation (Train): 0.24 | Mean fitness (Train): 0.24 | Mean fitness (Test): 0.26
 | Mean Accuracy (Test): 0.93
Generation 855 | Best fitness (Train): 0.20 | Best fitness in generation (Train): 0.25 | Mean fitness (Train): 0.25 | Mean fitness (Test): 0.30
 | Mean Accuracy (Test): 0.92
Generation 860 | Best fitness (Train): 0.20 | Best fitness in generation (Train): 0.26 | Mean fitness (Train): 0.27 | Mean fitness (Test): 0.30
 | Mean Accuracy (Test): 0.92
Generation 865 | Best fitness (Train): 0.20 | Best fitness in generation (Train): 0.25 | Mean fitness (Train): 0.25 | Mean fitness (Test): 0.32
 | Mean Accuracy (Test): 0.91
Generation 870 | Best fitness (Train): 0.20 | Best fitness in generation (Train): 0.32 | Mean fitness (Train): 0.32 | Mean fitness (Test): 0.26
 | Mean Accuracy (Test): 0.93
Generation 875 | Best fitness (Train): 0.20 | Best fitness in generation (Train): 0.28 | Mean fitness (Train): 0.29 | Mean fitness (Test): 0.27
 | Mean Accuracy (Test): 0.92
Generation 880 | Best fitness (Train): 0.20 | Best fitness in generation (Train): 0.28 | Mean fitness (Train): 0.28 | Mean fitness (Test): 0.26
 | Mean Accuracy (Test): 0.92
Generation 885 | Best fitness (Train): 0.20 | Best fitness in generation (Train): 0.23 | Mean fitness (Train): 0.24 | Mean fitness (Test): 0.24
 | Mean Accuracy (Test): 0.93
Generation 890 | Best fitness (Train): 0.18 | Best fitness in generation (Train): 0.25 | Mean fitness (Train): 0.25 | Mean fitness (Test): 0.25
 | Mean Accuracy (Test): 0.92
Generation 895 | Best fitness (Train): 0.18 | Best fitness in generation (Train): 0.30 | Mean fitness (Train): 0.31 | Mean fitness (Test): 0.30
 | Mean Accuracy (Test): 0.92
Generation 900 | Best fitness (Train): 0.18 | Best fitness in generation (Train): 0.29 | Mean fitness (Train): 0.30 | Mean fitness (Test): 0.28
 | Mean Accuracy (Test): 0.91
Generation 905 | Best fitness (Train): 0.18 | Best fitness in generation (Train): 0.27 | Mean fitness (Train): 0.27 | Mean fitness (Test): 0.26
 | Mean Accuracy (Test): 0.94
Generation 910 | Best fitness (Train): 0.18 | Best fitness in generation (Train): 0.26 | Mean fitness (Train): 0.26 | Mean fitness (Test): 0.27
 | Mean Accuracy (Test): 0.93
Generation 915 | Best fitness (Train): 0.18 | Best fitness in generation (Train): 0.31 | Mean fitness (Train): 0.31 | Mean fitness (Test): 0.32
 | Mean Accuracy (Test): 0.92
Generation 920 | Best fitness (Train): 0.18 | Best fitness in generation (Train): 0.30 | Mean fitness (Train): 0.30 | Mean fitness (Test): 0.26
 | Mean Accuracy (Test): 0.92
Generation 925 | Best fitness (Train): 0.18 | Best fitness in generation (Train): 0.30 | Mean fitness (Train): 0.30 | Mean fitness (Test): 0.23
 | Mean Accuracy (Test): 0.93
Generation 930 | Best fitness (Train): 0.18 | Best fitness in generation (Train): 0.26 | Mean fitness (Train): 0.27 | Mean fitness (Test): 0.31
 | Mean Accuracy (Test): 0.91
Generation 935 | Best fitness (Train): 0.18 | Best fitness in generation (Train): 0.23 | Mean fitness (Train): 0.23 | Mean fitness (Test): 0.25
 | Mean Accuracy (Test): 0.93
Generation 940 | Best fitness (Train): 0.18 | Best fitness in generation (Train): 0.26 | Mean fitness (Train): 0.27 | Mean fitness (Test): 0.23
 | Mean Accuracy (Test): 0.94
Generation 945 | Best fitness (Train): 0.18 | Best fitness in generation (Train): 0.23 | Mean fitness (Train): 0.23 | Mean fitness (Test): 0.25
 | Mean Accuracy (Test): 0.92
Generation 950 | Best fitness (Train): 0.18 | Best fitness in generation (Train): 0.27 | Mean fitness (Train): 0.28 | Mean fitness (Test): 0.23
 | Mean Accuracy (Test): 0.94
Generation 955 | Best fitness (Train): 0.18 | Best fitness in generation (Train): 0.22 | Mean fitness (Train): 0.23 | Mean fitness (Test): 0.22
 | Mean Accuracy (Test): 0.93
Generation 960 | Best fitness (Train): 0.18 | Best fitness in generation (Train): 0.28 | Mean fitness (Train): 0.28 | Mean fitness (Test): 0.23
 | Mean Accuracy (Test): 0.93
Generation 965 | Best fitness (Train): 0.18 | Best fitness in generation (Train): 0.26 | Mean fitness (Train): 0.26 | Mean fitness (Test): 0.30
 | Mean Accuracy (Test): 0.92
Generation 970 | Best fitness (Train): 0.18 | Best fitness in generation (Train): 0.21 | Mean fitness (Train): 0.22 | Mean fitness (Test): 0.27
 | Mean Accuracy (Test): 0.94
Generation 975 | Best fitness (Train): 0.18 | Best fitness in generation (Train): 0.27 | Mean fitness (Train): 0.27 | Mean fitness (Test): 0.21
 | Mean Accuracy (Test): 0.94
Generation 980 | Best fitness (Train): 0.18 | Best fitness in generation (Train): 0.23 | Mean fitness (Train): 0.24 | Mean fitness (Test): 0.31
 | Mean Accuracy (Test): 0.92
Generation 985 | Best fitness (Train): 0.18 | Best fitness in generation (Train): 0.24 | Mean fitness (Train): 0.25 | Mean fitness (Test): 0.20
 | Mean Accuracy (Test): 0.93
Generation 990 | Best fitness (Train): 0.18 | Best fitness in generation (Train): 0.26 | Mean fitness (Train): 0.26 | Mean fitness (Test): 0.27
 | Mean Accuracy (Test): 0.92
Generation 995 | Best fitness (Train): 0.18 | Best fitness in generation (Train): 0.23 | Mean fitness (Train): 0.23 | Mean fitness (Test): 0.25
 | Mean Accuracy (Test): 0.92
Generation 1000 | Best fitness (Train): 0.18 | Best fitness in generation (Train): 0.20 | Mean fitness (Train): 0.21 | Mean fitness (Test): 0.26
 | Mean Accuracy (Test): 0.93
running the experiment ... [../../results/TorchVisionProblem/MNIST/LearnedES/2]
Generation 005 | Best fitness (Train): 7.41 | Best fitness in generation (Train): 7.41 | Mean fitness (Train): 11.57 | Mean fitness (Test): 2.93
 | Mean Accuracy (Test): 0.35
Generation 010 | Best fitness (Train): 6.07 | Best fitness in generation (Train): 6.36 | Mean fitness (Train): 9.13 | Mean fitness (Test): 2.62
 | Mean Accuracy (Test): 0.41
Generation 015 | Best fitness (Train): 5.36 | Best fitness in generation (Train): 5.99 | Mean fitness (Train): 7.78 | Mean fitness (Test): 2.40
 | Mean Accuracy (Test): 0.43
Generation 020 | Best fitness (Train): 4.41 | Best fitness in generation (Train): 4.41 | Mean fitness (Train): 6.58 | Mean fitness (Test): 2.36
 | Mean Accuracy (Test): 0.48
Generation 025 | Best fitness (Train): 4.15 | Best fitness in generation (Train): 4.20 | Mean fitness (Train): 5.74 | Mean fitness (Test): 2.18
 | Mean Accuracy (Test): 0.49
Generation 030 | Best fitness (Train): 3.87 | Best fitness in generation (Train): 3.87 | Mean fitness (Train): 5.54 | Mean fitness (Test): 2.00
 | Mean Accuracy (Test): 0.54
Generation 035 | Best fitness (Train): 3.56 | Best fitness in generation (Train): 3.56 | Mean fitness (Train): 5.06 | Mean fitness (Test): 1.79
 | Mean Accuracy (Test): 0.59
Generation 040 | Best fitness (Train): 3.24 | Best fitness in generation (Train): 3.24 | Mean fitness (Train): 4.48 | Mean fitness (Test): 2.00
 | Mean Accuracy (Test): 0.61
Generation 045 | Best fitness (Train): 2.89 | Best fitness in generation (Train): 3.00 | Mean fitness (Train): 4.07 | Mean fitness (Test): 1.87
 | Mean Accuracy (Test): 0.65
Generation 050 | Best fitness (Train): 2.45 | Best fitness in generation (Train): 2.75 | Mean fitness (Train): 3.87 | Mean fitness (Test): 1.56
 | Mean Accuracy (Test): 0.67
Generation 055 | Best fitness (Train): 2.45 | Best fitness in generation (Train): 3.05 | Mean fitness (Train): 3.91 | Mean fitness (Test): 1.55
 | Mean Accuracy (Test): 0.68
Generation 060 | Best fitness (Train): 2.45 | Best fitness in generation (Train): 2.50 | Mean fitness (Train): 3.23 | Mean fitness (Test): 1.49
 | Mean Accuracy (Test): 0.68
Generation 065 | Best fitness (Train): 2.27 | Best fitness in generation (Train): 2.43 | Mean fitness (Train): 3.11 | Mean fitness (Test): 1.39
 | Mean Accuracy (Test): 0.69
Generation 070 | Best fitness (Train): 2.22 | Best fitness in generation (Train): 2.29 | Mean fitness (Train): 3.21 | Mean fitness (Test): 1.38
 | Mean Accuracy (Test): 0.68
Generation 075 | Best fitness (Train): 1.93 | Best fitness in generation (Train): 2.20 | Mean fitness (Train): 2.91 | Mean fitness (Test): 1.36
 | Mean Accuracy (Test): 0.68
Generation 080 | Best fitness (Train): 1.90 | Best fitness in generation (Train): 2.00 | Mean fitness (Train): 2.64 | Mean fitness (Test): 1.22
 | Mean Accuracy (Test): 0.73
Generation 085 | Best fitness (Train): 1.81 | Best fitness in generation (Train): 1.81 | Mean fitness (Train): 2.55 | Mean fitness (Test): 1.18
 | Mean Accuracy (Test): 0.71
Generation 090 | Best fitness (Train): 1.64 | Best fitness in generation (Train): 1.67 | Mean fitness (Train): 2.15 | Mean fitness (Test): 1.13
 | Mean Accuracy (Test): 0.73
Generation 095 | Best fitness (Train): 1.61 | Best fitness in generation (Train): 1.61 | Mean fitness (Train): 2.12 | Mean fitness (Test): 1.17
 | Mean Accuracy (Test): 0.74
Generation 100 | Best fitness (Train): 1.42 | Best fitness in generation (Train): 1.42 | Mean fitness (Train): 1.85 | Mean fitness (Test): 1.22
 | Mean Accuracy (Test): 0.74
Generation 105 | Best fitness (Train): 1.34 | Best fitness in generation (Train): 1.34 | Mean fitness (Train): 1.81 | Mean fitness (Test): 1.01
 | Mean Accuracy (Test): 0.76
Generation 110 | Best fitness (Train): 1.31 | Best fitness in generation (Train): 1.42 | Mean fitness (Train): 1.83 | Mean fitness (Test): 1.15
 | Mean Accuracy (Test): 0.75
Generation 115 | Best fitness (Train): 1.28 | Best fitness in generation (Train): 1.28 | Mean fitness (Train): 1.67 | Mean fitness (Test): 0.87
 | Mean Accuracy (Test): 0.78
Generation 120 | Best fitness (Train): 1.28 | Best fitness in generation (Train): 1.29 | Mean fitness (Train): 1.70 | Mean fitness (Test): 0.93
 | Mean Accuracy (Test): 0.77
Generation 125 | Best fitness (Train): 1.23 | Best fitness in generation (Train): 1.23 | Mean fitness (Train): 1.64 | Mean fitness (Test): 0.93
 | Mean Accuracy (Test): 0.76
Generation 130 | Best fitness (Train): 1.22 | Best fitness in generation (Train): 1.36 | Mean fitness (Train): 1.64 | Mean fitness (Test): 0.98
 | Mean Accuracy (Test): 0.75
Generation 135 | Best fitness (Train): 1.09 | Best fitness in generation (Train): 1.09 | Mean fitness (Train): 1.40 | Mean fitness (Test): 0.97
 | Mean Accuracy (Test): 0.75
Generation 140 | Best fitness (Train): 1.06 | Best fitness in generation (Train): 1.12 | Mean fitness (Train): 1.40 | Mean fitness (Test): 0.81
 | Mean Accuracy (Test): 0.80
Generation 145 | Best fitness (Train): 1.06 | Best fitness in generation (Train): 1.07 | Mean fitness (Train): 1.30 | Mean fitness (Test): 0.82
 | Mean Accuracy (Test): 0.79
Generation 150 | Best fitness (Train): 0.97 | Best fitness in generation (Train): 0.97 | Mean fitness (Train): 1.21 | Mean fitness (Test): 0.78
 | Mean Accuracy (Test): 0.79
Generation 155 | Best fitness (Train): 0.91 | Best fitness in generation (Train): 0.97 | Mean fitness (Train): 1.12 | Mean fitness (Test): 0.86
 | Mean Accuracy (Test): 0.79
Generation 160 | Best fitness (Train): 0.91 | Best fitness in generation (Train): 0.99 | Mean fitness (Train): 1.19 | Mean fitness (Test): 0.79
 | Mean Accuracy (Test): 0.79
Generation 165 | Best fitness (Train): 0.85 | Best fitness in generation (Train): 0.85 | Mean fitness (Train): 1.02 | Mean fitness (Test): 0.76
 | Mean Accuracy (Test): 0.81
Generation 170 | Best fitness (Train): 0.85 | Best fitness in generation (Train): 0.91 | Mean fitness (Train): 1.07 | Mean fitness (Test): 0.79
 | Mean Accuracy (Test): 0.78
Generation 175 | Best fitness (Train): 0.82 | Best fitness in generation (Train): 0.83 | Mean fitness (Train): 0.96 | Mean fitness (Test): 0.80
 | Mean Accuracy (Test): 0.78
Generation 180 | Best fitness (Train): 0.82 | Best fitness in generation (Train): 0.88 | Mean fitness (Train): 1.04 | Mean fitness (Test): 0.63
 | Mean Accuracy (Test): 0.81
Generation 185 | Best fitness (Train): 0.78 | Best fitness in generation (Train): 0.78 | Mean fitness (Train): 0.94 | Mean fitness (Test): 0.66
 | Mean Accuracy (Test): 0.82
Generation 190 | Best fitness (Train): 0.78 | Best fitness in generation (Train): 0.79 | Mean fitness (Train): 0.92 | Mean fitness (Test): 0.60
 | Mean Accuracy (Test): 0.84
Generation 195 | Best fitness (Train): 0.76 | Best fitness in generation (Train): 0.83 | Mean fitness (Train): 1.00 | Mean fitness (Test): 0.67
 | Mean Accuracy (Test): 0.82
Generation 200 | Best fitness (Train): 0.72 | Best fitness in generation (Train): 0.72 | Mean fitness (Train): 0.85 | Mean fitness (Test): 0.64
 | Mean Accuracy (Test): 0.82
Generation 205 | Best fitness (Train): 0.70 | Best fitness in generation (Train): 0.70 | Mean fitness (Train): 0.84 | Mean fitness (Test): 0.61
 | Mean Accuracy (Test): 0.82
Generation 210 | Best fitness (Train): 0.65 | Best fitness in generation (Train): 0.77 | Mean fitness (Train): 0.88 | Mean fitness (Test): 0.73
 | Mean Accuracy (Test): 0.81
Generation 215 | Best fitness (Train): 0.65 | Best fitness in generation (Train): 0.68 | Mean fitness (Train): 0.79 | Mean fitness (Test): 0.71
 | Mean Accuracy (Test): 0.81
Generation 220 | Best fitness (Train): 0.59 | Best fitness in generation (Train): 0.83 | Mean fitness (Train): 0.93 | Mean fitness (Test): 0.70
 | Mean Accuracy (Test): 0.82
Generation 225 | Best fitness (Train): 0.59 | Best fitness in generation (Train): 0.69 | Mean fitness (Train): 0.81 | Mean fitness (Test): 0.63
 | Mean Accuracy (Test): 0.85
Generation 230 | Best fitness (Train): 0.58 | Best fitness in generation (Train): 0.70 | Mean fitness (Train): 0.80 | Mean fitness (Test): 0.53
 | Mean Accuracy (Test): 0.85
Generation 235 | Best fitness (Train): 0.58 | Best fitness in generation (Train): 0.69 | Mean fitness (Train): 0.78 | Mean fitness (Test): 0.60
 | Mean Accuracy (Test): 0.83
Generation 240 | Best fitness (Train): 0.58 | Best fitness in generation (Train): 0.62 | Mean fitness (Train): 0.69 | Mean fitness (Test): 0.59
 | Mean Accuracy (Test): 0.82
Generation 245 | Best fitness (Train): 0.49 | Best fitness in generation (Train): 0.55 | Mean fitness (Train): 0.61 | Mean fitness (Test): 0.58
 | Mean Accuracy (Test): 0.85
Generation 250 | Best fitness (Train): 0.49 | Best fitness in generation (Train): 0.65 | Mean fitness (Train): 0.73 | Mean fitness (Test): 0.59
 | Mean Accuracy (Test): 0.84
Generation 255 | Best fitness (Train): 0.49 | Best fitness in generation (Train): 0.59 | Mean fitness (Train): 0.67 | Mean fitness (Test): 0.55
 | Mean Accuracy (Test): 0.86
Generation 260 | Best fitness (Train): 0.49 | Best fitness in generation (Train): 0.52 | Mean fitness (Train): 0.60 | Mean fitness (Test): 0.49
 | Mean Accuracy (Test): 0.86
Generation 265 | Best fitness (Train): 0.49 | Best fitness in generation (Train): 0.60 | Mean fitness (Train): 0.67 | Mean fitness (Test): 0.54
 | Mean Accuracy (Test): 0.85
Generation 270 | Best fitness (Train): 0.49 | Best fitness in generation (Train): 0.54 | Mean fitness (Train): 0.60 | Mean fitness (Test): 0.55
 | Mean Accuracy (Test): 0.86
Generation 275 | Best fitness (Train): 0.49 | Best fitness in generation (Train): 0.59 | Mean fitness (Train): 0.64 | Mean fitness (Test): 0.51
 | Mean Accuracy (Test): 0.86
Generation 280 | Best fitness (Train): 0.49 | Best fitness in generation (Train): 0.55 | Mean fitness (Train): 0.61 | Mean fitness (Test): 0.54
 | Mean Accuracy (Test): 0.84
Generation 285 | Best fitness (Train): 0.49 | Best fitness in generation (Train): 0.54 | Mean fitness (Train): 0.59 | Mean fitness (Test): 0.52
 | Mean Accuracy (Test): 0.84
Generation 290 | Best fitness (Train): 0.47 | Best fitness in generation (Train): 0.59 | Mean fitness (Train): 0.64 | Mean fitness (Test): 0.46
 | Mean Accuracy (Test): 0.87
Generation 295 | Best fitness (Train): 0.47 | Best fitness in generation (Train): 0.50 | Mean fitness (Train): 0.57 | Mean fitness (Test): 0.46
 | Mean Accuracy (Test): 0.87
Generation 300 | Best fitness (Train): 0.47 | Best fitness in generation (Train): 0.53 | Mean fitness (Train): 0.60 | Mean fitness (Test): 0.44
 | Mean Accuracy (Test): 0.87
Generation 305 | Best fitness (Train): 0.45 | Best fitness in generation (Train): 0.45 | Mean fitness (Train): 0.49 | Mean fitness (Test): 0.49
 | Mean Accuracy (Test): 0.86
Generation 310 | Best fitness (Train): 0.43 | Best fitness in generation (Train): 0.50 | Mean fitness (Train): 0.55 | Mean fitness (Test): 0.54
 | Mean Accuracy (Test): 0.85
Generation 315 | Best fitness (Train): 0.43 | Best fitness in generation (Train): 0.43 | Mean fitness (Train): 0.48 | Mean fitness (Test): 0.41
 | Mean Accuracy (Test): 0.88
Generation 320 | Best fitness (Train): 0.42 | Best fitness in generation (Train): 0.42 | Mean fitness (Train): 0.46 | Mean fitness (Test): 0.50
 | Mean Accuracy (Test): 0.85
Generation 325 | Best fitness (Train): 0.42 | Best fitness in generation (Train): 0.44 | Mean fitness (Train): 0.48 | Mean fitness (Test): 0.48
 | Mean Accuracy (Test): 0.86
Generation 330 | Best fitness (Train): 0.42 | Best fitness in generation (Train): 0.50 | Mean fitness (Train): 0.54 | Mean fitness (Test): 0.50
 | Mean Accuracy (Test): 0.86
Generation 335 | Best fitness (Train): 0.42 | Best fitness in generation (Train): 0.49 | Mean fitness (Train): 0.52 | Mean fitness (Test): 0.42
 | Mean Accuracy (Test): 0.87
Generation 340 | Best fitness (Train): 0.42 | Best fitness in generation (Train): 0.47 | Mean fitness (Train): 0.51 | Mean fitness (Test): 0.44
 | Mean Accuracy (Test): 0.87
Generation 345 | Best fitness (Train): 0.40 | Best fitness in generation (Train): 0.40 | Mean fitness (Train): 0.43 | Mean fitness (Test): 0.44
 | Mean Accuracy (Test): 0.86
Generation 350 | Best fitness (Train): 0.40 | Best fitness in generation (Train): 0.40 | Mean fitness (Train): 0.43 | Mean fitness (Test): 0.49
 | Mean Accuracy (Test): 0.87
Generation 355 | Best fitness (Train): 0.40 | Best fitness in generation (Train): 0.43 | Mean fitness (Train): 0.46 | Mean fitness (Test): 0.42
 | Mean Accuracy (Test): 0.88
Generation 360 | Best fitness (Train): 0.40 | Best fitness in generation (Train): 0.43 | Mean fitness (Train): 0.46 | Mean fitness (Test): 0.47
 | Mean Accuracy (Test): 0.86
Generation 365 | Best fitness (Train): 0.40 | Best fitness in generation (Train): 0.40 | Mean fitness (Train): 0.43 | Mean fitness (Test): 0.45
 | Mean Accuracy (Test): 0.87
Generation 370 | Best fitness (Train): 0.38 | Best fitness in generation (Train): 0.45 | Mean fitness (Train): 0.48 | Mean fitness (Test): 0.43
 | Mean Accuracy (Test): 0.87
Generation 375 | Best fitness (Train): 0.38 | Best fitness in generation (Train): 0.43 | Mean fitness (Train): 0.46 | Mean fitness (Test): 0.39
 | Mean Accuracy (Test): 0.89
Generation 380 | Best fitness (Train): 0.38 | Best fitness in generation (Train): 0.47 | Mean fitness (Train): 0.50 | Mean fitness (Test): 0.43
 | Mean Accuracy (Test): 0.88
Generation 385 | Best fitness (Train): 0.38 | Best fitness in generation (Train): 0.41 | Mean fitness (Train): 0.43 | Mean fitness (Test): 0.41
 | Mean Accuracy (Test): 0.88
Generation 390 | Best fitness (Train): 0.34 | Best fitness in generation (Train): 0.41 | Mean fitness (Train): 0.43 | Mean fitness (Test): 0.38
 | Mean Accuracy (Test): 0.88
Generation 395 | Best fitness (Train): 0.34 | Best fitness in generation (Train): 0.39 | Mean fitness (Train): 0.42 | Mean fitness (Test): 0.45
 | Mean Accuracy (Test): 0.87
Generation 400 | Best fitness (Train): 0.34 | Best fitness in generation (Train): 0.52 | Mean fitness (Train): 0.55 | Mean fitness (Test): 0.40
 | Mean Accuracy (Test): 0.89
Generation 405 | Best fitness (Train): 0.34 | Best fitness in generation (Train): 0.42 | Mean fitness (Train): 0.45 | Mean fitness (Test): 0.44
 | Mean Accuracy (Test): 0.88
Generation 410 | Best fitness (Train): 0.34 | Best fitness in generation (Train): 0.38 | Mean fitness (Train): 0.40 | Mean fitness (Test): 0.37
 | Mean Accuracy (Test): 0.89
Generation 415 | Best fitness (Train): 0.34 | Best fitness in generation (Train): 0.42 | Mean fitness (Train): 0.44 | Mean fitness (Test): 0.44
 | Mean Accuracy (Test): 0.88
Generation 420 | Best fitness (Train): 0.34 | Best fitness in generation (Train): 0.34 | Mean fitness (Train): 0.36 | Mean fitness (Test): 0.42
 | Mean Accuracy (Test): 0.90
Generation 425 | Best fitness (Train): 0.34 | Best fitness in generation (Train): 0.39 | Mean fitness (Train): 0.41 | Mean fitness (Test): 0.40
 | Mean Accuracy (Test): 0.89
Generation 430 | Best fitness (Train): 0.33 | Best fitness in generation (Train): 0.34 | Mean fitness (Train): 0.36 | Mean fitness (Test): 0.39
 | Mean Accuracy (Test): 0.88
Generation 435 | Best fitness (Train): 0.33 | Best fitness in generation (Train): 0.39 | Mean fitness (Train): 0.41 | Mean fitness (Test): 0.39
 | Mean Accuracy (Test): 0.89
Generation 440 | Best fitness (Train): 0.33 | Best fitness in generation (Train): 0.37 | Mean fitness (Train): 0.39 | Mean fitness (Test): 0.36
 | Mean Accuracy (Test): 0.90
Generation 445 | Best fitness (Train): 0.33 | Best fitness in generation (Train): 0.40 | Mean fitness (Train): 0.42 | Mean fitness (Test): 0.35
 | Mean Accuracy (Test): 0.90
Generation 450 | Best fitness (Train): 0.33 | Best fitness in generation (Train): 0.40 | Mean fitness (Train): 0.42 | Mean fitness (Test): 0.32
 | Mean Accuracy (Test): 0.90
Generation 455 | Best fitness (Train): 0.33 | Best fitness in generation (Train): 0.37 | Mean fitness (Train): 0.39 | Mean fitness (Test): 0.33
 | Mean Accuracy (Test): 0.90
Generation 460 | Best fitness (Train): 0.29 | Best fitness in generation (Train): 0.29 | Mean fitness (Train): 0.31 | Mean fitness (Test): 0.34
 | Mean Accuracy (Test): 0.91
Generation 465 | Best fitness (Train): 0.29 | Best fitness in generation (Train): 0.41 | Mean fitness (Train): 0.43 | Mean fitness (Test): 0.38
 | Mean Accuracy (Test): 0.89
Generation 470 | Best fitness (Train): 0.29 | Best fitness in generation (Train): 0.41 | Mean fitness (Train): 0.43 | Mean fitness (Test): 0.34
 | Mean Accuracy (Test): 0.89
Generation 475 | Best fitness (Train): 0.29 | Best fitness in generation (Train): 0.32 | Mean fitness (Train): 0.34 | Mean fitness (Test): 0.40
 | Mean Accuracy (Test): 0.89
Generation 480 | Best fitness (Train): 0.29 | Best fitness in generation (Train): 0.37 | Mean fitness (Train): 0.38 | Mean fitness (Test): 0.36
 | Mean Accuracy (Test): 0.90
Generation 485 | Best fitness (Train): 0.29 | Best fitness in generation (Train): 0.32 | Mean fitness (Train): 0.33 | Mean fitness (Test): 0.40
 | Mean Accuracy (Test): 0.89
Generation 490 | Best fitness (Train): 0.29 | Best fitness in generation (Train): 0.36 | Mean fitness (Train): 0.37 | Mean fitness (Test): 0.35
 | Mean Accuracy (Test): 0.90
Generation 495 | Best fitness (Train): 0.29 | Best fitness in generation (Train): 0.40 | Mean fitness (Train): 0.41 | Mean fitness (Test): 0.37
 | Mean Accuracy (Test): 0.89
Generation 500 | Best fitness (Train): 0.29 | Best fitness in generation (Train): 0.34 | Mean fitness (Train): 0.35 | Mean fitness (Test): 0.35
 | Mean Accuracy (Test): 0.90
Generation 505 | Best fitness (Train): 0.29 | Best fitness in generation (Train): 0.36 | Mean fitness (Train): 0.38 | Mean fitness (Test): 0.37
 | Mean Accuracy (Test): 0.89
Generation 510 | Best fitness (Train): 0.29 | Best fitness in generation (Train): 0.30 | Mean fitness (Train): 0.31 | Mean fitness (Test): 0.38
 | Mean Accuracy (Test): 0.88
Generation 515 | Best fitness (Train): 0.29 | Best fitness in generation (Train): 0.38 | Mean fitness (Train): 0.40 | Mean fitness (Test): 0.36
 | Mean Accuracy (Test): 0.89
Generation 520 | Best fitness (Train): 0.29 | Best fitness in generation (Train): 0.37 | Mean fitness (Train): 0.38 | Mean fitness (Test): 0.30
 | Mean Accuracy (Test): 0.91
Generation 525 | Best fitness (Train): 0.29 | Best fitness in generation (Train): 0.41 | Mean fitness (Train): 0.42 | Mean fitness (Test): 0.36
 | Mean Accuracy (Test): 0.88
Generation 530 | Best fitness (Train): 0.29 | Best fitness in generation (Train): 0.32 | Mean fitness (Train): 0.33 | Mean fitness (Test): 0.36
 | Mean Accuracy (Test): 0.88
Generation 535 | Best fitness (Train): 0.29 | Best fitness in generation (Train): 0.36 | Mean fitness (Train): 0.37 | Mean fitness (Test): 0.40
 | Mean Accuracy (Test): 0.90
Generation 540 | Best fitness (Train): 0.29 | Best fitness in generation (Train): 0.32 | Mean fitness (Train): 0.33 | Mean fitness (Test): 0.31
 | Mean Accuracy (Test): 0.92
Generation 545 | Best fitness (Train): 0.29 | Best fitness in generation (Train): 0.35 | Mean fitness (Train): 0.36 | Mean fitness (Test): 0.29
 | Mean Accuracy (Test): 0.90
Generation 550 | Best fitness (Train): 0.29 | Best fitness in generation (Train): 0.36 | Mean fitness (Train): 0.38 | Mean fitness (Test): 0.40
 | Mean Accuracy (Test): 0.89
Generation 555 | Best fitness (Train): 0.26 | Best fitness in generation (Train): 0.31 | Mean fitness (Train): 0.32 | Mean fitness (Test): 0.34
 | Mean Accuracy (Test): 0.90
Generation 560 | Best fitness (Train): 0.26 | Best fitness in generation (Train): 0.33 | Mean fitness (Train): 0.34 | Mean fitness (Test): 0.34
 | Mean Accuracy (Test): 0.90
Generation 565 | Best fitness (Train): 0.26 | Best fitness in generation (Train): 0.26 | Mean fitness (Train): 0.27 | Mean fitness (Test): 0.32
 | Mean Accuracy (Test): 0.91
Generation 570 | Best fitness (Train): 0.26 | Best fitness in generation (Train): 0.38 | Mean fitness (Train): 0.40 | Mean fitness (Test): 0.31
 | Mean Accuracy (Test): 0.91
Generation 575 | Best fitness (Train): 0.26 | Best fitness in generation (Train): 0.36 | Mean fitness (Train): 0.37 | Mean fitness (Test): 0.32
 | Mean Accuracy (Test): 0.91
Generation 580 | Best fitness (Train): 0.26 | Best fitness in generation (Train): 0.34 | Mean fitness (Train): 0.35 | Mean fitness (Test): 0.32
 | Mean Accuracy (Test): 0.90
Generation 585 | Best fitness (Train): 0.26 | Best fitness in generation (Train): 0.33 | Mean fitness (Train): 0.34 | Mean fitness (Test): 0.36
 | Mean Accuracy (Test): 0.90
Generation 590 | Best fitness (Train): 0.26 | Best fitness in generation (Train): 0.30 | Mean fitness (Train): 0.31 | Mean fitness (Test): 0.31
 | Mean Accuracy (Test): 0.92
Generation 595 | Best fitness (Train): 0.26 | Best fitness in generation (Train): 0.34 | Mean fitness (Train): 0.35 | Mean fitness (Test): 0.34
 | Mean Accuracy (Test): 0.90
Generation 600 | Best fitness (Train): 0.26 | Best fitness in generation (Train): 0.30 | Mean fitness (Train): 0.32 | Mean fitness (Test): 0.36
 | Mean Accuracy (Test): 0.90
Generation 605 | Best fitness (Train): 0.26 | Best fitness in generation (Train): 0.33 | Mean fitness (Train): 0.34 | Mean fitness (Test): 0.28
 | Mean Accuracy (Test): 0.93
Generation 610 | Best fitness (Train): 0.26 | Best fitness in generation (Train): 0.35 | Mean fitness (Train): 0.36 | Mean fitness (Test): 0.33
 | Mean Accuracy (Test): 0.90
Generation 615 | Best fitness (Train): 0.26 | Best fitness in generation (Train): 0.30 | Mean fitness (Train): 0.31 | Mean fitness (Test): 0.28
 | Mean Accuracy (Test): 0.91
Generation 620 | Best fitness (Train): 0.26 | Best fitness in generation (Train): 0.30 | Mean fitness (Train): 0.31 | Mean fitness (Test): 0.36
 | Mean Accuracy (Test): 0.90
Generation 625 | Best fitness (Train): 0.26 | Best fitness in generation (Train): 0.34 | Mean fitness (Train): 0.35 | Mean fitness (Test): 0.29
 | Mean Accuracy (Test): 0.92
Generation 630 | Best fitness (Train): 0.26 | Best fitness in generation (Train): 0.35 | Mean fitness (Train): 0.36 | Mean fitness (Test): 0.34
 | Mean Accuracy (Test): 0.91
Generation 635 | Best fitness (Train): 0.24 | Best fitness in generation (Train): 0.30 | Mean fitness (Train): 0.31 | Mean fitness (Test): 0.30
 | Mean Accuracy (Test): 0.92
Generation 640 | Best fitness (Train): 0.24 | Best fitness in generation (Train): 0.32 | Mean fitness (Train): 0.33 | Mean fitness (Test): 0.32
 | Mean Accuracy (Test): 0.91
Generation 645 | Best fitness (Train): 0.24 | Best fitness in generation (Train): 0.35 | Mean fitness (Train): 0.36 | Mean fitness (Test): 0.33
 | Mean Accuracy (Test): 0.92
Generation 650 | Best fitness (Train): 0.24 | Best fitness in generation (Train): 0.32 | Mean fitness (Train): 0.33 | Mean fitness (Test): 0.32
 | Mean Accuracy (Test): 0.91
Generation 655 | Best fitness (Train): 0.24 | Best fitness in generation (Train): 0.35 | Mean fitness (Train): 0.36 | Mean fitness (Test): 0.33
 | Mean Accuracy (Test): 0.90
Generation 660 | Best fitness (Train): 0.24 | Best fitness in generation (Train): 0.31 | Mean fitness (Train): 0.32 | Mean fitness (Test): 0.30
 | Mean Accuracy (Test): 0.92
Generation 665 | Best fitness (Train): 0.24 | Best fitness in generation (Train): 0.27 | Mean fitness (Train): 0.28 | Mean fitness (Test): 0.31
 | Mean Accuracy (Test): 0.91
Generation 670 | Best fitness (Train): 0.24 | Best fitness in generation (Train): 0.35 | Mean fitness (Train): 0.36 | Mean fitness (Test): 0.31
 | Mean Accuracy (Test): 0.92
Generation 675 | Best fitness (Train): 0.24 | Best fitness in generation (Train): 0.28 | Mean fitness (Train): 0.29 | Mean fitness (Test): 0.31
 | Mean Accuracy (Test): 0.91
Generation 680 | Best fitness (Train): 0.24 | Best fitness in generation (Train): 0.35 | Mean fitness (Train): 0.36 | Mean fitness (Test): 0.33
 | Mean Accuracy (Test): 0.90
Generation 685 | Best fitness (Train): 0.24 | Best fitness in generation (Train): 0.28 | Mean fitness (Train): 0.29 | Mean fitness (Test): 0.37
 | Mean Accuracy (Test): 0.90
Generation 690 | Best fitness (Train): 0.24 | Best fitness in generation (Train): 0.34 | Mean fitness (Train): 0.35 | Mean fitness (Test): 0.27
 | Mean Accuracy (Test): 0.92
Generation 695 | Best fitness (Train): 0.24 | Best fitness in generation (Train): 0.30 | Mean fitness (Train): 0.30 | Mean fitness (Test): 0.31
 | Mean Accuracy (Test): 0.91
Generation 700 | Best fitness (Train): 0.24 | Best fitness in generation (Train): 0.32 | Mean fitness (Train): 0.33 | Mean fitness (Test): 0.36
 | Mean Accuracy (Test): 0.90
Generation 705 | Best fitness (Train): 0.24 | Best fitness in generation (Train): 0.32 | Mean fitness (Train): 0.32 | Mean fitness (Test): 0.34
 | Mean Accuracy (Test): 0.90
Generation 710 | Best fitness (Train): 0.24 | Best fitness in generation (Train): 0.33 | Mean fitness (Train): 0.33 | Mean fitness (Test): 0.28
 | Mean Accuracy (Test): 0.92
Generation 715 | Best fitness (Train): 0.24 | Best fitness in generation (Train): 0.27 | Mean fitness (Train): 0.28 | Mean fitness (Test): 0.34
 | Mean Accuracy (Test): 0.90
Generation 720 | Best fitness (Train): 0.24 | Best fitness in generation (Train): 0.31 | Mean fitness (Train): 0.31 | Mean fitness (Test): 0.26
 | Mean Accuracy (Test): 0.92
Generation 725 | Best fitness (Train): 0.24 | Best fitness in generation (Train): 0.31 | Mean fitness (Train): 0.32 | Mean fitness (Test): 0.32
 | Mean Accuracy (Test): 0.92
Generation 730 | Best fitness (Train): 0.24 | Best fitness in generation (Train): 0.29 | Mean fitness (Train): 0.29 | Mean fitness (Test): 0.28
 | Mean Accuracy (Test): 0.91
Generation 735 | Best fitness (Train): 0.22 | Best fitness in generation (Train): 0.22 | Mean fitness (Train): 0.23 | Mean fitness (Test): 0.36
 | Mean Accuracy (Test): 0.91
Generation 740 | Best fitness (Train): 0.22 | Best fitness in generation (Train): 0.30 | Mean fitness (Train): 0.31 | Mean fitness (Test): 0.27
 | Mean Accuracy (Test): 0.93
Generation 745 | Best fitness (Train): 0.22 | Best fitness in generation (Train): 0.30 | Mean fitness (Train): 0.30 | Mean fitness (Test): 0.25
 | Mean Accuracy (Test): 0.93
Generation 750 | Best fitness (Train): 0.22 | Best fitness in generation (Train): 0.25 | Mean fitness (Train): 0.26 | Mean fitness (Test): 0.35
 | Mean Accuracy (Test): 0.90
Generation 755 | Best fitness (Train): 0.22 | Best fitness in generation (Train): 0.31 | Mean fitness (Train): 0.31 | Mean fitness (Test): 0.29
 | Mean Accuracy (Test): 0.92
Generation 760 | Best fitness (Train): 0.22 | Best fitness in generation (Train): 0.27 | Mean fitness (Train): 0.27 | Mean fitness (Test): 0.29
 | Mean Accuracy (Test): 0.91
Generation 765 | Best fitness (Train): 0.22 | Best fitness in generation (Train): 0.26 | Mean fitness (Train): 0.26 | Mean fitness (Test): 0.27
 | Mean Accuracy (Test): 0.92
Generation 770 | Best fitness (Train): 0.22 | Best fitness in generation (Train): 0.29 | Mean fitness (Train): 0.30 | Mean fitness (Test): 0.25
 | Mean Accuracy (Test): 0.92
Generation 775 | Best fitness (Train): 0.22 | Best fitness in generation (Train): 0.29 | Mean fitness (Train): 0.29 | Mean fitness (Test): 0.32
 | Mean Accuracy (Test): 0.92
Generation 780 | Best fitness (Train): 0.22 | Best fitness in generation (Train): 0.28 | Mean fitness (Train): 0.29 | Mean fitness (Test): 0.32
 | Mean Accuracy (Test): 0.90
Generation 785 | Best fitness (Train): 0.22 | Best fitness in generation (Train): 0.27 | Mean fitness (Train): 0.28 | Mean fitness (Test): 0.31
 | Mean Accuracy (Test): 0.91
Generation 790 | Best fitness (Train): 0.22 | Best fitness in generation (Train): 0.32 | Mean fitness (Train): 0.33 | Mean fitness (Test): 0.32
 | Mean Accuracy (Test): 0.92
Generation 795 | Best fitness (Train): 0.22 | Best fitness in generation (Train): 0.22 | Mean fitness (Train): 0.22 | Mean fitness (Test): 0.27
 | Mean Accuracy (Test): 0.92
Generation 800 | Best fitness (Train): 0.22 | Best fitness in generation (Train): 0.30 | Mean fitness (Train): 0.30 | Mean fitness (Test): 0.30
 | Mean Accuracy (Test): 0.91
Generation 805 | Best fitness (Train): 0.22 | Best fitness in generation (Train): 0.29 | Mean fitness (Train): 0.29 | Mean fitness (Test): 0.29
 | Mean Accuracy (Test): 0.92
Generation 810 | Best fitness (Train): 0.22 | Best fitness in generation (Train): 0.29 | Mean fitness (Train): 0.30 | Mean fitness (Test): 0.28
 | Mean Accuracy (Test): 0.92
Generation 815 | Best fitness (Train): 0.22 | Best fitness in generation (Train): 0.29 | Mean fitness (Train): 0.29 | Mean fitness (Test): 0.30
 | Mean Accuracy (Test): 0.92
Generation 820 | Best fitness (Train): 0.22 | Best fitness in generation (Train): 0.32 | Mean fitness (Train): 0.32 | Mean fitness (Test): 0.28
 | Mean Accuracy (Test): 0.91
Generation 825 | Best fitness (Train): 0.22 | Best fitness in generation (Train): 0.38 | Mean fitness (Train): 0.38 | Mean fitness (Test): 0.30
 | Mean Accuracy (Test): 0.92
Generation 830 | Best fitness (Train): 0.22 | Best fitness in generation (Train): 0.28 | Mean fitness (Train): 0.28 | Mean fitness (Test): 0.28
 | Mean Accuracy (Test): 0.92
Generation 835 | Best fitness (Train): 0.22 | Best fitness in generation (Train): 0.33 | Mean fitness (Train): 0.33 | Mean fitness (Test): 0.22
 | Mean Accuracy (Test): 0.94
Generation 840 | Best fitness (Train): 0.22 | Best fitness in generation (Train): 0.28 | Mean fitness (Train): 0.29 | Mean fitness (Test): 0.25
 | Mean Accuracy (Test): 0.93
Generation 845 | Best fitness (Train): 0.22 | Best fitness in generation (Train): 0.32 | Mean fitness (Train): 0.33 | Mean fitness (Test): 0.26
 | Mean Accuracy (Test): 0.92
Generation 850 | Best fitness (Train): 0.22 | Best fitness in generation (Train): 0.28 | Mean fitness (Train): 0.29 | Mean fitness (Test): 0.31
 | Mean Accuracy (Test): 0.92
Generation 855 | Best fitness (Train): 0.22 | Best fitness in generation (Train): 0.32 | Mean fitness (Train): 0.33 | Mean fitness (Test): 0.28
 | Mean Accuracy (Test): 0.92
Generation 860 | Best fitness (Train): 0.22 | Best fitness in generation (Train): 0.34 | Mean fitness (Train): 0.34 | Mean fitness (Test): 0.28
 | Mean Accuracy (Test): 0.92
Generation 865 | Best fitness (Train): 0.22 | Best fitness in generation (Train): 0.29 | Mean fitness (Train): 0.29 | Mean fitness (Test): 0.31
 | Mean Accuracy (Test): 0.91
Generation 870 | Best fitness (Train): 0.22 | Best fitness in generation (Train): 0.29 | Mean fitness (Train): 0.30 | Mean fitness (Test): 0.27
 | Mean Accuracy (Test): 0.92
Generation 875 | Best fitness (Train): 0.22 | Best fitness in generation (Train): 0.26 | Mean fitness (Train): 0.27 | Mean fitness (Test): 0.27
 | Mean Accuracy (Test): 0.92
Generation 880 | Best fitness (Train): 0.22 | Best fitness in generation (Train): 0.31 | Mean fitness (Train): 0.32 | Mean fitness (Test): 0.34
 | Mean Accuracy (Test): 0.91
Generation 885 | Best fitness (Train): 0.22 | Best fitness in generation (Train): 0.28 | Mean fitness (Train): 0.28 | Mean fitness (Test): 0.27
 | Mean Accuracy (Test): 0.92
Generation 890 | Best fitness (Train): 0.22 | Best fitness in generation (Train): 0.29 | Mean fitness (Train): 0.29 | Mean fitness (Test): 0.35
 | Mean Accuracy (Test): 0.91
Generation 895 | Best fitness (Train): 0.19 | Best fitness in generation (Train): 0.19 | Mean fitness (Train): 0.20 | Mean fitness (Test): 0.30
 | Mean Accuracy (Test): 0.92
Generation 900 | Best fitness (Train): 0.19 | Best fitness in generation (Train): 0.33 | Mean fitness (Train): 0.33 | Mean fitness (Test): 0.30
 | Mean Accuracy (Test): 0.90
Generation 905 | Best fitness (Train): 0.19 | Best fitness in generation (Train): 0.27 | Mean fitness (Train): 0.27 | Mean fitness (Test): 0.29
 | Mean Accuracy (Test): 0.92
Generation 910 | Best fitness (Train): 0.19 | Best fitness in generation (Train): 0.23 | Mean fitness (Train): 0.24 | Mean fitness (Test): 0.29
 | Mean Accuracy (Test): 0.92
Generation 915 | Best fitness (Train): 0.19 | Best fitness in generation (Train): 0.28 | Mean fitness (Train): 0.29 | Mean fitness (Test): 0.26
 | Mean Accuracy (Test): 0.93
Generation 920 | Best fitness (Train): 0.19 | Best fitness in generation (Train): 0.28 | Mean fitness (Train): 0.28 | Mean fitness (Test): 0.31
 | Mean Accuracy (Test): 0.91
Generation 925 | Best fitness (Train): 0.19 | Best fitness in generation (Train): 0.22 | Mean fitness (Train): 0.22 | Mean fitness (Test): 0.31
 | Mean Accuracy (Test): 0.91
Generation 930 | Best fitness (Train): 0.19 | Best fitness in generation (Train): 0.31 | Mean fitness (Train): 0.32 | Mean fitness (Test): 0.28
 | Mean Accuracy (Test): 0.92
Generation 935 | Best fitness (Train): 0.19 | Best fitness in generation (Train): 0.26 | Mean fitness (Train): 0.26 | Mean fitness (Test): 0.23
 | Mean Accuracy (Test): 0.93
Generation 940 | Best fitness (Train): 0.19 | Best fitness in generation (Train): 0.32 | Mean fitness (Train): 0.32 | Mean fitness (Test): 0.26
 | Mean Accuracy (Test): 0.92
Generation 945 | Best fitness (Train): 0.19 | Best fitness in generation (Train): 0.28 | Mean fitness (Train): 0.29 | Mean fitness (Test): 0.33
 | Mean Accuracy (Test): 0.90
Generation 950 | Best fitness (Train): 0.19 | Best fitness in generation (Train): 0.26 | Mean fitness (Train): 0.26 | Mean fitness (Test): 0.26
 | Mean Accuracy (Test): 0.92
Generation 955 | Best fitness (Train): 0.19 | Best fitness in generation (Train): 0.40 | Mean fitness (Train): 0.41 | Mean fitness (Test): 0.28
 | Mean Accuracy (Test): 0.92
Generation 960 | Best fitness (Train): 0.19 | Best fitness in generation (Train): 0.29 | Mean fitness (Train): 0.29 | Mean fitness (Test): 0.26
 | Mean Accuracy (Test): 0.93
Generation 965 | Best fitness (Train): 0.19 | Best fitness in generation (Train): 0.33 | Mean fitness (Train): 0.33 | Mean fitness (Test): 0.30
 | Mean Accuracy (Test): 0.92
Generation 970 | Best fitness (Train): 0.19 | Best fitness in generation (Train): 0.35 | Mean fitness (Train): 0.35 | Mean fitness (Test): 0.25
 | Mean Accuracy (Test): 0.93
Generation 975 | Best fitness (Train): 0.19 | Best fitness in generation (Train): 0.27 | Mean fitness (Train): 0.27 | Mean fitness (Test): 0.30
 | Mean Accuracy (Test): 0.91
Generation 980 | Best fitness (Train): 0.19 | Best fitness in generation (Train): 0.22 | Mean fitness (Train): 0.22 | Mean fitness (Test): 0.31
 | Mean Accuracy (Test): 0.91
Generation 985 | Best fitness (Train): 0.19 | Best fitness in generation (Train): 0.25 | Mean fitness (Train): 0.26 | Mean fitness (Test): 0.28
 | Mean Accuracy (Test): 0.92
Generation 990 | Best fitness (Train): 0.19 | Best fitness in generation (Train): 0.31 | Mean fitness (Train): 0.31 | Mean fitness (Test): 0.38
 | Mean Accuracy (Test): 0.90
Generation 995 | Best fitness (Train): 0.19 | Best fitness in generation (Train): 0.30 | Mean fitness (Train): 0.30 | Mean fitness (Test): 0.23
 | Mean Accuracy (Test): 0.93
Generation 1000 | Best fitness (Train): 0.19 | Best fitness in generation (Train): 0.26 | Mean fitness (Train): 0.27 | Mean fitness (Test): 0.34
 | Mean Accuracy (Test): 0.91
running the experiment ... [../../results/TorchVisionProblem/MNIST/LearnedES/3]
Generation 005 | Best fitness (Train): 7.05 | Best fitness in generation (Train): 7.05 | Mean fitness (Train): 10.16 | Mean fitness (Test): 2.52
 | Mean Accuracy (Test): 0.36
Generation 010 | Best fitness (Train): 6.18 | Best fitness in generation (Train): 6.29 | Mean fitness (Train): 8.48 | Mean fitness (Test): 2.71
 | Mean Accuracy (Test): 0.34
Generation 015 | Best fitness (Train): 5.79 | Best fitness in generation (Train): 5.97 | Mean fitness (Train): 7.65 | Mean fitness (Test): 2.85
 | Mean Accuracy (Test): 0.34
Generation 020 | Best fitness (Train): 4.96 | Best fitness in generation (Train): 4.96 | Mean fitness (Train): 7.71 | Mean fitness (Test): 2.72
 | Mean Accuracy (Test): 0.36
Generation 025 | Best fitness (Train): 4.71 | Best fitness in generation (Train): 4.81 | Mean fitness (Train): 6.61 | Mean fitness (Test): 2.53
 | Mean Accuracy (Test): 0.45
Generation 030 | Best fitness (Train): 4.60 | Best fitness in generation (Train): 4.88 | Mean fitness (Train): 6.23 | Mean fitness (Test): 2.67
 | Mean Accuracy (Test): 0.46
Generation 035 | Best fitness (Train): 4.34 | Best fitness in generation (Train): 4.34 | Mean fitness (Train): 5.99 | Mean fitness (Test): 2.42
 | Mean Accuracy (Test): 0.51
Generation 040 | Best fitness (Train): 3.87 | Best fitness in generation (Train): 4.23 | Mean fitness (Train): 5.55 | Mean fitness (Test): 2.21
 | Mean Accuracy (Test): 0.53
Generation 045 | Best fitness (Train): 3.52 | Best fitness in generation (Train): 3.52 | Mean fitness (Train): 4.89 | Mean fitness (Test): 2.09
 | Mean Accuracy (Test): 0.57
Generation 050 | Best fitness (Train): 3.15 | Best fitness in generation (Train): 3.24 | Mean fitness (Train): 4.68 | Mean fitness (Test): 1.90
 | Mean Accuracy (Test): 0.57
Generation 055 | Best fitness (Train): 2.94 | Best fitness in generation (Train): 3.22 | Mean fitness (Train): 4.30 | Mean fitness (Test): 1.98
 | Mean Accuracy (Test): 0.59
Generation 060 | Best fitness (Train): 2.94 | Best fitness in generation (Train): 3.09 | Mean fitness (Train): 4.18 | Mean fitness (Test): 1.85
 | Mean Accuracy (Test): 0.59
Generation 065 | Best fitness (Train): 2.78 | Best fitness in generation (Train): 2.78 | Mean fitness (Train): 3.87 | Mean fitness (Test): 2.01
 | Mean Accuracy (Test): 0.58
Generation 070 | Best fitness (Train): 2.63 | Best fitness in generation (Train): 2.63 | Mean fitness (Train): 3.78 | Mean fitness (Test): 1.87
 | Mean Accuracy (Test): 0.58
Generation 075 | Best fitness (Train): 2.43 | Best fitness in generation (Train): 2.43 | Mean fitness (Train): 3.55 | Mean fitness (Test): 1.70
 | Mean Accuracy (Test): 0.61
Generation 080 | Best fitness (Train): 2.36 | Best fitness in generation (Train): 2.36 | Mean fitness (Train): 3.20 | Mean fitness (Test): 1.66
 | Mean Accuracy (Test): 0.64
Generation 085 | Best fitness (Train): 2.23 | Best fitness in generation (Train): 2.54 | Mean fitness (Train): 3.23 | Mean fitness (Test): 1.71
 | Mean Accuracy (Test): 0.65
Generation 090 | Best fitness (Train): 2.19 | Best fitness in generation (Train): 2.19 | Mean fitness (Train): 3.00 | Mean fitness (Test): 1.50
 | Mean Accuracy (Test): 0.68
Generation 095 | Best fitness (Train): 2.19 | Best fitness in generation (Train): 2.28 | Mean fitness (Train): 2.90 | Mean fitness (Test): 1.50
 | Mean Accuracy (Test): 0.69
Generation 100 | Best fitness (Train): 2.14 | Best fitness in generation (Train): 2.14 | Mean fitness (Train): 2.78 | Mean fitness (Test): 1.36
 | Mean Accuracy (Test): 0.70
Generation 105 | Best fitness (Train): 1.86 | Best fitness in generation (Train): 1.95 | Mean fitness (Train): 2.63 | Mean fitness (Test): 1.43
 | Mean Accuracy (Test): 0.71
Generation 110 | Best fitness (Train): 1.61 | Best fitness in generation (Train): 1.84 | Mean fitness (Train): 2.33 | Mean fitness (Test): 1.37
 | Mean Accuracy (Test): 0.71
Generation 115 | Best fitness (Train): 1.61 | Best fitness in generation (Train): 1.69 | Mean fitness (Train): 2.24 | Mean fitness (Test): 1.33
 | Mean Accuracy (Test): 0.74
Generation 120 | Best fitness (Train): 1.51 | Best fitness in generation (Train): 1.51 | Mean fitness (Train): 2.08 | Mean fitness (Test): 1.24
 | Mean Accuracy (Test): 0.73
Generation 125 | Best fitness (Train): 1.51 | Best fitness in generation (Train): 1.58 | Mean fitness (Train): 1.99 | Mean fitness (Test): 1.23
 | Mean Accuracy (Test): 0.73
Generation 130 | Best fitness (Train): 1.51 | Best fitness in generation (Train): 1.76 | Mean fitness (Train): 2.11 | Mean fitness (Test): 1.25
 | Mean Accuracy (Test): 0.71
Generation 135 | Best fitness (Train): 1.44 | Best fitness in generation (Train): 1.44 | Mean fitness (Train): 1.86 | Mean fitness (Test): 1.28
 | Mean Accuracy (Test): 0.73
Generation 140 | Best fitness (Train): 1.44 | Best fitness in generation (Train): 1.60 | Mean fitness (Train): 1.96 | Mean fitness (Test): 1.21
 | Mean Accuracy (Test): 0.73
Generation 145 | Best fitness (Train): 1.27 | Best fitness in generation (Train): 1.27 | Mean fitness (Train): 1.72 | Mean fitness (Test): 1.08
 | Mean Accuracy (Test): 0.73
Generation 150 | Best fitness (Train): 1.27 | Best fitness in generation (Train): 1.45 | Mean fitness (Train): 1.81 | Mean fitness (Test): 1.07
 | Mean Accuracy (Test): 0.75
Generation 155 | Best fitness (Train): 1.16 | Best fitness in generation (Train): 1.41 | Mean fitness (Train): 1.67 | Mean fitness (Test): 0.94
 | Mean Accuracy (Test): 0.77
Generation 160 | Best fitness (Train): 1.16 | Best fitness in generation (Train): 1.21 | Mean fitness (Train): 1.48 | Mean fitness (Test): 1.04
 | Mean Accuracy (Test): 0.78
Generation 165 | Best fitness (Train): 1.05 | Best fitness in generation (Train): 1.28 | Mean fitness (Train): 1.63 | Mean fitness (Test): 1.01
 | Mean Accuracy (Test): 0.77
Generation 170 | Best fitness (Train): 1.04 | Best fitness in generation (Train): 1.22 | Mean fitness (Train): 1.46 | Mean fitness (Test): 0.98
 | Mean Accuracy (Test): 0.76
Generation 175 | Best fitness (Train): 1.04 | Best fitness in generation (Train): 1.15 | Mean fitness (Train): 1.36 | Mean fitness (Test): 0.90
 | Mean Accuracy (Test): 0.78
Generation 180 | Best fitness (Train): 1.04 | Best fitness in generation (Train): 1.10 | Mean fitness (Train): 1.30 | Mean fitness (Test): 1.00
 | Mean Accuracy (Test): 0.76
Generation 185 | Best fitness (Train): 1.03 | Best fitness in generation (Train): 1.05 | Mean fitness (Train): 1.25 | Mean fitness (Test): 0.94
 | Mean Accuracy (Test): 0.77
Generation 190 | Best fitness (Train): 0.99 | Best fitness in generation (Train): 1.09 | Mean fitness (Train): 1.29 | Mean fitness (Test): 0.94
 | Mean Accuracy (Test): 0.76
Generation 195 | Best fitness (Train): 0.92 | Best fitness in generation (Train): 0.92 | Mean fitness (Train): 1.13 | Mean fitness (Test): 0.87
 | Mean Accuracy (Test): 0.80
Generation 200 | Best fitness (Train): 0.92 | Best fitness in generation (Train): 1.00 | Mean fitness (Train): 1.18 | Mean fitness (Test): 0.91
 | Mean Accuracy (Test): 0.78
Generation 205 | Best fitness (Train): 0.92 | Best fitness in generation (Train): 0.96 | Mean fitness (Train): 1.13 | Mean fitness (Test): 0.74
 | Mean Accuracy (Test): 0.79
Generation 210 | Best fitness (Train): 0.91 | Best fitness in generation (Train): 0.91 | Mean fitness (Train): 1.10 | Mean fitness (Test): 0.79
 | Mean Accuracy (Test): 0.80
Generation 215 | Best fitness (Train): 0.85 | Best fitness in generation (Train): 1.00 | Mean fitness (Train): 1.13 | Mean fitness (Test): 0.80
 | Mean Accuracy (Test): 0.80
Generation 220 | Best fitness (Train): 0.85 | Best fitness in generation (Train): 0.94 | Mean fitness (Train): 1.06 | Mean fitness (Test): 0.79
 | Mean Accuracy (Test): 0.80
Generation 225 | Best fitness (Train): 0.85 | Best fitness in generation (Train): 0.88 | Mean fitness (Train): 1.00 | Mean fitness (Test): 0.73
 | Mean Accuracy (Test): 0.81
Generation 230 | Best fitness (Train): 0.81 | Best fitness in generation (Train): 0.89 | Mean fitness (Train): 1.00 | Mean fitness (Test): 0.77
 | Mean Accuracy (Test): 0.80
Generation 235 | Best fitness (Train): 0.81 | Best fitness in generation (Train): 0.87 | Mean fitness (Train): 0.99 | Mean fitness (Test): 0.81
 | Mean Accuracy (Test): 0.79
Generation 240 | Best fitness (Train): 0.77 | Best fitness in generation (Train): 0.92 | Mean fitness (Train): 1.04 | Mean fitness (Test): 0.80
 | Mean Accuracy (Test): 0.78
Generation 245 | Best fitness (Train): 0.77 | Best fitness in generation (Train): 0.77 | Mean fitness (Train): 0.91 | Mean fitness (Test): 0.66
 | Mean Accuracy (Test): 0.80
Generation 250 | Best fitness (Train): 0.77 | Best fitness in generation (Train): 0.80 | Mean fitness (Train): 0.88 | Mean fitness (Test): 0.66
 | Mean Accuracy (Test): 0.82
Generation 255 | Best fitness (Train): 0.76 | Best fitness in generation (Train): 0.79 | Mean fitness (Train): 0.88 | Mean fitness (Test): 0.63
 | Mean Accuracy (Test): 0.81
Generation 260 | Best fitness (Train): 0.67 | Best fitness in generation (Train): 0.75 | Mean fitness (Train): 0.85 | Mean fitness (Test): 0.71
 | Mean Accuracy (Test): 0.79
Generation 265 | Best fitness (Train): 0.67 | Best fitness in generation (Train): 0.77 | Mean fitness (Train): 0.87 | Mean fitness (Test): 0.68
 | Mean Accuracy (Test): 0.81
Generation 270 | Best fitness (Train): 0.60 | Best fitness in generation (Train): 0.76 | Mean fitness (Train): 0.86 | Mean fitness (Test): 0.72
 | Mean Accuracy (Test): 0.81
Generation 275 | Best fitness (Train): 0.60 | Best fitness in generation (Train): 0.70 | Mean fitness (Train): 0.78 | Mean fitness (Test): 0.65
 | Mean Accuracy (Test): 0.82
Generation 280 | Best fitness (Train): 0.60 | Best fitness in generation (Train): 0.66 | Mean fitness (Train): 0.76 | Mean fitness (Test): 0.67
 | Mean Accuracy (Test): 0.80
Generation 285 | Best fitness (Train): 0.60 | Best fitness in generation (Train): 0.79 | Mean fitness (Train): 0.88 | Mean fitness (Test): 0.64
 | Mean Accuracy (Test): 0.82
Generation 290 | Best fitness (Train): 0.60 | Best fitness in generation (Train): 0.74 | Mean fitness (Train): 0.81 | Mean fitness (Test): 0.63
 | Mean Accuracy (Test): 0.81
Generation 295 | Best fitness (Train): 0.60 | Best fitness in generation (Train): 0.71 | Mean fitness (Train): 0.79 | Mean fitness (Test): 0.53
 | Mean Accuracy (Test): 0.83
Generation 300 | Best fitness (Train): 0.60 | Best fitness in generation (Train): 0.70 | Mean fitness (Train): 0.77 | Mean fitness (Test): 0.59
 | Mean Accuracy (Test): 0.83
Generation 305 | Best fitness (Train): 0.59 | Best fitness in generation (Train): 0.74 | Mean fitness (Train): 0.81 | Mean fitness (Test): 0.65
 | Mean Accuracy (Test): 0.82
Generation 310 | Best fitness (Train): 0.59 | Best fitness in generation (Train): 0.78 | Mean fitness (Train): 0.84 | Mean fitness (Test): 0.61
 | Mean Accuracy (Test): 0.84
Generation 315 | Best fitness (Train): 0.58 | Best fitness in generation (Train): 0.67 | Mean fitness (Train): 0.75 | Mean fitness (Test): 0.52
 | Mean Accuracy (Test): 0.85
Generation 320 | Best fitness (Train): 0.58 | Best fitness in generation (Train): 0.63 | Mean fitness (Train): 0.69 | Mean fitness (Test): 0.55
 | Mean Accuracy (Test): 0.84
Generation 325 | Best fitness (Train): 0.55 | Best fitness in generation (Train): 0.55 | Mean fitness (Train): 0.61 | Mean fitness (Test): 0.57
 | Mean Accuracy (Test): 0.84
Generation 330 | Best fitness (Train): 0.52 | Best fitness in generation (Train): 0.66 | Mean fitness (Train): 0.72 | Mean fitness (Test): 0.60
 | Mean Accuracy (Test): 0.83
Generation 335 | Best fitness (Train): 0.52 | Best fitness in generation (Train): 0.59 | Mean fitness (Train): 0.64 | Mean fitness (Test): 0.55
 | Mean Accuracy (Test): 0.83
Generation 340 | Best fitness (Train): 0.52 | Best fitness in generation (Train): 0.66 | Mean fitness (Train): 0.71 | Mean fitness (Test): 0.56
 | Mean Accuracy (Test): 0.85
Generation 345 | Best fitness (Train): 0.52 | Best fitness in generation (Train): 0.59 | Mean fitness (Train): 0.64 | Mean fitness (Test): 0.53
 | Mean Accuracy (Test): 0.84
Generation 350 | Best fitness (Train): 0.51 | Best fitness in generation (Train): 0.64 | Mean fitness (Train): 0.69 | Mean fitness (Test): 0.54
 | Mean Accuracy (Test): 0.84
Generation 355 | Best fitness (Train): 0.51 | Best fitness in generation (Train): 0.67 | Mean fitness (Train): 0.71 | Mean fitness (Test): 0.45
 | Mean Accuracy (Test): 0.86
Generation 360 | Best fitness (Train): 0.51 | Best fitness in generation (Train): 0.53 | Mean fitness (Train): 0.58 | Mean fitness (Test): 0.55
 | Mean Accuracy (Test): 0.86
Generation 365 | Best fitness (Train): 0.51 | Best fitness in generation (Train): 0.53 | Mean fitness (Train): 0.58 | Mean fitness (Test): 0.53
 | Mean Accuracy (Test): 0.83
Generation 370 | Best fitness (Train): 0.45 | Best fitness in generation (Train): 0.53 | Mean fitness (Train): 0.57 | Mean fitness (Test): 0.54
 | Mean Accuracy (Test): 0.83
Generation 375 | Best fitness (Train): 0.45 | Best fitness in generation (Train): 0.62 | Mean fitness (Train): 0.66 | Mean fitness (Test): 0.53
 | Mean Accuracy (Test): 0.85
Generation 380 | Best fitness (Train): 0.45 | Best fitness in generation (Train): 0.48 | Mean fitness (Train): 0.53 | Mean fitness (Test): 0.44
 | Mean Accuracy (Test): 0.88
Generation 385 | Best fitness (Train): 0.44 | Best fitness in generation (Train): 0.53 | Mean fitness (Train): 0.57 | Mean fitness (Test): 0.60
 | Mean Accuracy (Test): 0.84
Generation 390 | Best fitness (Train): 0.44 | Best fitness in generation (Train): 0.55 | Mean fitness (Train): 0.59 | Mean fitness (Test): 0.52
 | Mean Accuracy (Test): 0.86
Generation 395 | Best fitness (Train): 0.44 | Best fitness in generation (Train): 0.48 | Mean fitness (Train): 0.51 | Mean fitness (Test): 0.48
 | Mean Accuracy (Test): 0.86
Generation 400 | Best fitness (Train): 0.42 | Best fitness in generation (Train): 0.52 | Mean fitness (Train): 0.56 | Mean fitness (Test): 0.46
 | Mean Accuracy (Test): 0.86
Generation 405 | Best fitness (Train): 0.42 | Best fitness in generation (Train): 0.59 | Mean fitness (Train): 0.63 | Mean fitness (Test): 0.47
 | Mean Accuracy (Test): 0.86
Generation 410 | Best fitness (Train): 0.42 | Best fitness in generation (Train): 0.47 | Mean fitness (Train): 0.51 | Mean fitness (Test): 0.48
 | Mean Accuracy (Test): 0.86
Generation 415 | Best fitness (Train): 0.41 | Best fitness in generation (Train): 0.49 | Mean fitness (Train): 0.52 | Mean fitness (Test): 0.51
 | Mean Accuracy (Test): 0.85
Generation 420 | Best fitness (Train): 0.41 | Best fitness in generation (Train): 0.58 | Mean fitness (Train): 0.61 | Mean fitness (Test): 0.44
 | Mean Accuracy (Test): 0.86
Generation 425 | Best fitness (Train): 0.41 | Best fitness in generation (Train): 0.48 | Mean fitness (Train): 0.51 | Mean fitness (Test): 0.44
 | Mean Accuracy (Test): 0.88
Generation 430 | Best fitness (Train): 0.41 | Best fitness in generation (Train): 0.44 | Mean fitness (Train): 0.47 | Mean fitness (Test): 0.50
 | Mean Accuracy (Test): 0.85
Generation 435 | Best fitness (Train): 0.41 | Best fitness in generation (Train): 0.49 | Mean fitness (Train): 0.51 | Mean fitness (Test): 0.49
 | Mean Accuracy (Test): 0.86
Generation 440 | Best fitness (Train): 0.40 | Best fitness in generation (Train): 0.49 | Mean fitness (Train): 0.52 | Mean fitness (Test): 0.46
 | Mean Accuracy (Test): 0.87
Generation 445 | Best fitness (Train): 0.40 | Best fitness in generation (Train): 0.46 | Mean fitness (Train): 0.48 | Mean fitness (Test): 0.44
 | Mean Accuracy (Test): 0.87
Generation 450 | Best fitness (Train): 0.40 | Best fitness in generation (Train): 0.40 | Mean fitness (Train): 0.44 | Mean fitness (Test): 0.50
 | Mean Accuracy (Test): 0.86
Generation 455 | Best fitness (Train): 0.40 | Best fitness in generation (Train): 0.46 | Mean fitness (Train): 0.48 | Mean fitness (Test): 0.47
 | Mean Accuracy (Test): 0.86
Generation 460 | Best fitness (Train): 0.39 | Best fitness in generation (Train): 0.44 | Mean fitness (Train): 0.46 | Mean fitness (Test): 0.45
 | Mean Accuracy (Test): 0.87
Generation 465 | Best fitness (Train): 0.39 | Best fitness in generation (Train): 0.44 | Mean fitness (Train): 0.47 | Mean fitness (Test): 0.43
 | Mean Accuracy (Test): 0.89
Generation 470 | Best fitness (Train): 0.39 | Best fitness in generation (Train): 0.39 | Mean fitness (Train): 0.42 | Mean fitness (Test): 0.42
 | Mean Accuracy (Test): 0.88
Generation 475 | Best fitness (Train): 0.36 | Best fitness in generation (Train): 0.44 | Mean fitness (Train): 0.47 | Mean fitness (Test): 0.48
 | Mean Accuracy (Test): 0.87
Generation 480 | Best fitness (Train): 0.36 | Best fitness in generation (Train): 0.47 | Mean fitness (Train): 0.50 | Mean fitness (Test): 0.49
 | Mean Accuracy (Test): 0.86
Generation 485 | Best fitness (Train): 0.36 | Best fitness in generation (Train): 0.49 | Mean fitness (Train): 0.51 | Mean fitness (Test): 0.46
 | Mean Accuracy (Test): 0.87
Generation 490 | Best fitness (Train): 0.36 | Best fitness in generation (Train): 0.40 | Mean fitness (Train): 0.42 | Mean fitness (Test): 0.42
 | Mean Accuracy (Test): 0.88
Generation 495 | Best fitness (Train): 0.36 | Best fitness in generation (Train): 0.44 | Mean fitness (Train): 0.46 | Mean fitness (Test): 0.47
 | Mean Accuracy (Test): 0.87
Generation 500 | Best fitness (Train): 0.36 | Best fitness in generation (Train): 0.40 | Mean fitness (Train): 0.42 | Mean fitness (Test): 0.39
 | Mean Accuracy (Test): 0.88
Generation 505 | Best fitness (Train): 0.36 | Best fitness in generation (Train): 0.49 | Mean fitness (Train): 0.51 | Mean fitness (Test): 0.39
 | Mean Accuracy (Test): 0.89
Generation 510 | Best fitness (Train): 0.36 | Best fitness in generation (Train): 0.52 | Mean fitness (Train): 0.54 | Mean fitness (Test): 0.45
 | Mean Accuracy (Test): 0.88
Generation 515 | Best fitness (Train): 0.36 | Best fitness in generation (Train): 0.40 | Mean fitness (Train): 0.42 | Mean fitness (Test): 0.40
 | Mean Accuracy (Test): 0.89
Generation 520 | Best fitness (Train): 0.36 | Best fitness in generation (Train): 0.38 | Mean fitness (Train): 0.40 | Mean fitness (Test): 0.37
 | Mean Accuracy (Test): 0.89
Generation 525 | Best fitness (Train): 0.33 | Best fitness in generation (Train): 0.40 | Mean fitness (Train): 0.41 | Mean fitness (Test): 0.45
 | Mean Accuracy (Test): 0.88
Generation 530 | Best fitness (Train): 0.33 | Best fitness in generation (Train): 0.43 | Mean fitness (Train): 0.45 | Mean fitness (Test): 0.39
 | Mean Accuracy (Test): 0.88
Generation 535 | Best fitness (Train): 0.33 | Best fitness in generation (Train): 0.43 | Mean fitness (Train): 0.44 | Mean fitness (Test): 0.42
 | Mean Accuracy (Test): 0.88
Generation 540 | Best fitness (Train): 0.33 | Best fitness in generation (Train): 0.43 | Mean fitness (Train): 0.45 | Mean fitness (Test): 0.44
 | Mean Accuracy (Test): 0.87
Generation 545 | Best fitness (Train): 0.33 | Best fitness in generation (Train): 0.44 | Mean fitness (Train): 0.46 | Mean fitness (Test): 0.40
 | Mean Accuracy (Test): 0.88
Generation 550 | Best fitness (Train): 0.33 | Best fitness in generation (Train): 0.36 | Mean fitness (Train): 0.38 | Mean fitness (Test): 0.36
 | Mean Accuracy (Test): 0.89
Generation 555 | Best fitness (Train): 0.33 | Best fitness in generation (Train): 0.42 | Mean fitness (Train): 0.44 | Mean fitness (Test): 0.43
 | Mean Accuracy (Test): 0.88
Generation 560 | Best fitness (Train): 0.33 | Best fitness in generation (Train): 0.42 | Mean fitness (Train): 0.44 | Mean fitness (Test): 0.45
 | Mean Accuracy (Test): 0.87
Generation 565 | Best fitness (Train): 0.33 | Best fitness in generation (Train): 0.41 | Mean fitness (Train): 0.43 | Mean fitness (Test): 0.45
 | Mean Accuracy (Test): 0.87
Generation 570 | Best fitness (Train): 0.33 | Best fitness in generation (Train): 0.50 | Mean fitness (Train): 0.51 | Mean fitness (Test): 0.46
 | Mean Accuracy (Test): 0.88
Generation 575 | Best fitness (Train): 0.33 | Best fitness in generation (Train): 0.39 | Mean fitness (Train): 0.40 | Mean fitness (Test): 0.40
 | Mean Accuracy (Test): 0.89
Generation 580 | Best fitness (Train): 0.33 | Best fitness in generation (Train): 0.35 | Mean fitness (Train): 0.37 | Mean fitness (Test): 0.39
 | Mean Accuracy (Test): 0.88
Generation 585 | Best fitness (Train): 0.33 | Best fitness in generation (Train): 0.42 | Mean fitness (Train): 0.43 | Mean fitness (Test): 0.37
 | Mean Accuracy (Test): 0.89
Generation 590 | Best fitness (Train): 0.33 | Best fitness in generation (Train): 0.38 | Mean fitness (Train): 0.39 | Mean fitness (Test): 0.47
 | Mean Accuracy (Test): 0.86
Generation 595 | Best fitness (Train): 0.33 | Best fitness in generation (Train): 0.39 | Mean fitness (Train): 0.40 | Mean fitness (Test): 0.42
 | Mean Accuracy (Test): 0.88
Generation 600 | Best fitness (Train): 0.33 | Best fitness in generation (Train): 0.34 | Mean fitness (Train): 0.35 | Mean fitness (Test): 0.34
 | Mean Accuracy (Test): 0.90
Generation 605 | Best fitness (Train): 0.33 | Best fitness in generation (Train): 0.34 | Mean fitness (Train): 0.35 | Mean fitness (Test): 0.33
 | Mean Accuracy (Test): 0.90
Generation 610 | Best fitness (Train): 0.33 | Best fitness in generation (Train): 0.34 | Mean fitness (Train): 0.35 | Mean fitness (Test): 0.39
 | Mean Accuracy (Test): 0.89
Generation 615 | Best fitness (Train): 0.33 | Best fitness in generation (Train): 0.38 | Mean fitness (Train): 0.39 | Mean fitness (Test): 0.45
 | Mean Accuracy (Test): 0.89
Generation 620 | Best fitness (Train): 0.33 | Best fitness in generation (Train): 0.36 | Mean fitness (Train): 0.37 | Mean fitness (Test): 0.40
 | Mean Accuracy (Test): 0.89
Generation 625 | Best fitness (Train): 0.28 | Best fitness in generation (Train): 0.28 | Mean fitness (Train): 0.29 | Mean fitness (Test): 0.39
 | Mean Accuracy (Test): 0.88
Generation 630 | Best fitness (Train): 0.28 | Best fitness in generation (Train): 0.42 | Mean fitness (Train): 0.44 | Mean fitness (Test): 0.44
 | Mean Accuracy (Test): 0.87
Generation 635 | Best fitness (Train): 0.28 | Best fitness in generation (Train): 0.40 | Mean fitness (Train): 0.42 | Mean fitness (Test): 0.34
 | Mean Accuracy (Test): 0.90
Generation 640 | Best fitness (Train): 0.28 | Best fitness in generation (Train): 0.36 | Mean fitness (Train): 0.37 | Mean fitness (Test): 0.35
 | Mean Accuracy (Test): 0.90
Generation 645 | Best fitness (Train): 0.28 | Best fitness in generation (Train): 0.39 | Mean fitness (Train): 0.40 | Mean fitness (Test): 0.37
 | Mean Accuracy (Test): 0.89
Generation 650 | Best fitness (Train): 0.28 | Best fitness in generation (Train): 0.37 | Mean fitness (Train): 0.38 | Mean fitness (Test): 0.36
 | Mean Accuracy (Test): 0.89
Generation 655 | Best fitness (Train): 0.28 | Best fitness in generation (Train): 0.41 | Mean fitness (Train): 0.42 | Mean fitness (Test): 0.34
 | Mean Accuracy (Test): 0.90
Generation 660 | Best fitness (Train): 0.28 | Best fitness in generation (Train): 0.35 | Mean fitness (Train): 0.36 | Mean fitness (Test): 0.38
 | Mean Accuracy (Test): 0.89
Generation 665 | Best fitness (Train): 0.28 | Best fitness in generation (Train): 0.35 | Mean fitness (Train): 0.36 | Mean fitness (Test): 0.34
 | Mean Accuracy (Test): 0.90
Generation 670 | Best fitness (Train): 0.28 | Best fitness in generation (Train): 0.38 | Mean fitness (Train): 0.39 | Mean fitness (Test): 0.35
 | Mean Accuracy (Test): 0.90
Generation 675 | Best fitness (Train): 0.28 | Best fitness in generation (Train): 0.40 | Mean fitness (Train): 0.41 | Mean fitness (Test): 0.36
 | Mean Accuracy (Test): 0.90
Generation 680 | Best fitness (Train): 0.28 | Best fitness in generation (Train): 0.38 | Mean fitness (Train): 0.39 | Mean fitness (Test): 0.37
 | Mean Accuracy (Test): 0.89
Generation 685 | Best fitness (Train): 0.28 | Best fitness in generation (Train): 0.34 | Mean fitness (Train): 0.35 | Mean fitness (Test): 0.33
 | Mean Accuracy (Test): 0.90
Generation 690 | Best fitness (Train): 0.28 | Best fitness in generation (Train): 0.35 | Mean fitness (Train): 0.35 | Mean fitness (Test): 0.35
 | Mean Accuracy (Test): 0.90
Generation 695 | Best fitness (Train): 0.28 | Best fitness in generation (Train): 0.36 | Mean fitness (Train): 0.36 | Mean fitness (Test): 0.41
 | Mean Accuracy (Test): 0.88
Generation 700 | Best fitness (Train): 0.28 | Best fitness in generation (Train): 0.34 | Mean fitness (Train): 0.34 | Mean fitness (Test): 0.33
 | Mean Accuracy (Test): 0.91
Generation 705 | Best fitness (Train): 0.28 | Best fitness in generation (Train): 0.35 | Mean fitness (Train): 0.36 | Mean fitness (Test): 0.38
 | Mean Accuracy (Test): 0.89
Generation 710 | Best fitness (Train): 0.28 | Best fitness in generation (Train): 0.34 | Mean fitness (Train): 0.35 | Mean fitness (Test): 0.35
 | Mean Accuracy (Test): 0.90
Generation 715 | Best fitness (Train): 0.28 | Best fitness in generation (Train): 0.34 | Mean fitness (Train): 0.35 | Mean fitness (Test): 0.35
 | Mean Accuracy (Test): 0.90
Generation 720 | Best fitness (Train): 0.28 | Best fitness in generation (Train): 0.36 | Mean fitness (Train): 0.37 | Mean fitness (Test): 0.30
 | Mean Accuracy (Test): 0.91
Generation 725 | Best fitness (Train): 0.28 | Best fitness in generation (Train): 0.31 | Mean fitness (Train): 0.32 | Mean fitness (Test): 0.34
 | Mean Accuracy (Test): 0.91
Generation 730 | Best fitness (Train): 0.28 | Best fitness in generation (Train): 0.33 | Mean fitness (Train): 0.33 | Mean fitness (Test): 0.39
 | Mean Accuracy (Test): 0.89
Generation 735 | Best fitness (Train): 0.28 | Best fitness in generation (Train): 0.32 | Mean fitness (Train): 0.33 | Mean fitness (Test): 0.32
 | Mean Accuracy (Test): 0.91
Generation 740 | Best fitness (Train): 0.28 | Best fitness in generation (Train): 0.39 | Mean fitness (Train): 0.40 | Mean fitness (Test): 0.29
 | Mean Accuracy (Test): 0.90
Generation 745 | Best fitness (Train): 0.28 | Best fitness in generation (Train): 0.35 | Mean fitness (Train): 0.36 | Mean fitness (Test): 0.32
 | Mean Accuracy (Test): 0.90
Generation 750 | Best fitness (Train): 0.28 | Best fitness in generation (Train): 0.32 | Mean fitness (Train): 0.32 | Mean fitness (Test): 0.33
 | Mean Accuracy (Test): 0.91
Generation 755 | Best fitness (Train): 0.28 | Best fitness in generation (Train): 0.34 | Mean fitness (Train): 0.35 | Mean fitness (Test): 0.35
 | Mean Accuracy (Test): 0.90
Generation 760 | Best fitness (Train): 0.28 | Best fitness in generation (Train): 0.33 | Mean fitness (Train): 0.34 | Mean fitness (Test): 0.29
 | Mean Accuracy (Test): 0.92
Generation 765 | Best fitness (Train): 0.28 | Best fitness in generation (Train): 0.37 | Mean fitness (Train): 0.37 | Mean fitness (Test): 0.31
 | Mean Accuracy (Test): 0.91
Generation 770 | Best fitness (Train): 0.28 | Best fitness in generation (Train): 0.33 | Mean fitness (Train): 0.34 | Mean fitness (Test): 0.38
 | Mean Accuracy (Test): 0.90
Generation 775 | Best fitness (Train): 0.28 | Best fitness in generation (Train): 0.35 | Mean fitness (Train): 0.36 | Mean fitness (Test): 0.38
 | Mean Accuracy (Test): 0.90
Generation 780 | Best fitness (Train): 0.28 | Best fitness in generation (Train): 0.45 | Mean fitness (Train): 0.45 | Mean fitness (Test): 0.36
 | Mean Accuracy (Test): 0.90
Generation 785 | Best fitness (Train): 0.28 | Best fitness in generation (Train): 0.37 | Mean fitness (Train): 0.38 | Mean fitness (Test): 0.39
 | Mean Accuracy (Test): 0.89
Generation 790 | Best fitness (Train): 0.28 | Best fitness in generation (Train): 0.34 | Mean fitness (Train): 0.35 | Mean fitness (Test): 0.36
 | Mean Accuracy (Test): 0.90
Generation 795 | Best fitness (Train): 0.28 | Best fitness in generation (Train): 0.37 | Mean fitness (Train): 0.38 | Mean fitness (Test): 0.32
 | Mean Accuracy (Test): 0.90
Generation 800 | Best fitness (Train): 0.28 | Best fitness in generation (Train): 0.36 | Mean fitness (Train): 0.37 | Mean fitness (Test): 0.31
 | Mean Accuracy (Test): 0.90
Generation 805 | Best fitness (Train): 0.28 | Best fitness in generation (Train): 0.34 | Mean fitness (Train): 0.35 | Mean fitness (Test): 0.28
 | Mean Accuracy (Test): 0.92
Generation 810 | Best fitness (Train): 0.28 | Best fitness in generation (Train): 0.35 | Mean fitness (Train): 0.35 | Mean fitness (Test): 0.29
 | Mean Accuracy (Test): 0.91
Generation 815 | Best fitness (Train): 0.28 | Best fitness in generation (Train): 0.41 | Mean fitness (Train): 0.41 | Mean fitness (Test): 0.34
 | Mean Accuracy (Test): 0.89
Generation 820 | Best fitness (Train): 0.28 | Best fitness in generation (Train): 0.32 | Mean fitness (Train): 0.33 | Mean fitness (Test): 0.40
 | Mean Accuracy (Test): 0.88
Generation 825 | Best fitness (Train): 0.28 | Best fitness in generation (Train): 0.38 | Mean fitness (Train): 0.38 | Mean fitness (Test): 0.29
 | Mean Accuracy (Test): 0.92
Generation 830 | Best fitness (Train): 0.28 | Best fitness in generation (Train): 0.31 | Mean fitness (Train): 0.31 | Mean fitness (Test): 0.35
 | Mean Accuracy (Test): 0.91
Generation 835 | Best fitness (Train): 0.28 | Best fitness in generation (Train): 0.32 | Mean fitness (Train): 0.33 | Mean fitness (Test): 0.35
 | Mean Accuracy (Test): 0.90
Generation 840 | Best fitness (Train): 0.28 | Best fitness in generation (Train): 0.31 | Mean fitness (Train): 0.32 | Mean fitness (Test): 0.30
 | Mean Accuracy (Test): 0.92
Generation 845 | Best fitness (Train): 0.25 | Best fitness in generation (Train): 0.36 | Mean fitness (Train): 0.36 | Mean fitness (Test): 0.33
 | Mean Accuracy (Test): 0.91
Generation 850 | Best fitness (Train): 0.25 | Best fitness in generation (Train): 0.31 | Mean fitness (Train): 0.32 | Mean fitness (Test): 0.34
 | Mean Accuracy (Test): 0.90
Generation 855 | Best fitness (Train): 0.25 | Best fitness in generation (Train): 0.33 | Mean fitness (Train): 0.34 | Mean fitness (Test): 0.34
 | Mean Accuracy (Test): 0.90
Generation 860 | Best fitness (Train): 0.25 | Best fitness in generation (Train): 0.29 | Mean fitness (Train): 0.30 | Mean fitness (Test): 0.33
 | Mean Accuracy (Test): 0.91
Generation 865 | Best fitness (Train): 0.25 | Best fitness in generation (Train): 0.33 | Mean fitness (Train): 0.34 | Mean fitness (Test): 0.30
 | Mean Accuracy (Test): 0.90
Generation 870 | Best fitness (Train): 0.25 | Best fitness in generation (Train): 0.32 | Mean fitness (Train): 0.33 | Mean fitness (Test): 0.36
 | Mean Accuracy (Test): 0.90
Generation 875 | Best fitness (Train): 0.25 | Best fitness in generation (Train): 0.32 | Mean fitness (Train): 0.32 | Mean fitness (Test): 0.30
 | Mean Accuracy (Test): 0.92
Generation 880 | Best fitness (Train): 0.25 | Best fitness in generation (Train): 0.34 | Mean fitness (Train): 0.35 | Mean fitness (Test): 0.37
 | Mean Accuracy (Test): 0.89
Generation 885 | Best fitness (Train): 0.25 | Best fitness in generation (Train): 0.33 | Mean fitness (Train): 0.33 | Mean fitness (Test): 0.38
 | Mean Accuracy (Test): 0.90
Generation 890 | Best fitness (Train): 0.25 | Best fitness in generation (Train): 0.33 | Mean fitness (Train): 0.33 | Mean fitness (Test): 0.34
 | Mean Accuracy (Test): 0.91
Generation 895 | Best fitness (Train): 0.25 | Best fitness in generation (Train): 0.30 | Mean fitness (Train): 0.30 | Mean fitness (Test): 0.27
 | Mean Accuracy (Test): 0.93
Generation 900 | Best fitness (Train): 0.25 | Best fitness in generation (Train): 0.29 | Mean fitness (Train): 0.29 | Mean fitness (Test): 0.32
 | Mean Accuracy (Test): 0.91
Generation 905 | Best fitness (Train): 0.25 | Best fitness in generation (Train): 0.33 | Mean fitness (Train): 0.33 | Mean fitness (Test): 0.29
 | Mean Accuracy (Test): 0.91
Generation 910 | Best fitness (Train): 0.25 | Best fitness in generation (Train): 0.39 | Mean fitness (Train): 0.39 | Mean fitness (Test): 0.25
 | Mean Accuracy (Test): 0.92
Generation 915 | Best fitness (Train): 0.25 | Best fitness in generation (Train): 0.39 | Mean fitness (Train): 0.39 | Mean fitness (Test): 0.32
 | Mean Accuracy (Test): 0.90
Generation 920 | Best fitness (Train): 0.25 | Best fitness in generation (Train): 0.32 | Mean fitness (Train): 0.32 | Mean fitness (Test): 0.29
 | Mean Accuracy (Test): 0.91
Generation 925 | Best fitness (Train): 0.25 | Best fitness in generation (Train): 0.31 | Mean fitness (Train): 0.32 | Mean fitness (Test): 0.36
 | Mean Accuracy (Test): 0.90
Generation 930 | Best fitness (Train): 0.25 | Best fitness in generation (Train): 0.28 | Mean fitness (Train): 0.28 | Mean fitness (Test): 0.29
 | Mean Accuracy (Test): 0.91
Generation 935 | Best fitness (Train): 0.25 | Best fitness in generation (Train): 0.32 | Mean fitness (Train): 0.32 | Mean fitness (Test): 0.36
 | Mean Accuracy (Test): 0.89
Generation 940 | Best fitness (Train): 0.25 | Best fitness in generation (Train): 0.30 | Mean fitness (Train): 0.31 | Mean fitness (Test): 0.33
 | Mean Accuracy (Test): 0.90
Generation 945 | Best fitness (Train): 0.25 | Best fitness in generation (Train): 0.36 | Mean fitness (Train): 0.36 | Mean fitness (Test): 0.29
 | Mean Accuracy (Test): 0.91
Generation 950 | Best fitness (Train): 0.25 | Best fitness in generation (Train): 0.31 | Mean fitness (Train): 0.32 | Mean fitness (Test): 0.31
 | Mean Accuracy (Test): 0.91
Generation 955 | Best fitness (Train): 0.25 | Best fitness in generation (Train): 0.35 | Mean fitness (Train): 0.36 | Mean fitness (Test): 0.31
 | Mean Accuracy (Test): 0.91
Generation 960 | Best fitness (Train): 0.25 | Best fitness in generation (Train): 0.36 | Mean fitness (Train): 0.36 | Mean fitness (Test): 0.35
 | Mean Accuracy (Test): 0.90
Generation 965 | Best fitness (Train): 0.25 | Best fitness in generation (Train): 0.31 | Mean fitness (Train): 0.31 | Mean fitness (Test): 0.37
 | Mean Accuracy (Test): 0.90
Generation 970 | Best fitness (Train): 0.25 | Best fitness in generation (Train): 0.28 | Mean fitness (Train): 0.28 | Mean fitness (Test): 0.34
 | Mean Accuracy (Test): 0.90
Generation 975 | Best fitness (Train): 0.25 | Best fitness in generation (Train): 0.31 | Mean fitness (Train): 0.32 | Mean fitness (Test): 0.34
 | Mean Accuracy (Test): 0.89
Generation 980 | Best fitness (Train): 0.25 | Best fitness in generation (Train): 0.29 | Mean fitness (Train): 0.29 | Mean fitness (Test): 0.33
 | Mean Accuracy (Test): 0.91
Generation 985 | Best fitness (Train): 0.25 | Best fitness in generation (Train): 0.31 | Mean fitness (Train): 0.31 | Mean fitness (Test): 0.37
 | Mean Accuracy (Test): 0.89
Generation 990 | Best fitness (Train): 0.25 | Best fitness in generation (Train): 0.33 | Mean fitness (Train): 0.34 | Mean fitness (Test): 0.31
 | Mean Accuracy (Test): 0.91
Generation 995 | Best fitness (Train): 0.25 | Best fitness in generation (Train): 0.35 | Mean fitness (Train): 0.35 | Mean fitness (Test): 0.26
 | Mean Accuracy (Test): 0.93
Generation 1000 | Best fitness (Train): 0.25 | Best fitness in generation (Train): 0.36 | Mean fitness (Train): 0.37 | Mean fitness (Test): 0.30
 | Mean Accuracy (Test): 0.90
running the experiment ... [../../results/TorchVisionProblem/MNIST/LearnedES/4]
Generation 005 | Best fitness (Train): 5.89 | Best fitness in generation (Train): 5.89 | Mean fitness (Train): 8.93 | Mean fitness (Test): 2.61
 | Mean Accuracy (Test): 0.25
Generation 010 | Best fitness (Train): 5.87 | Best fitness in generation (Train): 6.47 | Mean fitness (Train): 8.39 | Mean fitness (Test): 2.85
 | Mean Accuracy (Test): 0.30
Generation 015 | Best fitness (Train): 5.69 | Best fitness in generation (Train): 5.69 | Mean fitness (Train): 7.63 | Mean fitness (Test): 2.88
 | Mean Accuracy (Test): 0.32
Generation 020 | Best fitness (Train): 4.89 | Best fitness in generation (Train): 5.33 | Mean fitness (Train): 7.31 | Mean fitness (Test): 2.63
 | Mean Accuracy (Test): 0.39
Generation 025 | Best fitness (Train): 4.70 | Best fitness in generation (Train): 4.73 | Mean fitness (Train): 6.63 | Mean fitness (Test): 2.72
 | Mean Accuracy (Test): 0.35
Generation 030 | Best fitness (Train): 4.45 | Best fitness in generation (Train): 4.58 | Mean fitness (Train): 6.15 | Mean fitness (Test): 2.46
 | Mean Accuracy (Test): 0.41
Generation 035 | Best fitness (Train): 4.22 | Best fitness in generation (Train): 4.40 | Mean fitness (Train): 5.78 | Mean fitness (Test): 2.37
 | Mean Accuracy (Test): 0.47
Generation 040 | Best fitness (Train): 3.79 | Best fitness in generation (Train): 3.94 | Mean fitness (Train): 5.46 | Mean fitness (Test): 2.36
 | Mean Accuracy (Test): 0.48
Generation 045 | Best fitness (Train): 3.58 | Best fitness in generation (Train): 3.67 | Mean fitness (Train): 5.01 | Mean fitness (Test): 2.24
 | Mean Accuracy (Test): 0.50
Generation 050 | Best fitness (Train): 3.45 | Best fitness in generation (Train): 3.53 | Mean fitness (Train): 4.83 | Mean fitness (Test): 2.22
 | Mean Accuracy (Test): 0.52
Generation 055 | Best fitness (Train): 2.79 | Best fitness in generation (Train): 2.94 | Mean fitness (Train): 4.26 | Mean fitness (Test): 1.90
 | Mean Accuracy (Test): 0.59
Generation 060 | Best fitness (Train): 2.78 | Best fitness in generation (Train): 2.81 | Mean fitness (Train): 3.85 | Mean fitness (Test): 1.95
 | Mean Accuracy (Test): 0.58
Generation 065 | Best fitness (Train): 2.78 | Best fitness in generation (Train): 2.86 | Mean fitness (Train): 3.99 | Mean fitness (Test): 1.71
 | Mean Accuracy (Test): 0.62
Generation 070 | Best fitness (Train): 2.63 | Best fitness in generation (Train): 2.66 | Mean fitness (Train): 3.80 | Mean fitness (Test): 1.65
 | Mean Accuracy (Test): 0.63
Generation 075 | Best fitness (Train): 2.35 | Best fitness in generation (Train): 2.35 | Mean fitness (Train): 3.37 | Mean fitness (Test): 1.66
 | Mean Accuracy (Test): 0.63
Generation 080 | Best fitness (Train): 2.28 | Best fitness in generation (Train): 2.55 | Mean fitness (Train): 3.32 | Mean fitness (Test): 1.73
 | Mean Accuracy (Test): 0.64
Generation 085 | Best fitness (Train): 2.14 | Best fitness in generation (Train): 2.39 | Mean fitness (Train): 3.27 | Mean fitness (Test): 1.52
 | Mean Accuracy (Test): 0.65
Generation 090 | Best fitness (Train): 2.12 | Best fitness in generation (Train): 2.12 | Mean fitness (Train): 2.87 | Mean fitness (Test): 1.40
 | Mean Accuracy (Test): 0.67
Generation 095 | Best fitness (Train): 1.93 | Best fitness in generation (Train): 2.14 | Mean fitness (Train): 2.76 | Mean fitness (Test): 1.52
 | Mean Accuracy (Test): 0.67
Generation 100 | Best fitness (Train): 1.93 | Best fitness in generation (Train): 2.11 | Mean fitness (Train): 2.65 | Mean fitness (Test): 1.66
 | Mean Accuracy (Test): 0.67
Generation 105 | Best fitness (Train): 1.89 | Best fitness in generation (Train): 2.09 | Mean fitness (Train): 2.56 | Mean fitness (Test): 1.52
 | Mean Accuracy (Test): 0.66
Generation 110 | Best fitness (Train): 1.83 | Best fitness in generation (Train): 1.95 | Mean fitness (Train): 2.51 | Mean fitness (Test): 1.42
 | Mean Accuracy (Test): 0.69
Generation 115 | Best fitness (Train): 1.80 | Best fitness in generation (Train): 2.01 | Mean fitness (Train): 2.41 | Mean fitness (Test): 1.52
 | Mean Accuracy (Test): 0.67
Generation 120 | Best fitness (Train): 1.68 | Best fitness in generation (Train): 1.68 | Mean fitness (Train): 2.20 | Mean fitness (Test): 1.41
 | Mean Accuracy (Test): 0.69
Generation 125 | Best fitness (Train): 1.58 | Best fitness in generation (Train): 1.71 | Mean fitness (Train): 2.16 | Mean fitness (Test): 1.33
 | Mean Accuracy (Test): 0.69
Generation 130 | Best fitness (Train): 1.58 | Best fitness in generation (Train): 1.67 | Mean fitness (Train): 2.11 | Mean fitness (Test): 1.27
 | Mean Accuracy (Test): 0.70
Generation 135 | Best fitness (Train): 1.49 | Best fitness in generation (Train): 1.59 | Mean fitness (Train): 1.98 | Mean fitness (Test): 1.24
 | Mean Accuracy (Test): 0.72
Generation 140 | Best fitness (Train): 1.49 | Best fitness in generation (Train): 1.56 | Mean fitness (Train): 1.99 | Mean fitness (Test): 1.24
 | Mean Accuracy (Test): 0.70
Generation 145 | Best fitness (Train): 1.49 | Best fitness in generation (Train): 1.57 | Mean fitness (Train): 1.92 | Mean fitness (Test): 1.27
 | Mean Accuracy (Test): 0.71
Generation 150 | Best fitness (Train): 1.43 | Best fitness in generation (Train): 1.52 | Mean fitness (Train): 1.95 | Mean fitness (Test): 1.09
 | Mean Accuracy (Test): 0.73
Generation 155 | Best fitness (Train): 1.43 | Best fitness in generation (Train): 1.46 | Mean fitness (Train): 1.81 | Mean fitness (Test): 1.13
 | Mean Accuracy (Test): 0.73
Generation 160 | Best fitness (Train): 1.39 | Best fitness in generation (Train): 1.48 | Mean fitness (Train): 1.83 | Mean fitness (Test): 1.10
 | Mean Accuracy (Test): 0.75
Generation 165 | Best fitness (Train): 1.18 | Best fitness in generation (Train): 1.37 | Mean fitness (Train): 1.67 | Mean fitness (Test): 1.18
 | Mean Accuracy (Test): 0.73
Generation 170 | Best fitness (Train): 1.18 | Best fitness in generation (Train): 1.23 | Mean fitness (Train): 1.53 | Mean fitness (Test): 1.06
 | Mean Accuracy (Test): 0.75
Generation 175 | Best fitness (Train): 1.17 | Best fitness in generation (Train): 1.34 | Mean fitness (Train): 1.60 | Mean fitness (Test): 1.07
 | Mean Accuracy (Test): 0.75
Generation 180 | Best fitness (Train): 1.11 | Best fitness in generation (Train): 1.24 | Mean fitness (Train): 1.53 | Mean fitness (Test): 1.03
 | Mean Accuracy (Test): 0.76
Generation 185 | Best fitness (Train): 1.08 | Best fitness in generation (Train): 1.15 | Mean fitness (Train): 1.38 | Mean fitness (Test): 1.12
 | Mean Accuracy (Test): 0.76
Generation 190 | Best fitness (Train): 1.08 | Best fitness in generation (Train): 1.14 | Mean fitness (Train): 1.42 | Mean fitness (Test): 0.87
 | Mean Accuracy (Test): 0.79
Generation 195 | Best fitness (Train): 1.07 | Best fitness in generation (Train): 1.17 | Mean fitness (Train): 1.36 | Mean fitness (Test): 1.07
 | Mean Accuracy (Test): 0.75
Generation 200 | Best fitness (Train): 1.07 | Best fitness in generation (Train): 1.09 | Mean fitness (Train): 1.28 | Mean fitness (Test): 1.05
 | Mean Accuracy (Test): 0.76
Generation 205 | Best fitness (Train): 1.01 | Best fitness in generation (Train): 1.10 | Mean fitness (Train): 1.32 | Mean fitness (Test): 0.93
 | Mean Accuracy (Test): 0.79
Generation 210 | Best fitness (Train): 0.96 | Best fitness in generation (Train): 0.96 | Mean fitness (Train): 1.14 | Mean fitness (Test): 0.94
 | Mean Accuracy (Test): 0.78
Generation 215 | Best fitness (Train): 0.88 | Best fitness in generation (Train): 1.01 | Mean fitness (Train): 1.17 | Mean fitness (Test): 0.83
 | Mean Accuracy (Test): 0.80
Generation 220 | Best fitness (Train): 0.87 | Best fitness in generation (Train): 0.87 | Mean fitness (Train): 1.03 | Mean fitness (Test): 0.92
 | Mean Accuracy (Test): 0.79
Generation 225 | Best fitness (Train): 0.87 | Best fitness in generation (Train): 0.87 | Mean fitness (Train): 1.02 | Mean fitness (Test): 0.70
 | Mean Accuracy (Test): 0.83
Generation 230 | Best fitness (Train): 0.87 | Best fitness in generation (Train): 0.90 | Mean fitness (Train): 1.09 | Mean fitness (Test): 0.81
 | Mean Accuracy (Test): 0.79
Generation 235 | Best fitness (Train): 0.87 | Best fitness in generation (Train): 0.92 | Mean fitness (Train): 1.09 | Mean fitness (Test): 0.81
 | Mean Accuracy (Test): 0.80
Generation 240 | Best fitness (Train): 0.83 | Best fitness in generation (Train): 0.92 | Mean fitness (Train): 1.05 | Mean fitness (Test): 0.85
 | Mean Accuracy (Test): 0.80
Generation 245 | Best fitness (Train): 0.76 | Best fitness in generation (Train): 0.84 | Mean fitness (Train): 0.96 | Mean fitness (Test): 0.81
 | Mean Accuracy (Test): 0.80
Generation 250 | Best fitness (Train): 0.76 | Best fitness in generation (Train): 0.83 | Mean fitness (Train): 0.95 | Mean fitness (Test): 0.80
 | Mean Accuracy (Test): 0.79
Generation 255 | Best fitness (Train): 0.67 | Best fitness in generation (Train): 0.73 | Mean fitness (Train): 0.87 | Mean fitness (Test): 0.75
 | Mean Accuracy (Test): 0.82
Generation 260 | Best fitness (Train): 0.67 | Best fitness in generation (Train): 0.82 | Mean fitness (Train): 0.95 | Mean fitness (Test): 0.75
 | Mean Accuracy (Test): 0.82
Generation 265 | Best fitness (Train): 0.67 | Best fitness in generation (Train): 0.89 | Mean fitness (Train): 1.03 | Mean fitness (Test): 0.81
 | Mean Accuracy (Test): 0.80
Generation 270 | Best fitness (Train): 0.67 | Best fitness in generation (Train): 0.78 | Mean fitness (Train): 0.86 | Mean fitness (Test): 0.72
 | Mean Accuracy (Test): 0.83
Generation 275 | Best fitness (Train): 0.66 | Best fitness in generation (Train): 0.66 | Mean fitness (Train): 0.74 | Mean fitness (Test): 0.68
 | Mean Accuracy (Test): 0.81
Generation 280 | Best fitness (Train): 0.66 | Best fitness in generation (Train): 0.85 | Mean fitness (Train): 0.92 | Mean fitness (Test): 0.70
 | Mean Accuracy (Test): 0.82
Generation 285 | Best fitness (Train): 0.66 | Best fitness in generation (Train): 0.85 | Mean fitness (Train): 0.93 | Mean fitness (Test): 0.73
 | Mean Accuracy (Test): 0.81
Generation 290 | Best fitness (Train): 0.63 | Best fitness in generation (Train): 0.70 | Mean fitness (Train): 0.78 | Mean fitness (Test): 0.67
 | Mean Accuracy (Test): 0.83
Generation 295 | Best fitness (Train): 0.63 | Best fitness in generation (Train): 0.73 | Mean fitness (Train): 0.81 | Mean fitness (Test): 0.66
 | Mean Accuracy (Test): 0.83
Generation 300 | Best fitness (Train): 0.58 | Best fitness in generation (Train): 0.78 | Mean fitness (Train): 0.84 | Mean fitness (Test): 0.73
 | Mean Accuracy (Test): 0.81
Generation 305 | Best fitness (Train): 0.58 | Best fitness in generation (Train): 0.78 | Mean fitness (Train): 0.86 | Mean fitness (Test): 0.71
 | Mean Accuracy (Test): 0.82
Generation 310 | Best fitness (Train): 0.58 | Best fitness in generation (Train): 0.61 | Mean fitness (Train): 0.68 | Mean fitness (Test): 0.67
 | Mean Accuracy (Test): 0.83
Generation 315 | Best fitness (Train): 0.58 | Best fitness in generation (Train): 0.76 | Mean fitness (Train): 0.82 | Mean fitness (Test): 0.70
 | Mean Accuracy (Test): 0.81
Generation 320 | Best fitness (Train): 0.57 | Best fitness in generation (Train): 0.58 | Mean fitness (Train): 0.64 | Mean fitness (Test): 0.61
 | Mean Accuracy (Test): 0.84
Generation 325 | Best fitness (Train): 0.57 | Best fitness in generation (Train): 0.61 | Mean fitness (Train): 0.66 | Mean fitness (Test): 0.54
 | Mean Accuracy (Test): 0.85
Generation 330 | Best fitness (Train): 0.56 | Best fitness in generation (Train): 0.56 | Mean fitness (Train): 0.61 | Mean fitness (Test): 0.61
 | Mean Accuracy (Test): 0.85
Generation 335 | Best fitness (Train): 0.54 | Best fitness in generation (Train): 0.71 | Mean fitness (Train): 0.77 | Mean fitness (Test): 0.55
 | Mean Accuracy (Test): 0.85
Generation 340 | Best fitness (Train): 0.52 | Best fitness in generation (Train): 0.71 | Mean fitness (Train): 0.76 | Mean fitness (Test): 0.58
 | Mean Accuracy (Test): 0.84
Generation 345 | Best fitness (Train): 0.52 | Best fitness in generation (Train): 0.74 | Mean fitness (Train): 0.80 | Mean fitness (Test): 0.67
 | Mean Accuracy (Test): 0.83
Generation 350 | Best fitness (Train): 0.52 | Best fitness in generation (Train): 0.61 | Mean fitness (Train): 0.65 | Mean fitness (Test): 0.67
 | Mean Accuracy (Test): 0.83
Generation 355 | Best fitness (Train): 0.52 | Best fitness in generation (Train): 0.56 | Mean fitness (Train): 0.62 | Mean fitness (Test): 0.54
 | Mean Accuracy (Test): 0.85
Generation 360 | Best fitness (Train): 0.52 | Best fitness in generation (Train): 0.59 | Mean fitness (Train): 0.64 | Mean fitness (Test): 0.48
 | Mean Accuracy (Test): 0.86
Generation 365 | Best fitness (Train): 0.47 | Best fitness in generation (Train): 0.47 | Mean fitness (Train): 0.52 | Mean fitness (Test): 0.60
 | Mean Accuracy (Test): 0.85
Generation 370 | Best fitness (Train): 0.47 | Best fitness in generation (Train): 0.63 | Mean fitness (Train): 0.68 | Mean fitness (Test): 0.63
 | Mean Accuracy (Test): 0.83
Generation 375 | Best fitness (Train): 0.47 | Best fitness in generation (Train): 0.50 | Mean fitness (Train): 0.55 | Mean fitness (Test): 0.49
 | Mean Accuracy (Test): 0.86
Generation 380 | Best fitness (Train): 0.47 | Best fitness in generation (Train): 0.51 | Mean fitness (Train): 0.56 | Mean fitness (Test): 0.58
 | Mean Accuracy (Test): 0.84
Generation 385 | Best fitness (Train): 0.47 | Best fitness in generation (Train): 0.58 | Mean fitness (Train): 0.62 | Mean fitness (Test): 0.59
 | Mean Accuracy (Test): 0.85
Generation 390 | Best fitness (Train): 0.46 | Best fitness in generation (Train): 0.46 | Mean fitness (Train): 0.50 | Mean fitness (Test): 0.51
 | Mean Accuracy (Test): 0.87
Generation 395 | Best fitness (Train): 0.46 | Best fitness in generation (Train): 0.56 | Mean fitness (Train): 0.60 | Mean fitness (Test): 0.56
 | Mean Accuracy (Test): 0.85
Generation 400 | Best fitness (Train): 0.46 | Best fitness in generation (Train): 0.55 | Mean fitness (Train): 0.59 | Mean fitness (Test): 0.50
 | Mean Accuracy (Test): 0.86
Generation 405 | Best fitness (Train): 0.45 | Best fitness in generation (Train): 0.48 | Mean fitness (Train): 0.52 | Mean fitness (Test): 0.54
 | Mean Accuracy (Test): 0.87
Generation 410 | Best fitness (Train): 0.45 | Best fitness in generation (Train): 0.62 | Mean fitness (Train): 0.65 | Mean fitness (Test): 0.60
 | Mean Accuracy (Test): 0.85
Generation 415 | Best fitness (Train): 0.45 | Best fitness in generation (Train): 0.54 | Mean fitness (Train): 0.57 | Mean fitness (Test): 0.57
 | Mean Accuracy (Test): 0.86
Generation 420 | Best fitness (Train): 0.45 | Best fitness in generation (Train): 0.58 | Mean fitness (Train): 0.61 | Mean fitness (Test): 0.50
 | Mean Accuracy (Test): 0.87
Generation 425 | Best fitness (Train): 0.45 | Best fitness in generation (Train): 0.48 | Mean fitness (Train): 0.51 | Mean fitness (Test): 0.49
 | Mean Accuracy (Test): 0.87
Generation 430 | Best fitness (Train): 0.42 | Best fitness in generation (Train): 0.57 | Mean fitness (Train): 0.60 | Mean fitness (Test): 0.52
 | Mean Accuracy (Test): 0.87
Generation 435 | Best fitness (Train): 0.42 | Best fitness in generation (Train): 0.50 | Mean fitness (Train): 0.53 | Mean fitness (Test): 0.52
 | Mean Accuracy (Test): 0.87
Generation 440 | Best fitness (Train): 0.40 | Best fitness in generation (Train): 0.43 | Mean fitness (Train): 0.46 | Mean fitness (Test): 0.52
 | Mean Accuracy (Test): 0.86
Generation 445 | Best fitness (Train): 0.40 | Best fitness in generation (Train): 0.50 | Mean fitness (Train): 0.53 | Mean fitness (Test): 0.48
 | Mean Accuracy (Test): 0.86
Generation 450 | Best fitness (Train): 0.39 | Best fitness in generation (Train): 0.52 | Mean fitness (Train): 0.54 | Mean fitness (Test): 0.49
 | Mean Accuracy (Test): 0.87
Generation 455 | Best fitness (Train): 0.39 | Best fitness in generation (Train): 0.53 | Mean fitness (Train): 0.56 | Mean fitness (Test): 0.44
 | Mean Accuracy (Test): 0.87
Generation 460 | Best fitness (Train): 0.39 | Best fitness in generation (Train): 0.43 | Mean fitness (Train): 0.46 | Mean fitness (Test): 0.49
 | Mean Accuracy (Test): 0.87
Generation 465 | Best fitness (Train): 0.39 | Best fitness in generation (Train): 0.42 | Mean fitness (Train): 0.44 | Mean fitness (Test): 0.53
 | Mean Accuracy (Test): 0.86
Generation 470 | Best fitness (Train): 0.39 | Best fitness in generation (Train): 0.42 | Mean fitness (Train): 0.44 | Mean fitness (Test): 0.49
 | Mean Accuracy (Test): 0.86
Generation 475 | Best fitness (Train): 0.39 | Best fitness in generation (Train): 0.48 | Mean fitness (Train): 0.51 | Mean fitness (Test): 0.56
 | Mean Accuracy (Test): 0.86
Generation 480 | Best fitness (Train): 0.39 | Best fitness in generation (Train): 0.48 | Mean fitness (Train): 0.51 | Mean fitness (Test): 0.48
 | Mean Accuracy (Test): 0.87
Generation 485 | Best fitness (Train): 0.39 | Best fitness in generation (Train): 0.50 | Mean fitness (Train): 0.52 | Mean fitness (Test): 0.58
 | Mean Accuracy (Test): 0.86
Generation 490 | Best fitness (Train): 0.39 | Best fitness in generation (Train): 0.45 | Mean fitness (Train): 0.47 | Mean fitness (Test): 0.44
 | Mean Accuracy (Test): 0.87
Generation 495 | Best fitness (Train): 0.39 | Best fitness in generation (Train): 0.43 | Mean fitness (Train): 0.45 | Mean fitness (Test): 0.58
 | Mean Accuracy (Test): 0.86
Generation 500 | Best fitness (Train): 0.39 | Best fitness in generation (Train): 0.46 | Mean fitness (Train): 0.49 | Mean fitness (Test): 0.46
 | Mean Accuracy (Test): 0.88
Generation 505 | Best fitness (Train): 0.39 | Best fitness in generation (Train): 0.48 | Mean fitness (Train): 0.51 | Mean fitness (Test): 0.48
 | Mean Accuracy (Test): 0.87
Generation 510 | Best fitness (Train): 0.39 | Best fitness in generation (Train): 0.42 | Mean fitness (Train): 0.45 | Mean fitness (Test): 0.53
 | Mean Accuracy (Test): 0.87
Generation 515 | Best fitness (Train): 0.36 | Best fitness in generation (Train): 0.45 | Mean fitness (Train): 0.47 | Mean fitness (Test): 0.51
 | Mean Accuracy (Test): 0.87
Generation 520 | Best fitness (Train): 0.36 | Best fitness in generation (Train): 0.45 | Mean fitness (Train): 0.47 | Mean fitness (Test): 0.38
 | Mean Accuracy (Test): 0.89
Generation 525 | Best fitness (Train): 0.36 | Best fitness in generation (Train): 0.44 | Mean fitness (Train): 0.46 | Mean fitness (Test): 0.49
 | Mean Accuracy (Test): 0.88
Generation 530 | Best fitness (Train): 0.36 | Best fitness in generation (Train): 0.46 | Mean fitness (Train): 0.48 | Mean fitness (Test): 0.37
 | Mean Accuracy (Test): 0.89
Generation 535 | Best fitness (Train): 0.36 | Best fitness in generation (Train): 0.39 | Mean fitness (Train): 0.41 | Mean fitness (Test): 0.44
 | Mean Accuracy (Test): 0.89
Generation 540 | Best fitness (Train): 0.36 | Best fitness in generation (Train): 0.46 | Mean fitness (Train): 0.48 | Mean fitness (Test): 0.40
 | Mean Accuracy (Test): 0.88
Generation 545 | Best fitness (Train): 0.36 | Best fitness in generation (Train): 0.44 | Mean fitness (Train): 0.47 | Mean fitness (Test): 0.47
 | Mean Accuracy (Test): 0.87
Generation 550 | Best fitness (Train): 0.36 | Best fitness in generation (Train): 0.43 | Mean fitness (Train): 0.45 | Mean fitness (Test): 0.43
 | Mean Accuracy (Test): 0.88
Generation 555 | Best fitness (Train): 0.36 | Best fitness in generation (Train): 0.38 | Mean fitness (Train): 0.40 | Mean fitness (Test): 0.46
 | Mean Accuracy (Test): 0.88
Generation 560 | Best fitness (Train): 0.36 | Best fitness in generation (Train): 0.48 | Mean fitness (Train): 0.50 | Mean fitness (Test): 0.43
 | Mean Accuracy (Test): 0.88
Generation 565 | Best fitness (Train): 0.35 | Best fitness in generation (Train): 0.39 | Mean fitness (Train): 0.41 | Mean fitness (Test): 0.44
 | Mean Accuracy (Test): 0.88
Generation 570 | Best fitness (Train): 0.35 | Best fitness in generation (Train): 0.46 | Mean fitness (Train): 0.48 | Mean fitness (Test): 0.42
 | Mean Accuracy (Test): 0.88
Generation 575 | Best fitness (Train): 0.35 | Best fitness in generation (Train): 0.36 | Mean fitness (Train): 0.37 | Mean fitness (Test): 0.44
 | Mean Accuracy (Test): 0.88
Generation 580 | Best fitness (Train): 0.35 | Best fitness in generation (Train): 0.49 | Mean fitness (Train): 0.51 | Mean fitness (Test): 0.43
 | Mean Accuracy (Test): 0.87
Generation 585 | Best fitness (Train): 0.35 | Best fitness in generation (Train): 0.36 | Mean fitness (Train): 0.38 | Mean fitness (Test): 0.43
 | Mean Accuracy (Test): 0.88
Generation 590 | Best fitness (Train): 0.35 | Best fitness in generation (Train): 0.42 | Mean fitness (Train): 0.43 | Mean fitness (Test): 0.42
 | Mean Accuracy (Test): 0.89
Generation 595 | Best fitness (Train): 0.34 | Best fitness in generation (Train): 0.34 | Mean fitness (Train): 0.35 | Mean fitness (Test): 0.43
 | Mean Accuracy (Test): 0.88
Generation 600 | Best fitness (Train): 0.34 | Best fitness in generation (Train): 0.40 | Mean fitness (Train): 0.41 | Mean fitness (Test): 0.44
 | Mean Accuracy (Test): 0.88
Generation 605 | Best fitness (Train): 0.34 | Best fitness in generation (Train): 0.40 | Mean fitness (Train): 0.42 | Mean fitness (Test): 0.40
 | Mean Accuracy (Test): 0.90
Generation 610 | Best fitness (Train): 0.34 | Best fitness in generation (Train): 0.35 | Mean fitness (Train): 0.36 | Mean fitness (Test): 0.42
 | Mean Accuracy (Test): 0.89
Generation 615 | Best fitness (Train): 0.34 | Best fitness in generation (Train): 0.37 | Mean fitness (Train): 0.39 | Mean fitness (Test): 0.39
 | Mean Accuracy (Test): 0.88
Generation 620 | Best fitness (Train): 0.34 | Best fitness in generation (Train): 0.39 | Mean fitness (Train): 0.40 | Mean fitness (Test): 0.36
 | Mean Accuracy (Test): 0.90
Generation 625 | Best fitness (Train): 0.34 | Best fitness in generation (Train): 0.35 | Mean fitness (Train): 0.36 | Mean fitness (Test): 0.43
 | Mean Accuracy (Test): 0.88
Generation 630 | Best fitness (Train): 0.33 | Best fitness in generation (Train): 0.35 | Mean fitness (Train): 0.36 | Mean fitness (Test): 0.43
 | Mean Accuracy (Test): 0.88
Generation 635 | Best fitness (Train): 0.33 | Best fitness in generation (Train): 0.40 | Mean fitness (Train): 0.41 | Mean fitness (Test): 0.42
 | Mean Accuracy (Test): 0.89
Generation 640 | Best fitness (Train): 0.33 | Best fitness in generation (Train): 0.40 | Mean fitness (Train): 0.41 | Mean fitness (Test): 0.44
 | Mean Accuracy (Test): 0.88
Generation 645 | Best fitness (Train): 0.33 | Best fitness in generation (Train): 0.37 | Mean fitness (Train): 0.38 | Mean fitness (Test): 0.41
 | Mean Accuracy (Test): 0.89
Generation 650 | Best fitness (Train): 0.33 | Best fitness in generation (Train): 0.39 | Mean fitness (Train): 0.40 | Mean fitness (Test): 0.46
 | Mean Accuracy (Test): 0.88
Generation 655 | Best fitness (Train): 0.30 | Best fitness in generation (Train): 0.40 | Mean fitness (Train): 0.41 | Mean fitness (Test): 0.41
 | Mean Accuracy (Test): 0.89
Generation 660 | Best fitness (Train): 0.30 | Best fitness in generation (Train): 0.38 | Mean fitness (Train): 0.40 | Mean fitness (Test): 0.31
 | Mean Accuracy (Test): 0.90
Generation 665 | Best fitness (Train): 0.30 | Best fitness in generation (Train): 0.39 | Mean fitness (Train): 0.40 | Mean fitness (Test): 0.39
 | Mean Accuracy (Test): 0.90
Generation 670 | Best fitness (Train): 0.30 | Best fitness in generation (Train): 0.32 | Mean fitness (Train): 0.33 | Mean fitness (Test): 0.36
 | Mean Accuracy (Test): 0.90
Generation 675 | Best fitness (Train): 0.30 | Best fitness in generation (Train): 0.40 | Mean fitness (Train): 0.41 | Mean fitness (Test): 0.40
 | Mean Accuracy (Test): 0.89
Generation 680 | Best fitness (Train): 0.30 | Best fitness in generation (Train): 0.41 | Mean fitness (Train): 0.42 | Mean fitness (Test): 0.37
 | Mean Accuracy (Test): 0.90
Generation 685 | Best fitness (Train): 0.30 | Best fitness in generation (Train): 0.49 | Mean fitness (Train): 0.50 | Mean fitness (Test): 0.42
 | Mean Accuracy (Test): 0.89
Generation 690 | Best fitness (Train): 0.30 | Best fitness in generation (Train): 0.39 | Mean fitness (Train): 0.40 | Mean fitness (Test): 0.37
 | Mean Accuracy (Test): 0.90
Generation 695 | Best fitness (Train): 0.30 | Best fitness in generation (Train): 0.43 | Mean fitness (Train): 0.44 | Mean fitness (Test): 0.44
 | Mean Accuracy (Test): 0.89
Generation 700 | Best fitness (Train): 0.30 | Best fitness in generation (Train): 0.34 | Mean fitness (Train): 0.35 | Mean fitness (Test): 0.33
 | Mean Accuracy (Test): 0.91
Generation 705 | Best fitness (Train): 0.30 | Best fitness in generation (Train): 0.38 | Mean fitness (Train): 0.39 | Mean fitness (Test): 0.38
 | Mean Accuracy (Test): 0.89
Generation 710 | Best fitness (Train): 0.30 | Best fitness in generation (Train): 0.30 | Mean fitness (Train): 0.30 | Mean fitness (Test): 0.38
 | Mean Accuracy (Test): 0.90
Generation 715 | Best fitness (Train): 0.30 | Best fitness in generation (Train): 0.35 | Mean fitness (Train): 0.36 | Mean fitness (Test): 0.29
 | Mean Accuracy (Test): 0.90
Generation 720 | Best fitness (Train): 0.30 | Best fitness in generation (Train): 0.38 | Mean fitness (Train): 0.39 | Mean fitness (Test): 0.34
 | Mean Accuracy (Test): 0.90
Generation 725 | Best fitness (Train): 0.30 | Best fitness in generation (Train): 0.36 | Mean fitness (Train): 0.37 | Mean fitness (Test): 0.42
 | Mean Accuracy (Test): 0.89
Generation 730 | Best fitness (Train): 0.30 | Best fitness in generation (Train): 0.40 | Mean fitness (Train): 0.41 | Mean fitness (Test): 0.35
 | Mean Accuracy (Test): 0.91
Generation 735 | Best fitness (Train): 0.30 | Best fitness in generation (Train): 0.35 | Mean fitness (Train): 0.36 | Mean fitness (Test): 0.43
 | Mean Accuracy (Test): 0.88
Generation 740 | Best fitness (Train): 0.30 | Best fitness in generation (Train): 0.33 | Mean fitness (Train): 0.34 | Mean fitness (Test): 0.32
 | Mean Accuracy (Test): 0.90
Generation 745 | Best fitness (Train): 0.30 | Best fitness in generation (Train): 0.33 | Mean fitness (Train): 0.34 | Mean fitness (Test): 0.33
 | Mean Accuracy (Test): 0.90
Generation 750 | Best fitness (Train): 0.30 | Best fitness in generation (Train): 0.37 | Mean fitness (Train): 0.38 | Mean fitness (Test): 0.38
 | Mean Accuracy (Test): 0.88
Generation 755 | Best fitness (Train): 0.30 | Best fitness in generation (Train): 0.36 | Mean fitness (Train): 0.36 | Mean fitness (Test): 0.38
 | Mean Accuracy (Test): 0.89
Generation 760 | Best fitness (Train): 0.30 | Best fitness in generation (Train): 0.34 | Mean fitness (Train): 0.35 | Mean fitness (Test): 0.41
 | Mean Accuracy (Test): 0.90
Generation 765 | Best fitness (Train): 0.30 | Best fitness in generation (Train): 0.38 | Mean fitness (Train): 0.39 | Mean fitness (Test): 0.40
 | Mean Accuracy (Test): 0.90
Generation 770 | Best fitness (Train): 0.30 | Best fitness in generation (Train): 0.41 | Mean fitness (Train): 0.41 | Mean fitness (Test): 0.35
 | Mean Accuracy (Test): 0.90
Generation 775 | Best fitness (Train): 0.28 | Best fitness in generation (Train): 0.34 | Mean fitness (Train): 0.35 | Mean fitness (Test): 0.38
 | Mean Accuracy (Test): 0.89
Generation 780 | Best fitness (Train): 0.28 | Best fitness in generation (Train): 0.36 | Mean fitness (Train): 0.37 | Mean fitness (Test): 0.31
 | Mean Accuracy (Test): 0.91
Generation 785 | Best fitness (Train): 0.28 | Best fitness in generation (Train): 0.33 | Mean fitness (Train): 0.33 | Mean fitness (Test): 0.31
 | Mean Accuracy (Test): 0.90
Generation 790 | Best fitness (Train): 0.28 | Best fitness in generation (Train): 0.29 | Mean fitness (Train): 0.29 | Mean fitness (Test): 0.37
 | Mean Accuracy (Test): 0.90
Generation 795 | Best fitness (Train): 0.28 | Best fitness in generation (Train): 0.36 | Mean fitness (Train): 0.37 | Mean fitness (Test): 0.34
 | Mean Accuracy (Test): 0.90
Generation 800 | Best fitness (Train): 0.28 | Best fitness in generation (Train): 0.38 | Mean fitness (Train): 0.39 | Mean fitness (Test): 0.40
 | Mean Accuracy (Test): 0.90
Generation 805 | Best fitness (Train): 0.28 | Best fitness in generation (Train): 0.38 | Mean fitness (Train): 0.39 | Mean fitness (Test): 0.31
 | Mean Accuracy (Test): 0.91
Generation 810 | Best fitness (Train): 0.28 | Best fitness in generation (Train): 0.41 | Mean fitness (Train): 0.42 | Mean fitness (Test): 0.38
 | Mean Accuracy (Test): 0.90
Generation 815 | Best fitness (Train): 0.28 | Best fitness in generation (Train): 0.34 | Mean fitness (Train): 0.35 | Mean fitness (Test): 0.31
 | Mean Accuracy (Test): 0.91
Generation 820 | Best fitness (Train): 0.28 | Best fitness in generation (Train): 0.33 | Mean fitness (Train): 0.33 | Mean fitness (Test): 0.32
 | Mean Accuracy (Test): 0.90
Generation 825 | Best fitness (Train): 0.28 | Best fitness in generation (Train): 0.37 | Mean fitness (Train): 0.38 | Mean fitness (Test): 0.41
 | Mean Accuracy (Test): 0.90
Generation 830 | Best fitness (Train): 0.28 | Best fitness in generation (Train): 0.34 | Mean fitness (Train): 0.34 | Mean fitness (Test): 0.38
 | Mean Accuracy (Test): 0.90
Generation 835 | Best fitness (Train): 0.26 | Best fitness in generation (Train): 0.37 | Mean fitness (Train): 0.38 | Mean fitness (Test): 0.33
 | Mean Accuracy (Test): 0.92
Generation 840 | Best fitness (Train): 0.26 | Best fitness in generation (Train): 0.37 | Mean fitness (Train): 0.38 | Mean fitness (Test): 0.35
 | Mean Accuracy (Test): 0.90
Generation 845 | Best fitness (Train): 0.26 | Best fitness in generation (Train): 0.34 | Mean fitness (Train): 0.35 | Mean fitness (Test): 0.37
 | Mean Accuracy (Test): 0.90
Generation 850 | Best fitness (Train): 0.26 | Best fitness in generation (Train): 0.36 | Mean fitness (Train): 0.36 | Mean fitness (Test): 0.39
 | Mean Accuracy (Test): 0.89
Generation 855 | Best fitness (Train): 0.26 | Best fitness in generation (Train): 0.32 | Mean fitness (Train): 0.33 | Mean fitness (Test): 0.43
 | Mean Accuracy (Test): 0.90
Generation 860 | Best fitness (Train): 0.26 | Best fitness in generation (Train): 0.37 | Mean fitness (Train): 0.37 | Mean fitness (Test): 0.29
 | Mean Accuracy (Test): 0.92
Generation 865 | Best fitness (Train): 0.26 | Best fitness in generation (Train): 0.30 | Mean fitness (Train): 0.31 | Mean fitness (Test): 0.41
 | Mean Accuracy (Test): 0.90
Generation 870 | Best fitness (Train): 0.26 | Best fitness in generation (Train): 0.37 | Mean fitness (Train): 0.38 | Mean fitness (Test): 0.28
 | Mean Accuracy (Test): 0.91
Generation 875 | Best fitness (Train): 0.26 | Best fitness in generation (Train): 0.39 | Mean fitness (Train): 0.39 | Mean fitness (Test): 0.35
 | Mean Accuracy (Test): 0.90
Generation 880 | Best fitness (Train): 0.26 | Best fitness in generation (Train): 0.31 | Mean fitness (Train): 0.31 | Mean fitness (Test): 0.41
 | Mean Accuracy (Test): 0.90
Generation 885 | Best fitness (Train): 0.26 | Best fitness in generation (Train): 0.29 | Mean fitness (Train): 0.30 | Mean fitness (Test): 0.39
 | Mean Accuracy (Test): 0.89
Generation 890 | Best fitness (Train): 0.26 | Best fitness in generation (Train): 0.35 | Mean fitness (Train): 0.35 | Mean fitness (Test): 0.32
 | Mean Accuracy (Test): 0.91
Generation 895 | Best fitness (Train): 0.26 | Best fitness in generation (Train): 0.33 | Mean fitness (Train): 0.33 | Mean fitness (Test): 0.37
 | Mean Accuracy (Test): 0.91
Generation 900 | Best fitness (Train): 0.26 | Best fitness in generation (Train): 0.36 | Mean fitness (Train): 0.37 | Mean fitness (Test): 0.35
 | Mean Accuracy (Test): 0.90
Generation 905 | Best fitness (Train): 0.26 | Best fitness in generation (Train): 0.37 | Mean fitness (Train): 0.37 | Mean fitness (Test): 0.39
 | Mean Accuracy (Test): 0.89
Generation 910 | Best fitness (Train): 0.26 | Best fitness in generation (Train): 0.26 | Mean fitness (Train): 0.27 | Mean fitness (Test): 0.40
 | Mean Accuracy (Test): 0.90
Generation 915 | Best fitness (Train): 0.26 | Best fitness in generation (Train): 0.39 | Mean fitness (Train): 0.40 | Mean fitness (Test): 0.40
 | Mean Accuracy (Test): 0.91
Generation 920 | Best fitness (Train): 0.25 | Best fitness in generation (Train): 0.25 | Mean fitness (Train): 0.25 | Mean fitness (Test): 0.32
 | Mean Accuracy (Test): 0.91
Generation 925 | Best fitness (Train): 0.25 | Best fitness in generation (Train): 0.35 | Mean fitness (Train): 0.35 | Mean fitness (Test): 0.32
 | Mean Accuracy (Test): 0.92
Generation 930 | Best fitness (Train): 0.25 | Best fitness in generation (Train): 0.35 | Mean fitness (Train): 0.35 | Mean fitness (Test): 0.38
 | Mean Accuracy (Test): 0.90
Generation 935 | Best fitness (Train): 0.25 | Best fitness in generation (Train): 0.34 | Mean fitness (Train): 0.34 | Mean fitness (Test): 0.34
 | Mean Accuracy (Test): 0.90
Generation 940 | Best fitness (Train): 0.25 | Best fitness in generation (Train): 0.27 | Mean fitness (Train): 0.28 | Mean fitness (Test): 0.34
 | Mean Accuracy (Test): 0.91
Generation 945 | Best fitness (Train): 0.25 | Best fitness in generation (Train): 0.37 | Mean fitness (Train): 0.38 | Mean fitness (Test): 0.32
 | Mean Accuracy (Test): 0.91
Generation 950 | Best fitness (Train): 0.25 | Best fitness in generation (Train): 0.37 | Mean fitness (Train): 0.38 | Mean fitness (Test): 0.36
 | Mean Accuracy (Test): 0.90
Generation 955 | Best fitness (Train): 0.25 | Best fitness in generation (Train): 0.37 | Mean fitness (Train): 0.37 | Mean fitness (Test): 0.37
 | Mean Accuracy (Test): 0.91
Generation 960 | Best fitness (Train): 0.25 | Best fitness in generation (Train): 0.28 | Mean fitness (Train): 0.28 | Mean fitness (Test): 0.36
 | Mean Accuracy (Test): 0.90
Generation 965 | Best fitness (Train): 0.25 | Best fitness in generation (Train): 0.32 | Mean fitness (Train): 0.32 | Mean fitness (Test): 0.34
 | Mean Accuracy (Test): 0.91
Generation 970 | Best fitness (Train): 0.25 | Best fitness in generation (Train): 0.32 | Mean fitness (Train): 0.32 | Mean fitness (Test): 0.35
 | Mean Accuracy (Test): 0.90
Generation 975 | Best fitness (Train): 0.25 | Best fitness in generation (Train): 0.36 | Mean fitness (Train): 0.37 | Mean fitness (Test): 0.32
 | Mean Accuracy (Test): 0.92
Generation 980 | Best fitness (Train): 0.25 | Best fitness in generation (Train): 0.40 | Mean fitness (Train): 0.41 | Mean fitness (Test): 0.32
 | Mean Accuracy (Test): 0.92
Generation 985 | Best fitness (Train): 0.25 | Best fitness in generation (Train): 0.30 | Mean fitness (Train): 0.30 | Mean fitness (Test): 0.35
 | Mean Accuracy (Test): 0.89
Generation 990 | Best fitness (Train): 0.25 | Best fitness in generation (Train): 0.28 | Mean fitness (Train): 0.29 | Mean fitness (Test): 0.37
 | Mean Accuracy (Test): 0.90
Generation 995 | Best fitness (Train): 0.25 | Best fitness in generation (Train): 0.33 | Mean fitness (Train): 0.34 | Mean fitness (Test): 0.28
 | Mean Accuracy (Test): 0.91
Generation 1000 | Best fitness (Train): 0.25 | Best fitness in generation (Train): 0.34 | Mean fitness (Train): 0.34 | Mean fitness (Test): 0.33
 | Mean Accuracy (Test): 0.91

Running ES algorithms: 100%|█████████████████████████████████████████████████████████████████████████████████████████████████| 1/1 [04:34<00:00, 274.74s/it][ARunning ES algorithms: 100%|█████████████████████████████████████████████████████████████████████████████████████████████████| 1/1 [04:34<00:00, 274.74s/it]
Successfully loaded: FashionMNIST
Loading Problems ..:  25%|████████████████████████▊                                                                          | 1/4 [04:52<14:37, 292.62s/it]
running the experiment ... [../../results/TorchVisionProblem/FashionMNIST/LearnedES/0]
Generation 005 | Best fitness (Train): 6.29 | Best fitness in generation (Train): 6.29 | Mean fitness (Train): 10.79 | Mean fitness (Test): 2.59
 | Mean Accuracy (Test): 0.33
Generation 010 | Best fitness (Train): 4.70 | Best fitness in generation (Train): 4.70 | Mean fitness (Train): 7.82 | Mean fitness (Test): 2.23
 | Mean Accuracy (Test): 0.40
Generation 015 | Best fitness (Train): 4.55 | Best fitness in generation (Train): 4.55 | Mean fitness (Train): 6.55 | Mean fitness (Test): 2.00
 | Mean Accuracy (Test): 0.45
Generation 020 | Best fitness (Train): 4.12 | Best fitness in generation (Train): 4.31 | Mean fitness (Train): 6.19 | Mean fitness (Test): 2.05
 | Mean Accuracy (Test): 0.43
Generation 025 | Best fitness (Train): 3.70 | Best fitness in generation (Train): 3.82 | Mean fitness (Train): 5.69 | Mean fitness (Test): 1.98
 | Mean Accuracy (Test): 0.49
Generation 030 | Best fitness (Train): 3.12 | Best fitness in generation (Train): 3.40 | Mean fitness (Train): 5.02 | Mean fitness (Test): 1.82
 | Mean Accuracy (Test): 0.50
Generation 035 | Best fitness (Train): 2.80 | Best fitness in generation (Train): 2.96 | Mean fitness (Train): 4.68 | Mean fitness (Test): 1.91
 | Mean Accuracy (Test): 0.53
Generation 040 | Best fitness (Train): 2.66 | Best fitness in generation (Train): 2.66 | Mean fitness (Train): 4.50 | Mean fitness (Test): 1.97
 | Mean Accuracy (Test): 0.57
Generation 045 | Best fitness (Train): 2.48 | Best fitness in generation (Train): 2.85 | Mean fitness (Train): 4.05 | Mean fitness (Test): 1.67
 | Mean Accuracy (Test): 0.63
Generation 050 | Best fitness (Train): 2.26 | Best fitness in generation (Train): 2.26 | Mean fitness (Train): 3.78 | Mean fitness (Test): 1.51
 | Mean Accuracy (Test): 0.62
Generation 055 | Best fitness (Train): 2.26 | Best fitness in generation (Train): 2.59 | Mean fitness (Train): 3.61 | Mean fitness (Test): 1.68
 | Mean Accuracy (Test): 0.61
Generation 060 | Best fitness (Train): 2.00 | Best fitness in generation (Train): 2.26 | Mean fitness (Train): 3.34 | Mean fitness (Test): 1.46
 | Mean Accuracy (Test): 0.65
Generation 065 | Best fitness (Train): 2.00 | Best fitness in generation (Train): 2.42 | Mean fitness (Train): 3.42 | Mean fitness (Test): 1.52
 | Mean Accuracy (Test): 0.65
Generation 070 | Best fitness (Train): 2.00 | Best fitness in generation (Train): 2.26 | Mean fitness (Train): 3.47 | Mean fitness (Test): 1.61
 | Mean Accuracy (Test): 0.63
Generation 075 | Best fitness (Train): 2.00 | Best fitness in generation (Train): 2.28 | Mean fitness (Train): 3.21 | Mean fitness (Test): 1.54
 | Mean Accuracy (Test): 0.65
Generation 080 | Best fitness (Train): 2.00 | Best fitness in generation (Train): 2.30 | Mean fitness (Train): 3.17 | Mean fitness (Test): 1.53
 | Mean Accuracy (Test): 0.64
Generation 085 | Best fitness (Train): 1.98 | Best fitness in generation (Train): 2.31 | Mean fitness (Train): 3.04 | Mean fitness (Test): 1.65
 | Mean Accuracy (Test): 0.64
Generation 090 | Best fitness (Train): 1.87 | Best fitness in generation (Train): 2.01 | Mean fitness (Train): 2.81 | Mean fitness (Test): 1.85
 | Mean Accuracy (Test): 0.60
Generation 095 | Best fitness (Train): 1.87 | Best fitness in generation (Train): 1.97 | Mean fitness (Train): 2.65 | Mean fitness (Test): 1.54
 | Mean Accuracy (Test): 0.67
Generation 100 | Best fitness (Train): 1.68 | Best fitness in generation (Train): 2.02 | Mean fitness (Train): 2.60 | Mean fitness (Test): 1.37
 | Mean Accuracy (Test): 0.67
Generation 105 | Best fitness (Train): 1.68 | Best fitness in generation (Train): 2.20 | Mean fitness (Train): 2.81 | Mean fitness (Test): 1.43
 | Mean Accuracy (Test): 0.66
Generation 110 | Best fitness (Train): 1.67 | Best fitness in generation (Train): 1.95 | Mean fitness (Train): 2.57 | Mean fitness (Test): 1.51
 | Mean Accuracy (Test): 0.66
Generation 115 | Best fitness (Train): 1.67 | Best fitness in generation (Train): 1.84 | Mean fitness (Train): 2.46 | Mean fitness (Test): 1.40
 | Mean Accuracy (Test): 0.69
Generation 120 | Best fitness (Train): 1.67 | Best fitness in generation (Train): 1.81 | Mean fitness (Train): 2.48 | Mean fitness (Test): 1.63
 | Mean Accuracy (Test): 0.65
Generation 125 | Best fitness (Train): 1.65 | Best fitness in generation (Train): 1.75 | Mean fitness (Train): 2.34 | Mean fitness (Test): 1.43
 | Mean Accuracy (Test): 0.68
Generation 130 | Best fitness (Train): 1.46 | Best fitness in generation (Train): 1.64 | Mean fitness (Train): 2.20 | Mean fitness (Test): 1.43
 | Mean Accuracy (Test): 0.66
Generation 135 | Best fitness (Train): 1.46 | Best fitness in generation (Train): 1.54 | Mean fitness (Train): 2.06 | Mean fitness (Test): 1.42
 | Mean Accuracy (Test): 0.66
Generation 140 | Best fitness (Train): 1.46 | Best fitness in generation (Train): 1.60 | Mean fitness (Train): 2.11 | Mean fitness (Test): 1.40
 | Mean Accuracy (Test): 0.67
Generation 145 | Best fitness (Train): 1.46 | Best fitness in generation (Train): 1.59 | Mean fitness (Train): 2.03 | Mean fitness (Test): 1.18
 | Mean Accuracy (Test): 0.70
Generation 150 | Best fitness (Train): 1.40 | Best fitness in generation (Train): 1.53 | Mean fitness (Train): 1.87 | Mean fitness (Test): 1.28
 | Mean Accuracy (Test): 0.67
Generation 155 | Best fitness (Train): 1.40 | Best fitness in generation (Train): 1.63 | Mean fitness (Train): 2.03 | Mean fitness (Test): 1.33
 | Mean Accuracy (Test): 0.68
Generation 160 | Best fitness (Train): 1.34 | Best fitness in generation (Train): 1.43 | Mean fitness (Train): 1.80 | Mean fitness (Test): 1.28
 | Mean Accuracy (Test): 0.65
Generation 165 | Best fitness (Train): 1.34 | Best fitness in generation (Train): 1.42 | Mean fitness (Train): 1.81 | Mean fitness (Test): 1.26
 | Mean Accuracy (Test): 0.68
Generation 170 | Best fitness (Train): 1.34 | Best fitness in generation (Train): 1.35 | Mean fitness (Train): 1.71 | Mean fitness (Test): 1.23
 | Mean Accuracy (Test): 0.68
Generation 175 | Best fitness (Train): 1.26 | Best fitness in generation (Train): 1.30 | Mean fitness (Train): 1.61 | Mean fitness (Test): 1.22
 | Mean Accuracy (Test): 0.69
Generation 180 | Best fitness (Train): 1.18 | Best fitness in generation (Train): 1.18 | Mean fitness (Train): 1.46 | Mean fitness (Test): 1.16
 | Mean Accuracy (Test): 0.69
Generation 185 | Best fitness (Train): 1.16 | Best fitness in generation (Train): 1.19 | Mean fitness (Train): 1.45 | Mean fitness (Test): 1.21
 | Mean Accuracy (Test): 0.69
Generation 190 | Best fitness (Train): 1.15 | Best fitness in generation (Train): 1.15 | Mean fitness (Train): 1.42 | Mean fitness (Test): 1.19
 | Mean Accuracy (Test): 0.70
Generation 195 | Best fitness (Train): 1.15 | Best fitness in generation (Train): 1.18 | Mean fitness (Train): 1.52 | Mean fitness (Test): 1.16
 | Mean Accuracy (Test): 0.67
Generation 200 | Best fitness (Train): 1.07 | Best fitness in generation (Train): 1.07 | Mean fitness (Train): 1.34 | Mean fitness (Test): 1.11
 | Mean Accuracy (Test): 0.69
Generation 205 | Best fitness (Train): 1.07 | Best fitness in generation (Train): 1.17 | Mean fitness (Train): 1.42 | Mean fitness (Test): 1.28
 | Mean Accuracy (Test): 0.65
Generation 210 | Best fitness (Train): 1.07 | Best fitness in generation (Train): 1.18 | Mean fitness (Train): 1.40 | Mean fitness (Test): 1.10
 | Mean Accuracy (Test): 0.68
Generation 215 | Best fitness (Train): 1.02 | Best fitness in generation (Train): 1.20 | Mean fitness (Train): 1.41 | Mean fitness (Test): 0.98
 | Mean Accuracy (Test): 0.71
Generation 220 | Best fitness (Train): 1.02 | Best fitness in generation (Train): 1.20 | Mean fitness (Train): 1.37 | Mean fitness (Test): 1.08
 | Mean Accuracy (Test): 0.68
Generation 225 | Best fitness (Train): 0.95 | Best fitness in generation (Train): 1.12 | Mean fitness (Train): 1.31 | Mean fitness (Test): 1.08
 | Mean Accuracy (Test): 0.68
Generation 230 | Best fitness (Train): 0.95 | Best fitness in generation (Train): 1.02 | Mean fitness (Train): 1.17 | Mean fitness (Test): 1.09
 | Mean Accuracy (Test): 0.70
Generation 235 | Best fitness (Train): 0.95 | Best fitness in generation (Train): 1.10 | Mean fitness (Train): 1.29 | Mean fitness (Test): 1.20
 | Mean Accuracy (Test): 0.68
Generation 240 | Best fitness (Train): 0.95 | Best fitness in generation (Train): 1.03 | Mean fitness (Train): 1.21 | Mean fitness (Test): 1.15
 | Mean Accuracy (Test): 0.69
Generation 245 | Best fitness (Train): 0.95 | Best fitness in generation (Train): 1.18 | Mean fitness (Train): 1.30 | Mean fitness (Test): 1.15
 | Mean Accuracy (Test): 0.70
Generation 250 | Best fitness (Train): 0.95 | Best fitness in generation (Train): 1.08 | Mean fitness (Train): 1.22 | Mean fitness (Test): 1.15
 | Mean Accuracy (Test): 0.69
Generation 255 | Best fitness (Train): 0.95 | Best fitness in generation (Train): 1.03 | Mean fitness (Train): 1.15 | Mean fitness (Test): 1.04
 | Mean Accuracy (Test): 0.71
Generation 260 | Best fitness (Train): 0.93 | Best fitness in generation (Train): 0.93 | Mean fitness (Train): 1.06 | Mean fitness (Test): 1.05
 | Mean Accuracy (Test): 0.71
Generation 265 | Best fitness (Train): 0.93 | Best fitness in generation (Train): 0.96 | Mean fitness (Train): 1.13 | Mean fitness (Test): 1.06
 | Mean Accuracy (Test): 0.70
Generation 270 | Best fitness (Train): 0.88 | Best fitness in generation (Train): 0.95 | Mean fitness (Train): 1.05 | Mean fitness (Test): 0.96
 | Mean Accuracy (Test): 0.72
Generation 275 | Best fitness (Train): 0.88 | Best fitness in generation (Train): 0.99 | Mean fitness (Train): 1.10 | Mean fitness (Test): 0.97
 | Mean Accuracy (Test): 0.72
Generation 280 | Best fitness (Train): 0.87 | Best fitness in generation (Train): 0.87 | Mean fitness (Train): 1.00 | Mean fitness (Test): 0.96
 | Mean Accuracy (Test): 0.71
Generation 285 | Best fitness (Train): 0.87 | Best fitness in generation (Train): 1.08 | Mean fitness (Train): 1.18 | Mean fitness (Test): 0.92
 | Mean Accuracy (Test): 0.72
Generation 290 | Best fitness (Train): 0.87 | Best fitness in generation (Train): 0.90 | Mean fitness (Train): 1.02 | Mean fitness (Test): 1.01
 | Mean Accuracy (Test): 0.71
Generation 295 | Best fitness (Train): 0.87 | Best fitness in generation (Train): 0.96 | Mean fitness (Train): 1.06 | Mean fitness (Test): 0.90
 | Mean Accuracy (Test): 0.73
Generation 300 | Best fitness (Train): 0.86 | Best fitness in generation (Train): 0.87 | Mean fitness (Train): 0.96 | Mean fitness (Test): 0.84
 | Mean Accuracy (Test): 0.74
Generation 305 | Best fitness (Train): 0.86 | Best fitness in generation (Train): 0.98 | Mean fitness (Train): 1.07 | Mean fitness (Test): 0.92
 | Mean Accuracy (Test): 0.73
Generation 310 | Best fitness (Train): 0.80 | Best fitness in generation (Train): 0.80 | Mean fitness (Train): 0.89 | Mean fitness (Test): 0.85
 | Mean Accuracy (Test): 0.74
Generation 315 | Best fitness (Train): 0.80 | Best fitness in generation (Train): 0.89 | Mean fitness (Train): 0.99 | Mean fitness (Test): 0.96
 | Mean Accuracy (Test): 0.71
Generation 320 | Best fitness (Train): 0.80 | Best fitness in generation (Train): 0.97 | Mean fitness (Train): 1.05 | Mean fitness (Test): 0.82
 | Mean Accuracy (Test): 0.74
Generation 325 | Best fitness (Train): 0.80 | Best fitness in generation (Train): 0.80 | Mean fitness (Train): 0.89 | Mean fitness (Test): 0.88
 | Mean Accuracy (Test): 0.73
Generation 330 | Best fitness (Train): 0.80 | Best fitness in generation (Train): 0.91 | Mean fitness (Train): 0.99 | Mean fitness (Test): 0.92
 | Mean Accuracy (Test): 0.71
Generation 335 | Best fitness (Train): 0.80 | Best fitness in generation (Train): 0.87 | Mean fitness (Train): 0.94 | Mean fitness (Test): 0.86
 | Mean Accuracy (Test): 0.74
Generation 340 | Best fitness (Train): 0.71 | Best fitness in generation (Train): 0.71 | Mean fitness (Train): 0.79 | Mean fitness (Test): 0.80
 | Mean Accuracy (Test): 0.74
Generation 345 | Best fitness (Train): 0.71 | Best fitness in generation (Train): 0.88 | Mean fitness (Train): 0.93 | Mean fitness (Test): 0.88
 | Mean Accuracy (Test): 0.73
Generation 350 | Best fitness (Train): 0.71 | Best fitness in generation (Train): 0.82 | Mean fitness (Train): 0.89 | Mean fitness (Test): 0.78
 | Mean Accuracy (Test): 0.74
Generation 355 | Best fitness (Train): 0.71 | Best fitness in generation (Train): 0.89 | Mean fitness (Train): 0.95 | Mean fitness (Test): 0.89
 | Mean Accuracy (Test): 0.71
Generation 360 | Best fitness (Train): 0.71 | Best fitness in generation (Train): 0.87 | Mean fitness (Train): 0.93 | Mean fitness (Test): 0.88
 | Mean Accuracy (Test): 0.71
Generation 365 | Best fitness (Train): 0.71 | Best fitness in generation (Train): 0.79 | Mean fitness (Train): 0.85 | Mean fitness (Test): 0.84
 | Mean Accuracy (Test): 0.73
Generation 370 | Best fitness (Train): 0.71 | Best fitness in generation (Train): 0.78 | Mean fitness (Train): 0.84 | Mean fitness (Test): 0.87
 | Mean Accuracy (Test): 0.73
Generation 375 | Best fitness (Train): 0.71 | Best fitness in generation (Train): 0.76 | Mean fitness (Train): 0.81 | Mean fitness (Test): 0.81
 | Mean Accuracy (Test): 0.74
Generation 380 | Best fitness (Train): 0.71 | Best fitness in generation (Train): 0.84 | Mean fitness (Train): 0.90 | Mean fitness (Test): 0.78
 | Mean Accuracy (Test): 0.74
Generation 385 | Best fitness (Train): 0.71 | Best fitness in generation (Train): 0.71 | Mean fitness (Train): 0.76 | Mean fitness (Test): 0.82
 | Mean Accuracy (Test): 0.72
Generation 390 | Best fitness (Train): 0.71 | Best fitness in generation (Train): 0.82 | Mean fitness (Train): 0.88 | Mean fitness (Test): 0.83
 | Mean Accuracy (Test): 0.74
Generation 395 | Best fitness (Train): 0.70 | Best fitness in generation (Train): 0.86 | Mean fitness (Train): 0.91 | Mean fitness (Test): 0.80
 | Mean Accuracy (Test): 0.72
Generation 400 | Best fitness (Train): 0.70 | Best fitness in generation (Train): 0.74 | Mean fitness (Train): 0.79 | Mean fitness (Test): 0.82
 | Mean Accuracy (Test): 0.73
Generation 405 | Best fitness (Train): 0.70 | Best fitness in generation (Train): 0.80 | Mean fitness (Train): 0.85 | Mean fitness (Test): 0.75
 | Mean Accuracy (Test): 0.75
Generation 410 | Best fitness (Train): 0.70 | Best fitness in generation (Train): 0.76 | Mean fitness (Train): 0.80 | Mean fitness (Test): 0.81
 | Mean Accuracy (Test): 0.73
Generation 415 | Best fitness (Train): 0.70 | Best fitness in generation (Train): 0.82 | Mean fitness (Train): 0.86 | Mean fitness (Test): 0.76
 | Mean Accuracy (Test): 0.74
Generation 420 | Best fitness (Train): 0.70 | Best fitness in generation (Train): 0.78 | Mean fitness (Train): 0.81 | Mean fitness (Test): 0.77
 | Mean Accuracy (Test): 0.75
Generation 425 | Best fitness (Train): 0.70 | Best fitness in generation (Train): 0.76 | Mean fitness (Train): 0.81 | Mean fitness (Test): 0.76
 | Mean Accuracy (Test): 0.74
Generation 430 | Best fitness (Train): 0.67 | Best fitness in generation (Train): 0.67 | Mean fitness (Train): 0.71 | Mean fitness (Test): 0.76
 | Mean Accuracy (Test): 0.74
Generation 435 | Best fitness (Train): 0.67 | Best fitness in generation (Train): 0.70 | Mean fitness (Train): 0.73 | Mean fitness (Test): 0.72
 | Mean Accuracy (Test): 0.76
Generation 440 | Best fitness (Train): 0.62 | Best fitness in generation (Train): 0.78 | Mean fitness (Train): 0.83 | Mean fitness (Test): 0.76
 | Mean Accuracy (Test): 0.75
Generation 445 | Best fitness (Train): 0.62 | Best fitness in generation (Train): 0.77 | Mean fitness (Train): 0.80 | Mean fitness (Test): 0.79
 | Mean Accuracy (Test): 0.75
Generation 450 | Best fitness (Train): 0.62 | Best fitness in generation (Train): 0.73 | Mean fitness (Train): 0.75 | Mean fitness (Test): 0.71
 | Mean Accuracy (Test): 0.76
Generation 455 | Best fitness (Train): 0.62 | Best fitness in generation (Train): 0.73 | Mean fitness (Train): 0.76 | Mean fitness (Test): 0.75
 | Mean Accuracy (Test): 0.74
Generation 460 | Best fitness (Train): 0.62 | Best fitness in generation (Train): 0.68 | Mean fitness (Train): 0.72 | Mean fitness (Test): 0.78
 | Mean Accuracy (Test): 0.74
Generation 465 | Best fitness (Train): 0.62 | Best fitness in generation (Train): 0.76 | Mean fitness (Train): 0.79 | Mean fitness (Test): 0.83
 | Mean Accuracy (Test): 0.72
Generation 470 | Best fitness (Train): 0.62 | Best fitness in generation (Train): 0.70 | Mean fitness (Train): 0.73 | Mean fitness (Test): 0.78
 | Mean Accuracy (Test): 0.74
Generation 475 | Best fitness (Train): 0.62 | Best fitness in generation (Train): 0.70 | Mean fitness (Train): 0.73 | Mean fitness (Test): 0.74
 | Mean Accuracy (Test): 0.75
Generation 480 | Best fitness (Train): 0.62 | Best fitness in generation (Train): 0.66 | Mean fitness (Train): 0.69 | Mean fitness (Test): 0.71
 | Mean Accuracy (Test): 0.75
Generation 485 | Best fitness (Train): 0.62 | Best fitness in generation (Train): 0.74 | Mean fitness (Train): 0.77 | Mean fitness (Test): 0.76
 | Mean Accuracy (Test): 0.74
Generation 490 | Best fitness (Train): 0.62 | Best fitness in generation (Train): 0.68 | Mean fitness (Train): 0.71 | Mean fitness (Test): 0.78
 | Mean Accuracy (Test): 0.72
Generation 495 | Best fitness (Train): 0.62 | Best fitness in generation (Train): 0.73 | Mean fitness (Train): 0.76 | Mean fitness (Test): 0.71
 | Mean Accuracy (Test): 0.76
Generation 500 | Best fitness (Train): 0.62 | Best fitness in generation (Train): 0.73 | Mean fitness (Train): 0.75 | Mean fitness (Test): 0.78
 | Mean Accuracy (Test): 0.74
Generation 505 | Best fitness (Train): 0.62 | Best fitness in generation (Train): 0.68 | Mean fitness (Train): 0.71 | Mean fitness (Test): 0.74
 | Mean Accuracy (Test): 0.75
Generation 510 | Best fitness (Train): 0.62 | Best fitness in generation (Train): 0.81 | Mean fitness (Train): 0.84 | Mean fitness (Test): 0.72
 | Mean Accuracy (Test): 0.75
Generation 515 | Best fitness (Train): 0.62 | Best fitness in generation (Train): 0.68 | Mean fitness (Train): 0.70 | Mean fitness (Test): 0.77
 | Mean Accuracy (Test): 0.75
Generation 520 | Best fitness (Train): 0.62 | Best fitness in generation (Train): 0.68 | Mean fitness (Train): 0.71 | Mean fitness (Test): 0.69
 | Mean Accuracy (Test): 0.77
Generation 525 | Best fitness (Train): 0.62 | Best fitness in generation (Train): 0.67 | Mean fitness (Train): 0.69 | Mean fitness (Test): 0.70
 | Mean Accuracy (Test): 0.75
Generation 530 | Best fitness (Train): 0.62 | Best fitness in generation (Train): 0.72 | Mean fitness (Train): 0.75 | Mean fitness (Test): 0.74
 | Mean Accuracy (Test): 0.75
Generation 535 | Best fitness (Train): 0.62 | Best fitness in generation (Train): 0.69 | Mean fitness (Train): 0.72 | Mean fitness (Test): 0.72
 | Mean Accuracy (Test): 0.75
Generation 540 | Best fitness (Train): 0.62 | Best fitness in generation (Train): 0.69 | Mean fitness (Train): 0.71 | Mean fitness (Test): 0.74
 | Mean Accuracy (Test): 0.75
Generation 545 | Best fitness (Train): 0.62 | Best fitness in generation (Train): 0.67 | Mean fitness (Train): 0.70 | Mean fitness (Test): 0.70
 | Mean Accuracy (Test): 0.76
Generation 550 | Best fitness (Train): 0.58 | Best fitness in generation (Train): 0.64 | Mean fitness (Train): 0.67 | Mean fitness (Test): 0.76
 | Mean Accuracy (Test): 0.74
Generation 555 | Best fitness (Train): 0.58 | Best fitness in generation (Train): 0.63 | Mean fitness (Train): 0.65 | Mean fitness (Test): 0.70
 | Mean Accuracy (Test): 0.77
Generation 560 | Best fitness (Train): 0.58 | Best fitness in generation (Train): 0.68 | Mean fitness (Train): 0.71 | Mean fitness (Test): 0.73
 | Mean Accuracy (Test): 0.75
Generation 565 | Best fitness (Train): 0.58 | Best fitness in generation (Train): 0.64 | Mean fitness (Train): 0.66 | Mean fitness (Test): 0.70
 | Mean Accuracy (Test): 0.76
Generation 570 | Best fitness (Train): 0.58 | Best fitness in generation (Train): 0.69 | Mean fitness (Train): 0.71 | Mean fitness (Test): 0.76
 | Mean Accuracy (Test): 0.74
Generation 575 | Best fitness (Train): 0.58 | Best fitness in generation (Train): 0.70 | Mean fitness (Train): 0.72 | Mean fitness (Test): 0.71
 | Mean Accuracy (Test): 0.76
Generation 580 | Best fitness (Train): 0.58 | Best fitness in generation (Train): 0.74 | Mean fitness (Train): 0.76 | Mean fitness (Test): 0.77
 | Mean Accuracy (Test): 0.74
Generation 585 | Best fitness (Train): 0.58 | Best fitness in generation (Train): 0.70 | Mean fitness (Train): 0.71 | Mean fitness (Test): 0.72
 | Mean Accuracy (Test): 0.76
Generation 590 | Best fitness (Train): 0.58 | Best fitness in generation (Train): 0.67 | Mean fitness (Train): 0.69 | Mean fitness (Test): 0.74
 | Mean Accuracy (Test): 0.74
Generation 595 | Best fitness (Train): 0.58 | Best fitness in generation (Train): 0.63 | Mean fitness (Train): 0.65 | Mean fitness (Test): 0.72
 | Mean Accuracy (Test): 0.75
Generation 600 | Best fitness (Train): 0.58 | Best fitness in generation (Train): 0.69 | Mean fitness (Train): 0.71 | Mean fitness (Test): 0.73
 | Mean Accuracy (Test): 0.75
Generation 605 | Best fitness (Train): 0.58 | Best fitness in generation (Train): 0.73 | Mean fitness (Train): 0.75 | Mean fitness (Test): 0.71
 | Mean Accuracy (Test): 0.75
Generation 610 | Best fitness (Train): 0.58 | Best fitness in generation (Train): 0.67 | Mean fitness (Train): 0.69 | Mean fitness (Test): 0.73
 | Mean Accuracy (Test): 0.76
Generation 615 | Best fitness (Train): 0.58 | Best fitness in generation (Train): 0.69 | Mean fitness (Train): 0.71 | Mean fitness (Test): 0.72
 | Mean Accuracy (Test): 0.77
Generation 620 | Best fitness (Train): 0.58 | Best fitness in generation (Train): 0.67 | Mean fitness (Train): 0.68 | Mean fitness (Test): 0.73
 | Mean Accuracy (Test): 0.76
Generation 625 | Best fitness (Train): 0.58 | Best fitness in generation (Train): 0.60 | Mean fitness (Train): 0.62 | Mean fitness (Test): 0.74
 | Mean Accuracy (Test): 0.77
Generation 630 | Best fitness (Train): 0.58 | Best fitness in generation (Train): 0.63 | Mean fitness (Train): 0.64 | Mean fitness (Test): 0.71
 | Mean Accuracy (Test): 0.76
Generation 635 | Best fitness (Train): 0.58 | Best fitness in generation (Train): 0.67 | Mean fitness (Train): 0.69 | Mean fitness (Test): 0.66
 | Mean Accuracy (Test): 0.77
Generation 640 | Best fitness (Train): 0.58 | Best fitness in generation (Train): 0.64 | Mean fitness (Train): 0.65 | Mean fitness (Test): 0.69
 | Mean Accuracy (Test): 0.76
Generation 645 | Best fitness (Train): 0.58 | Best fitness in generation (Train): 0.59 | Mean fitness (Train): 0.60 | Mean fitness (Test): 0.69
 | Mean Accuracy (Test): 0.77
Generation 650 | Best fitness (Train): 0.58 | Best fitness in generation (Train): 0.67 | Mean fitness (Train): 0.68 | Mean fitness (Test): 0.78
 | Mean Accuracy (Test): 0.74
Generation 655 | Best fitness (Train): 0.58 | Best fitness in generation (Train): 0.63 | Mean fitness (Train): 0.64 | Mean fitness (Test): 0.69
 | Mean Accuracy (Test): 0.76
Generation 660 | Best fitness (Train): 0.58 | Best fitness in generation (Train): 0.68 | Mean fitness (Train): 0.70 | Mean fitness (Test): 0.69
 | Mean Accuracy (Test): 0.76
Generation 665 | Best fitness (Train): 0.58 | Best fitness in generation (Train): 0.59 | Mean fitness (Train): 0.61 | Mean fitness (Test): 0.66
 | Mean Accuracy (Test): 0.77
Generation 670 | Best fitness (Train): 0.58 | Best fitness in generation (Train): 0.63 | Mean fitness (Train): 0.64 | Mean fitness (Test): 0.65
 | Mean Accuracy (Test): 0.76
Generation 675 | Best fitness (Train): 0.58 | Best fitness in generation (Train): 0.63 | Mean fitness (Train): 0.64 | Mean fitness (Test): 0.74
 | Mean Accuracy (Test): 0.75
Generation 680 | Best fitness (Train): 0.58 | Best fitness in generation (Train): 0.67 | Mean fitness (Train): 0.68 | Mean fitness (Test): 0.70
 | Mean Accuracy (Test): 0.75
Generation 685 | Best fitness (Train): 0.58 | Best fitness in generation (Train): 0.60 | Mean fitness (Train): 0.62 | Mean fitness (Test): 0.66
 | Mean Accuracy (Test): 0.77
Generation 690 | Best fitness (Train): 0.58 | Best fitness in generation (Train): 0.70 | Mean fitness (Train): 0.72 | Mean fitness (Test): 0.70
 | Mean Accuracy (Test): 0.76
Generation 695 | Best fitness (Train): 0.58 | Best fitness in generation (Train): 0.65 | Mean fitness (Train): 0.66 | Mean fitness (Test): 0.67
 | Mean Accuracy (Test): 0.78
Generation 700 | Best fitness (Train): 0.58 | Best fitness in generation (Train): 0.63 | Mean fitness (Train): 0.64 | Mean fitness (Test): 0.66
 | Mean Accuracy (Test): 0.76
Generation 705 | Best fitness (Train): 0.58 | Best fitness in generation (Train): 0.61 | Mean fitness (Train): 0.62 | Mean fitness (Test): 0.69
 | Mean Accuracy (Test): 0.76
Generation 710 | Best fitness (Train): 0.57 | Best fitness in generation (Train): 0.61 | Mean fitness (Train): 0.62 | Mean fitness (Test): 0.74
 | Mean Accuracy (Test): 0.75
Generation 715 | Best fitness (Train): 0.57 | Best fitness in generation (Train): 0.63 | Mean fitness (Train): 0.64 | Mean fitness (Test): 0.70
 | Mean Accuracy (Test): 0.76
Generation 720 | Best fitness (Train): 0.57 | Best fitness in generation (Train): 0.60 | Mean fitness (Train): 0.61 | Mean fitness (Test): 0.72
 | Mean Accuracy (Test): 0.76
Generation 725 | Best fitness (Train): 0.57 | Best fitness in generation (Train): 0.65 | Mean fitness (Train): 0.66 | Mean fitness (Test): 0.71
 | Mean Accuracy (Test): 0.76
Generation 730 | Best fitness (Train): 0.54 | Best fitness in generation (Train): 0.63 | Mean fitness (Train): 0.64 | Mean fitness (Test): 0.68
 | Mean Accuracy (Test): 0.77
Generation 735 | Best fitness (Train): 0.54 | Best fitness in generation (Train): 0.58 | Mean fitness (Train): 0.58 | Mean fitness (Test): 0.69
 | Mean Accuracy (Test): 0.77
Generation 740 | Best fitness (Train): 0.54 | Best fitness in generation (Train): 0.62 | Mean fitness (Train): 0.63 | Mean fitness (Test): 0.66
 | Mean Accuracy (Test): 0.77
Generation 745 | Best fitness (Train): 0.54 | Best fitness in generation (Train): 0.58 | Mean fitness (Train): 0.59 | Mean fitness (Test): 0.70
 | Mean Accuracy (Test): 0.76
Generation 750 | Best fitness (Train): 0.54 | Best fitness in generation (Train): 0.57 | Mean fitness (Train): 0.58 | Mean fitness (Test): 0.64
 | Mean Accuracy (Test): 0.79
Generation 755 | Best fitness (Train): 0.54 | Best fitness in generation (Train): 0.58 | Mean fitness (Train): 0.59 | Mean fitness (Test): 0.62
 | Mean Accuracy (Test): 0.79
Generation 760 | Best fitness (Train): 0.54 | Best fitness in generation (Train): 0.65 | Mean fitness (Train): 0.65 | Mean fitness (Test): 0.67
 | Mean Accuracy (Test): 0.76
Generation 765 | Best fitness (Train): 0.54 | Best fitness in generation (Train): 0.59 | Mean fitness (Train): 0.60 | Mean fitness (Test): 0.63
 | Mean Accuracy (Test): 0.77
Generation 770 | Best fitness (Train): 0.54 | Best fitness in generation (Train): 0.61 | Mean fitness (Train): 0.62 | Mean fitness (Test): 0.61
 | Mean Accuracy (Test): 0.79
Generation 775 | Best fitness (Train): 0.54 | Best fitness in generation (Train): 0.64 | Mean fitness (Train): 0.65 | Mean fitness (Test): 0.69
 | Mean Accuracy (Test): 0.76
Generation 780 | Best fitness (Train): 0.54 | Best fitness in generation (Train): 0.63 | Mean fitness (Train): 0.64 | Mean fitness (Test): 0.68
 | Mean Accuracy (Test): 0.77
Generation 785 | Best fitness (Train): 0.54 | Best fitness in generation (Train): 0.59 | Mean fitness (Train): 0.59 | Mean fitness (Test): 0.67
 | Mean Accuracy (Test): 0.77
Generation 790 | Best fitness (Train): 0.54 | Best fitness in generation (Train): 0.64 | Mean fitness (Train): 0.65 | Mean fitness (Test): 0.66
 | Mean Accuracy (Test): 0.77
Generation 795 | Best fitness (Train): 0.54 | Best fitness in generation (Train): 0.63 | Mean fitness (Train): 0.64 | Mean fitness (Test): 0.62
 | Mean Accuracy (Test): 0.78
Generation 800 | Best fitness (Train): 0.54 | Best fitness in generation (Train): 0.63 | Mean fitness (Train): 0.64 | Mean fitness (Test): 0.68
 | Mean Accuracy (Test): 0.76
Generation 805 | Best fitness (Train): 0.54 | Best fitness in generation (Train): 0.67 | Mean fitness (Train): 0.67 | Mean fitness (Test): 0.63
 | Mean Accuracy (Test): 0.78
Generation 810 | Best fitness (Train): 0.54 | Best fitness in generation (Train): 0.63 | Mean fitness (Train): 0.64 | Mean fitness (Test): 0.71
 | Mean Accuracy (Test): 0.75
Generation 815 | Best fitness (Train): 0.54 | Best fitness in generation (Train): 0.60 | Mean fitness (Train): 0.60 | Mean fitness (Test): 0.61
 | Mean Accuracy (Test): 0.80
Generation 820 | Best fitness (Train): 0.49 | Best fitness in generation (Train): 0.49 | Mean fitness (Train): 0.50 | Mean fitness (Test): 0.65
 | Mean Accuracy (Test): 0.77
Generation 825 | Best fitness (Train): 0.49 | Best fitness in generation (Train): 0.58 | Mean fitness (Train): 0.58 | Mean fitness (Test): 0.65
 | Mean Accuracy (Test): 0.78
Generation 830 | Best fitness (Train): 0.49 | Best fitness in generation (Train): 0.60 | Mean fitness (Train): 0.61 | Mean fitness (Test): 0.66
 | Mean Accuracy (Test): 0.76
Generation 835 | Best fitness (Train): 0.49 | Best fitness in generation (Train): 0.58 | Mean fitness (Train): 0.59 | Mean fitness (Test): 0.64
 | Mean Accuracy (Test): 0.77
Generation 840 | Best fitness (Train): 0.49 | Best fitness in generation (Train): 0.62 | Mean fitness (Train): 0.63 | Mean fitness (Test): 0.68
 | Mean Accuracy (Test): 0.77
Generation 845 | Best fitness (Train): 0.49 | Best fitness in generation (Train): 0.65 | Mean fitness (Train): 0.66 | Mean fitness (Test): 0.70
 | Mean Accuracy (Test): 0.79
Generation 850 | Best fitness (Train): 0.49 | Best fitness in generation (Train): 0.61 | Mean fitness (Train): 0.62 | Mean fitness (Test): 0.69
 | Mean Accuracy (Test): 0.76
Generation 855 | Best fitness (Train): 0.49 | Best fitness in generation (Train): 0.66 | Mean fitness (Train): 0.66 | Mean fitness (Test): 0.60
 | Mean Accuracy (Test): 0.79
Generation 860 | Best fitness (Train): 0.49 | Best fitness in generation (Train): 0.69 | Mean fitness (Train): 0.69 | Mean fitness (Test): 0.69
 | Mean Accuracy (Test): 0.76
Generation 865 | Best fitness (Train): 0.49 | Best fitness in generation (Train): 0.62 | Mean fitness (Train): 0.63 | Mean fitness (Test): 0.67
 | Mean Accuracy (Test): 0.77
Generation 870 | Best fitness (Train): 0.49 | Best fitness in generation (Train): 0.60 | Mean fitness (Train): 0.61 | Mean fitness (Test): 0.70
 | Mean Accuracy (Test): 0.76
Generation 875 | Best fitness (Train): 0.49 | Best fitness in generation (Train): 0.56 | Mean fitness (Train): 0.56 | Mean fitness (Test): 0.63
 | Mean Accuracy (Test): 0.77
Generation 880 | Best fitness (Train): 0.49 | Best fitness in generation (Train): 0.61 | Mean fitness (Train): 0.62 | Mean fitness (Test): 0.66
 | Mean Accuracy (Test): 0.78
Generation 885 | Best fitness (Train): 0.49 | Best fitness in generation (Train): 0.59 | Mean fitness (Train): 0.60 | Mean fitness (Test): 0.67
 | Mean Accuracy (Test): 0.78
Generation 890 | Best fitness (Train): 0.49 | Best fitness in generation (Train): 0.60 | Mean fitness (Train): 0.61 | Mean fitness (Test): 0.61
 | Mean Accuracy (Test): 0.79
Generation 895 | Best fitness (Train): 0.49 | Best fitness in generation (Train): 0.69 | Mean fitness (Train): 0.69 | Mean fitness (Test): 0.67
 | Mean Accuracy (Test): 0.75
Generation 900 | Best fitness (Train): 0.49 | Best fitness in generation (Train): 0.58 | Mean fitness (Train): 0.58 | Mean fitness (Test): 0.61
 | Mean Accuracy (Test): 0.79
Generation 905 | Best fitness (Train): 0.49 | Best fitness in generation (Train): 0.64 | Mean fitness (Train): 0.64 | Mean fitness (Test): 0.64
 | Mean Accuracy (Test): 0.78
Generation 910 | Best fitness (Train): 0.49 | Best fitness in generation (Train): 0.58 | Mean fitness (Train): 0.58 | Mean fitness (Test): 0.63
 | Mean Accuracy (Test): 0.79
Generation 915 | Best fitness (Train): 0.49 | Best fitness in generation (Train): 0.64 | Mean fitness (Train): 0.65 | Mean fitness (Test): 0.69
 | Mean Accuracy (Test): 0.76
Generation 920 | Best fitness (Train): 0.49 | Best fitness in generation (Train): 0.58 | Mean fitness (Train): 0.59 | Mean fitness (Test): 0.67
 | Mean Accuracy (Test): 0.77
Generation 925 | Best fitness (Train): 0.49 | Best fitness in generation (Train): 0.57 | Mean fitness (Train): 0.57 | Mean fitness (Test): 0.63
 | Mean Accuracy (Test): 0.78
Generation 930 | Best fitness (Train): 0.49 | Best fitness in generation (Train): 0.63 | Mean fitness (Train): 0.64 | Mean fitness (Test): 0.62
 | Mean Accuracy (Test): 0.78
Generation 935 | Best fitness (Train): 0.49 | Best fitness in generation (Train): 0.55 | Mean fitness (Train): 0.55 | Mean fitness (Test): 0.62
 | Mean Accuracy (Test): 0.78
Generation 940 | Best fitness (Train): 0.49 | Best fitness in generation (Train): 0.59 | Mean fitness (Train): 0.60 | Mean fitness (Test): 0.65
 | Mean Accuracy (Test): 0.78
Generation 945 | Best fitness (Train): 0.49 | Best fitness in generation (Train): 0.62 | Mean fitness (Train): 0.62 | Mean fitness (Test): 0.68
 | Mean Accuracy (Test): 0.78
Generation 950 | Best fitness (Train): 0.49 | Best fitness in generation (Train): 0.60 | Mean fitness (Train): 0.61 | Mean fitness (Test): 0.64
 | Mean Accuracy (Test): 0.77
Generation 955 | Best fitness (Train): 0.49 | Best fitness in generation (Train): 0.67 | Mean fitness (Train): 0.68 | Mean fitness (Test): 0.62
 | Mean Accuracy (Test): 0.77
Generation 960 | Best fitness (Train): 0.49 | Best fitness in generation (Train): 0.60 | Mean fitness (Train): 0.61 | Mean fitness (Test): 0.63
 | Mean Accuracy (Test): 0.78
Generation 965 | Best fitness (Train): 0.49 | Best fitness in generation (Train): 0.63 | Mean fitness (Train): 0.63 | Mean fitness (Test): 0.70
 | Mean Accuracy (Test): 0.76
Generation 970 | Best fitness (Train): 0.49 | Best fitness in generation (Train): 0.62 | Mean fitness (Train): 0.62 | Mean fitness (Test): 0.66
 | Mean Accuracy (Test): 0.77
Generation 975 | Best fitness (Train): 0.49 | Best fitness in generation (Train): 0.61 | Mean fitness (Train): 0.61 | Mean fitness (Test): 0.58
 | Mean Accuracy (Test): 0.80
Generation 980 | Best fitness (Train): 0.49 | Best fitness in generation (Train): 0.57 | Mean fitness (Train): 0.58 | Mean fitness (Test): 0.61
 | Mean Accuracy (Test): 0.78
Generation 985 | Best fitness (Train): 0.49 | Best fitness in generation (Train): 0.57 | Mean fitness (Train): 0.57 | Mean fitness (Test): 0.70
 | Mean Accuracy (Test): 0.78
Generation 990 | Best fitness (Train): 0.49 | Best fitness in generation (Train): 0.56 | Mean fitness (Train): 0.57 | Mean fitness (Test): 0.63
 | Mean Accuracy (Test): 0.79
Generation 995 | Best fitness (Train): 0.49 | Best fitness in generation (Train): 0.61 | Mean fitness (Train): 0.62 | Mean fitness (Test): 0.61
 | Mean Accuracy (Test): 0.78
Generation 1000 | Best fitness (Train): 0.49 | Best fitness in generation (Train): 0.59 | Mean fitness (Train): 0.60 | Mean fitness (Test): 0.66
 | Mean Accuracy (Test): 0.77
running the experiment ... [../../results/TorchVisionProblem/FashionMNIST/LearnedES/1]
Generation 005 | Best fitness (Train): 7.97 | Best fitness in generation (Train): 7.97 | Mean fitness (Train): 13.75 | Mean fitness (Test): 2.95
 | Mean Accuracy (Test): 0.20
Generation 010 | Best fitness (Train): 6.32 | Best fitness in generation (Train): 6.59 | Mean fitness (Train): 9.58 | Mean fitness (Test): 2.86
 | Mean Accuracy (Test): 0.33
Generation 015 | Best fitness (Train): 4.60 | Best fitness in generation (Train): 4.86 | Mean fitness (Train): 7.06 | Mean fitness (Test): 2.78
 | Mean Accuracy (Test): 0.34
Generation 020 | Best fitness (Train): 3.97 | Best fitness in generation (Train): 4.24 | Mean fitness (Train): 6.71 | Mean fitness (Test): 2.69
 | Mean Accuracy (Test): 0.36
Generation 025 | Best fitness (Train): 3.77 | Best fitness in generation (Train): 3.90 | Mean fitness (Train): 5.52 | Mean fitness (Test): 2.35
 | Mean Accuracy (Test): 0.44
Generation 030 | Best fitness (Train): 3.46 | Best fitness in generation (Train): 3.46 | Mean fitness (Train): 4.89 | Mean fitness (Test): 2.35
 | Mean Accuracy (Test): 0.43
Generation 035 | Best fitness (Train): 3.30 | Best fitness in generation (Train): 3.31 | Mean fitness (Train): 4.83 | Mean fitness (Test): 2.29
 | Mean Accuracy (Test): 0.48
Generation 040 | Best fitness (Train): 3.03 | Best fitness in generation (Train): 3.30 | Mean fitness (Train): 4.37 | Mean fitness (Test): 2.01
 | Mean Accuracy (Test): 0.54
Generation 045 | Best fitness (Train): 2.47 | Best fitness in generation (Train): 2.78 | Mean fitness (Train): 3.67 | Mean fitness (Test): 1.82
 | Mean Accuracy (Test): 0.55
Generation 050 | Best fitness (Train): 2.43 | Best fitness in generation (Train): 2.61 | Mean fitness (Train): 3.40 | Mean fitness (Test): 1.73
 | Mean Accuracy (Test): 0.55
Generation 055 | Best fitness (Train): 2.26 | Best fitness in generation (Train): 2.43 | Mean fitness (Train): 3.18 | Mean fitness (Test): 1.74
 | Mean Accuracy (Test): 0.55
Generation 060 | Best fitness (Train): 2.25 | Best fitness in generation (Train): 2.25 | Mean fitness (Train): 3.12 | Mean fitness (Test): 1.69
 | Mean Accuracy (Test): 0.59
Generation 065 | Best fitness (Train): 2.02 | Best fitness in generation (Train): 2.07 | Mean fitness (Train): 2.81 | Mean fitness (Test): 1.51
 | Mean Accuracy (Test): 0.61
Generation 070 | Best fitness (Train): 1.86 | Best fitness in generation (Train): 2.10 | Mean fitness (Train): 2.77 | Mean fitness (Test): 1.29
 | Mean Accuracy (Test): 0.63
Generation 075 | Best fitness (Train): 1.82 | Best fitness in generation (Train): 1.86 | Mean fitness (Train): 2.57 | Mean fitness (Test): 1.49
 | Mean Accuracy (Test): 0.63
Generation 080 | Best fitness (Train): 1.77 | Best fitness in generation (Train): 1.89 | Mean fitness (Train): 2.51 | Mean fitness (Test): 1.51
 | Mean Accuracy (Test): 0.62
Generation 085 | Best fitness (Train): 1.67 | Best fitness in generation (Train): 1.67 | Mean fitness (Train): 2.27 | Mean fitness (Test): 1.50
 | Mean Accuracy (Test): 0.60
Generation 090 | Best fitness (Train): 1.55 | Best fitness in generation (Train): 1.94 | Mean fitness (Train): 2.39 | Mean fitness (Test): 1.27
 | Mean Accuracy (Test): 0.65
Generation 095 | Best fitness (Train): 1.55 | Best fitness in generation (Train): 1.60 | Mean fitness (Train): 2.02 | Mean fitness (Test): 1.30
 | Mean Accuracy (Test): 0.65
Generation 100 | Best fitness (Train): 1.35 | Best fitness in generation (Train): 1.52 | Mean fitness (Train): 2.01 | Mean fitness (Test): 1.18
 | Mean Accuracy (Test): 0.66
Generation 105 | Best fitness (Train): 1.35 | Best fitness in generation (Train): 1.39 | Mean fitness (Train): 1.86 | Mean fitness (Test): 1.26
 | Mean Accuracy (Test): 0.64
Generation 110 | Best fitness (Train): 1.35 | Best fitness in generation (Train): 1.54 | Mean fitness (Train): 1.90 | Mean fitness (Test): 1.23
 | Mean Accuracy (Test): 0.65
Generation 115 | Best fitness (Train): 1.35 | Best fitness in generation (Train): 1.39 | Mean fitness (Train): 1.81 | Mean fitness (Test): 1.20
 | Mean Accuracy (Test): 0.65
Generation 120 | Best fitness (Train): 1.32 | Best fitness in generation (Train): 1.33 | Mean fitness (Train): 1.64 | Mean fitness (Test): 1.17
 | Mean Accuracy (Test): 0.66
Generation 125 | Best fitness (Train): 1.31 | Best fitness in generation (Train): 1.31 | Mean fitness (Train): 1.72 | Mean fitness (Test): 1.16
 | Mean Accuracy (Test): 0.67
Generation 130 | Best fitness (Train): 1.22 | Best fitness in generation (Train): 1.24 | Mean fitness (Train): 1.56 | Mean fitness (Test): 1.16
 | Mean Accuracy (Test): 0.66
Generation 135 | Best fitness (Train): 1.21 | Best fitness in generation (Train): 1.29 | Mean fitness (Train): 1.60 | Mean fitness (Test): 1.13
 | Mean Accuracy (Test): 0.66
Generation 140 | Best fitness (Train): 1.12 | Best fitness in generation (Train): 1.12 | Mean fitness (Train): 1.45 | Mean fitness (Test): 1.17
 | Mean Accuracy (Test): 0.64
Generation 145 | Best fitness (Train): 1.10 | Best fitness in generation (Train): 1.10 | Mean fitness (Train): 1.37 | Mean fitness (Test): 1.10
 | Mean Accuracy (Test): 0.67
Generation 150 | Best fitness (Train): 1.10 | Best fitness in generation (Train): 1.20 | Mean fitness (Train): 1.44 | Mean fitness (Test): 1.05
 | Mean Accuracy (Test): 0.67
Generation 155 | Best fitness (Train): 1.10 | Best fitness in generation (Train): 1.11 | Mean fitness (Train): 1.33 | Mean fitness (Test): 0.98
 | Mean Accuracy (Test): 0.70
Generation 160 | Best fitness (Train): 1.04 | Best fitness in generation (Train): 1.04 | Mean fitness (Train): 1.28 | Mean fitness (Test): 1.05
 | Mean Accuracy (Test): 0.68
Generation 165 | Best fitness (Train): 1.01 | Best fitness in generation (Train): 1.09 | Mean fitness (Train): 1.27 | Mean fitness (Test): 1.00
 | Mean Accuracy (Test): 0.69
Generation 170 | Best fitness (Train): 0.98 | Best fitness in generation (Train): 0.98 | Mean fitness (Train): 1.20 | Mean fitness (Test): 0.94
 | Mean Accuracy (Test): 0.69
Generation 175 | Best fitness (Train): 0.96 | Best fitness in generation (Train): 0.96 | Mean fitness (Train): 1.17 | Mean fitness (Test): 1.04
 | Mean Accuracy (Test): 0.68
Generation 180 | Best fitness (Train): 0.93 | Best fitness in generation (Train): 0.93 | Mean fitness (Train): 1.10 | Mean fitness (Test): 0.94
 | Mean Accuracy (Test): 0.71
Generation 185 | Best fitness (Train): 0.93 | Best fitness in generation (Train): 0.97 | Mean fitness (Train): 1.11 | Mean fitness (Test): 0.90
 | Mean Accuracy (Test): 0.71
Generation 190 | Best fitness (Train): 0.93 | Best fitness in generation (Train): 1.04 | Mean fitness (Train): 1.18 | Mean fitness (Test): 0.94
 | Mean Accuracy (Test): 0.71
Generation 195 | Best fitness (Train): 0.89 | Best fitness in generation (Train): 1.00 | Mean fitness (Train): 1.15 | Mean fitness (Test): 0.93
 | Mean Accuracy (Test): 0.71
Generation 200 | Best fitness (Train): 0.89 | Best fitness in generation (Train): 0.96 | Mean fitness (Train): 1.10 | Mean fitness (Test): 0.91
 | Mean Accuracy (Test): 0.73
Generation 205 | Best fitness (Train): 0.88 | Best fitness in generation (Train): 0.88 | Mean fitness (Train): 1.00 | Mean fitness (Test): 0.86
 | Mean Accuracy (Test): 0.71
Generation 210 | Best fitness (Train): 0.87 | Best fitness in generation (Train): 0.87 | Mean fitness (Train): 0.98 | Mean fitness (Test): 0.79
 | Mean Accuracy (Test): 0.74
Generation 215 | Best fitness (Train): 0.87 | Best fitness in generation (Train): 0.96 | Mean fitness (Train): 1.06 | Mean fitness (Test): 0.81
 | Mean Accuracy (Test): 0.73
Generation 220 | Best fitness (Train): 0.82 | Best fitness in generation (Train): 0.82 | Mean fitness (Train): 0.94 | Mean fitness (Test): 0.83
 | Mean Accuracy (Test): 0.71
Generation 225 | Best fitness (Train): 0.82 | Best fitness in generation (Train): 0.91 | Mean fitness (Train): 1.00 | Mean fitness (Test): 0.84
 | Mean Accuracy (Test): 0.71
Generation 230 | Best fitness (Train): 0.82 | Best fitness in generation (Train): 0.82 | Mean fitness (Train): 0.89 | Mean fitness (Test): 0.85
 | Mean Accuracy (Test): 0.73
Generation 235 | Best fitness (Train): 0.80 | Best fitness in generation (Train): 0.88 | Mean fitness (Train): 0.97 | Mean fitness (Test): 0.76
 | Mean Accuracy (Test): 0.75
Generation 240 | Best fitness (Train): 0.78 | Best fitness in generation (Train): 0.78 | Mean fitness (Train): 0.86 | Mean fitness (Test): 0.82
 | Mean Accuracy (Test): 0.74
Generation 245 | Best fitness (Train): 0.77 | Best fitness in generation (Train): 0.84 | Mean fitness (Train): 0.92 | Mean fitness (Test): 0.79
 | Mean Accuracy (Test): 0.74
Generation 250 | Best fitness (Train): 0.77 | Best fitness in generation (Train): 0.86 | Mean fitness (Train): 0.94 | Mean fitness (Test): 0.82
 | Mean Accuracy (Test): 0.72
Generation 255 | Best fitness (Train): 0.77 | Best fitness in generation (Train): 0.78 | Mean fitness (Train): 0.87 | Mean fitness (Test): 0.80
 | Mean Accuracy (Test): 0.73
Generation 260 | Best fitness (Train): 0.75 | Best fitness in generation (Train): 0.79 | Mean fitness (Train): 0.85 | Mean fitness (Test): 0.79
 | Mean Accuracy (Test): 0.73
Generation 265 | Best fitness (Train): 0.74 | Best fitness in generation (Train): 0.82 | Mean fitness (Train): 0.88 | Mean fitness (Test): 0.78
 | Mean Accuracy (Test): 0.74
Generation 270 | Best fitness (Train): 0.71 | Best fitness in generation (Train): 0.71 | Mean fitness (Train): 0.78 | Mean fitness (Test): 0.73
 | Mean Accuracy (Test): 0.76
Generation 275 | Best fitness (Train): 0.71 | Best fitness in generation (Train): 0.74 | Mean fitness (Train): 0.80 | Mean fitness (Test): 0.79
 | Mean Accuracy (Test): 0.73
Generation 280 | Best fitness (Train): 0.69 | Best fitness in generation (Train): 0.69 | Mean fitness (Train): 0.75 | Mean fitness (Test): 0.80
 | Mean Accuracy (Test): 0.72
Generation 285 | Best fitness (Train): 0.67 | Best fitness in generation (Train): 0.67 | Mean fitness (Train): 0.73 | Mean fitness (Test): 0.80
 | Mean Accuracy (Test): 0.73
Generation 290 | Best fitness (Train): 0.67 | Best fitness in generation (Train): 0.71 | Mean fitness (Train): 0.77 | Mean fitness (Test): 0.67
 | Mean Accuracy (Test): 0.78
Generation 295 | Best fitness (Train): 0.67 | Best fitness in generation (Train): 0.68 | Mean fitness (Train): 0.74 | Mean fitness (Test): 0.75
 | Mean Accuracy (Test): 0.74
Generation 300 | Best fitness (Train): 0.67 | Best fitness in generation (Train): 0.80 | Mean fitness (Train): 0.86 | Mean fitness (Test): 0.80
 | Mean Accuracy (Test): 0.73
Generation 305 | Best fitness (Train): 0.66 | Best fitness in generation (Train): 0.76 | Mean fitness (Train): 0.79 | Mean fitness (Test): 0.66
 | Mean Accuracy (Test): 0.78
Generation 310 | Best fitness (Train): 0.66 | Best fitness in generation (Train): 0.70 | Mean fitness (Train): 0.76 | Mean fitness (Test): 0.77
 | Mean Accuracy (Test): 0.73
Generation 315 | Best fitness (Train): 0.66 | Best fitness in generation (Train): 0.67 | Mean fitness (Train): 0.72 | Mean fitness (Test): 0.72
 | Mean Accuracy (Test): 0.76
Generation 320 | Best fitness (Train): 0.65 | Best fitness in generation (Train): 0.79 | Mean fitness (Train): 0.83 | Mean fitness (Test): 0.74
 | Mean Accuracy (Test): 0.74
Generation 325 | Best fitness (Train): 0.65 | Best fitness in generation (Train): 0.75 | Mean fitness (Train): 0.79 | Mean fitness (Test): 0.79
 | Mean Accuracy (Test): 0.74
Generation 330 | Best fitness (Train): 0.65 | Best fitness in generation (Train): 0.76 | Mean fitness (Train): 0.79 | Mean fitness (Test): 0.67
 | Mean Accuracy (Test): 0.76
Generation 335 | Best fitness (Train): 0.63 | Best fitness in generation (Train): 0.63 | Mean fitness (Train): 0.66 | Mean fitness (Test): 0.75
 | Mean Accuracy (Test): 0.75
Generation 340 | Best fitness (Train): 0.63 | Best fitness in generation (Train): 0.74 | Mean fitness (Train): 0.78 | Mean fitness (Test): 0.70
 | Mean Accuracy (Test): 0.78
Generation 345 | Best fitness (Train): 0.63 | Best fitness in generation (Train): 0.64 | Mean fitness (Train): 0.68 | Mean fitness (Test): 0.75
 | Mean Accuracy (Test): 0.75
Generation 350 | Best fitness (Train): 0.63 | Best fitness in generation (Train): 0.63 | Mean fitness (Train): 0.68 | Mean fitness (Test): 0.73
 | Mean Accuracy (Test): 0.76
Generation 355 | Best fitness (Train): 0.63 | Best fitness in generation (Train): 0.69 | Mean fitness (Train): 0.72 | Mean fitness (Test): 0.68
 | Mean Accuracy (Test): 0.76
Generation 360 | Best fitness (Train): 0.62 | Best fitness in generation (Train): 0.68 | Mean fitness (Train): 0.72 | Mean fitness (Test): 0.73
 | Mean Accuracy (Test): 0.75
Generation 365 | Best fitness (Train): 0.61 | Best fitness in generation (Train): 0.61 | Mean fitness (Train): 0.65 | Mean fitness (Test): 0.69
 | Mean Accuracy (Test): 0.76
Generation 370 | Best fitness (Train): 0.61 | Best fitness in generation (Train): 0.70 | Mean fitness (Train): 0.73 | Mean fitness (Test): 0.65
 | Mean Accuracy (Test): 0.76
Generation 375 | Best fitness (Train): 0.61 | Best fitness in generation (Train): 0.69 | Mean fitness (Train): 0.71 | Mean fitness (Test): 0.75
 | Mean Accuracy (Test): 0.74
Generation 380 | Best fitness (Train): 0.58 | Best fitness in generation (Train): 0.66 | Mean fitness (Train): 0.69 | Mean fitness (Test): 0.72
 | Mean Accuracy (Test): 0.75
Generation 385 | Best fitness (Train): 0.58 | Best fitness in generation (Train): 0.65 | Mean fitness (Train): 0.69 | Mean fitness (Test): 0.72
 | Mean Accuracy (Test): 0.76
Generation 390 | Best fitness (Train): 0.58 | Best fitness in generation (Train): 0.69 | Mean fitness (Train): 0.71 | Mean fitness (Test): 0.69
 | Mean Accuracy (Test): 0.77
Generation 395 | Best fitness (Train): 0.58 | Best fitness in generation (Train): 0.63 | Mean fitness (Train): 0.66 | Mean fitness (Test): 0.69
 | Mean Accuracy (Test): 0.77
Generation 400 | Best fitness (Train): 0.58 | Best fitness in generation (Train): 0.64 | Mean fitness (Train): 0.67 | Mean fitness (Test): 0.72
 | Mean Accuracy (Test): 0.76
Generation 405 | Best fitness (Train): 0.58 | Best fitness in generation (Train): 0.66 | Mean fitness (Train): 0.68 | Mean fitness (Test): 0.68
 | Mean Accuracy (Test): 0.76
Generation 410 | Best fitness (Train): 0.58 | Best fitness in generation (Train): 0.64 | Mean fitness (Train): 0.66 | Mean fitness (Test): 0.69
 | Mean Accuracy (Test): 0.76
Generation 415 | Best fitness (Train): 0.58 | Best fitness in generation (Train): 0.64 | Mean fitness (Train): 0.66 | Mean fitness (Test): 0.70
 | Mean Accuracy (Test): 0.76
Generation 420 | Best fitness (Train): 0.58 | Best fitness in generation (Train): 0.64 | Mean fitness (Train): 0.66 | Mean fitness (Test): 0.64
 | Mean Accuracy (Test): 0.78
Generation 425 | Best fitness (Train): 0.58 | Best fitness in generation (Train): 0.67 | Mean fitness (Train): 0.69 | Mean fitness (Test): 0.64
 | Mean Accuracy (Test): 0.77
Generation 430 | Best fitness (Train): 0.58 | Best fitness in generation (Train): 0.67 | Mean fitness (Train): 0.69 | Mean fitness (Test): 0.63
 | Mean Accuracy (Test): 0.79
Generation 435 | Best fitness (Train): 0.57 | Best fitness in generation (Train): 0.63 | Mean fitness (Train): 0.65 | Mean fitness (Test): 0.61
 | Mean Accuracy (Test): 0.78
Generation 440 | Best fitness (Train): 0.57 | Best fitness in generation (Train): 0.61 | Mean fitness (Train): 0.64 | Mean fitness (Test): 0.69
 | Mean Accuracy (Test): 0.75
Generation 445 | Best fitness (Train): 0.55 | Best fitness in generation (Train): 0.55 | Mean fitness (Train): 0.57 | Mean fitness (Test): 0.69
 | Mean Accuracy (Test): 0.77
Generation 450 | Best fitness (Train): 0.55 | Best fitness in generation (Train): 0.64 | Mean fitness (Train): 0.66 | Mean fitness (Test): 0.69
 | Mean Accuracy (Test): 0.75
Generation 455 | Best fitness (Train): 0.55 | Best fitness in generation (Train): 0.62 | Mean fitness (Train): 0.64 | Mean fitness (Test): 0.67
 | Mean Accuracy (Test): 0.78
Generation 460 | Best fitness (Train): 0.55 | Best fitness in generation (Train): 0.67 | Mean fitness (Train): 0.69 | Mean fitness (Test): 0.59
 | Mean Accuracy (Test): 0.79
Generation 465 | Best fitness (Train): 0.55 | Best fitness in generation (Train): 0.61 | Mean fitness (Train): 0.63 | Mean fitness (Test): 0.63
 | Mean Accuracy (Test): 0.78
Generation 470 | Best fitness (Train): 0.55 | Best fitness in generation (Train): 0.65 | Mean fitness (Train): 0.67 | Mean fitness (Test): 0.64
 | Mean Accuracy (Test): 0.78
Generation 475 | Best fitness (Train): 0.55 | Best fitness in generation (Train): 0.61 | Mean fitness (Train): 0.63 | Mean fitness (Test): 0.66
 | Mean Accuracy (Test): 0.77
Generation 480 | Best fitness (Train): 0.55 | Best fitness in generation (Train): 0.65 | Mean fitness (Train): 0.66 | Mean fitness (Test): 0.61
 | Mean Accuracy (Test): 0.79
Generation 485 | Best fitness (Train): 0.55 | Best fitness in generation (Train): 0.62 | Mean fitness (Train): 0.65 | Mean fitness (Test): 0.68
 | Mean Accuracy (Test): 0.76
Generation 490 | Best fitness (Train): 0.55 | Best fitness in generation (Train): 0.58 | Mean fitness (Train): 0.60 | Mean fitness (Test): 0.64
 | Mean Accuracy (Test): 0.77
Generation 495 | Best fitness (Train): 0.55 | Best fitness in generation (Train): 0.60 | Mean fitness (Train): 0.61 | Mean fitness (Test): 0.70
 | Mean Accuracy (Test): 0.77
Generation 500 | Best fitness (Train): 0.55 | Best fitness in generation (Train): 0.68 | Mean fitness (Train): 0.70 | Mean fitness (Test): 0.69
 | Mean Accuracy (Test): 0.76
Generation 505 | Best fitness (Train): 0.55 | Best fitness in generation (Train): 0.60 | Mean fitness (Train): 0.61 | Mean fitness (Test): 0.67
 | Mean Accuracy (Test): 0.77
Generation 510 | Best fitness (Train): 0.55 | Best fitness in generation (Train): 0.64 | Mean fitness (Train): 0.66 | Mean fitness (Test): 0.74
 | Mean Accuracy (Test): 0.76
Generation 515 | Best fitness (Train): 0.55 | Best fitness in generation (Train): 0.63 | Mean fitness (Train): 0.65 | Mean fitness (Test): 0.66
 | Mean Accuracy (Test): 0.78
Generation 520 | Best fitness (Train): 0.55 | Best fitness in generation (Train): 0.64 | Mean fitness (Train): 0.65 | Mean fitness (Test): 0.66
 | Mean Accuracy (Test): 0.76
Generation 525 | Best fitness (Train): 0.55 | Best fitness in generation (Train): 0.60 | Mean fitness (Train): 0.61 | Mean fitness (Test): 0.65
 | Mean Accuracy (Test): 0.77
Generation 530 | Best fitness (Train): 0.55 | Best fitness in generation (Train): 0.61 | Mean fitness (Train): 0.63 | Mean fitness (Test): 0.68
 | Mean Accuracy (Test): 0.75
Generation 535 | Best fitness (Train): 0.55 | Best fitness in generation (Train): 0.57 | Mean fitness (Train): 0.59 | Mean fitness (Test): 0.62
 | Mean Accuracy (Test): 0.79
Generation 540 | Best fitness (Train): 0.54 | Best fitness in generation (Train): 0.54 | Mean fitness (Train): 0.56 | Mean fitness (Test): 0.66
 | Mean Accuracy (Test): 0.78
Generation 545 | Best fitness (Train): 0.54 | Best fitness in generation (Train): 0.60 | Mean fitness (Train): 0.61 | Mean fitness (Test): 0.65
 | Mean Accuracy (Test): 0.78
Generation 550 | Best fitness (Train): 0.54 | Best fitness in generation (Train): 0.65 | Mean fitness (Train): 0.66 | Mean fitness (Test): 0.71
 | Mean Accuracy (Test): 0.75
Generation 555 | Best fitness (Train): 0.54 | Best fitness in generation (Train): 0.64 | Mean fitness (Train): 0.65 | Mean fitness (Test): 0.64
 | Mean Accuracy (Test): 0.77
Generation 560 | Best fitness (Train): 0.54 | Best fitness in generation (Train): 0.61 | Mean fitness (Train): 0.63 | Mean fitness (Test): 0.65
 | Mean Accuracy (Test): 0.76
Generation 565 | Best fitness (Train): 0.54 | Best fitness in generation (Train): 0.56 | Mean fitness (Train): 0.57 | Mean fitness (Test): 0.67
 | Mean Accuracy (Test): 0.77
Generation 570 | Best fitness (Train): 0.54 | Best fitness in generation (Train): 0.57 | Mean fitness (Train): 0.58 | Mean fitness (Test): 0.68
 | Mean Accuracy (Test): 0.77
Generation 575 | Best fitness (Train): 0.54 | Best fitness in generation (Train): 0.61 | Mean fitness (Train): 0.62 | Mean fitness (Test): 0.70
 | Mean Accuracy (Test): 0.76
Generation 580 | Best fitness (Train): 0.50 | Best fitness in generation (Train): 0.59 | Mean fitness (Train): 0.60 | Mean fitness (Test): 0.64
 | Mean Accuracy (Test): 0.78
Generation 585 | Best fitness (Train): 0.50 | Best fitness in generation (Train): 0.59 | Mean fitness (Train): 0.61 | Mean fitness (Test): 0.72
 | Mean Accuracy (Test): 0.76
Generation 590 | Best fitness (Train): 0.50 | Best fitness in generation (Train): 0.59 | Mean fitness (Train): 0.60 | Mean fitness (Test): 0.58
 | Mean Accuracy (Test): 0.80
Generation 595 | Best fitness (Train): 0.50 | Best fitness in generation (Train): 0.61 | Mean fitness (Train): 0.63 | Mean fitness (Test): 0.69
 | Mean Accuracy (Test): 0.76
Generation 600 | Best fitness (Train): 0.50 | Best fitness in generation (Train): 0.57 | Mean fitness (Train): 0.58 | Mean fitness (Test): 0.61
 | Mean Accuracy (Test): 0.78
Generation 605 | Best fitness (Train): 0.50 | Best fitness in generation (Train): 0.57 | Mean fitness (Train): 0.58 | Mean fitness (Test): 0.60
 | Mean Accuracy (Test): 0.78
Generation 610 | Best fitness (Train): 0.50 | Best fitness in generation (Train): 0.63 | Mean fitness (Train): 0.64 | Mean fitness (Test): 0.63
 | Mean Accuracy (Test): 0.78
Generation 615 | Best fitness (Train): 0.50 | Best fitness in generation (Train): 0.62 | Mean fitness (Train): 0.63 | Mean fitness (Test): 0.59
 | Mean Accuracy (Test): 0.78
Generation 620 | Best fitness (Train): 0.50 | Best fitness in generation (Train): 0.54 | Mean fitness (Train): 0.55 | Mean fitness (Test): 0.63
 | Mean Accuracy (Test): 0.78
Generation 625 | Best fitness (Train): 0.50 | Best fitness in generation (Train): 0.55 | Mean fitness (Train): 0.56 | Mean fitness (Test): 0.59
 | Mean Accuracy (Test): 0.80
Generation 630 | Best fitness (Train): 0.50 | Best fitness in generation (Train): 0.58 | Mean fitness (Train): 0.59 | Mean fitness (Test): 0.62
 | Mean Accuracy (Test): 0.77
Generation 635 | Best fitness (Train): 0.50 | Best fitness in generation (Train): 0.56 | Mean fitness (Train): 0.57 | Mean fitness (Test): 0.65
 | Mean Accuracy (Test): 0.77
Generation 640 | Best fitness (Train): 0.50 | Best fitness in generation (Train): 0.62 | Mean fitness (Train): 0.63 | Mean fitness (Test): 0.61
 | Mean Accuracy (Test): 0.78
Generation 645 | Best fitness (Train): 0.50 | Best fitness in generation (Train): 0.58 | Mean fitness (Train): 0.59 | Mean fitness (Test): 0.66
 | Mean Accuracy (Test): 0.76
Generation 650 | Best fitness (Train): 0.50 | Best fitness in generation (Train): 0.63 | Mean fitness (Train): 0.64 | Mean fitness (Test): 0.65
 | Mean Accuracy (Test): 0.79
Generation 655 | Best fitness (Train): 0.50 | Best fitness in generation (Train): 0.58 | Mean fitness (Train): 0.59 | Mean fitness (Test): 0.60
 | Mean Accuracy (Test): 0.79
Generation 660 | Best fitness (Train): 0.50 | Best fitness in generation (Train): 0.58 | Mean fitness (Train): 0.59 | Mean fitness (Test): 0.62
 | Mean Accuracy (Test): 0.78
Generation 665 | Best fitness (Train): 0.50 | Best fitness in generation (Train): 0.58 | Mean fitness (Train): 0.58 | Mean fitness (Test): 0.59
 | Mean Accuracy (Test): 0.79
Generation 670 | Best fitness (Train): 0.50 | Best fitness in generation (Train): 0.57 | Mean fitness (Train): 0.57 | Mean fitness (Test): 0.64
 | Mean Accuracy (Test): 0.78
Generation 675 | Best fitness (Train): 0.50 | Best fitness in generation (Train): 0.57 | Mean fitness (Train): 0.58 | Mean fitness (Test): 0.55
 | Mean Accuracy (Test): 0.80
Generation 680 | Best fitness (Train): 0.50 | Best fitness in generation (Train): 0.62 | Mean fitness (Train): 0.63 | Mean fitness (Test): 0.63
 | Mean Accuracy (Test): 0.79
Generation 685 | Best fitness (Train): 0.50 | Best fitness in generation (Train): 0.61 | Mean fitness (Train): 0.61 | Mean fitness (Test): 0.62
 | Mean Accuracy (Test): 0.77
Generation 690 | Best fitness (Train): 0.50 | Best fitness in generation (Train): 0.56 | Mean fitness (Train): 0.57 | Mean fitness (Test): 0.57
 | Mean Accuracy (Test): 0.80
Generation 695 | Best fitness (Train): 0.50 | Best fitness in generation (Train): 0.58 | Mean fitness (Train): 0.58 | Mean fitness (Test): 0.60
 | Mean Accuracy (Test): 0.79
Generation 700 | Best fitness (Train): 0.50 | Best fitness in generation (Train): 0.57 | Mean fitness (Train): 0.58 | Mean fitness (Test): 0.59
 | Mean Accuracy (Test): 0.80
Generation 705 | Best fitness (Train): 0.50 | Best fitness in generation (Train): 0.56 | Mean fitness (Train): 0.57 | Mean fitness (Test): 0.60
 | Mean Accuracy (Test): 0.79
Generation 710 | Best fitness (Train): 0.50 | Best fitness in generation (Train): 0.54 | Mean fitness (Train): 0.54 | Mean fitness (Test): 0.65
 | Mean Accuracy (Test): 0.77
Generation 715 | Best fitness (Train): 0.50 | Best fitness in generation (Train): 0.55 | Mean fitness (Train): 0.55 | Mean fitness (Test): 0.57
 | Mean Accuracy (Test): 0.80
Generation 720 | Best fitness (Train): 0.50 | Best fitness in generation (Train): 0.58 | Mean fitness (Train): 0.59 | Mean fitness (Test): 0.54
 | Mean Accuracy (Test): 0.80
Generation 725 | Best fitness (Train): 0.50 | Best fitness in generation (Train): 0.57 | Mean fitness (Train): 0.58 | Mean fitness (Test): 0.57
 | Mean Accuracy (Test): 0.79
Generation 730 | Best fitness (Train): 0.50 | Best fitness in generation (Train): 0.50 | Mean fitness (Train): 0.51 | Mean fitness (Test): 0.60
 | Mean Accuracy (Test): 0.79
Generation 735 | Best fitness (Train): 0.50 | Best fitness in generation (Train): 0.56 | Mean fitness (Train): 0.57 | Mean fitness (Test): 0.60
 | Mean Accuracy (Test): 0.78
Generation 740 | Best fitness (Train): 0.50 | Best fitness in generation (Train): 0.55 | Mean fitness (Train): 0.56 | Mean fitness (Test): 0.67
 | Mean Accuracy (Test): 0.77
Generation 745 | Best fitness (Train): 0.50 | Best fitness in generation (Train): 0.50 | Mean fitness (Train): 0.51 | Mean fitness (Test): 0.60
 | Mean Accuracy (Test): 0.78
Generation 750 | Best fitness (Train): 0.50 | Best fitness in generation (Train): 0.55 | Mean fitness (Train): 0.55 | Mean fitness (Test): 0.57
 | Mean Accuracy (Test): 0.79
Generation 755 | Best fitness (Train): 0.50 | Best fitness in generation (Train): 0.57 | Mean fitness (Train): 0.57 | Mean fitness (Test): 0.58
 | Mean Accuracy (Test): 0.78
Generation 760 | Best fitness (Train): 0.50 | Best fitness in generation (Train): 0.55 | Mean fitness (Train): 0.56 | Mean fitness (Test): 0.60
 | Mean Accuracy (Test): 0.78
Generation 765 | Best fitness (Train): 0.50 | Best fitness in generation (Train): 0.50 | Mean fitness (Train): 0.50 | Mean fitness (Test): 0.61
 | Mean Accuracy (Test): 0.80
Generation 770 | Best fitness (Train): 0.50 | Best fitness in generation (Train): 0.63 | Mean fitness (Train): 0.64 | Mean fitness (Test): 0.65
 | Mean Accuracy (Test): 0.77
Generation 775 | Best fitness (Train): 0.50 | Best fitness in generation (Train): 0.52 | Mean fitness (Train): 0.53 | Mean fitness (Test): 0.55
 | Mean Accuracy (Test): 0.79
Generation 780 | Best fitness (Train): 0.50 | Best fitness in generation (Train): 0.56 | Mean fitness (Train): 0.57 | Mean fitness (Test): 0.61
 | Mean Accuracy (Test): 0.80
Generation 785 | Best fitness (Train): 0.50 | Best fitness in generation (Train): 0.53 | Mean fitness (Train): 0.54 | Mean fitness (Test): 0.59
 | Mean Accuracy (Test): 0.79
Generation 790 | Best fitness (Train): 0.46 | Best fitness in generation (Train): 0.56 | Mean fitness (Train): 0.57 | Mean fitness (Test): 0.61
 | Mean Accuracy (Test): 0.78
Generation 795 | Best fitness (Train): 0.46 | Best fitness in generation (Train): 0.56 | Mean fitness (Train): 0.57 | Mean fitness (Test): 0.48
 | Mean Accuracy (Test): 0.82
Generation 800 | Best fitness (Train): 0.46 | Best fitness in generation (Train): 0.59 | Mean fitness (Train): 0.59 | Mean fitness (Test): 0.60
 | Mean Accuracy (Test): 0.78
Generation 805 | Best fitness (Train): 0.46 | Best fitness in generation (Train): 0.60 | Mean fitness (Train): 0.61 | Mean fitness (Test): 0.59
 | Mean Accuracy (Test): 0.80
Generation 810 | Best fitness (Train): 0.46 | Best fitness in generation (Train): 0.56 | Mean fitness (Train): 0.57 | Mean fitness (Test): 0.60
 | Mean Accuracy (Test): 0.79
Generation 815 | Best fitness (Train): 0.46 | Best fitness in generation (Train): 0.59 | Mean fitness (Train): 0.59 | Mean fitness (Test): 0.58
 | Mean Accuracy (Test): 0.81
Generation 820 | Best fitness (Train): 0.46 | Best fitness in generation (Train): 0.57 | Mean fitness (Train): 0.58 | Mean fitness (Test): 0.49
 | Mean Accuracy (Test): 0.82
Generation 825 | Best fitness (Train): 0.46 | Best fitness in generation (Train): 0.56 | Mean fitness (Train): 0.57 | Mean fitness (Test): 0.64
 | Mean Accuracy (Test): 0.76
Generation 830 | Best fitness (Train): 0.46 | Best fitness in generation (Train): 0.52 | Mean fitness (Train): 0.53 | Mean fitness (Test): 0.56
 | Mean Accuracy (Test): 0.80
Generation 835 | Best fitness (Train): 0.46 | Best fitness in generation (Train): 0.53 | Mean fitness (Train): 0.54 | Mean fitness (Test): 0.55
 | Mean Accuracy (Test): 0.81
Generation 840 | Best fitness (Train): 0.46 | Best fitness in generation (Train): 0.60 | Mean fitness (Train): 0.60 | Mean fitness (Test): 0.52
 | Mean Accuracy (Test): 0.81
Generation 845 | Best fitness (Train): 0.46 | Best fitness in generation (Train): 0.55 | Mean fitness (Train): 0.56 | Mean fitness (Test): 0.62
 | Mean Accuracy (Test): 0.79
Generation 850 | Best fitness (Train): 0.46 | Best fitness in generation (Train): 0.57 | Mean fitness (Train): 0.57 | Mean fitness (Test): 0.56
 | Mean Accuracy (Test): 0.80
Generation 855 | Best fitness (Train): 0.46 | Best fitness in generation (Train): 0.51 | Mean fitness (Train): 0.52 | Mean fitness (Test): 0.67
 | Mean Accuracy (Test): 0.77
Generation 860 | Best fitness (Train): 0.46 | Best fitness in generation (Train): 0.55 | Mean fitness (Train): 0.55 | Mean fitness (Test): 0.64
 | Mean Accuracy (Test): 0.77
Generation 865 | Best fitness (Train): 0.46 | Best fitness in generation (Train): 0.55 | Mean fitness (Train): 0.55 | Mean fitness (Test): 0.62
 | Mean Accuracy (Test): 0.79
Generation 870 | Best fitness (Train): 0.46 | Best fitness in generation (Train): 0.54 | Mean fitness (Train): 0.55 | Mean fitness (Test): 0.58
 | Mean Accuracy (Test): 0.79
Generation 875 | Best fitness (Train): 0.46 | Best fitness in generation (Train): 0.57 | Mean fitness (Train): 0.57 | Mean fitness (Test): 0.59
 | Mean Accuracy (Test): 0.78
Generation 880 | Best fitness (Train): 0.46 | Best fitness in generation (Train): 0.56 | Mean fitness (Train): 0.56 | Mean fitness (Test): 0.62
 | Mean Accuracy (Test): 0.78
Generation 885 | Best fitness (Train): 0.46 | Best fitness in generation (Train): 0.56 | Mean fitness (Train): 0.57 | Mean fitness (Test): 0.58
 | Mean Accuracy (Test): 0.79
Generation 890 | Best fitness (Train): 0.46 | Best fitness in generation (Train): 0.56 | Mean fitness (Train): 0.56 | Mean fitness (Test): 0.63
 | Mean Accuracy (Test): 0.79
Generation 895 | Best fitness (Train): 0.46 | Best fitness in generation (Train): 0.59 | Mean fitness (Train): 0.59 | Mean fitness (Test): 0.65
 | Mean Accuracy (Test): 0.78
Generation 900 | Best fitness (Train): 0.46 | Best fitness in generation (Train): 0.52 | Mean fitness (Train): 0.53 | Mean fitness (Test): 0.57
 | Mean Accuracy (Test): 0.79
Generation 905 | Best fitness (Train): 0.46 | Best fitness in generation (Train): 0.60 | Mean fitness (Train): 0.60 | Mean fitness (Test): 0.59
 | Mean Accuracy (Test): 0.80
Generation 910 | Best fitness (Train): 0.46 | Best fitness in generation (Train): 0.54 | Mean fitness (Train): 0.54 | Mean fitness (Test): 0.54
 | Mean Accuracy (Test): 0.80
Generation 915 | Best fitness (Train): 0.46 | Best fitness in generation (Train): 0.58 | Mean fitness (Train): 0.59 | Mean fitness (Test): 0.58
 | Mean Accuracy (Test): 0.80
Generation 920 | Best fitness (Train): 0.46 | Best fitness in generation (Train): 0.53 | Mean fitness (Train): 0.53 | Mean fitness (Test): 0.62
 | Mean Accuracy (Test): 0.78
Generation 925 | Best fitness (Train): 0.46 | Best fitness in generation (Train): 0.52 | Mean fitness (Train): 0.52 | Mean fitness (Test): 0.59
 | Mean Accuracy (Test): 0.80
Generation 930 | Best fitness (Train): 0.46 | Best fitness in generation (Train): 0.59 | Mean fitness (Train): 0.59 | Mean fitness (Test): 0.65
 | Mean Accuracy (Test): 0.79
Generation 935 | Best fitness (Train): 0.46 | Best fitness in generation (Train): 0.52 | Mean fitness (Train): 0.52 | Mean fitness (Test): 0.65
 | Mean Accuracy (Test): 0.78
Generation 940 | Best fitness (Train): 0.46 | Best fitness in generation (Train): 0.55 | Mean fitness (Train): 0.55 | Mean fitness (Test): 0.53
 | Mean Accuracy (Test): 0.82
Generation 945 | Best fitness (Train): 0.46 | Best fitness in generation (Train): 0.53 | Mean fitness (Train): 0.54 | Mean fitness (Test): 0.57
 | Mean Accuracy (Test): 0.79
Generation 950 | Best fitness (Train): 0.46 | Best fitness in generation (Train): 0.47 | Mean fitness (Train): 0.47 | Mean fitness (Test): 0.56
 | Mean Accuracy (Test): 0.82
Generation 955 | Best fitness (Train): 0.46 | Best fitness in generation (Train): 0.56 | Mean fitness (Train): 0.57 | Mean fitness (Test): 0.61
 | Mean Accuracy (Test): 0.79
Generation 960 | Best fitness (Train): 0.46 | Best fitness in generation (Train): 0.61 | Mean fitness (Train): 0.61 | Mean fitness (Test): 0.63
 | Mean Accuracy (Test): 0.79
Generation 965 | Best fitness (Train): 0.46 | Best fitness in generation (Train): 0.52 | Mean fitness (Train): 0.53 | Mean fitness (Test): 0.57
 | Mean Accuracy (Test): 0.80
Generation 970 | Best fitness (Train): 0.46 | Best fitness in generation (Train): 0.49 | Mean fitness (Train): 0.50 | Mean fitness (Test): 0.64
 | Mean Accuracy (Test): 0.78
Generation 975 | Best fitness (Train): 0.46 | Best fitness in generation (Train): 0.50 | Mean fitness (Train): 0.50 | Mean fitness (Test): 0.58
 | Mean Accuracy (Test): 0.78
Generation 980 | Best fitness (Train): 0.46 | Best fitness in generation (Train): 0.58 | Mean fitness (Train): 0.59 | Mean fitness (Test): 0.57
 | Mean Accuracy (Test): 0.80
Generation 985 | Best fitness (Train): 0.46 | Best fitness in generation (Train): 0.47 | Mean fitness (Train): 0.47 | Mean fitness (Test): 0.55
 | Mean Accuracy (Test): 0.80
Generation 990 | Best fitness (Train): 0.46 | Best fitness in generation (Train): 0.56 | Mean fitness (Train): 0.56 | Mean fitness (Test): 0.55
 | Mean Accuracy (Test): 0.80
Generation 995 | Best fitness (Train): 0.46 | Best fitness in generation (Train): 0.56 | Mean fitness (Train): 0.56 | Mean fitness (Test): 0.61
 | Mean Accuracy (Test): 0.78
Generation 1000 | Best fitness (Train): 0.46 | Best fitness in generation (Train): 0.55 | Mean fitness (Train): 0.55 | Mean fitness (Test): 0.57
 | Mean Accuracy (Test): 0.80
running the experiment ... [../../results/TorchVisionProblem/FashionMNIST/LearnedES/2]
Generation 005 | Best fitness (Train): 7.43 | Best fitness in generation (Train): 8.80 | Mean fitness (Train): 14.22 | Mean fitness (Test): 2.72
 | Mean Accuracy (Test): 0.32
Generation 010 | Best fitness (Train): 6.29 | Best fitness in generation (Train): 6.29 | Mean fitness (Train): 10.25 | Mean fitness (Test): 2.72
 | Mean Accuracy (Test): 0.39
Generation 015 | Best fitness (Train): 5.39 | Best fitness in generation (Train): 5.49 | Mean fitness (Train): 8.37 | Mean fitness (Test): 2.41
 | Mean Accuracy (Test): 0.43
Generation 020 | Best fitness (Train): 4.73 | Best fitness in generation (Train): 4.82 | Mean fitness (Train): 7.06 | Mean fitness (Test): 2.84
 | Mean Accuracy (Test): 0.42
Generation 025 | Best fitness (Train): 4.20 | Best fitness in generation (Train): 4.33 | Mean fitness (Train): 6.22 | Mean fitness (Test): 2.84
 | Mean Accuracy (Test): 0.42
Generation 030 | Best fitness (Train): 4.02 | Best fitness in generation (Train): 4.02 | Mean fitness (Train): 5.53 | Mean fitness (Test): 2.70
 | Mean Accuracy (Test): 0.44
Generation 035 | Best fitness (Train): 3.39 | Best fitness in generation (Train): 3.39 | Mean fitness (Train): 4.90 | Mean fitness (Test): 2.38
 | Mean Accuracy (Test): 0.45
Generation 040 | Best fitness (Train): 3.09 | Best fitness in generation (Train): 3.09 | Mean fitness (Train): 4.42 | Mean fitness (Test): 2.22
 | Mean Accuracy (Test): 0.54
Generation 045 | Best fitness (Train): 2.65 | Best fitness in generation (Train): 2.81 | Mean fitness (Train): 4.19 | Mean fitness (Test): 1.99
 | Mean Accuracy (Test): 0.51
Generation 050 | Best fitness (Train): 2.48 | Best fitness in generation (Train): 2.48 | Mean fitness (Train): 3.76 | Mean fitness (Test): 1.97
 | Mean Accuracy (Test): 0.51
Generation 055 | Best fitness (Train): 2.23 | Best fitness in generation (Train): 2.37 | Mean fitness (Train): 3.35 | Mean fitness (Test): 1.70
 | Mean Accuracy (Test): 0.54
Generation 060 | Best fitness (Train): 2.04 | Best fitness in generation (Train): 2.34 | Mean fitness (Train): 3.15 | Mean fitness (Test): 1.66
 | Mean Accuracy (Test): 0.56
Generation 065 | Best fitness (Train): 2.04 | Best fitness in generation (Train): 2.37 | Mean fitness (Train): 3.10 | Mean fitness (Test): 1.63
 | Mean Accuracy (Test): 0.56
Generation 070 | Best fitness (Train): 2.04 | Best fitness in generation (Train): 2.10 | Mean fitness (Train): 2.73 | Mean fitness (Test): 1.57
 | Mean Accuracy (Test): 0.58
Generation 075 | Best fitness (Train): 1.85 | Best fitness in generation (Train): 1.85 | Mean fitness (Train): 2.45 | Mean fitness (Test): 1.47
 | Mean Accuracy (Test): 0.59
Generation 080 | Best fitness (Train): 1.70 | Best fitness in generation (Train): 1.70 | Mean fitness (Train): 2.29 | Mean fitness (Test): 1.35
 | Mean Accuracy (Test): 0.63
Generation 085 | Best fitness (Train): 1.70 | Best fitness in generation (Train): 2.00 | Mean fitness (Train): 2.47 | Mean fitness (Test): 1.29
 | Mean Accuracy (Test): 0.64
Generation 090 | Best fitness (Train): 1.54 | Best fitness in generation (Train): 1.74 | Mean fitness (Train): 2.28 | Mean fitness (Test): 1.36
 | Mean Accuracy (Test): 0.62
Generation 095 | Best fitness (Train): 1.54 | Best fitness in generation (Train): 1.64 | Mean fitness (Train): 2.15 | Mean fitness (Test): 1.32
 | Mean Accuracy (Test): 0.63
Generation 100 | Best fitness (Train): 1.50 | Best fitness in generation (Train): 1.50 | Mean fitness (Train): 1.95 | Mean fitness (Test): 1.33
 | Mean Accuracy (Test): 0.67
Generation 105 | Best fitness (Train): 1.49 | Best fitness in generation (Train): 1.56 | Mean fitness (Train): 1.94 | Mean fitness (Test): 1.22
 | Mean Accuracy (Test): 0.64
Generation 110 | Best fitness (Train): 1.36 | Best fitness in generation (Train): 1.41 | Mean fitness (Train): 1.87 | Mean fitness (Test): 1.19
 | Mean Accuracy (Test): 0.65
Generation 115 | Best fitness (Train): 1.36 | Best fitness in generation (Train): 1.50 | Mean fitness (Train): 1.94 | Mean fitness (Test): 1.36
 | Mean Accuracy (Test): 0.64
Generation 120 | Best fitness (Train): 1.36 | Best fitness in generation (Train): 1.40 | Mean fitness (Train): 1.77 | Mean fitness (Test): 1.28
 | Mean Accuracy (Test): 0.64
Generation 125 | Best fitness (Train): 1.36 | Best fitness in generation (Train): 1.39 | Mean fitness (Train): 1.79 | Mean fitness (Test): 1.28
 | Mean Accuracy (Test): 0.64
Generation 130 | Best fitness (Train): 1.36 | Best fitness in generation (Train): 1.48 | Mean fitness (Train): 1.78 | Mean fitness (Test): 1.20
 | Mean Accuracy (Test): 0.67
Generation 135 | Best fitness (Train): 1.13 | Best fitness in generation (Train): 1.39 | Mean fitness (Train): 1.74 | Mean fitness (Test): 1.12
 | Mean Accuracy (Test): 0.67
Generation 140 | Best fitness (Train): 1.13 | Best fitness in generation (Train): 1.26 | Mean fitness (Train): 1.58 | Mean fitness (Test): 1.21
 | Mean Accuracy (Test): 0.63
Generation 145 | Best fitness (Train): 1.13 | Best fitness in generation (Train): 1.20 | Mean fitness (Train): 1.49 | Mean fitness (Test): 1.08
 | Mean Accuracy (Test): 0.68
Generation 150 | Best fitness (Train): 1.12 | Best fitness in generation (Train): 1.19 | Mean fitness (Train): 1.40 | Mean fitness (Test): 1.09
 | Mean Accuracy (Test): 0.69
Generation 155 | Best fitness (Train): 1.12 | Best fitness in generation (Train): 1.15 | Mean fitness (Train): 1.40 | Mean fitness (Test): 1.05
 | Mean Accuracy (Test): 0.68
Generation 160 | Best fitness (Train): 1.12 | Best fitness in generation (Train): 1.19 | Mean fitness (Train): 1.40 | Mean fitness (Test): 1.08
 | Mean Accuracy (Test): 0.67
Generation 165 | Best fitness (Train): 1.09 | Best fitness in generation (Train): 1.13 | Mean fitness (Train): 1.33 | Mean fitness (Test): 1.04
 | Mean Accuracy (Test): 0.66
Generation 170 | Best fitness (Train): 1.07 | Best fitness in generation (Train): 1.07 | Mean fitness (Train): 1.29 | Mean fitness (Test): 1.03
 | Mean Accuracy (Test): 0.66
Generation 175 | Best fitness (Train): 1.04 | Best fitness in generation (Train): 1.04 | Mean fitness (Train): 1.23 | Mean fitness (Test): 0.99
 | Mean Accuracy (Test): 0.68
Generation 180 | Best fitness (Train): 0.99 | Best fitness in generation (Train): 1.11 | Mean fitness (Train): 1.28 | Mean fitness (Test): 1.02
 | Mean Accuracy (Test): 0.70
Generation 185 | Best fitness (Train): 0.90 | Best fitness in generation (Train): 1.00 | Mean fitness (Train): 1.19 | Mean fitness (Test): 0.97
 | Mean Accuracy (Test): 0.69
Generation 190 | Best fitness (Train): 0.90 | Best fitness in generation (Train): 1.00 | Mean fitness (Train): 1.17 | Mean fitness (Test): 1.01
 | Mean Accuracy (Test): 0.70
Generation 195 | Best fitness (Train): 0.88 | Best fitness in generation (Train): 0.88 | Mean fitness (Train): 1.07 | Mean fitness (Test): 0.95
 | Mean Accuracy (Test): 0.71
Generation 200 | Best fitness (Train): 0.88 | Best fitness in generation (Train): 0.98 | Mean fitness (Train): 1.10 | Mean fitness (Test): 0.91
 | Mean Accuracy (Test): 0.70
Generation 205 | Best fitness (Train): 0.83 | Best fitness in generation (Train): 0.83 | Mean fitness (Train): 1.00 | Mean fitness (Test): 0.90
 | Mean Accuracy (Test): 0.72
Generation 210 | Best fitness (Train): 0.83 | Best fitness in generation (Train): 1.02 | Mean fitness (Train): 1.16 | Mean fitness (Test): 0.94
 | Mean Accuracy (Test): 0.70
Generation 215 | Best fitness (Train): 0.83 | Best fitness in generation (Train): 0.97 | Mean fitness (Train): 1.09 | Mean fitness (Test): 0.91
 | Mean Accuracy (Test): 0.70
Generation 220 | Best fitness (Train): 0.83 | Best fitness in generation (Train): 0.94 | Mean fitness (Train): 1.05 | Mean fitness (Test): 0.86
 | Mean Accuracy (Test): 0.70
Generation 225 | Best fitness (Train): 0.83 | Best fitness in generation (Train): 0.85 | Mean fitness (Train): 0.99 | Mean fitness (Test): 0.81
 | Mean Accuracy (Test): 0.73
Generation 230 | Best fitness (Train): 0.83 | Best fitness in generation (Train): 0.89 | Mean fitness (Train): 1.00 | Mean fitness (Test): 0.82
 | Mean Accuracy (Test): 0.72
Generation 235 | Best fitness (Train): 0.83 | Best fitness in generation (Train): 0.96 | Mean fitness (Train): 1.07 | Mean fitness (Test): 0.80
 | Mean Accuracy (Test): 0.73
Generation 240 | Best fitness (Train): 0.83 | Best fitness in generation (Train): 0.91 | Mean fitness (Train): 0.99 | Mean fitness (Test): 0.95
 | Mean Accuracy (Test): 0.69
Generation 245 | Best fitness (Train): 0.83 | Best fitness in generation (Train): 0.86 | Mean fitness (Train): 0.95 | Mean fitness (Test): 0.83
 | Mean Accuracy (Test): 0.72
Generation 250 | Best fitness (Train): 0.81 | Best fitness in generation (Train): 0.89 | Mean fitness (Train): 0.99 | Mean fitness (Test): 0.86
 | Mean Accuracy (Test): 0.72
Generation 255 | Best fitness (Train): 0.77 | Best fitness in generation (Train): 0.77 | Mean fitness (Train): 0.90 | Mean fitness (Test): 0.80
 | Mean Accuracy (Test): 0.72
Generation 260 | Best fitness (Train): 0.77 | Best fitness in generation (Train): 0.86 | Mean fitness (Train): 0.94 | Mean fitness (Test): 0.86
 | Mean Accuracy (Test): 0.73
Generation 265 | Best fitness (Train): 0.77 | Best fitness in generation (Train): 0.78 | Mean fitness (Train): 0.86 | Mean fitness (Test): 0.87
 | Mean Accuracy (Test): 0.72
Generation 270 | Best fitness (Train): 0.77 | Best fitness in generation (Train): 0.77 | Mean fitness (Train): 0.83 | Mean fitness (Test): 0.84
 | Mean Accuracy (Test): 0.73
Generation 275 | Best fitness (Train): 0.77 | Best fitness in generation (Train): 0.89 | Mean fitness (Train): 0.98 | Mean fitness (Test): 0.87
 | Mean Accuracy (Test): 0.70
Generation 280 | Best fitness (Train): 0.77 | Best fitness in generation (Train): 0.79 | Mean fitness (Train): 0.86 | Mean fitness (Test): 0.89
 | Mean Accuracy (Test): 0.71
Generation 285 | Best fitness (Train): 0.77 | Best fitness in generation (Train): 0.80 | Mean fitness (Train): 0.88 | Mean fitness (Test): 0.76
 | Mean Accuracy (Test): 0.74
Generation 290 | Best fitness (Train): 0.76 | Best fitness in generation (Train): 0.77 | Mean fitness (Train): 0.85 | Mean fitness (Test): 0.73
 | Mean Accuracy (Test): 0.76
Generation 295 | Best fitness (Train): 0.70 | Best fitness in generation (Train): 0.85 | Mean fitness (Train): 0.93 | Mean fitness (Test): 0.76
 | Mean Accuracy (Test): 0.74
Generation 300 | Best fitness (Train): 0.70 | Best fitness in generation (Train): 0.81 | Mean fitness (Train): 0.86 | Mean fitness (Test): 0.73
 | Mean Accuracy (Test): 0.74
Generation 305 | Best fitness (Train): 0.70 | Best fitness in generation (Train): 0.73 | Mean fitness (Train): 0.80 | Mean fitness (Test): 0.81
 | Mean Accuracy (Test): 0.73
Generation 310 | Best fitness (Train): 0.70 | Best fitness in generation (Train): 0.79 | Mean fitness (Train): 0.83 | Mean fitness (Test): 0.75
 | Mean Accuracy (Test): 0.74
Generation 315 | Best fitness (Train): 0.70 | Best fitness in generation (Train): 0.77 | Mean fitness (Train): 0.83 | Mean fitness (Test): 0.78
 | Mean Accuracy (Test): 0.74
Generation 320 | Best fitness (Train): 0.70 | Best fitness in generation (Train): 0.76 | Mean fitness (Train): 0.83 | Mean fitness (Test): 0.77
 | Mean Accuracy (Test): 0.72
Generation 325 | Best fitness (Train): 0.69 | Best fitness in generation (Train): 0.73 | Mean fitness (Train): 0.77 | Mean fitness (Test): 0.80
 | Mean Accuracy (Test): 0.74
Generation 330 | Best fitness (Train): 0.69 | Best fitness in generation (Train): 0.73 | Mean fitness (Train): 0.78 | Mean fitness (Test): 0.81
 | Mean Accuracy (Test): 0.73
Generation 335 | Best fitness (Train): 0.69 | Best fitness in generation (Train): 0.74 | Mean fitness (Train): 0.78 | Mean fitness (Test): 0.80
 | Mean Accuracy (Test): 0.74
Generation 340 | Best fitness (Train): 0.69 | Best fitness in generation (Train): 0.72 | Mean fitness (Train): 0.76 | Mean fitness (Test): 0.71
 | Mean Accuracy (Test): 0.76
Generation 345 | Best fitness (Train): 0.69 | Best fitness in generation (Train): 0.79 | Mean fitness (Train): 0.84 | Mean fitness (Test): 0.75
 | Mean Accuracy (Test): 0.74
Generation 350 | Best fitness (Train): 0.69 | Best fitness in generation (Train): 0.69 | Mean fitness (Train): 0.73 | Mean fitness (Test): 0.80
 | Mean Accuracy (Test): 0.73
Generation 355 | Best fitness (Train): 0.69 | Best fitness in generation (Train): 0.78 | Mean fitness (Train): 0.82 | Mean fitness (Test): 0.75
 | Mean Accuracy (Test): 0.73
Generation 360 | Best fitness (Train): 0.66 | Best fitness in generation (Train): 0.76 | Mean fitness (Train): 0.80 | Mean fitness (Test): 0.76
 | Mean Accuracy (Test): 0.74
Generation 365 | Best fitness (Train): 0.64 | Best fitness in generation (Train): 0.74 | Mean fitness (Train): 0.78 | Mean fitness (Test): 0.70
 | Mean Accuracy (Test): 0.77
Generation 370 | Best fitness (Train): 0.64 | Best fitness in generation (Train): 0.74 | Mean fitness (Train): 0.78 | Mean fitness (Test): 0.73
 | Mean Accuracy (Test): 0.75
Generation 375 | Best fitness (Train): 0.63 | Best fitness in generation (Train): 0.72 | Mean fitness (Train): 0.76 | Mean fitness (Test): 0.76
 | Mean Accuracy (Test): 0.74
Generation 380 | Best fitness (Train): 0.62 | Best fitness in generation (Train): 0.78 | Mean fitness (Train): 0.81 | Mean fitness (Test): 0.67
 | Mean Accuracy (Test): 0.77
Generation 385 | Best fitness (Train): 0.60 | Best fitness in generation (Train): 0.77 | Mean fitness (Train): 0.80 | Mean fitness (Test): 0.73
 | Mean Accuracy (Test): 0.75
Generation 390 | Best fitness (Train): 0.60 | Best fitness in generation (Train): 0.74 | Mean fitness (Train): 0.78 | Mean fitness (Test): 0.73
 | Mean Accuracy (Test): 0.75
Generation 395 | Best fitness (Train): 0.60 | Best fitness in generation (Train): 0.78 | Mean fitness (Train): 0.81 | Mean fitness (Test): 0.75
 | Mean Accuracy (Test): 0.75
Generation 400 | Best fitness (Train): 0.60 | Best fitness in generation (Train): 0.61 | Mean fitness (Train): 0.64 | Mean fitness (Test): 0.72
 | Mean Accuracy (Test): 0.72
Generation 405 | Best fitness (Train): 0.60 | Best fitness in generation (Train): 0.69 | Mean fitness (Train): 0.73 | Mean fitness (Test): 0.73
 | Mean Accuracy (Test): 0.74
Generation 410 | Best fitness (Train): 0.60 | Best fitness in generation (Train): 0.70 | Mean fitness (Train): 0.75 | Mean fitness (Test): 0.76
 | Mean Accuracy (Test): 0.74
Generation 415 | Best fitness (Train): 0.59 | Best fitness in generation (Train): 0.68 | Mean fitness (Train): 0.70 | Mean fitness (Test): 0.69
 | Mean Accuracy (Test): 0.77
Generation 420 | Best fitness (Train): 0.59 | Best fitness in generation (Train): 0.67 | Mean fitness (Train): 0.70 | Mean fitness (Test): 0.79
 | Mean Accuracy (Test): 0.74
Generation 425 | Best fitness (Train): 0.59 | Best fitness in generation (Train): 0.70 | Mean fitness (Train): 0.73 | Mean fitness (Test): 0.75
 | Mean Accuracy (Test): 0.74
Generation 430 | Best fitness (Train): 0.59 | Best fitness in generation (Train): 0.65 | Mean fitness (Train): 0.68 | Mean fitness (Test): 0.70
 | Mean Accuracy (Test): 0.76
Generation 435 | Best fitness (Train): 0.59 | Best fitness in generation (Train): 0.66 | Mean fitness (Train): 0.69 | Mean fitness (Test): 0.77
 | Mean Accuracy (Test): 0.75
Generation 440 | Best fitness (Train): 0.59 | Best fitness in generation (Train): 0.67 | Mean fitness (Train): 0.69 | Mean fitness (Test): 0.63
 | Mean Accuracy (Test): 0.79
Generation 445 | Best fitness (Train): 0.59 | Best fitness in generation (Train): 0.71 | Mean fitness (Train): 0.74 | Mean fitness (Test): 0.71
 | Mean Accuracy (Test): 0.76
Generation 450 | Best fitness (Train): 0.59 | Best fitness in generation (Train): 0.67 | Mean fitness (Train): 0.70 | Mean fitness (Test): 0.65
 | Mean Accuracy (Test): 0.79
Generation 455 | Best fitness (Train): 0.59 | Best fitness in generation (Train): 0.71 | Mean fitness (Train): 0.73 | Mean fitness (Test): 0.64
 | Mean Accuracy (Test): 0.78
Generation 460 | Best fitness (Train): 0.59 | Best fitness in generation (Train): 0.71 | Mean fitness (Train): 0.74 | Mean fitness (Test): 0.69
 | Mean Accuracy (Test): 0.76
Generation 465 | Best fitness (Train): 0.58 | Best fitness in generation (Train): 0.58 | Mean fitness (Train): 0.60 | Mean fitness (Test): 0.71
 | Mean Accuracy (Test): 0.77
Generation 470 | Best fitness (Train): 0.58 | Best fitness in generation (Train): 0.69 | Mean fitness (Train): 0.71 | Mean fitness (Test): 0.72
 | Mean Accuracy (Test): 0.76
Generation 475 | Best fitness (Train): 0.58 | Best fitness in generation (Train): 0.65 | Mean fitness (Train): 0.68 | Mean fitness (Test): 0.61
 | Mean Accuracy (Test): 0.76
Generation 480 | Best fitness (Train): 0.58 | Best fitness in generation (Train): 0.66 | Mean fitness (Train): 0.68 | Mean fitness (Test): 0.66
 | Mean Accuracy (Test): 0.79
Generation 485 | Best fitness (Train): 0.58 | Best fitness in generation (Train): 0.66 | Mean fitness (Train): 0.68 | Mean fitness (Test): 0.63
 | Mean Accuracy (Test): 0.79
Generation 490 | Best fitness (Train): 0.58 | Best fitness in generation (Train): 0.64 | Mean fitness (Train): 0.66 | Mean fitness (Test): 0.67
 | Mean Accuracy (Test): 0.77
Generation 495 | Best fitness (Train): 0.58 | Best fitness in generation (Train): 0.67 | Mean fitness (Train): 0.69 | Mean fitness (Test): 0.64
 | Mean Accuracy (Test): 0.77
Generation 500 | Best fitness (Train): 0.58 | Best fitness in generation (Train): 0.65 | Mean fitness (Train): 0.67 | Mean fitness (Test): 0.65
 | Mean Accuracy (Test): 0.77
Generation 505 | Best fitness (Train): 0.57 | Best fitness in generation (Train): 0.62 | Mean fitness (Train): 0.63 | Mean fitness (Test): 0.68
 | Mean Accuracy (Test): 0.77
Generation 510 | Best fitness (Train): 0.57 | Best fitness in generation (Train): 0.65 | Mean fitness (Train): 0.67 | Mean fitness (Test): 0.70
 | Mean Accuracy (Test): 0.76
Generation 515 | Best fitness (Train): 0.57 | Best fitness in generation (Train): 0.62 | Mean fitness (Train): 0.63 | Mean fitness (Test): 0.66
 | Mean Accuracy (Test): 0.77
Generation 520 | Best fitness (Train): 0.57 | Best fitness in generation (Train): 0.63 | Mean fitness (Train): 0.66 | Mean fitness (Test): 0.64
 | Mean Accuracy (Test): 0.78
Generation 525 | Best fitness (Train): 0.56 | Best fitness in generation (Train): 0.66 | Mean fitness (Train): 0.68 | Mean fitness (Test): 0.69
 | Mean Accuracy (Test): 0.77
Generation 530 | Best fitness (Train): 0.56 | Best fitness in generation (Train): 0.61 | Mean fitness (Train): 0.63 | Mean fitness (Test): 0.61
 | Mean Accuracy (Test): 0.78
Generation 535 | Best fitness (Train): 0.56 | Best fitness in generation (Train): 0.62 | Mean fitness (Train): 0.64 | Mean fitness (Test): 0.63
 | Mean Accuracy (Test): 0.79
Generation 540 | Best fitness (Train): 0.56 | Best fitness in generation (Train): 0.59 | Mean fitness (Train): 0.60 | Mean fitness (Test): 0.66
 | Mean Accuracy (Test): 0.76
Generation 545 | Best fitness (Train): 0.56 | Best fitness in generation (Train): 0.57 | Mean fitness (Train): 0.59 | Mean fitness (Test): 0.61
 | Mean Accuracy (Test): 0.79
Generation 550 | Best fitness (Train): 0.56 | Best fitness in generation (Train): 0.65 | Mean fitness (Train): 0.66 | Mean fitness (Test): 0.68
 | Mean Accuracy (Test): 0.77
Generation 555 | Best fitness (Train): 0.56 | Best fitness in generation (Train): 0.59 | Mean fitness (Train): 0.60 | Mean fitness (Test): 0.59
 | Mean Accuracy (Test): 0.78
Generation 560 | Best fitness (Train): 0.56 | Best fitness in generation (Train): 0.61 | Mean fitness (Train): 0.62 | Mean fitness (Test): 0.66
 | Mean Accuracy (Test): 0.78
Generation 565 | Best fitness (Train): 0.56 | Best fitness in generation (Train): 0.57 | Mean fitness (Train): 0.58 | Mean fitness (Test): 0.64
 | Mean Accuracy (Test): 0.79
Generation 570 | Best fitness (Train): 0.56 | Best fitness in generation (Train): 0.67 | Mean fitness (Train): 0.68 | Mean fitness (Test): 0.67
 | Mean Accuracy (Test): 0.77
Generation 575 | Best fitness (Train): 0.56 | Best fitness in generation (Train): 0.64 | Mean fitness (Train): 0.65 | Mean fitness (Test): 0.68
 | Mean Accuracy (Test): 0.77
Generation 580 | Best fitness (Train): 0.56 | Best fitness in generation (Train): 0.60 | Mean fitness (Train): 0.61 | Mean fitness (Test): 0.61
 | Mean Accuracy (Test): 0.77
Generation 585 | Best fitness (Train): 0.56 | Best fitness in generation (Train): 0.61 | Mean fitness (Train): 0.63 | Mean fitness (Test): 0.64
 | Mean Accuracy (Test): 0.78
Generation 590 | Best fitness (Train): 0.54 | Best fitness in generation (Train): 0.59 | Mean fitness (Train): 0.60 | Mean fitness (Test): 0.64
 | Mean Accuracy (Test): 0.76
Generation 595 | Best fitness (Train): 0.53 | Best fitness in generation (Train): 0.63 | Mean fitness (Train): 0.64 | Mean fitness (Test): 0.63
 | Mean Accuracy (Test): 0.79
Generation 600 | Best fitness (Train): 0.53 | Best fitness in generation (Train): 0.61 | Mean fitness (Train): 0.63 | Mean fitness (Test): 0.66
 | Mean Accuracy (Test): 0.75
Generation 605 | Best fitness (Train): 0.53 | Best fitness in generation (Train): 0.59 | Mean fitness (Train): 0.61 | Mean fitness (Test): 0.66
 | Mean Accuracy (Test): 0.77
Generation 610 | Best fitness (Train): 0.53 | Best fitness in generation (Train): 0.66 | Mean fitness (Train): 0.67 | Mean fitness (Test): 0.60
 | Mean Accuracy (Test): 0.80
Generation 615 | Best fitness (Train): 0.53 | Best fitness in generation (Train): 0.65 | Mean fitness (Train): 0.65 | Mean fitness (Test): 0.58
 | Mean Accuracy (Test): 0.79
Generation 620 | Best fitness (Train): 0.53 | Best fitness in generation (Train): 0.64 | Mean fitness (Train): 0.65 | Mean fitness (Test): 0.68
 | Mean Accuracy (Test): 0.77
Generation 625 | Best fitness (Train): 0.53 | Best fitness in generation (Train): 0.61 | Mean fitness (Train): 0.62 | Mean fitness (Test): 0.63
 | Mean Accuracy (Test): 0.80
Generation 630 | Best fitness (Train): 0.53 | Best fitness in generation (Train): 0.60 | Mean fitness (Train): 0.61 | Mean fitness (Test): 0.56
 | Mean Accuracy (Test): 0.79
Generation 635 | Best fitness (Train): 0.53 | Best fitness in generation (Train): 0.55 | Mean fitness (Train): 0.56 | Mean fitness (Test): 0.58
 | Mean Accuracy (Test): 0.79
Generation 640 | Best fitness (Train): 0.53 | Best fitness in generation (Train): 0.62 | Mean fitness (Train): 0.63 | Mean fitness (Test): 0.65
 | Mean Accuracy (Test): 0.80
Generation 645 | Best fitness (Train): 0.53 | Best fitness in generation (Train): 0.69 | Mean fitness (Train): 0.70 | Mean fitness (Test): 0.58
 | Mean Accuracy (Test): 0.79
Generation 650 | Best fitness (Train): 0.53 | Best fitness in generation (Train): 0.62 | Mean fitness (Train): 0.63 | Mean fitness (Test): 0.57
 | Mean Accuracy (Test): 0.79
Generation 655 | Best fitness (Train): 0.53 | Best fitness in generation (Train): 0.55 | Mean fitness (Train): 0.56 | Mean fitness (Test): 0.57
 | Mean Accuracy (Test): 0.80
Generation 660 | Best fitness (Train): 0.53 | Best fitness in generation (Train): 0.53 | Mean fitness (Train): 0.54 | Mean fitness (Test): 0.64
 | Mean Accuracy (Test): 0.78
Generation 665 | Best fitness (Train): 0.52 | Best fitness in generation (Train): 0.58 | Mean fitness (Train): 0.59 | Mean fitness (Test): 0.59
 | Mean Accuracy (Test): 0.80
Generation 670 | Best fitness (Train): 0.52 | Best fitness in generation (Train): 0.53 | Mean fitness (Train): 0.54 | Mean fitness (Test): 0.61
 | Mean Accuracy (Test): 0.80
Generation 675 | Best fitness (Train): 0.52 | Best fitness in generation (Train): 0.61 | Mean fitness (Train): 0.61 | Mean fitness (Test): 0.65
 | Mean Accuracy (Test): 0.77
Generation 680 | Best fitness (Train): 0.52 | Best fitness in generation (Train): 0.56 | Mean fitness (Train): 0.57 | Mean fitness (Test): 0.61
 | Mean Accuracy (Test): 0.78
Generation 685 | Best fitness (Train): 0.52 | Best fitness in generation (Train): 0.56 | Mean fitness (Train): 0.57 | Mean fitness (Test): 0.56
 | Mean Accuracy (Test): 0.80
Generation 690 | Best fitness (Train): 0.52 | Best fitness in generation (Train): 0.58 | Mean fitness (Train): 0.59 | Mean fitness (Test): 0.67
 | Mean Accuracy (Test): 0.77
Generation 695 | Best fitness (Train): 0.52 | Best fitness in generation (Train): 0.58 | Mean fitness (Train): 0.59 | Mean fitness (Test): 0.63
 | Mean Accuracy (Test): 0.79
Generation 700 | Best fitness (Train): 0.52 | Best fitness in generation (Train): 0.59 | Mean fitness (Train): 0.60 | Mean fitness (Test): 0.64
 | Mean Accuracy (Test): 0.78
Generation 705 | Best fitness (Train): 0.51 | Best fitness in generation (Train): 0.58 | Mean fitness (Train): 0.59 | Mean fitness (Test): 0.60
 | Mean Accuracy (Test): 0.79
Generation 710 | Best fitness (Train): 0.51 | Best fitness in generation (Train): 0.58 | Mean fitness (Train): 0.59 | Mean fitness (Test): 0.62
 | Mean Accuracy (Test): 0.79
Generation 715 | Best fitness (Train): 0.51 | Best fitness in generation (Train): 0.59 | Mean fitness (Train): 0.59 | Mean fitness (Test): 0.59
 | Mean Accuracy (Test): 0.79
Generation 720 | Best fitness (Train): 0.51 | Best fitness in generation (Train): 0.59 | Mean fitness (Train): 0.60 | Mean fitness (Test): 0.56
 | Mean Accuracy (Test): 0.80
Generation 725 | Best fitness (Train): 0.51 | Best fitness in generation (Train): 0.58 | Mean fitness (Train): 0.58 | Mean fitness (Test): 0.61
 | Mean Accuracy (Test): 0.79
Generation 730 | Best fitness (Train): 0.51 | Best fitness in generation (Train): 0.65 | Mean fitness (Train): 0.66 | Mean fitness (Test): 0.62
 | Mean Accuracy (Test): 0.78
Generation 735 | Best fitness (Train): 0.51 | Best fitness in generation (Train): 0.60 | Mean fitness (Train): 0.61 | Mean fitness (Test): 0.66
 | Mean Accuracy (Test): 0.77
Generation 740 | Best fitness (Train): 0.50 | Best fitness in generation (Train): 0.61 | Mean fitness (Train): 0.62 | Mean fitness (Test): 0.62
 | Mean Accuracy (Test): 0.78
Generation 745 | Best fitness (Train): 0.50 | Best fitness in generation (Train): 0.65 | Mean fitness (Train): 0.66 | Mean fitness (Test): 0.61
 | Mean Accuracy (Test): 0.77
Generation 750 | Best fitness (Train): 0.50 | Best fitness in generation (Train): 0.56 | Mean fitness (Train): 0.57 | Mean fitness (Test): 0.68
 | Mean Accuracy (Test): 0.76
Generation 755 | Best fitness (Train): 0.50 | Best fitness in generation (Train): 0.64 | Mean fitness (Train): 0.65 | Mean fitness (Test): 0.61
 | Mean Accuracy (Test): 0.78
Generation 760 | Best fitness (Train): 0.50 | Best fitness in generation (Train): 0.57 | Mean fitness (Train): 0.58 | Mean fitness (Test): 0.66
 | Mean Accuracy (Test): 0.78
Generation 765 | Best fitness (Train): 0.50 | Best fitness in generation (Train): 0.58 | Mean fitness (Train): 0.58 | Mean fitness (Test): 0.62
 | Mean Accuracy (Test): 0.79
Generation 770 | Best fitness (Train): 0.50 | Best fitness in generation (Train): 0.58 | Mean fitness (Train): 0.59 | Mean fitness (Test): 0.61
 | Mean Accuracy (Test): 0.79
Generation 775 | Best fitness (Train): 0.50 | Best fitness in generation (Train): 0.53 | Mean fitness (Train): 0.54 | Mean fitness (Test): 0.61
 | Mean Accuracy (Test): 0.77
Generation 780 | Best fitness (Train): 0.50 | Best fitness in generation (Train): 0.55 | Mean fitness (Train): 0.56 | Mean fitness (Test): 0.59
 | Mean Accuracy (Test): 0.80
Generation 785 | Best fitness (Train): 0.50 | Best fitness in generation (Train): 0.56 | Mean fitness (Train): 0.57 | Mean fitness (Test): 0.64
 | Mean Accuracy (Test): 0.78
Generation 790 | Best fitness (Train): 0.50 | Best fitness in generation (Train): 0.51 | Mean fitness (Train): 0.52 | Mean fitness (Test): 0.56
 | Mean Accuracy (Test): 0.81
Generation 795 | Best fitness (Train): 0.50 | Best fitness in generation (Train): 0.61 | Mean fitness (Train): 0.61 | Mean fitness (Test): 0.53
 | Mean Accuracy (Test): 0.81
Generation 800 | Best fitness (Train): 0.50 | Best fitness in generation (Train): 0.56 | Mean fitness (Train): 0.56 | Mean fitness (Test): 0.58
 | Mean Accuracy (Test): 0.79
Generation 805 | Best fitness (Train): 0.50 | Best fitness in generation (Train): 0.59 | Mean fitness (Train): 0.60 | Mean fitness (Test): 0.66
 | Mean Accuracy (Test): 0.79
Generation 810 | Best fitness (Train): 0.50 | Best fitness in generation (Train): 0.58 | Mean fitness (Train): 0.59 | Mean fitness (Test): 0.58
 | Mean Accuracy (Test): 0.78
Generation 815 | Best fitness (Train): 0.50 | Best fitness in generation (Train): 0.64 | Mean fitness (Train): 0.64 | Mean fitness (Test): 0.60
 | Mean Accuracy (Test): 0.79
Generation 820 | Best fitness (Train): 0.50 | Best fitness in generation (Train): 0.58 | Mean fitness (Train): 0.59 | Mean fitness (Test): 0.60
 | Mean Accuracy (Test): 0.80
Generation 825 | Best fitness (Train): 0.50 | Best fitness in generation (Train): 0.60 | Mean fitness (Train): 0.60 | Mean fitness (Test): 0.57
 | Mean Accuracy (Test): 0.79
Generation 830 | Best fitness (Train): 0.50 | Best fitness in generation (Train): 0.57 | Mean fitness (Train): 0.57 | Mean fitness (Test): 0.58
 | Mean Accuracy (Test): 0.80
Generation 835 | Best fitness (Train): 0.50 | Best fitness in generation (Train): 0.59 | Mean fitness (Train): 0.59 | Mean fitness (Test): 0.63
 | Mean Accuracy (Test): 0.78
Generation 840 | Best fitness (Train): 0.50 | Best fitness in generation (Train): 0.56 | Mean fitness (Train): 0.57 | Mean fitness (Test): 0.58
 | Mean Accuracy (Test): 0.79
Generation 845 | Best fitness (Train): 0.50 | Best fitness in generation (Train): 0.60 | Mean fitness (Train): 0.61 | Mean fitness (Test): 0.62
 | Mean Accuracy (Test): 0.78
Generation 850 | Best fitness (Train): 0.50 | Best fitness in generation (Train): 0.52 | Mean fitness (Train): 0.53 | Mean fitness (Test): 0.57
 | Mean Accuracy (Test): 0.80
Generation 855 | Best fitness (Train): 0.50 | Best fitness in generation (Train): 0.53 | Mean fitness (Train): 0.54 | Mean fitness (Test): 0.60
 | Mean Accuracy (Test): 0.79
Generation 860 | Best fitness (Train): 0.50 | Best fitness in generation (Train): 0.54 | Mean fitness (Train): 0.55 | Mean fitness (Test): 0.62
 | Mean Accuracy (Test): 0.78
Generation 865 | Best fitness (Train): 0.50 | Best fitness in generation (Train): 0.56 | Mean fitness (Train): 0.57 | Mean fitness (Test): 0.53
 | Mean Accuracy (Test): 0.81
Generation 870 | Best fitness (Train): 0.50 | Best fitness in generation (Train): 0.61 | Mean fitness (Train): 0.62 | Mean fitness (Test): 0.61
 | Mean Accuracy (Test): 0.78
Generation 875 | Best fitness (Train): 0.50 | Best fitness in generation (Train): 0.55 | Mean fitness (Train): 0.55 | Mean fitness (Test): 0.56
 | Mean Accuracy (Test): 0.79
Generation 880 | Best fitness (Train): 0.50 | Best fitness in generation (Train): 0.57 | Mean fitness (Train): 0.58 | Mean fitness (Test): 0.65
 | Mean Accuracy (Test): 0.78
Generation 885 | Best fitness (Train): 0.50 | Best fitness in generation (Train): 0.57 | Mean fitness (Train): 0.58 | Mean fitness (Test): 0.60
 | Mean Accuracy (Test): 0.80
Generation 890 | Best fitness (Train): 0.50 | Best fitness in generation (Train): 0.52 | Mean fitness (Train): 0.53 | Mean fitness (Test): 0.58
 | Mean Accuracy (Test): 0.79
Generation 895 | Best fitness (Train): 0.50 | Best fitness in generation (Train): 0.55 | Mean fitness (Train): 0.55 | Mean fitness (Test): 0.70
 | Mean Accuracy (Test): 0.77
Generation 900 | Best fitness (Train): 0.50 | Best fitness in generation (Train): 0.54 | Mean fitness (Train): 0.54 | Mean fitness (Test): 0.62
 | Mean Accuracy (Test): 0.78
Generation 905 | Best fitness (Train): 0.50 | Best fitness in generation (Train): 0.59 | Mean fitness (Train): 0.60 | Mean fitness (Test): 0.56
 | Mean Accuracy (Test): 0.80
Generation 910 | Best fitness (Train): 0.50 | Best fitness in generation (Train): 0.55 | Mean fitness (Train): 0.55 | Mean fitness (Test): 0.60
 | Mean Accuracy (Test): 0.79
Generation 915 | Best fitness (Train): 0.50 | Best fitness in generation (Train): 0.56 | Mean fitness (Train): 0.56 | Mean fitness (Test): 0.58
 | Mean Accuracy (Test): 0.79
Generation 920 | Best fitness (Train): 0.50 | Best fitness in generation (Train): 0.60 | Mean fitness (Train): 0.60 | Mean fitness (Test): 0.59
 | Mean Accuracy (Test): 0.79
Generation 925 | Best fitness (Train): 0.50 | Best fitness in generation (Train): 0.62 | Mean fitness (Train): 0.62 | Mean fitness (Test): 0.56
 | Mean Accuracy (Test): 0.80
Generation 930 | Best fitness (Train): 0.50 | Best fitness in generation (Train): 0.56 | Mean fitness (Train): 0.57 | Mean fitness (Test): 0.63
 | Mean Accuracy (Test): 0.78
Generation 935 | Best fitness (Train): 0.50 | Best fitness in generation (Train): 0.53 | Mean fitness (Train): 0.54 | Mean fitness (Test): 0.69
 | Mean Accuracy (Test): 0.78
Generation 940 | Best fitness (Train): 0.50 | Best fitness in generation (Train): 0.58 | Mean fitness (Train): 0.59 | Mean fitness (Test): 0.59
 | Mean Accuracy (Test): 0.79
Generation 945 | Best fitness (Train): 0.50 | Best fitness in generation (Train): 0.57 | Mean fitness (Train): 0.57 | Mean fitness (Test): 0.59
 | Mean Accuracy (Test): 0.79
Generation 950 | Best fitness (Train): 0.49 | Best fitness in generation (Train): 0.53 | Mean fitness (Train): 0.53 | Mean fitness (Test): 0.57
 | Mean Accuracy (Test): 0.81
Generation 955 | Best fitness (Train): 0.49 | Best fitness in generation (Train): 0.58 | Mean fitness (Train): 0.59 | Mean fitness (Test): 0.64
 | Mean Accuracy (Test): 0.79
Generation 960 | Best fitness (Train): 0.49 | Best fitness in generation (Train): 0.56 | Mean fitness (Train): 0.57 | Mean fitness (Test): 0.57
 | Mean Accuracy (Test): 0.80
Generation 965 | Best fitness (Train): 0.49 | Best fitness in generation (Train): 0.60 | Mean fitness (Train): 0.60 | Mean fitness (Test): 0.64
 | Mean Accuracy (Test): 0.78
Generation 970 | Best fitness (Train): 0.49 | Best fitness in generation (Train): 0.52 | Mean fitness (Train): 0.52 | Mean fitness (Test): 0.58
 | Mean Accuracy (Test): 0.79
Generation 975 | Best fitness (Train): 0.49 | Best fitness in generation (Train): 0.57 | Mean fitness (Train): 0.58 | Mean fitness (Test): 0.63
 | Mean Accuracy (Test): 0.78
Generation 980 | Best fitness (Train): 0.49 | Best fitness in generation (Train): 0.52 | Mean fitness (Train): 0.53 | Mean fitness (Test): 0.62
 | Mean Accuracy (Test): 0.81
Generation 985 | Best fitness (Train): 0.49 | Best fitness in generation (Train): 0.54 | Mean fitness (Train): 0.54 | Mean fitness (Test): 0.60
 | Mean Accuracy (Test): 0.80
Generation 990 | Best fitness (Train): 0.49 | Best fitness in generation (Train): 0.59 | Mean fitness (Train): 0.59 | Mean fitness (Test): 0.57
 | Mean Accuracy (Test): 0.80
Generation 995 | Best fitness (Train): 0.49 | Best fitness in generation (Train): 0.59 | Mean fitness (Train): 0.59 | Mean fitness (Test): 0.63
 | Mean Accuracy (Test): 0.79
Generation 1000 | Best fitness (Train): 0.49 | Best fitness in generation (Train): 0.53 | Mean fitness (Train): 0.53 | Mean fitness (Test): 0.60
 | Mean Accuracy (Test): 0.79
running the experiment ... [../../results/TorchVisionProblem/FashionMNIST/LearnedES/3]
Generation 005 | Best fitness (Train): 7.61 | Best fitness in generation (Train): 7.61 | Mean fitness (Train): 12.78 | Mean fitness (Test): 2.77
 | Mean Accuracy (Test): 0.30
Generation 010 | Best fitness (Train): 5.72 | Best fitness in generation (Train): 5.80 | Mean fitness (Train): 8.85 | Mean fitness (Test): 2.79
 | Mean Accuracy (Test): 0.33
Generation 015 | Best fitness (Train): 4.50 | Best fitness in generation (Train): 4.85 | Mean fitness (Train): 7.06 | Mean fitness (Test): 2.44
 | Mean Accuracy (Test): 0.38
Generation 020 | Best fitness (Train): 3.83 | Best fitness in generation (Train): 4.02 | Mean fitness (Train): 6.00 | Mean fitness (Test): 2.22
 | Mean Accuracy (Test): 0.47
Generation 025 | Best fitness (Train): 3.41 | Best fitness in generation (Train): 3.59 | Mean fitness (Train): 5.14 | Mean fitness (Test): 1.91
 | Mean Accuracy (Test): 0.51
Generation 030 | Best fitness (Train): 2.88 | Best fitness in generation (Train): 3.31 | Mean fitness (Train): 4.49 | Mean fitness (Test): 1.86
 | Mean Accuracy (Test): 0.54
Generation 035 | Best fitness (Train): 2.54 | Best fitness in generation (Train): 2.72 | Mean fitness (Train): 3.79 | Mean fitness (Test): 1.59
 | Mean Accuracy (Test): 0.58
Generation 040 | Best fitness (Train): 2.28 | Best fitness in generation (Train): 2.28 | Mean fitness (Train): 3.43 | Mean fitness (Test): 1.42
 | Mean Accuracy (Test): 0.64
Generation 045 | Best fitness (Train): 2.18 | Best fitness in generation (Train): 2.18 | Mean fitness (Train): 3.28 | Mean fitness (Test): 1.48
 | Mean Accuracy (Test): 0.66
Generation 050 | Best fitness (Train): 1.98 | Best fitness in generation (Train): 1.98 | Mean fitness (Train): 2.86 | Mean fitness (Test): 1.46
 | Mean Accuracy (Test): 0.65
Generation 055 | Best fitness (Train): 1.81 | Best fitness in generation (Train): 1.81 | Mean fitness (Train): 2.60 | Mean fitness (Test): 1.45
 | Mean Accuracy (Test): 0.63
Generation 060 | Best fitness (Train): 1.75 | Best fitness in generation (Train): 1.88 | Mean fitness (Train): 2.56 | Mean fitness (Test): 1.50
 | Mean Accuracy (Test): 0.62
Generation 065 | Best fitness (Train): 1.58 | Best fitness in generation (Train): 1.68 | Mean fitness (Train): 2.25 | Mean fitness (Test): 1.26
 | Mean Accuracy (Test): 0.66
Generation 070 | Best fitness (Train): 1.58 | Best fitness in generation (Train): 1.72 | Mean fitness (Train): 2.27 | Mean fitness (Test): 1.25
 | Mean Accuracy (Test): 0.67
Generation 075 | Best fitness (Train): 1.41 | Best fitness in generation (Train): 1.65 | Mean fitness (Train): 2.16 | Mean fitness (Test): 1.14
 | Mean Accuracy (Test): 0.67
Generation 080 | Best fitness (Train): 1.34 | Best fitness in generation (Train): 1.34 | Mean fitness (Train): 1.85 | Mean fitness (Test): 1.17
 | Mean Accuracy (Test): 0.65
Generation 085 | Best fitness (Train): 1.25 | Best fitness in generation (Train): 1.25 | Mean fitness (Train): 1.74 | Mean fitness (Test): 1.22
 | Mean Accuracy (Test): 0.62
Generation 090 | Best fitness (Train): 1.25 | Best fitness in generation (Train): 1.44 | Mean fitness (Train): 1.83 | Mean fitness (Test): 1.18
 | Mean Accuracy (Test): 0.66
Generation 095 | Best fitness (Train): 1.25 | Best fitness in generation (Train): 1.31 | Mean fitness (Train): 1.66 | Mean fitness (Test): 1.02
 | Mean Accuracy (Test): 0.69
Generation 100 | Best fitness (Train): 1.25 | Best fitness in generation (Train): 1.42 | Mean fitness (Train): 1.73 | Mean fitness (Test): 1.02
 | Mean Accuracy (Test): 0.67
Generation 105 | Best fitness (Train): 1.13 | Best fitness in generation (Train): 1.30 | Mean fitness (Train): 1.57 | Mean fitness (Test): 1.04
 | Mean Accuracy (Test): 0.68
Generation 110 | Best fitness (Train): 1.13 | Best fitness in generation (Train): 1.25 | Mean fitness (Train): 1.53 | Mean fitness (Test): 0.98
 | Mean Accuracy (Test): 0.68
Generation 115 | Best fitness (Train): 1.12 | Best fitness in generation (Train): 1.23 | Mean fitness (Train): 1.49 | Mean fitness (Test): 1.00
 | Mean Accuracy (Test): 0.72
Generation 120 | Best fitness (Train): 1.07 | Best fitness in generation (Train): 1.14 | Mean fitness (Train): 1.42 | Mean fitness (Test): 1.05
 | Mean Accuracy (Test): 0.69
Generation 125 | Best fitness (Train): 1.01 | Best fitness in generation (Train): 1.13 | Mean fitness (Train): 1.44 | Mean fitness (Test): 1.05
 | Mean Accuracy (Test): 0.68
Generation 130 | Best fitness (Train): 1.01 | Best fitness in generation (Train): 1.01 | Mean fitness (Train): 1.27 | Mean fitness (Test): 0.88
 | Mean Accuracy (Test): 0.71
Generation 135 | Best fitness (Train): 1.01 | Best fitness in generation (Train): 1.08 | Mean fitness (Train): 1.27 | Mean fitness (Test): 0.95
 | Mean Accuracy (Test): 0.70
Generation 140 | Best fitness (Train): 1.01 | Best fitness in generation (Train): 1.03 | Mean fitness (Train): 1.22 | Mean fitness (Test): 0.83
 | Mean Accuracy (Test): 0.72
Generation 145 | Best fitness (Train): 0.95 | Best fitness in generation (Train): 1.12 | Mean fitness (Train): 1.34 | Mean fitness (Test): 0.91
 | Mean Accuracy (Test): 0.72
Generation 150 | Best fitness (Train): 0.85 | Best fitness in generation (Train): 0.85 | Mean fitness (Train): 1.06 | Mean fitness (Test): 0.99
 | Mean Accuracy (Test): 0.68
Generation 155 | Best fitness (Train): 0.85 | Best fitness in generation (Train): 0.99 | Mean fitness (Train): 1.15 | Mean fitness (Test): 0.91
 | Mean Accuracy (Test): 0.70
Generation 160 | Best fitness (Train): 0.85 | Best fitness in generation (Train): 0.92 | Mean fitness (Train): 1.09 | Mean fitness (Test): 0.91
 | Mean Accuracy (Test): 0.70
Generation 165 | Best fitness (Train): 0.85 | Best fitness in generation (Train): 1.00 | Mean fitness (Train): 1.19 | Mean fitness (Test): 0.86
 | Mean Accuracy (Test): 0.71
Generation 170 | Best fitness (Train): 0.85 | Best fitness in generation (Train): 1.00 | Mean fitness (Train): 1.18 | Mean fitness (Test): 0.84
 | Mean Accuracy (Test): 0.72
Generation 175 | Best fitness (Train): 0.85 | Best fitness in generation (Train): 0.95 | Mean fitness (Train): 1.09 | Mean fitness (Test): 0.97
 | Mean Accuracy (Test): 0.69
Generation 180 | Best fitness (Train): 0.83 | Best fitness in generation (Train): 0.83 | Mean fitness (Train): 0.97 | Mean fitness (Test): 0.87
 | Mean Accuracy (Test): 0.72
Generation 185 | Best fitness (Train): 0.83 | Best fitness in generation (Train): 0.93 | Mean fitness (Train): 1.05 | Mean fitness (Test): 0.80
 | Mean Accuracy (Test): 0.71
Generation 190 | Best fitness (Train): 0.83 | Best fitness in generation (Train): 0.86 | Mean fitness (Train): 0.98 | Mean fitness (Test): 0.86
 | Mean Accuracy (Test): 0.74
Generation 195 | Best fitness (Train): 0.83 | Best fitness in generation (Train): 0.89 | Mean fitness (Train): 0.98 | Mean fitness (Test): 0.84
 | Mean Accuracy (Test): 0.73
Generation 200 | Best fitness (Train): 0.83 | Best fitness in generation (Train): 0.88 | Mean fitness (Train): 0.97 | Mean fitness (Test): 0.93
 | Mean Accuracy (Test): 0.70
Generation 205 | Best fitness (Train): 0.81 | Best fitness in generation (Train): 0.81 | Mean fitness (Train): 0.90 | Mean fitness (Test): 0.89
 | Mean Accuracy (Test): 0.70
Generation 210 | Best fitness (Train): 0.79 | Best fitness in generation (Train): 0.79 | Mean fitness (Train): 0.86 | Mean fitness (Test): 0.82
 | Mean Accuracy (Test): 0.72
Generation 215 | Best fitness (Train): 0.77 | Best fitness in generation (Train): 0.81 | Mean fitness (Train): 0.90 | Mean fitness (Test): 0.96
 | Mean Accuracy (Test): 0.70
Generation 220 | Best fitness (Train): 0.72 | Best fitness in generation (Train): 0.85 | Mean fitness (Train): 0.93 | Mean fitness (Test): 0.86
 | Mean Accuracy (Test): 0.70
Generation 225 | Best fitness (Train): 0.72 | Best fitness in generation (Train): 0.80 | Mean fitness (Train): 0.87 | Mean fitness (Test): 0.80
 | Mean Accuracy (Test): 0.74
Generation 230 | Best fitness (Train): 0.72 | Best fitness in generation (Train): 0.88 | Mean fitness (Train): 0.96 | Mean fitness (Test): 0.75
 | Mean Accuracy (Test): 0.74
Generation 235 | Best fitness (Train): 0.69 | Best fitness in generation (Train): 0.69 | Mean fitness (Train): 0.76 | Mean fitness (Test): 0.76
 | Mean Accuracy (Test): 0.76
Generation 240 | Best fitness (Train): 0.69 | Best fitness in generation (Train): 0.76 | Mean fitness (Train): 0.81 | Mean fitness (Test): 0.76
 | Mean Accuracy (Test): 0.74
Generation 245 | Best fitness (Train): 0.69 | Best fitness in generation (Train): 0.82 | Mean fitness (Train): 0.89 | Mean fitness (Test): 0.75
 | Mean Accuracy (Test): 0.74
Generation 250 | Best fitness (Train): 0.67 | Best fitness in generation (Train): 0.67 | Mean fitness (Train): 0.75 | Mean fitness (Test): 0.75
 | Mean Accuracy (Test): 0.73
Generation 255 | Best fitness (Train): 0.67 | Best fitness in generation (Train): 0.79 | Mean fitness (Train): 0.85 | Mean fitness (Test): 0.76
 | Mean Accuracy (Test): 0.74
Generation 260 | Best fitness (Train): 0.67 | Best fitness in generation (Train): 0.75 | Mean fitness (Train): 0.81 | Mean fitness (Test): 0.72
 | Mean Accuracy (Test): 0.76
Generation 265 | Best fitness (Train): 0.66 | Best fitness in generation (Train): 0.70 | Mean fitness (Train): 0.75 | Mean fitness (Test): 0.69
 | Mean Accuracy (Test): 0.76
Generation 270 | Best fitness (Train): 0.66 | Best fitness in generation (Train): 0.80 | Mean fitness (Train): 0.86 | Mean fitness (Test): 0.77
 | Mean Accuracy (Test): 0.75
Generation 275 | Best fitness (Train): 0.66 | Best fitness in generation (Train): 0.73 | Mean fitness (Train): 0.81 | Mean fitness (Test): 0.82
 | Mean Accuracy (Test): 0.73
Generation 280 | Best fitness (Train): 0.66 | Best fitness in generation (Train): 0.69 | Mean fitness (Train): 0.75 | Mean fitness (Test): 0.73
 | Mean Accuracy (Test): 0.75
Generation 285 | Best fitness (Train): 0.66 | Best fitness in generation (Train): 0.67 | Mean fitness (Train): 0.72 | Mean fitness (Test): 0.75
 | Mean Accuracy (Test): 0.75
Generation 290 | Best fitness (Train): 0.66 | Best fitness in generation (Train): 0.69 | Mean fitness (Train): 0.74 | Mean fitness (Test): 0.79
 | Mean Accuracy (Test): 0.73
Generation 295 | Best fitness (Train): 0.66 | Best fitness in generation (Train): 0.73 | Mean fitness (Train): 0.77 | Mean fitness (Test): 0.81
 | Mean Accuracy (Test): 0.74
Generation 300 | Best fitness (Train): 0.66 | Best fitness in generation (Train): 0.77 | Mean fitness (Train): 0.81 | Mean fitness (Test): 0.76
 | Mean Accuracy (Test): 0.74
Generation 305 | Best fitness (Train): 0.62 | Best fitness in generation (Train): 0.72 | Mean fitness (Train): 0.75 | Mean fitness (Test): 0.74
 | Mean Accuracy (Test): 0.76
Generation 310 | Best fitness (Train): 0.62 | Best fitness in generation (Train): 0.75 | Mean fitness (Train): 0.80 | Mean fitness (Test): 0.72
 | Mean Accuracy (Test): 0.76
Generation 315 | Best fitness (Train): 0.62 | Best fitness in generation (Train): 0.71 | Mean fitness (Train): 0.76 | Mean fitness (Test): 0.74
 | Mean Accuracy (Test): 0.74
Generation 320 | Best fitness (Train): 0.62 | Best fitness in generation (Train): 0.69 | Mean fitness (Train): 0.73 | Mean fitness (Test): 0.70
 | Mean Accuracy (Test): 0.75
Generation 325 | Best fitness (Train): 0.62 | Best fitness in generation (Train): 0.72 | Mean fitness (Train): 0.76 | Mean fitness (Test): 0.71
 | Mean Accuracy (Test): 0.77
Generation 330 | Best fitness (Train): 0.62 | Best fitness in generation (Train): 0.65 | Mean fitness (Train): 0.68 | Mean fitness (Test): 0.70
 | Mean Accuracy (Test): 0.76
Generation 335 | Best fitness (Train): 0.62 | Best fitness in generation (Train): 0.64 | Mean fitness (Train): 0.68 | Mean fitness (Test): 0.63
 | Mean Accuracy (Test): 0.78
Generation 340 | Best fitness (Train): 0.62 | Best fitness in generation (Train): 0.68 | Mean fitness (Train): 0.71 | Mean fitness (Test): 0.62
 | Mean Accuracy (Test): 0.77
Generation 345 | Best fitness (Train): 0.62 | Best fitness in generation (Train): 0.70 | Mean fitness (Train): 0.73 | Mean fitness (Test): 0.70
 | Mean Accuracy (Test): 0.75
Generation 350 | Best fitness (Train): 0.62 | Best fitness in generation (Train): 0.63 | Mean fitness (Train): 0.66 | Mean fitness (Test): 0.71
 | Mean Accuracy (Test): 0.74
Generation 355 | Best fitness (Train): 0.62 | Best fitness in generation (Train): 0.62 | Mean fitness (Train): 0.66 | Mean fitness (Test): 0.65
 | Mean Accuracy (Test): 0.76
Generation 360 | Best fitness (Train): 0.62 | Best fitness in generation (Train): 0.67 | Mean fitness (Train): 0.70 | Mean fitness (Test): 0.67
 | Mean Accuracy (Test): 0.76
Generation 365 | Best fitness (Train): 0.62 | Best fitness in generation (Train): 0.63 | Mean fitness (Train): 0.65 | Mean fitness (Test): 0.67
 | Mean Accuracy (Test): 0.75
Generation 370 | Best fitness (Train): 0.59 | Best fitness in generation (Train): 0.69 | Mean fitness (Train): 0.72 | Mean fitness (Test): 0.68
 | Mean Accuracy (Test): 0.77
Generation 375 | Best fitness (Train): 0.58 | Best fitness in generation (Train): 0.58 | Mean fitness (Train): 0.61 | Mean fitness (Test): 0.64
 | Mean Accuracy (Test): 0.78
Generation 380 | Best fitness (Train): 0.58 | Best fitness in generation (Train): 0.61 | Mean fitness (Train): 0.64 | Mean fitness (Test): 0.67
 | Mean Accuracy (Test): 0.78
Generation 385 | Best fitness (Train): 0.53 | Best fitness in generation (Train): 0.61 | Mean fitness (Train): 0.64 | Mean fitness (Test): 0.67
 | Mean Accuracy (Test): 0.77
Generation 390 | Best fitness (Train): 0.53 | Best fitness in generation (Train): 0.64 | Mean fitness (Train): 0.67 | Mean fitness (Test): 0.61
 | Mean Accuracy (Test): 0.79
Generation 395 | Best fitness (Train): 0.53 | Best fitness in generation (Train): 0.59 | Mean fitness (Train): 0.62 | Mean fitness (Test): 0.67
 | Mean Accuracy (Test): 0.78
Generation 400 | Best fitness (Train): 0.53 | Best fitness in generation (Train): 0.67 | Mean fitness (Train): 0.69 | Mean fitness (Test): 0.64
 | Mean Accuracy (Test): 0.77
Generation 405 | Best fitness (Train): 0.53 | Best fitness in generation (Train): 0.65 | Mean fitness (Train): 0.67 | Mean fitness (Test): 0.68
 | Mean Accuracy (Test): 0.77
Generation 410 | Best fitness (Train): 0.53 | Best fitness in generation (Train): 0.60 | Mean fitness (Train): 0.62 | Mean fitness (Test): 0.62
 | Mean Accuracy (Test): 0.78
Generation 415 | Best fitness (Train): 0.53 | Best fitness in generation (Train): 0.65 | Mean fitness (Train): 0.68 | Mean fitness (Test): 0.69
 | Mean Accuracy (Test): 0.75
Generation 420 | Best fitness (Train): 0.53 | Best fitness in generation (Train): 0.65 | Mean fitness (Train): 0.68 | Mean fitness (Test): 0.69
 | Mean Accuracy (Test): 0.74
Generation 425 | Best fitness (Train): 0.53 | Best fitness in generation (Train): 0.64 | Mean fitness (Train): 0.67 | Mean fitness (Test): 0.73
 | Mean Accuracy (Test): 0.77
Generation 430 | Best fitness (Train): 0.53 | Best fitness in generation (Train): 0.73 | Mean fitness (Train): 0.75 | Mean fitness (Test): 0.63
 | Mean Accuracy (Test): 0.79
Generation 435 | Best fitness (Train): 0.53 | Best fitness in generation (Train): 0.61 | Mean fitness (Train): 0.64 | Mean fitness (Test): 0.64
 | Mean Accuracy (Test): 0.78
Generation 440 | Best fitness (Train): 0.53 | Best fitness in generation (Train): 0.57 | Mean fitness (Train): 0.59 | Mean fitness (Test): 0.67
 | Mean Accuracy (Test): 0.76
Generation 445 | Best fitness (Train): 0.53 | Best fitness in generation (Train): 0.64 | Mean fitness (Train): 0.66 | Mean fitness (Test): 0.62
 | Mean Accuracy (Test): 0.78
Generation 450 | Best fitness (Train): 0.53 | Best fitness in generation (Train): 0.61 | Mean fitness (Train): 0.62 | Mean fitness (Test): 0.65
 | Mean Accuracy (Test): 0.77
Generation 455 | Best fitness (Train): 0.53 | Best fitness in generation (Train): 0.61 | Mean fitness (Train): 0.63 | Mean fitness (Test): 0.62
 | Mean Accuracy (Test): 0.79
Generation 460 | Best fitness (Train): 0.53 | Best fitness in generation (Train): 0.61 | Mean fitness (Train): 0.63 | Mean fitness (Test): 0.67
 | Mean Accuracy (Test): 0.76
Generation 465 | Best fitness (Train): 0.53 | Best fitness in generation (Train): 0.60 | Mean fitness (Train): 0.62 | Mean fitness (Test): 0.62
 | Mean Accuracy (Test): 0.78
Generation 470 | Best fitness (Train): 0.53 | Best fitness in generation (Train): 0.61 | Mean fitness (Train): 0.63 | Mean fitness (Test): 0.65
 | Mean Accuracy (Test): 0.78
Generation 475 | Best fitness (Train): 0.53 | Best fitness in generation (Train): 0.56 | Mean fitness (Train): 0.57 | Mean fitness (Test): 0.63
 | Mean Accuracy (Test): 0.77
Generation 480 | Best fitness (Train): 0.51 | Best fitness in generation (Train): 0.68 | Mean fitness (Train): 0.70 | Mean fitness (Test): 0.62
 | Mean Accuracy (Test): 0.77
Generation 485 | Best fitness (Train): 0.51 | Best fitness in generation (Train): 0.61 | Mean fitness (Train): 0.63 | Mean fitness (Test): 0.58
 | Mean Accuracy (Test): 0.79
Generation 490 | Best fitness (Train): 0.51 | Best fitness in generation (Train): 0.64 | Mean fitness (Train): 0.65 | Mean fitness (Test): 0.60
 | Mean Accuracy (Test): 0.79
Generation 495 | Best fitness (Train): 0.51 | Best fitness in generation (Train): 0.61 | Mean fitness (Train): 0.63 | Mean fitness (Test): 0.63
 | Mean Accuracy (Test): 0.78
Generation 500 | Best fitness (Train): 0.51 | Best fitness in generation (Train): 0.65 | Mean fitness (Train): 0.67 | Mean fitness (Test): 0.59
 | Mean Accuracy (Test): 0.80
Generation 505 | Best fitness (Train): 0.51 | Best fitness in generation (Train): 0.63 | Mean fitness (Train): 0.65 | Mean fitness (Test): 0.59
 | Mean Accuracy (Test): 0.78
Generation 510 | Best fitness (Train): 0.49 | Best fitness in generation (Train): 0.49 | Mean fitness (Train): 0.50 | Mean fitness (Test): 0.64
 | Mean Accuracy (Test): 0.77
Generation 515 | Best fitness (Train): 0.49 | Best fitness in generation (Train): 0.64 | Mean fitness (Train): 0.66 | Mean fitness (Test): 0.63
 | Mean Accuracy (Test): 0.76
Generation 520 | Best fitness (Train): 0.49 | Best fitness in generation (Train): 0.58 | Mean fitness (Train): 0.59 | Mean fitness (Test): 0.66
 | Mean Accuracy (Test): 0.76
Generation 525 | Best fitness (Train): 0.49 | Best fitness in generation (Train): 0.61 | Mean fitness (Train): 0.62 | Mean fitness (Test): 0.65
 | Mean Accuracy (Test): 0.78
Generation 530 | Best fitness (Train): 0.49 | Best fitness in generation (Train): 0.63 | Mean fitness (Train): 0.65 | Mean fitness (Test): 0.63
 | Mean Accuracy (Test): 0.80
Generation 535 | Best fitness (Train): 0.49 | Best fitness in generation (Train): 0.60 | Mean fitness (Train): 0.62 | Mean fitness (Test): 0.59
 | Mean Accuracy (Test): 0.79
Generation 540 | Best fitness (Train): 0.49 | Best fitness in generation (Train): 0.57 | Mean fitness (Train): 0.58 | Mean fitness (Test): 0.61
 | Mean Accuracy (Test): 0.80
Generation 545 | Best fitness (Train): 0.49 | Best fitness in generation (Train): 0.56 | Mean fitness (Train): 0.57 | Mean fitness (Test): 0.61
 | Mean Accuracy (Test): 0.77
Generation 550 | Best fitness (Train): 0.49 | Best fitness in generation (Train): 0.57 | Mean fitness (Train): 0.58 | Mean fitness (Test): 0.60
 | Mean Accuracy (Test): 0.79
Generation 555 | Best fitness (Train): 0.49 | Best fitness in generation (Train): 0.53 | Mean fitness (Train): 0.54 | Mean fitness (Test): 0.60
 | Mean Accuracy (Test): 0.77
Generation 560 | Best fitness (Train): 0.49 | Best fitness in generation (Train): 0.56 | Mean fitness (Train): 0.57 | Mean fitness (Test): 0.60
 | Mean Accuracy (Test): 0.79
Generation 565 | Best fitness (Train): 0.49 | Best fitness in generation (Train): 0.56 | Mean fitness (Train): 0.58 | Mean fitness (Test): 0.61
 | Mean Accuracy (Test): 0.77
Generation 570 | Best fitness (Train): 0.48 | Best fitness in generation (Train): 0.60 | Mean fitness (Train): 0.61 | Mean fitness (Test): 0.66
 | Mean Accuracy (Test): 0.77
Generation 575 | Best fitness (Train): 0.48 | Best fitness in generation (Train): 0.55 | Mean fitness (Train): 0.56 | Mean fitness (Test): 0.61
 | Mean Accuracy (Test): 0.80
Generation 580 | Best fitness (Train): 0.48 | Best fitness in generation (Train): 0.58 | Mean fitness (Train): 0.60 | Mean fitness (Test): 0.58
 | Mean Accuracy (Test): 0.78
Generation 585 | Best fitness (Train): 0.48 | Best fitness in generation (Train): 0.58 | Mean fitness (Train): 0.59 | Mean fitness (Test): 0.60
 | Mean Accuracy (Test): 0.78
Generation 590 | Best fitness (Train): 0.48 | Best fitness in generation (Train): 0.61 | Mean fitness (Train): 0.61 | Mean fitness (Test): 0.56
 | Mean Accuracy (Test): 0.81
Generation 595 | Best fitness (Train): 0.48 | Best fitness in generation (Train): 0.58 | Mean fitness (Train): 0.60 | Mean fitness (Test): 0.66
 | Mean Accuracy (Test): 0.78
Generation 600 | Best fitness (Train): 0.48 | Best fitness in generation (Train): 0.53 | Mean fitness (Train): 0.54 | Mean fitness (Test): 0.60
 | Mean Accuracy (Test): 0.79
Generation 605 | Best fitness (Train): 0.48 | Best fitness in generation (Train): 0.55 | Mean fitness (Train): 0.56 | Mean fitness (Test): 0.61
 | Mean Accuracy (Test): 0.78
Generation 610 | Best fitness (Train): 0.48 | Best fitness in generation (Train): 0.52 | Mean fitness (Train): 0.53 | Mean fitness (Test): 0.64
 | Mean Accuracy (Test): 0.79
Generation 615 | Best fitness (Train): 0.48 | Best fitness in generation (Train): 0.57 | Mean fitness (Train): 0.58 | Mean fitness (Test): 0.67
 | Mean Accuracy (Test): 0.77
Generation 620 | Best fitness (Train): 0.48 | Best fitness in generation (Train): 0.55 | Mean fitness (Train): 0.57 | Mean fitness (Test): 0.63
 | Mean Accuracy (Test): 0.79
Generation 625 | Best fitness (Train): 0.48 | Best fitness in generation (Train): 0.59 | Mean fitness (Train): 0.60 | Mean fitness (Test): 0.68
 | Mean Accuracy (Test): 0.75
Generation 630 | Best fitness (Train): 0.48 | Best fitness in generation (Train): 0.59 | Mean fitness (Train): 0.60 | Mean fitness (Test): 0.62
 | Mean Accuracy (Test): 0.77
Generation 635 | Best fitness (Train): 0.48 | Best fitness in generation (Train): 0.56 | Mean fitness (Train): 0.57 | Mean fitness (Test): 0.58
 | Mean Accuracy (Test): 0.79
Generation 640 | Best fitness (Train): 0.48 | Best fitness in generation (Train): 0.64 | Mean fitness (Train): 0.65 | Mean fitness (Test): 0.59
 | Mean Accuracy (Test): 0.79
Generation 645 | Best fitness (Train): 0.48 | Best fitness in generation (Train): 0.56 | Mean fitness (Train): 0.56 | Mean fitness (Test): 0.58
 | Mean Accuracy (Test): 0.79
Generation 650 | Best fitness (Train): 0.48 | Best fitness in generation (Train): 0.54 | Mean fitness (Train): 0.56 | Mean fitness (Test): 0.63
 | Mean Accuracy (Test): 0.80
Generation 655 | Best fitness (Train): 0.48 | Best fitness in generation (Train): 0.61 | Mean fitness (Train): 0.62 | Mean fitness (Test): 0.58
 | Mean Accuracy (Test): 0.79
Generation 660 | Best fitness (Train): 0.48 | Best fitness in generation (Train): 0.53 | Mean fitness (Train): 0.54 | Mean fitness (Test): 0.59
 | Mean Accuracy (Test): 0.79
Generation 665 | Best fitness (Train): 0.48 | Best fitness in generation (Train): 0.59 | Mean fitness (Train): 0.59 | Mean fitness (Test): 0.54
 | Mean Accuracy (Test): 0.81
Generation 670 | Best fitness (Train): 0.48 | Best fitness in generation (Train): 0.57 | Mean fitness (Train): 0.58 | Mean fitness (Test): 0.63
 | Mean Accuracy (Test): 0.79
Generation 675 | Best fitness (Train): 0.48 | Best fitness in generation (Train): 0.58 | Mean fitness (Train): 0.59 | Mean fitness (Test): 0.61
 | Mean Accuracy (Test): 0.79
Generation 680 | Best fitness (Train): 0.48 | Best fitness in generation (Train): 0.56 | Mean fitness (Train): 0.57 | Mean fitness (Test): 0.60
 | Mean Accuracy (Test): 0.80
Generation 685 | Best fitness (Train): 0.48 | Best fitness in generation (Train): 0.54 | Mean fitness (Train): 0.54 | Mean fitness (Test): 0.60
 | Mean Accuracy (Test): 0.80
Generation 690 | Best fitness (Train): 0.48 | Best fitness in generation (Train): 0.56 | Mean fitness (Train): 0.56 | Mean fitness (Test): 0.58
 | Mean Accuracy (Test): 0.80
Generation 695 | Best fitness (Train): 0.48 | Best fitness in generation (Train): 0.57 | Mean fitness (Train): 0.58 | Mean fitness (Test): 0.65
 | Mean Accuracy (Test): 0.79
Generation 700 | Best fitness (Train): 0.48 | Best fitness in generation (Train): 0.51 | Mean fitness (Train): 0.52 | Mean fitness (Test): 0.54
 | Mean Accuracy (Test): 0.80
Generation 705 | Best fitness (Train): 0.48 | Best fitness in generation (Train): 0.56 | Mean fitness (Train): 0.56 | Mean fitness (Test): 0.53
 | Mean Accuracy (Test): 0.82
Generation 710 | Best fitness (Train): 0.48 | Best fitness in generation (Train): 0.63 | Mean fitness (Train): 0.64 | Mean fitness (Test): 0.59
 | Mean Accuracy (Test): 0.79
Generation 715 | Best fitness (Train): 0.48 | Best fitness in generation (Train): 0.54 | Mean fitness (Train): 0.55 | Mean fitness (Test): 0.61
 | Mean Accuracy (Test): 0.79
Generation 720 | Best fitness (Train): 0.48 | Best fitness in generation (Train): 0.55 | Mean fitness (Train): 0.56 | Mean fitness (Test): 0.59
 | Mean Accuracy (Test): 0.80
Generation 725 | Best fitness (Train): 0.48 | Best fitness in generation (Train): 0.53 | Mean fitness (Train): 0.53 | Mean fitness (Test): 0.58
 | Mean Accuracy (Test): 0.79
Generation 730 | Best fitness (Train): 0.48 | Best fitness in generation (Train): 0.57 | Mean fitness (Train): 0.58 | Mean fitness (Test): 0.60
 | Mean Accuracy (Test): 0.79
Generation 735 | Best fitness (Train): 0.48 | Best fitness in generation (Train): 0.49 | Mean fitness (Train): 0.50 | Mean fitness (Test): 0.53
 | Mean Accuracy (Test): 0.80
Generation 740 | Best fitness (Train): 0.46 | Best fitness in generation (Train): 0.60 | Mean fitness (Train): 0.60 | Mean fitness (Test): 0.58
 | Mean Accuracy (Test): 0.79
Generation 745 | Best fitness (Train): 0.46 | Best fitness in generation (Train): 0.48 | Mean fitness (Train): 0.49 | Mean fitness (Test): 0.54
 | Mean Accuracy (Test): 0.80
Generation 750 | Best fitness (Train): 0.46 | Best fitness in generation (Train): 0.54 | Mean fitness (Train): 0.54 | Mean fitness (Test): 0.56
 | Mean Accuracy (Test): 0.80
Generation 755 | Best fitness (Train): 0.46 | Best fitness in generation (Train): 0.51 | Mean fitness (Train): 0.52 | Mean fitness (Test): 0.59
 | Mean Accuracy (Test): 0.78
Generation 760 | Best fitness (Train): 0.46 | Best fitness in generation (Train): 0.56 | Mean fitness (Train): 0.56 | Mean fitness (Test): 0.55
 | Mean Accuracy (Test): 0.81
Generation 765 | Best fitness (Train): 0.46 | Best fitness in generation (Train): 0.55 | Mean fitness (Train): 0.56 | Mean fitness (Test): 0.59
 | Mean Accuracy (Test): 0.79
Generation 770 | Best fitness (Train): 0.46 | Best fitness in generation (Train): 0.55 | Mean fitness (Train): 0.56 | Mean fitness (Test): 0.54
 | Mean Accuracy (Test): 0.79
Generation 775 | Best fitness (Train): 0.46 | Best fitness in generation (Train): 0.55 | Mean fitness (Train): 0.56 | Mean fitness (Test): 0.56
 | Mean Accuracy (Test): 0.81
Generation 780 | Best fitness (Train): 0.46 | Best fitness in generation (Train): 0.51 | Mean fitness (Train): 0.52 | Mean fitness (Test): 0.60
 | Mean Accuracy (Test): 0.78
Generation 785 | Best fitness (Train): 0.46 | Best fitness in generation (Train): 0.57 | Mean fitness (Train): 0.58 | Mean fitness (Test): 0.56
 | Mean Accuracy (Test): 0.80
Generation 790 | Best fitness (Train): 0.46 | Best fitness in generation (Train): 0.47 | Mean fitness (Train): 0.48 | Mean fitness (Test): 0.55
 | Mean Accuracy (Test): 0.80
Generation 795 | Best fitness (Train): 0.46 | Best fitness in generation (Train): 0.52 | Mean fitness (Train): 0.53 | Mean fitness (Test): 0.59
 | Mean Accuracy (Test): 0.79
Generation 800 | Best fitness (Train): 0.46 | Best fitness in generation (Train): 0.58 | Mean fitness (Train): 0.58 | Mean fitness (Test): 0.61
 | Mean Accuracy (Test): 0.79
Generation 805 | Best fitness (Train): 0.46 | Best fitness in generation (Train): 0.50 | Mean fitness (Train): 0.50 | Mean fitness (Test): 0.59
 | Mean Accuracy (Test): 0.80
Generation 810 | Best fitness (Train): 0.46 | Best fitness in generation (Train): 0.58 | Mean fitness (Train): 0.59 | Mean fitness (Test): 0.59
 | Mean Accuracy (Test): 0.80
Generation 815 | Best fitness (Train): 0.46 | Best fitness in generation (Train): 0.53 | Mean fitness (Train): 0.53 | Mean fitness (Test): 0.55
 | Mean Accuracy (Test): 0.81
Generation 820 | Best fitness (Train): 0.46 | Best fitness in generation (Train): 0.49 | Mean fitness (Train): 0.50 | Mean fitness (Test): 0.53
 | Mean Accuracy (Test): 0.82
Generation 825 | Best fitness (Train): 0.46 | Best fitness in generation (Train): 0.53 | Mean fitness (Train): 0.54 | Mean fitness (Test): 0.52
 | Mean Accuracy (Test): 0.82
Generation 830 | Best fitness (Train): 0.46 | Best fitness in generation (Train): 0.54 | Mean fitness (Train): 0.55 | Mean fitness (Test): 0.57
 | Mean Accuracy (Test): 0.79
Generation 835 | Best fitness (Train): 0.46 | Best fitness in generation (Train): 0.50 | Mean fitness (Train): 0.50 | Mean fitness (Test): 0.56
 | Mean Accuracy (Test): 0.79
Generation 840 | Best fitness (Train): 0.46 | Best fitness in generation (Train): 0.54 | Mean fitness (Train): 0.55 | Mean fitness (Test): 0.59
 | Mean Accuracy (Test): 0.79
Generation 845 | Best fitness (Train): 0.46 | Best fitness in generation (Train): 0.59 | Mean fitness (Train): 0.60 | Mean fitness (Test): 0.53
 | Mean Accuracy (Test): 0.79
Generation 850 | Best fitness (Train): 0.46 | Best fitness in generation (Train): 0.55 | Mean fitness (Train): 0.55 | Mean fitness (Test): 0.60
 | Mean Accuracy (Test): 0.78
Generation 855 | Best fitness (Train): 0.46 | Best fitness in generation (Train): 0.55 | Mean fitness (Train): 0.56 | Mean fitness (Test): 0.56
 | Mean Accuracy (Test): 0.80
Generation 860 | Best fitness (Train): 0.46 | Best fitness in generation (Train): 0.54 | Mean fitness (Train): 0.55 | Mean fitness (Test): 0.58
 | Mean Accuracy (Test): 0.79
Generation 865 | Best fitness (Train): 0.46 | Best fitness in generation (Train): 0.56 | Mean fitness (Train): 0.56 | Mean fitness (Test): 0.51
 | Mean Accuracy (Test): 0.82
Generation 870 | Best fitness (Train): 0.46 | Best fitness in generation (Train): 0.53 | Mean fitness (Train): 0.53 | Mean fitness (Test): 0.59
 | Mean Accuracy (Test): 0.79
Generation 875 | Best fitness (Train): 0.46 | Best fitness in generation (Train): 0.53 | Mean fitness (Train): 0.53 | Mean fitness (Test): 0.54
 | Mean Accuracy (Test): 0.81
Generation 880 | Best fitness (Train): 0.46 | Best fitness in generation (Train): 0.58 | Mean fitness (Train): 0.58 | Mean fitness (Test): 0.59
 | Mean Accuracy (Test): 0.79
Generation 885 | Best fitness (Train): 0.46 | Best fitness in generation (Train): 0.49 | Mean fitness (Train): 0.49 | Mean fitness (Test): 0.61
 | Mean Accuracy (Test): 0.78
Generation 890 | Best fitness (Train): 0.46 | Best fitness in generation (Train): 0.50 | Mean fitness (Train): 0.50 | Mean fitness (Test): 0.55
 | Mean Accuracy (Test): 0.81
Generation 895 | Best fitness (Train): 0.46 | Best fitness in generation (Train): 0.51 | Mean fitness (Train): 0.52 | Mean fitness (Test): 0.57
 | Mean Accuracy (Test): 0.80
Generation 900 | Best fitness (Train): 0.46 | Best fitness in generation (Train): 0.56 | Mean fitness (Train): 0.56 | Mean fitness (Test): 0.52
 | Mean Accuracy (Test): 0.81
Generation 905 | Best fitness (Train): 0.46 | Best fitness in generation (Train): 0.57 | Mean fitness (Train): 0.57 | Mean fitness (Test): 0.56
 | Mean Accuracy (Test): 0.79
Generation 910 | Best fitness (Train): 0.46 | Best fitness in generation (Train): 0.51 | Mean fitness (Train): 0.51 | Mean fitness (Test): 0.57
 | Mean Accuracy (Test): 0.79
Generation 915 | Best fitness (Train): 0.46 | Best fitness in generation (Train): 0.50 | Mean fitness (Train): 0.50 | Mean fitness (Test): 0.60
 | Mean Accuracy (Test): 0.79
Generation 920 | Best fitness (Train): 0.46 | Best fitness in generation (Train): 0.52 | Mean fitness (Train): 0.53 | Mean fitness (Test): 0.57
 | Mean Accuracy (Test): 0.80
Generation 925 | Best fitness (Train): 0.46 | Best fitness in generation (Train): 0.55 | Mean fitness (Train): 0.55 | Mean fitness (Test): 0.55
 | Mean Accuracy (Test): 0.80
Generation 930 | Best fitness (Train): 0.46 | Best fitness in generation (Train): 0.55 | Mean fitness (Train): 0.55 | Mean fitness (Test): 0.57
 | Mean Accuracy (Test): 0.80
Generation 935 | Best fitness (Train): 0.46 | Best fitness in generation (Train): 0.50 | Mean fitness (Train): 0.50 | Mean fitness (Test): 0.56
 | Mean Accuracy (Test): 0.79
Generation 940 | Best fitness (Train): 0.46 | Best fitness in generation (Train): 0.51 | Mean fitness (Train): 0.51 | Mean fitness (Test): 0.54
 | Mean Accuracy (Test): 0.80
Generation 945 | Best fitness (Train): 0.46 | Best fitness in generation (Train): 0.59 | Mean fitness (Train): 0.59 | Mean fitness (Test): 0.57
 | Mean Accuracy (Test): 0.79
Generation 950 | Best fitness (Train): 0.44 | Best fitness in generation (Train): 0.57 | Mean fitness (Train): 0.57 | Mean fitness (Test): 0.55
 | Mean Accuracy (Test): 0.80
Generation 955 | Best fitness (Train): 0.44 | Best fitness in generation (Train): 0.50 | Mean fitness (Train): 0.51 | Mean fitness (Test): 0.60
 | Mean Accuracy (Test): 0.79
Generation 960 | Best fitness (Train): 0.44 | Best fitness in generation (Train): 0.51 | Mean fitness (Train): 0.51 | Mean fitness (Test): 0.62
 | Mean Accuracy (Test): 0.78
Generation 965 | Best fitness (Train): 0.44 | Best fitness in generation (Train): 0.48 | Mean fitness (Train): 0.48 | Mean fitness (Test): 0.55
 | Mean Accuracy (Test): 0.80
Generation 970 | Best fitness (Train): 0.44 | Best fitness in generation (Train): 0.50 | Mean fitness (Train): 0.50 | Mean fitness (Test): 0.53
 | Mean Accuracy (Test): 0.81
Generation 975 | Best fitness (Train): 0.44 | Best fitness in generation (Train): 0.52 | Mean fitness (Train): 0.52 | Mean fitness (Test): 0.58
 | Mean Accuracy (Test): 0.81
Generation 980 | Best fitness (Train): 0.44 | Best fitness in generation (Train): 0.52 | Mean fitness (Train): 0.52 | Mean fitness (Test): 0.55
 | Mean Accuracy (Test): 0.80
Generation 985 | Best fitness (Train): 0.44 | Best fitness in generation (Train): 0.58 | Mean fitness (Train): 0.59 | Mean fitness (Test): 0.60
 | Mean Accuracy (Test): 0.80
Generation 990 | Best fitness (Train): 0.44 | Best fitness in generation (Train): 0.55 | Mean fitness (Train): 0.56 | Mean fitness (Test): 0.53
 | Mean Accuracy (Test): 0.80
Generation 995 | Best fitness (Train): 0.44 | Best fitness in generation (Train): 0.54 | Mean fitness (Train): 0.54 | Mean fitness (Test): 0.57
 | Mean Accuracy (Test): 0.78
Generation 1000 | Best fitness (Train): 0.44 | Best fitness in generation (Train): 0.53 | Mean fitness (Train): 0.53 | Mean fitness (Test): 0.56
 | Mean Accuracy (Test): 0.80
running the experiment ... [../../results/TorchVisionProblem/FashionMNIST/LearnedES/4]
Generation 005 | Best fitness (Train): 4.71 | Best fitness in generation (Train): 4.85 | Mean fitness (Train): 8.15 | Mean fitness (Test): 2.41
 | Mean Accuracy (Test): 0.26
Generation 010 | Best fitness (Train): 4.53 | Best fitness in generation (Train): 4.53 | Mean fitness (Train): 6.57 | Mean fitness (Test): 2.02
 | Mean Accuracy (Test): 0.33
Generation 015 | Best fitness (Train): 3.56 | Best fitness in generation (Train): 3.69 | Mean fitness (Train): 5.18 | Mean fitness (Test): 1.80
 | Mean Accuracy (Test): 0.46
Generation 020 | Best fitness (Train): 3.01 | Best fitness in generation (Train): 3.01 | Mean fitness (Train): 4.89 | Mean fitness (Test): 1.86
 | Mean Accuracy (Test): 0.47
Generation 025 | Best fitness (Train): 2.89 | Best fitness in generation (Train): 2.89 | Mean fitness (Train): 4.44 | Mean fitness (Test): 1.78
 | Mean Accuracy (Test): 0.52
Generation 030 | Best fitness (Train): 2.55 | Best fitness in generation (Train): 2.88 | Mean fitness (Train): 3.95 | Mean fitness (Test): 1.59
 | Mean Accuracy (Test): 0.58
Generation 035 | Best fitness (Train): 2.34 | Best fitness in generation (Train): 2.52 | Mean fitness (Train): 3.54 | Mean fitness (Test): 1.52
 | Mean Accuracy (Test): 0.60
Generation 040 | Best fitness (Train): 2.33 | Best fitness in generation (Train): 2.33 | Mean fitness (Train): 3.29 | Mean fitness (Test): 1.54
 | Mean Accuracy (Test): 0.59
Generation 045 | Best fitness (Train): 1.99 | Best fitness in generation (Train): 1.99 | Mean fitness (Train): 3.10 | Mean fitness (Test): 1.41
 | Mean Accuracy (Test): 0.62
Generation 050 | Best fitness (Train): 1.96 | Best fitness in generation (Train): 2.08 | Mean fitness (Train): 2.98 | Mean fitness (Test): 1.43
 | Mean Accuracy (Test): 0.61
Generation 055 | Best fitness (Train): 1.94 | Best fitness in generation (Train): 1.99 | Mean fitness (Train): 2.77 | Mean fitness (Test): 1.34
 | Mean Accuracy (Test): 0.63
Generation 060 | Best fitness (Train): 1.86 | Best fitness in generation (Train): 1.86 | Mean fitness (Train): 2.69 | Mean fitness (Test): 1.37
 | Mean Accuracy (Test): 0.65
Generation 065 | Best fitness (Train): 1.80 | Best fitness in generation (Train): 2.05 | Mean fitness (Train): 2.72 | Mean fitness (Test): 1.53
 | Mean Accuracy (Test): 0.60
Generation 070 | Best fitness (Train): 1.67 | Best fitness in generation (Train): 1.84 | Mean fitness (Train): 2.56 | Mean fitness (Test): 1.41
 | Mean Accuracy (Test): 0.64
Generation 075 | Best fitness (Train): 1.67 | Best fitness in generation (Train): 1.80 | Mean fitness (Train): 2.41 | Mean fitness (Test): 1.35
 | Mean Accuracy (Test): 0.64
Generation 080 | Best fitness (Train): 1.64 | Best fitness in generation (Train): 1.84 | Mean fitness (Train): 2.36 | Mean fitness (Test): 1.34
 | Mean Accuracy (Test): 0.63
Generation 085 | Best fitness (Train): 1.57 | Best fitness in generation (Train): 1.75 | Mean fitness (Train): 2.30 | Mean fitness (Test): 1.29
 | Mean Accuracy (Test): 0.68
Generation 090 | Best fitness (Train): 1.53 | Best fitness in generation (Train): 1.53 | Mean fitness (Train): 2.03 | Mean fitness (Test): 1.27
 | Mean Accuracy (Test): 0.66
Generation 095 | Best fitness (Train): 1.50 | Best fitness in generation (Train): 1.50 | Mean fitness (Train): 2.07 | Mean fitness (Test): 1.17
 | Mean Accuracy (Test): 0.68
Generation 100 | Best fitness (Train): 1.45 | Best fitness in generation (Train): 1.45 | Mean fitness (Train): 2.10 | Mean fitness (Test): 1.21
 | Mean Accuracy (Test): 0.67
Generation 105 | Best fitness (Train): 1.42 | Best fitness in generation (Train): 1.49 | Mean fitness (Train): 2.04 | Mean fitness (Test): 1.24
 | Mean Accuracy (Test): 0.65
Generation 110 | Best fitness (Train): 1.31 | Best fitness in generation (Train): 1.52 | Mean fitness (Train): 1.98 | Mean fitness (Test): 1.19
 | Mean Accuracy (Test): 0.67
Generation 115 | Best fitness (Train): 1.26 | Best fitness in generation (Train): 1.31 | Mean fitness (Train): 1.79 | Mean fitness (Test): 1.22
 | Mean Accuracy (Test): 0.66
Generation 120 | Best fitness (Train): 1.26 | Best fitness in generation (Train): 1.35 | Mean fitness (Train): 1.75 | Mean fitness (Test): 1.18
 | Mean Accuracy (Test): 0.66
Generation 125 | Best fitness (Train): 1.26 | Best fitness in generation (Train): 1.44 | Mean fitness (Train): 1.81 | Mean fitness (Test): 1.19
 | Mean Accuracy (Test): 0.65
Generation 130 | Best fitness (Train): 1.15 | Best fitness in generation (Train): 1.15 | Mean fitness (Train): 1.62 | Mean fitness (Test): 1.12
 | Mean Accuracy (Test): 0.65
Generation 135 | Best fitness (Train): 1.15 | Best fitness in generation (Train): 1.27 | Mean fitness (Train): 1.63 | Mean fitness (Test): 1.03
 | Mean Accuracy (Test): 0.67
Generation 140 | Best fitness (Train): 1.09 | Best fitness in generation (Train): 1.09 | Mean fitness (Train): 1.37 | Mean fitness (Test): 1.10
 | Mean Accuracy (Test): 0.68
Generation 145 | Best fitness (Train): 1.09 | Best fitness in generation (Train): 1.18 | Mean fitness (Train): 1.46 | Mean fitness (Test): 1.08
 | Mean Accuracy (Test): 0.67
Generation 150 | Best fitness (Train): 1.09 | Best fitness in generation (Train): 1.17 | Mean fitness (Train): 1.45 | Mean fitness (Test): 1.02
 | Mean Accuracy (Test): 0.68
Generation 155 | Best fitness (Train): 1.09 | Best fitness in generation (Train): 1.27 | Mean fitness (Train): 1.50 | Mean fitness (Test): 0.97
 | Mean Accuracy (Test): 0.71
Generation 160 | Best fitness (Train): 1.05 | Best fitness in generation (Train): 1.05 | Mean fitness (Train): 1.35 | Mean fitness (Test): 0.99
 | Mean Accuracy (Test): 0.67
Generation 165 | Best fitness (Train): 1.05 | Best fitness in generation (Train): 1.06 | Mean fitness (Train): 1.27 | Mean fitness (Test): 0.93
 | Mean Accuracy (Test): 0.71
Generation 170 | Best fitness (Train): 0.98 | Best fitness in generation (Train): 1.03 | Mean fitness (Train): 1.21 | Mean fitness (Test): 1.09
 | Mean Accuracy (Test): 0.70
Generation 175 | Best fitness (Train): 0.98 | Best fitness in generation (Train): 1.02 | Mean fitness (Train): 1.20 | Mean fitness (Test): 0.97
 | Mean Accuracy (Test): 0.71
Generation 180 | Best fitness (Train): 0.97 | Best fitness in generation (Train): 0.98 | Mean fitness (Train): 1.17 | Mean fitness (Test): 0.96
 | Mean Accuracy (Test): 0.71
Generation 185 | Best fitness (Train): 0.96 | Best fitness in generation (Train): 1.03 | Mean fitness (Train): 1.17 | Mean fitness (Test): 0.92
 | Mean Accuracy (Test): 0.71
Generation 190 | Best fitness (Train): 0.96 | Best fitness in generation (Train): 1.10 | Mean fitness (Train): 1.27 | Mean fitness (Test): 0.90
 | Mean Accuracy (Test): 0.71
Generation 195 | Best fitness (Train): 0.94 | Best fitness in generation (Train): 0.94 | Mean fitness (Train): 1.14 | Mean fitness (Test): 0.99
 | Mean Accuracy (Test): 0.70
Generation 200 | Best fitness (Train): 0.94 | Best fitness in generation (Train): 0.94 | Mean fitness (Train): 1.08 | Mean fitness (Test): 0.87
 | Mean Accuracy (Test): 0.71
Generation 205 | Best fitness (Train): 0.89 | Best fitness in generation (Train): 0.95 | Mean fitness (Train): 1.08 | Mean fitness (Test): 0.89
 | Mean Accuracy (Test): 0.71
Generation 210 | Best fitness (Train): 0.89 | Best fitness in generation (Train): 1.03 | Mean fitness (Train): 1.18 | Mean fitness (Test): 0.85
 | Mean Accuracy (Test): 0.74
Generation 215 | Best fitness (Train): 0.89 | Best fitness in generation (Train): 0.95 | Mean fitness (Train): 1.07 | Mean fitness (Test): 0.91
 | Mean Accuracy (Test): 0.71
Generation 220 | Best fitness (Train): 0.89 | Best fitness in generation (Train): 0.90 | Mean fitness (Train): 1.01 | Mean fitness (Test): 0.86
 | Mean Accuracy (Test): 0.71
Generation 225 | Best fitness (Train): 0.86 | Best fitness in generation (Train): 0.92 | Mean fitness (Train): 1.03 | Mean fitness (Test): 0.92
 | Mean Accuracy (Test): 0.69
Generation 230 | Best fitness (Train): 0.86 | Best fitness in generation (Train): 0.95 | Mean fitness (Train): 1.05 | Mean fitness (Test): 0.84
 | Mean Accuracy (Test): 0.71
Generation 235 | Best fitness (Train): 0.86 | Best fitness in generation (Train): 0.93 | Mean fitness (Train): 1.04 | Mean fitness (Test): 0.82
 | Mean Accuracy (Test): 0.73
Generation 240 | Best fitness (Train): 0.84 | Best fitness in generation (Train): 0.92 | Mean fitness (Train): 1.03 | Mean fitness (Test): 0.90
 | Mean Accuracy (Test): 0.72
Generation 245 | Best fitness (Train): 0.76 | Best fitness in generation (Train): 0.86 | Mean fitness (Train): 0.96 | Mean fitness (Test): 0.77
 | Mean Accuracy (Test): 0.75
Generation 250 | Best fitness (Train): 0.76 | Best fitness in generation (Train): 0.91 | Mean fitness (Train): 1.02 | Mean fitness (Test): 0.82
 | Mean Accuracy (Test): 0.72
Generation 255 | Best fitness (Train): 0.76 | Best fitness in generation (Train): 0.77 | Mean fitness (Train): 0.86 | Mean fitness (Test): 0.79
 | Mean Accuracy (Test): 0.75
Generation 260 | Best fitness (Train): 0.76 | Best fitness in generation (Train): 0.80 | Mean fitness (Train): 0.88 | Mean fitness (Test): 0.80
 | Mean Accuracy (Test): 0.72
Generation 265 | Best fitness (Train): 0.76 | Best fitness in generation (Train): 0.83 | Mean fitness (Train): 0.92 | Mean fitness (Test): 0.84
 | Mean Accuracy (Test): 0.73
Generation 270 | Best fitness (Train): 0.76 | Best fitness in generation (Train): 0.87 | Mean fitness (Train): 0.94 | Mean fitness (Test): 0.83
 | Mean Accuracy (Test): 0.74
Generation 275 | Best fitness (Train): 0.76 | Best fitness in generation (Train): 0.81 | Mean fitness (Train): 0.90 | Mean fitness (Test): 0.80
 | Mean Accuracy (Test): 0.73
Generation 280 | Best fitness (Train): 0.76 | Best fitness in generation (Train): 0.76 | Mean fitness (Train): 0.85 | Mean fitness (Test): 0.92
 | Mean Accuracy (Test): 0.71
Generation 285 | Best fitness (Train): 0.76 | Best fitness in generation (Train): 0.84 | Mean fitness (Train): 0.92 | Mean fitness (Test): 0.84
 | Mean Accuracy (Test): 0.73
Generation 290 | Best fitness (Train): 0.76 | Best fitness in generation (Train): 0.82 | Mean fitness (Train): 0.89 | Mean fitness (Test): 0.79
 | Mean Accuracy (Test): 0.74
Generation 295 | Best fitness (Train): 0.76 | Best fitness in generation (Train): 0.77 | Mean fitness (Train): 0.84 | Mean fitness (Test): 0.73
 | Mean Accuracy (Test): 0.76
Generation 300 | Best fitness (Train): 0.72 | Best fitness in generation (Train): 0.80 | Mean fitness (Train): 0.86 | Mean fitness (Test): 0.80
 | Mean Accuracy (Test): 0.74
Generation 305 | Best fitness (Train): 0.72 | Best fitness in generation (Train): 0.78 | Mean fitness (Train): 0.85 | Mean fitness (Test): 0.79
 | Mean Accuracy (Test): 0.72
Generation 310 | Best fitness (Train): 0.70 | Best fitness in generation (Train): 0.70 | Mean fitness (Train): 0.76 | Mean fitness (Test): 0.77
 | Mean Accuracy (Test): 0.74
Generation 315 | Best fitness (Train): 0.70 | Best fitness in generation (Train): 0.77 | Mean fitness (Train): 0.83 | Mean fitness (Test): 0.72
 | Mean Accuracy (Test): 0.75
Generation 320 | Best fitness (Train): 0.64 | Best fitness in generation (Train): 0.73 | Mean fitness (Train): 0.78 | Mean fitness (Test): 0.76
 | Mean Accuracy (Test): 0.75
Generation 325 | Best fitness (Train): 0.64 | Best fitness in generation (Train): 0.72 | Mean fitness (Train): 0.78 | Mean fitness (Test): 0.76
 | Mean Accuracy (Test): 0.74
Generation 330 | Best fitness (Train): 0.64 | Best fitness in generation (Train): 0.74 | Mean fitness (Train): 0.80 | Mean fitness (Test): 0.77
 | Mean Accuracy (Test): 0.73
Generation 335 | Best fitness (Train): 0.64 | Best fitness in generation (Train): 0.75 | Mean fitness (Train): 0.80 | Mean fitness (Test): 0.74
 | Mean Accuracy (Test): 0.77
Generation 340 | Best fitness (Train): 0.64 | Best fitness in generation (Train): 0.68 | Mean fitness (Train): 0.73 | Mean fitness (Test): 0.66
 | Mean Accuracy (Test): 0.78
Generation 345 | Best fitness (Train): 0.64 | Best fitness in generation (Train): 0.71 | Mean fitness (Train): 0.75 | Mean fitness (Test): 0.62
 | Mean Accuracy (Test): 0.78
Generation 350 | Best fitness (Train): 0.64 | Best fitness in generation (Train): 0.69 | Mean fitness (Train): 0.73 | Mean fitness (Test): 0.71
 | Mean Accuracy (Test): 0.75
Generation 355 | Best fitness (Train): 0.63 | Best fitness in generation (Train): 0.73 | Mean fitness (Train): 0.78 | Mean fitness (Test): 0.64
 | Mean Accuracy (Test): 0.77
Generation 360 | Best fitness (Train): 0.63 | Best fitness in generation (Train): 0.69 | Mean fitness (Train): 0.73 | Mean fitness (Test): 0.70
 | Mean Accuracy (Test): 0.76
Generation 365 | Best fitness (Train): 0.63 | Best fitness in generation (Train): 0.66 | Mean fitness (Train): 0.71 | Mean fitness (Test): 0.67
 | Mean Accuracy (Test): 0.77
Generation 370 | Best fitness (Train): 0.63 | Best fitness in generation (Train): 0.66 | Mean fitness (Train): 0.70 | Mean fitness (Test): 0.68
 | Mean Accuracy (Test): 0.78
Generation 375 | Best fitness (Train): 0.62 | Best fitness in generation (Train): 0.62 | Mean fitness (Train): 0.66 | Mean fitness (Test): 0.81
 | Mean Accuracy (Test): 0.73
Generation 380 | Best fitness (Train): 0.62 | Best fitness in generation (Train): 0.66 | Mean fitness (Train): 0.69 | Mean fitness (Test): 0.73
 | Mean Accuracy (Test): 0.75
Generation 385 | Best fitness (Train): 0.62 | Best fitness in generation (Train): 0.66 | Mean fitness (Train): 0.70 | Mean fitness (Test): 0.71
 | Mean Accuracy (Test): 0.77
Generation 390 | Best fitness (Train): 0.62 | Best fitness in generation (Train): 0.72 | Mean fitness (Train): 0.75 | Mean fitness (Test): 0.71
 | Mean Accuracy (Test): 0.76
Generation 395 | Best fitness (Train): 0.62 | Best fitness in generation (Train): 0.71 | Mean fitness (Train): 0.75 | Mean fitness (Test): 0.65
 | Mean Accuracy (Test): 0.77
Generation 400 | Best fitness (Train): 0.62 | Best fitness in generation (Train): 0.67 | Mean fitness (Train): 0.71 | Mean fitness (Test): 0.66
 | Mean Accuracy (Test): 0.78
Generation 405 | Best fitness (Train): 0.62 | Best fitness in generation (Train): 0.69 | Mean fitness (Train): 0.72 | Mean fitness (Test): 0.70
 | Mean Accuracy (Test): 0.75
Generation 410 | Best fitness (Train): 0.60 | Best fitness in generation (Train): 0.67 | Mean fitness (Train): 0.71 | Mean fitness (Test): 0.67
 | Mean Accuracy (Test): 0.78
Generation 415 | Best fitness (Train): 0.60 | Best fitness in generation (Train): 0.66 | Mean fitness (Train): 0.69 | Mean fitness (Test): 0.70
 | Mean Accuracy (Test): 0.76
Generation 420 | Best fitness (Train): 0.60 | Best fitness in generation (Train): 0.69 | Mean fitness (Train): 0.72 | Mean fitness (Test): 0.68
 | Mean Accuracy (Test): 0.75
Generation 425 | Best fitness (Train): 0.59 | Best fitness in generation (Train): 0.59 | Mean fitness (Train): 0.62 | Mean fitness (Test): 0.69
 | Mean Accuracy (Test): 0.75
Generation 430 | Best fitness (Train): 0.59 | Best fitness in generation (Train): 0.64 | Mean fitness (Train): 0.67 | Mean fitness (Test): 0.64
 | Mean Accuracy (Test): 0.78
Generation 435 | Best fitness (Train): 0.59 | Best fitness in generation (Train): 0.63 | Mean fitness (Train): 0.66 | Mean fitness (Test): 0.69
 | Mean Accuracy (Test): 0.77
Generation 440 | Best fitness (Train): 0.59 | Best fitness in generation (Train): 0.69 | Mean fitness (Train): 0.71 | Mean fitness (Test): 0.73
 | Mean Accuracy (Test): 0.76
Generation 445 | Best fitness (Train): 0.58 | Best fitness in generation (Train): 0.64 | Mean fitness (Train): 0.67 | Mean fitness (Test): 0.67
 | Mean Accuracy (Test): 0.77
Generation 450 | Best fitness (Train): 0.58 | Best fitness in generation (Train): 0.64 | Mean fitness (Train): 0.67 | Mean fitness (Test): 0.61
 | Mean Accuracy (Test): 0.78
Generation 455 | Best fitness (Train): 0.58 | Best fitness in generation (Train): 0.60 | Mean fitness (Train): 0.62 | Mean fitness (Test): 0.60
 | Mean Accuracy (Test): 0.80
Generation 460 | Best fitness (Train): 0.58 | Best fitness in generation (Train): 0.68 | Mean fitness (Train): 0.70 | Mean fitness (Test): 0.70
 | Mean Accuracy (Test): 0.75
Generation 465 | Best fitness (Train): 0.56 | Best fitness in generation (Train): 0.56 | Mean fitness (Train): 0.59 | Mean fitness (Test): 0.67
 | Mean Accuracy (Test): 0.77
Generation 470 | Best fitness (Train): 0.53 | Best fitness in generation (Train): 0.58 | Mean fitness (Train): 0.61 | Mean fitness (Test): 0.72
 | Mean Accuracy (Test): 0.75
Generation 475 | Best fitness (Train): 0.53 | Best fitness in generation (Train): 0.60 | Mean fitness (Train): 0.63 | Mean fitness (Test): 0.62
 | Mean Accuracy (Test): 0.77
Generation 480 | Best fitness (Train): 0.53 | Best fitness in generation (Train): 0.63 | Mean fitness (Train): 0.65 | Mean fitness (Test): 0.68
 | Mean Accuracy (Test): 0.77
Generation 485 | Best fitness (Train): 0.53 | Best fitness in generation (Train): 0.67 | Mean fitness (Train): 0.70 | Mean fitness (Test): 0.66
 | Mean Accuracy (Test): 0.77
Generation 490 | Best fitness (Train): 0.53 | Best fitness in generation (Train): 0.59 | Mean fitness (Train): 0.62 | Mean fitness (Test): 0.62
 | Mean Accuracy (Test): 0.79
Generation 495 | Best fitness (Train): 0.53 | Best fitness in generation (Train): 0.61 | Mean fitness (Train): 0.63 | Mean fitness (Test): 0.68
 | Mean Accuracy (Test): 0.77
Generation 500 | Best fitness (Train): 0.53 | Best fitness in generation (Train): 0.59 | Mean fitness (Train): 0.61 | Mean fitness (Test): 0.62
 | Mean Accuracy (Test): 0.77
Generation 505 | Best fitness (Train): 0.53 | Best fitness in generation (Train): 0.62 | Mean fitness (Train): 0.63 | Mean fitness (Test): 0.65
 | Mean Accuracy (Test): 0.77
Generation 510 | Best fitness (Train): 0.53 | Best fitness in generation (Train): 0.60 | Mean fitness (Train): 0.62 | Mean fitness (Test): 0.66
 | Mean Accuracy (Test): 0.78
Generation 515 | Best fitness (Train): 0.53 | Best fitness in generation (Train): 0.60 | Mean fitness (Train): 0.61 | Mean fitness (Test): 0.68
 | Mean Accuracy (Test): 0.78
Generation 520 | Best fitness (Train): 0.53 | Best fitness in generation (Train): 0.61 | Mean fitness (Train): 0.62 | Mean fitness (Test): 0.63
 | Mean Accuracy (Test): 0.76
Generation 525 | Best fitness (Train): 0.53 | Best fitness in generation (Train): 0.62 | Mean fitness (Train): 0.64 | Mean fitness (Test): 0.62
 | Mean Accuracy (Test): 0.79
Generation 530 | Best fitness (Train): 0.53 | Best fitness in generation (Train): 0.62 | Mean fitness (Train): 0.63 | Mean fitness (Test): 0.61
 | Mean Accuracy (Test): 0.78
Generation 535 | Best fitness (Train): 0.53 | Best fitness in generation (Train): 0.58 | Mean fitness (Train): 0.60 | Mean fitness (Test): 0.62
 | Mean Accuracy (Test): 0.78
Generation 540 | Best fitness (Train): 0.53 | Best fitness in generation (Train): 0.53 | Mean fitness (Train): 0.55 | Mean fitness (Test): 0.65
 | Mean Accuracy (Test): 0.77
Generation 545 | Best fitness (Train): 0.53 | Best fitness in generation (Train): 0.58 | Mean fitness (Train): 0.60 | Mean fitness (Test): 0.61
 | Mean Accuracy (Test): 0.80
Generation 550 | Best fitness (Train): 0.53 | Best fitness in generation (Train): 0.57 | Mean fitness (Train): 0.59 | Mean fitness (Test): 0.67
 | Mean Accuracy (Test): 0.79
Generation 555 | Best fitness (Train): 0.53 | Best fitness in generation (Train): 0.64 | Mean fitness (Train): 0.65 | Mean fitness (Test): 0.60
 | Mean Accuracy (Test): 0.79
Generation 560 | Best fitness (Train): 0.53 | Best fitness in generation (Train): 0.58 | Mean fitness (Train): 0.60 | Mean fitness (Test): 0.60
 | Mean Accuracy (Test): 0.79
Generation 565 | Best fitness (Train): 0.53 | Best fitness in generation (Train): 0.61 | Mean fitness (Train): 0.62 | Mean fitness (Test): 0.68
 | Mean Accuracy (Test): 0.77
Generation 570 | Best fitness (Train): 0.53 | Best fitness in generation (Train): 0.59 | Mean fitness (Train): 0.60 | Mean fitness (Test): 0.54
 | Mean Accuracy (Test): 0.80
Generation 575 | Best fitness (Train): 0.53 | Best fitness in generation (Train): 0.62 | Mean fitness (Train): 0.63 | Mean fitness (Test): 0.57
 | Mean Accuracy (Test): 0.81
Generation 580 | Best fitness (Train): 0.53 | Best fitness in generation (Train): 0.60 | Mean fitness (Train): 0.61 | Mean fitness (Test): 0.64
 | Mean Accuracy (Test): 0.77
Generation 585 | Best fitness (Train): 0.53 | Best fitness in generation (Train): 0.61 | Mean fitness (Train): 0.62 | Mean fitness (Test): 0.59
 | Mean Accuracy (Test): 0.80
Generation 590 | Best fitness (Train): 0.52 | Best fitness in generation (Train): 0.64 | Mean fitness (Train): 0.65 | Mean fitness (Test): 0.61
 | Mean Accuracy (Test): 0.78
Generation 595 | Best fitness (Train): 0.52 | Best fitness in generation (Train): 0.58 | Mean fitness (Train): 0.59 | Mean fitness (Test): 0.60
 | Mean Accuracy (Test): 0.78
Generation 600 | Best fitness (Train): 0.52 | Best fitness in generation (Train): 0.57 | Mean fitness (Train): 0.58 | Mean fitness (Test): 0.64
 | Mean Accuracy (Test): 0.79
Generation 605 | Best fitness (Train): 0.52 | Best fitness in generation (Train): 0.66 | Mean fitness (Train): 0.67 | Mean fitness (Test): 0.64
 | Mean Accuracy (Test): 0.79
Generation 610 | Best fitness (Train): 0.52 | Best fitness in generation (Train): 0.60 | Mean fitness (Train): 0.61 | Mean fitness (Test): 0.61
 | Mean Accuracy (Test): 0.79
Generation 615 | Best fitness (Train): 0.52 | Best fitness in generation (Train): 0.54 | Mean fitness (Train): 0.55 | Mean fitness (Test): 0.61
 | Mean Accuracy (Test): 0.79
Generation 620 | Best fitness (Train): 0.52 | Best fitness in generation (Train): 0.62 | Mean fitness (Train): 0.62 | Mean fitness (Test): 0.62
 | Mean Accuracy (Test): 0.78
Generation 625 | Best fitness (Train): 0.52 | Best fitness in generation (Train): 0.58 | Mean fitness (Train): 0.59 | Mean fitness (Test): 0.61
 | Mean Accuracy (Test): 0.80
Generation 630 | Best fitness (Train): 0.52 | Best fitness in generation (Train): 0.56 | Mean fitness (Train): 0.57 | Mean fitness (Test): 0.61
 | Mean Accuracy (Test): 0.77
Generation 635 | Best fitness (Train): 0.52 | Best fitness in generation (Train): 0.60 | Mean fitness (Train): 0.60 | Mean fitness (Test): 0.62
 | Mean Accuracy (Test): 0.78
Generation 640 | Best fitness (Train): 0.52 | Best fitness in generation (Train): 0.61 | Mean fitness (Train): 0.63 | Mean fitness (Test): 0.59
 | Mean Accuracy (Test): 0.79
Generation 645 | Best fitness (Train): 0.52 | Best fitness in generation (Train): 0.54 | Mean fitness (Train): 0.55 | Mean fitness (Test): 0.58
 | Mean Accuracy (Test): 0.81
Generation 650 | Best fitness (Train): 0.52 | Best fitness in generation (Train): 0.58 | Mean fitness (Train): 0.59 | Mean fitness (Test): 0.55
 | Mean Accuracy (Test): 0.80
Generation 655 | Best fitness (Train): 0.52 | Best fitness in generation (Train): 0.56 | Mean fitness (Train): 0.57 | Mean fitness (Test): 0.59
 | Mean Accuracy (Test): 0.80
Generation 660 | Best fitness (Train): 0.52 | Best fitness in generation (Train): 0.54 | Mean fitness (Train): 0.55 | Mean fitness (Test): 0.62
 | Mean Accuracy (Test): 0.78
Generation 665 | Best fitness (Train): 0.52 | Best fitness in generation (Train): 0.56 | Mean fitness (Train): 0.57 | Mean fitness (Test): 0.58
 | Mean Accuracy (Test): 0.79
Generation 670 | Best fitness (Train): 0.52 | Best fitness in generation (Train): 0.52 | Mean fitness (Train): 0.53 | Mean fitness (Test): 0.57
 | Mean Accuracy (Test): 0.81
Generation 675 | Best fitness (Train): 0.52 | Best fitness in generation (Train): 0.54 | Mean fitness (Train): 0.55 | Mean fitness (Test): 0.55
 | Mean Accuracy (Test): 0.80
Generation 680 | Best fitness (Train): 0.52 | Best fitness in generation (Train): 0.57 | Mean fitness (Train): 0.58 | Mean fitness (Test): 0.62
 | Mean Accuracy (Test): 0.79
Generation 685 | Best fitness (Train): 0.52 | Best fitness in generation (Train): 0.61 | Mean fitness (Train): 0.62 | Mean fitness (Test): 0.61
 | Mean Accuracy (Test): 0.79
Generation 690 | Best fitness (Train): 0.52 | Best fitness in generation (Train): 0.56 | Mean fitness (Train): 0.57 | Mean fitness (Test): 0.56
 | Mean Accuracy (Test): 0.80
Generation 695 | Best fitness (Train): 0.52 | Best fitness in generation (Train): 0.59 | Mean fitness (Train): 0.60 | Mean fitness (Test): 0.66
 | Mean Accuracy (Test): 0.76
Generation 700 | Best fitness (Train): 0.52 | Best fitness in generation (Train): 0.58 | Mean fitness (Train): 0.59 | Mean fitness (Test): 0.64
 | Mean Accuracy (Test): 0.79
Generation 705 | Best fitness (Train): 0.52 | Best fitness in generation (Train): 0.63 | Mean fitness (Train): 0.64 | Mean fitness (Test): 0.65
 | Mean Accuracy (Test): 0.77
Generation 710 | Best fitness (Train): 0.52 | Best fitness in generation (Train): 0.58 | Mean fitness (Train): 0.58 | Mean fitness (Test): 0.63
 | Mean Accuracy (Test): 0.78
Generation 715 | Best fitness (Train): 0.52 | Best fitness in generation (Train): 0.58 | Mean fitness (Train): 0.59 | Mean fitness (Test): 0.56
 | Mean Accuracy (Test): 0.80
Generation 720 | Best fitness (Train): 0.52 | Best fitness in generation (Train): 0.55 | Mean fitness (Train): 0.56 | Mean fitness (Test): 0.55
 | Mean Accuracy (Test): 0.81
Generation 725 | Best fitness (Train): 0.52 | Best fitness in generation (Train): 0.56 | Mean fitness (Train): 0.57 | Mean fitness (Test): 0.61
 | Mean Accuracy (Test): 0.78
Generation 730 | Best fitness (Train): 0.52 | Best fitness in generation (Train): 0.59 | Mean fitness (Train): 0.59 | Mean fitness (Test): 0.60
 | Mean Accuracy (Test): 0.79
Generation 735 | Best fitness (Train): 0.52 | Best fitness in generation (Train): 0.54 | Mean fitness (Train): 0.54 | Mean fitness (Test): 0.58
 | Mean Accuracy (Test): 0.80
Generation 740 | Best fitness (Train): 0.50 | Best fitness in generation (Train): 0.63 | Mean fitness (Train): 0.64 | Mean fitness (Test): 0.59
 | Mean Accuracy (Test): 0.80
Generation 745 | Best fitness (Train): 0.50 | Best fitness in generation (Train): 0.57 | Mean fitness (Train): 0.58 | Mean fitness (Test): 0.60
 | Mean Accuracy (Test): 0.79
Generation 750 | Best fitness (Train): 0.50 | Best fitness in generation (Train): 0.56 | Mean fitness (Train): 0.57 | Mean fitness (Test): 0.58
 | Mean Accuracy (Test): 0.79
Generation 755 | Best fitness (Train): 0.50 | Best fitness in generation (Train): 0.54 | Mean fitness (Train): 0.55 | Mean fitness (Test): 0.61
 | Mean Accuracy (Test): 0.79
Generation 760 | Best fitness (Train): 0.50 | Best fitness in generation (Train): 0.54 | Mean fitness (Train): 0.55 | Mean fitness (Test): 0.55
 | Mean Accuracy (Test): 0.79
Generation 765 | Best fitness (Train): 0.50 | Best fitness in generation (Train): 0.54 | Mean fitness (Train): 0.55 | Mean fitness (Test): 0.56
 | Mean Accuracy (Test): 0.80
Generation 770 | Best fitness (Train): 0.50 | Best fitness in generation (Train): 0.58 | Mean fitness (Train): 0.59 | Mean fitness (Test): 0.57
 | Mean Accuracy (Test): 0.82
Generation 775 | Best fitness (Train): 0.50 | Best fitness in generation (Train): 0.52 | Mean fitness (Train): 0.53 | Mean fitness (Test): 0.58
 | Mean Accuracy (Test): 0.79
Generation 780 | Best fitness (Train): 0.50 | Best fitness in generation (Train): 0.66 | Mean fitness (Train): 0.67 | Mean fitness (Test): 0.58
 | Mean Accuracy (Test): 0.79
Generation 785 | Best fitness (Train): 0.50 | Best fitness in generation (Train): 0.61 | Mean fitness (Train): 0.61 | Mean fitness (Test): 0.52
 | Mean Accuracy (Test): 0.81
Generation 790 | Best fitness (Train): 0.50 | Best fitness in generation (Train): 0.55 | Mean fitness (Train): 0.56 | Mean fitness (Test): 0.62
 | Mean Accuracy (Test): 0.79
Generation 795 | Best fitness (Train): 0.50 | Best fitness in generation (Train): 0.53 | Mean fitness (Train): 0.54 | Mean fitness (Test): 0.63
 | Mean Accuracy (Test): 0.79
Generation 800 | Best fitness (Train): 0.50 | Best fitness in generation (Train): 0.56 | Mean fitness (Train): 0.56 | Mean fitness (Test): 0.59
 | Mean Accuracy (Test): 0.80
Generation 805 | Best fitness (Train): 0.50 | Best fitness in generation (Train): 0.54 | Mean fitness (Train): 0.55 | Mean fitness (Test): 0.57
 | Mean Accuracy (Test): 0.80
Generation 810 | Best fitness (Train): 0.50 | Best fitness in generation (Train): 0.58 | Mean fitness (Train): 0.58 | Mean fitness (Test): 0.56
 | Mean Accuracy (Test): 0.78
Generation 815 | Best fitness (Train): 0.50 | Best fitness in generation (Train): 0.61 | Mean fitness (Train): 0.62 | Mean fitness (Test): 0.64
 | Mean Accuracy (Test): 0.77
Generation 820 | Best fitness (Train): 0.50 | Best fitness in generation (Train): 0.53 | Mean fitness (Train): 0.54 | Mean fitness (Test): 0.57
 | Mean Accuracy (Test): 0.80
Generation 825 | Best fitness (Train): 0.50 | Best fitness in generation (Train): 0.53 | Mean fitness (Train): 0.54 | Mean fitness (Test): 0.59
 | Mean Accuracy (Test): 0.80
Generation 830 | Best fitness (Train): 0.50 | Best fitness in generation (Train): 0.57 | Mean fitness (Train): 0.58 | Mean fitness (Test): 0.57
 | Mean Accuracy (Test): 0.80
Generation 835 | Best fitness (Train): 0.48 | Best fitness in generation (Train): 0.53 | Mean fitness (Train): 0.53 | Mean fitness (Test): 0.61
 | Mean Accuracy (Test): 0.78
Generation 840 | Best fitness (Train): 0.48 | Best fitness in generation (Train): 0.57 | Mean fitness (Train): 0.58 | Mean fitness (Test): 0.64
 | Mean Accuracy (Test): 0.78
Generation 845 | Best fitness (Train): 0.48 | Best fitness in generation (Train): 0.56 | Mean fitness (Train): 0.56 | Mean fitness (Test): 0.52
 | Mean Accuracy (Test): 0.80
Generation 850 | Best fitness (Train): 0.48 | Best fitness in generation (Train): 0.56 | Mean fitness (Train): 0.56 | Mean fitness (Test): 0.54
 | Mean Accuracy (Test): 0.81
Generation 855 | Best fitness (Train): 0.48 | Best fitness in generation (Train): 0.57 | Mean fitness (Train): 0.57 | Mean fitness (Test): 0.60
 | Mean Accuracy (Test): 0.78
Generation 860 | Best fitness (Train): 0.48 | Best fitness in generation (Train): 0.61 | Mean fitness (Train): 0.62 | Mean fitness (Test): 0.62
 | Mean Accuracy (Test): 0.79
Generation 865 | Best fitness (Train): 0.48 | Best fitness in generation (Train): 0.50 | Mean fitness (Train): 0.50 | Mean fitness (Test): 0.58
 | Mean Accuracy (Test): 0.80
Generation 870 | Best fitness (Train): 0.48 | Best fitness in generation (Train): 0.56 | Mean fitness (Train): 0.56 | Mean fitness (Test): 0.61
 | Mean Accuracy (Test): 0.79
Generation 875 | Best fitness (Train): 0.48 | Best fitness in generation (Train): 0.59 | Mean fitness (Train): 0.59 | Mean fitness (Test): 0.61
 | Mean Accuracy (Test): 0.78
Generation 880 | Best fitness (Train): 0.48 | Best fitness in generation (Train): 0.56 | Mean fitness (Train): 0.57 | Mean fitness (Test): 0.63
 | Mean Accuracy (Test): 0.78
Generation 885 | Best fitness (Train): 0.48 | Best fitness in generation (Train): 0.55 | Mean fitness (Train): 0.56 | Mean fitness (Test): 0.58
 | Mean Accuracy (Test): 0.78
Generation 890 | Best fitness (Train): 0.48 | Best fitness in generation (Train): 0.53 | Mean fitness (Train): 0.54 | Mean fitness (Test): 0.59
 | Mean Accuracy (Test): 0.80
Generation 895 | Best fitness (Train): 0.48 | Best fitness in generation (Train): 0.57 | Mean fitness (Train): 0.57 | Mean fitness (Test): 0.54
 | Mean Accuracy (Test): 0.81
Generation 900 | Best fitness (Train): 0.48 | Best fitness in generation (Train): 0.59 | Mean fitness (Train): 0.60 | Mean fitness (Test): 0.63
 | Mean Accuracy (Test): 0.80
Generation 905 | Best fitness (Train): 0.48 | Best fitness in generation (Train): 0.52 | Mean fitness (Train): 0.53 | Mean fitness (Test): 0.58
 | Mean Accuracy (Test): 0.80
Generation 910 | Best fitness (Train): 0.48 | Best fitness in generation (Train): 0.52 | Mean fitness (Train): 0.53 | Mean fitness (Test): 0.61
 | Mean Accuracy (Test): 0.79
Generation 915 | Best fitness (Train): 0.48 | Best fitness in generation (Train): 0.55 | Mean fitness (Train): 0.56 | Mean fitness (Test): 0.52
 | Mean Accuracy (Test): 0.81
Generation 920 | Best fitness (Train): 0.48 | Best fitness in generation (Train): 0.53 | Mean fitness (Train): 0.54 | Mean fitness (Test): 0.59
 | Mean Accuracy (Test): 0.80
Generation 925 | Best fitness (Train): 0.48 | Best fitness in generation (Train): 0.57 | Mean fitness (Train): 0.57 | Mean fitness (Test): 0.56
 | Mean Accuracy (Test): 0.80
Generation 930 | Best fitness (Train): 0.48 | Best fitness in generation (Train): 0.57 | Mean fitness (Train): 0.57 | Mean fitness (Test): 0.57
 | Mean Accuracy (Test): 0.81
Generation 935 | Best fitness (Train): 0.48 | Best fitness in generation (Train): 0.54 | Mean fitness (Train): 0.54 | Mean fitness (Test): 0.55
 | Mean Accuracy (Test): 0.80
Generation 940 | Best fitness (Train): 0.48 | Best fitness in generation (Train): 0.53 | Mean fitness (Train): 0.53 | Mean fitness (Test): 0.59
 | Mean Accuracy (Test): 0.79
Generation 945 | Best fitness (Train): 0.48 | Best fitness in generation (Train): 0.59 | Mean fitness (Train): 0.59 | Mean fitness (Test): 0.56
 | Mean Accuracy (Test): 0.80
Generation 950 | Best fitness (Train): 0.48 | Best fitness in generation (Train): 0.58 | Mean fitness (Train): 0.58 | Mean fitness (Test): 0.56
 | Mean Accuracy (Test): 0.80
Generation 955 | Best fitness (Train): 0.46 | Best fitness in generation (Train): 0.53 | Mean fitness (Train): 0.53 | Mean fitness (Test): 0.55
 | Mean Accuracy (Test): 0.80
Generation 960 | Best fitness (Train): 0.46 | Best fitness in generation (Train): 0.53 | Mean fitness (Train): 0.54 | Mean fitness (Test): 0.59
 | Mean Accuracy (Test): 0.80
Generation 965 | Best fitness (Train): 0.46 | Best fitness in generation (Train): 0.58 | Mean fitness (Train): 0.58 | Mean fitness (Test): 0.54
 | Mean Accuracy (Test): 0.81
Generation 970 | Best fitness (Train): 0.46 | Best fitness in generation (Train): 0.54 | Mean fitness (Train): 0.54 | Mean fitness (Test): 0.60
 | Mean Accuracy (Test): 0.78
Generation 975 | Best fitness (Train): 0.46 | Best fitness in generation (Train): 0.58 | Mean fitness (Train): 0.59 | Mean fitness (Test): 0.60
 | Mean Accuracy (Test): 0.78
Generation 980 | Best fitness (Train): 0.46 | Best fitness in generation (Train): 0.54 | Mean fitness (Train): 0.54 | Mean fitness (Test): 0.58
 | Mean Accuracy (Test): 0.80
Generation 985 | Best fitness (Train): 0.46 | Best fitness in generation (Train): 0.55 | Mean fitness (Train): 0.55 | Mean fitness (Test): 0.56
 | Mean Accuracy (Test): 0.80
Generation 990 | Best fitness (Train): 0.46 | Best fitness in generation (Train): 0.57 | Mean fitness (Train): 0.57 | Mean fitness (Test): 0.58
 | Mean Accuracy (Test): 0.80
Generation 995 | Best fitness (Train): 0.46 | Best fitness in generation (Train): 0.58 | Mean fitness (Train): 0.59 | Mean fitness (Test): 0.58
 | Mean Accuracy (Test): 0.81
Generation 1000 | Best fitness (Train): 0.46 | Best fitness in generation (Train): 0.51 | Mean fitness (Train): 0.51 | Mean fitness (Test): 0.58
 | Mean Accuracy (Test): 0.80
Running ES algorithms:   0%|                                                                                                          | 0/1 [00:00<?, ?it/s][A
Running ES algorithms: 100%|█████████████████████████████████████████████████████████████████████████████████████████████████| 1/1 [04:32<00:00, 272.62s/it][ARunning ES algorithms: 100%|█████████████████████████████████████████████████████████████████████████████████████████████████| 1/1 [04:32<00:00, 272.62s/it]
Successfully loaded: CIFAR10
Loading Problems ..:  50%|█████████████████████████████████████████████████▌                                                 | 2/4 [09:39<09:38, 289.21s/it]
running the experiment ... [../../results/TorchVisionProblem/CIFAR10/LearnedES/0]
UNKNOWN: Failed to determine best cudnn convolution algorithm for:
%cudnn-conv.3 = (f32[1024,2048,32,32]{3,2,1,0}, u8[0]{0}) custom-call(f32[1024,3,32,32]{3,2,1,0} %bitcast.16484, f32[2048,3,5,5]{3,2,1,0} %bitcast.17054), window={size=5x5 pad=2_2x2_2}, dim_labels=bf01_oi01->bf01, custom_call_target="__cudnn$convForward", metadata={op_name="jit(scan_step)/jit(main)/while/body/jit(eval)/vmap(CNN)/Conv_0/conv_general_dilated" source_file="/home/ronedr/evolution-strategy-baselines-comparison/experiment/utils/es_utils.py" source_line=74}, backend_config={"operation_queue_id":"0","wait_on_operation_queues":[],"cudnn_conv_backend_config":{"conv_result_scale":1,"activation_mode":"kNone","side_input_scale":0,"leakyrelu_alpha":0},"force_earliest_schedule":false}

Original error: RESOURCE_EXHAUSTED: Out of memory while trying to allocate 8606711808 bytes. [tf-allocator-allocation-error='']

To ignore this failure and try to use a fallback algorithm (which may have suboptimal performance), use XLA_FLAGS=--xla_gpu_strict_conv_algorithm_picker=false.  Please also file a bug for the root cause of failing autotuning. LES TorchVisionProblem/CIFAR10
Running ES algorithms:   0%|                                                                                                          | 0/1 [00:00<?, ?it/s][A
Running ES algorithms: 100%|██████████████████████████████████████████████████████████████████████████████████████████████████| 1/1 [00:09<00:00,  9.55s/it][ARunning ES algorithms: 100%|██████████████████████████████████████████████████████████████████████████████████████████████████| 1/1 [00:09<00:00,  9.55s/it]
Successfully loaded: SVHN
Loading Problems ..:  75%|██████████████████████████████████████████████████████████████████████████▎                        | 3/4 [10:05<02:48, 168.89s/it]
running the experiment ... [../../results/TorchVisionProblem/SVHN/LearnedES/0]
UNKNOWN: Failed to determine best cudnn convolution algorithm for:
%cudnn-conv.3 = (f32[1024,2048,32,32]{3,2,1,0}, u8[0]{0}) custom-call(f32[1024,3,32,32]{3,2,1,0} %bitcast.16376, f32[2048,3,5,5]{3,2,1,0} %bitcast.16946), window={size=5x5 pad=2_2x2_2}, dim_labels=bf01_oi01->bf01, custom_call_target="__cudnn$convForward", metadata={op_name="jit(scan_step)/jit(main)/while/body/jit(eval)/vmap(CNN)/Conv_0/conv_general_dilated" source_file="/home/ronedr/evolution-strategy-baselines-comparison/experiment/utils/es_utils.py" source_line=74}, backend_config={"operation_queue_id":"0","wait_on_operation_queues":[],"cudnn_conv_backend_config":{"conv_result_scale":1,"activation_mode":"kNone","side_input_scale":0,"leakyrelu_alpha":0},"force_earliest_schedule":false}

Original error: RESOURCE_EXHAUSTED: Out of memory while trying to allocate 8606711808 bytes. [tf-allocator-allocation-error='']

To ignore this failure and try to use a fallback algorithm (which may have suboptimal performance), use XLA_FLAGS=--xla_gpu_strict_conv_algorithm_picker=false.  Please also file a bug for the root cause of failing autotuning. LES TorchVisionProblem/SVHN
Running ES algorithms:   0%|                                                                                                          | 0/1 [00:00<?, ?it/s][A
Running ES algorithms: 100%|██████████████████████████████████████████████████████████████████████████████████████████████████| 1/1 [00:20<00:00, 20.28s/it][ARunning ES algorithms: 100%|██████████████████████████████████████████████████████████████████████████████████████████████████| 1/1 [00:20<00:00, 20.28s/it]
Loading Problems ..: 100%|███████████████████████████████████████████████████████████████████████████████████████████████████| 4/4 [10:47<00:00, 118.85s/it]Loading Problems ..: 100%|███████████████████████████████████████████████████████████████████████████████████████████████████| 4/4 [10:47<00:00, 161.83s/it]
