Sun 09 Nov 2025 00:24:51 IST

SLURM_JOBID:		 8041823
SLURM_JOB_NODELIST:	 ise-3090-02 

configuration parmas running: problem_type=brax es_algorithms=CMA_ES
Loading Problems ..:   0%|                                                              | 0/12 [00:00<?, ?it/s]/home/ronedr/.conda/envs/ronedr_es_env/lib/python3.10/site-packages/brax/io/mjcf.py:480: UserWarning: Brax System, piplines and environments are not actively being maintained. Please see MJX for a well maintained JAX-based physics engine: https://github.com/google-deepmind/mujoco/tree/main/mjx. For a host of environments that use MJX, see: https://github.com/google-deepmind/mujoco_playground.
  warnings.warn(
E1109 00:25:11.855874 2565122 hlo_lexer.cc:443] Failed to parse int literal: 1986902096214075708017
Successfully loaded: ant

running the experiment ... [../../results/BraxProblem/ant/CMA_ES/0]
Generation 010 | Best fitness (Train): -4.14 | Best fitness in generation (Train): -8.91 | Mean fitness (Train): -51.68 | Mean fitness (Test): -11.59
Generation 020 | Best fitness (Train): -4.14 | Best fitness in generation (Train): -8.36 | Mean fitness (Train): -55.51 | Mean fitness (Test): -7.24
Generation 030 | Best fitness (Train): -4.14 | Best fitness in generation (Train): -8.44 | Mean fitness (Train): -50.10 | Mean fitness (Test): -39.78
Generation 040 | Best fitness (Train): -4.14 | Best fitness in generation (Train): -5.44 | Mean fitness (Train): -46.04 | Mean fitness (Test): -13.23
Generation 050 | Best fitness (Train): -2.46 | Best fitness in generation (Train): -6.10 | Mean fitness (Train): -40.30 | Mean fitness (Test): -15.44
Generation 060 | Best fitness (Train): -2.46 | Best fitness in generation (Train): -7.12 | Mean fitness (Train): -46.34 | Mean fitness (Test): -11.99
Generation 070 | Best fitness (Train): -2.46 | Best fitness in generation (Train): -6.69 | Mean fitness (Train): -44.04 | Mean fitness (Test): -13.99
Generation 080 | Best fitness (Train): -2.46 | Best fitness in generation (Train): -5.71 | Mean fitness (Train): -41.38 | Mean fitness (Test): -9.75
Generation 090 | Best fitness (Train): -2.46 | Best fitness in generation (Train): -4.71 | Mean fitness (Train): -45.01 | Mean fitness (Test): -18.44
Generation 100 | Best fitness (Train): -1.27 | Best fitness in generation (Train): -5.59 | Mean fitness (Train): -35.71 | Mean fitness (Test): -65.04
Generation 110 | Best fitness (Train): -1.27 | Best fitness in generation (Train): -6.06 | Mean fitness (Train): -40.32 | Mean fitness (Test): -38.96
Generation 120 | Best fitness (Train): -1.27 | Best fitness in generation (Train): -5.38 | Mean fitness (Train): -23.98 | Mean fitness (Test): -8.60
Generation 130 | Best fitness (Train): -1.27 | Best fitness in generation (Train): -7.03 | Mean fitness (Train): -39.79 | Mean fitness (Test): -18.70
Generation 140 | Best fitness (Train): -1.27 | Best fitness in generation (Train): -5.64 | Mean fitness (Train): -24.61 | Mean fitness (Test): -13.28
Generation 150 | Best fitness (Train): -1.27 | Best fitness in generation (Train): -6.24 | Mean fitness (Train): -26.69 | Mean fitness (Test): -12.33
Generation 160 | Best fitness (Train): -1.27 | Best fitness in generation (Train): -5.87 | Mean fitness (Train): -42.41 | Mean fitness (Test): -23.79
Generation 170 | Best fitness (Train): -1.27 | Best fitness in generation (Train): -4.90 | Mean fitness (Train): -16.73 | Mean fitness (Test): -10.03
Generation 180 | Best fitness (Train): -1.27 | Best fitness in generation (Train): -4.68 | Mean fitness (Train): -26.72 | Mean fitness (Test): -41.64
Generation 190 | Best fitness (Train): -1.27 | Best fitness in generation (Train): -3.21 | Mean fitness (Train): -21.25 | Mean fitness (Test): -19.24
Generation 200 | Best fitness (Train): -1.27 | Best fitness in generation (Train): -5.99 | Mean fitness (Train): -24.83 | Mean fitness (Test): -13.22
Generation 210 | Best fitness (Train): -1.27 | Best fitness in generation (Train): -4.56 | Mean fitness (Train): -14.06 | Mean fitness (Test): -12.41
Generation 220 | Best fitness (Train): -1.27 | Best fitness in generation (Train): -6.53 | Mean fitness (Train): -26.87 | Mean fitness (Test): -12.97
Generation 230 | Best fitness (Train): -1.27 | Best fitness in generation (Train): -4.18 | Mean fitness (Train): -31.98 | Mean fitness (Test): -58.90
Generation 240 | Best fitness (Train): -1.27 | Best fitness in generation (Train): -4.09 | Mean fitness (Train): -27.69 | Mean fitness (Test): -13.45
Generation 250 | Best fitness (Train): -1.27 | Best fitness in generation (Train): -8.08 | Mean fitness (Train): -22.18 | Mean fitness (Test): -33.95
Generation 260 | Best fitness (Train): -1.27 | Best fitness in generation (Train): -5.08 | Mean fitness (Train): -37.50 | Mean fitness (Test): -14.69
Generation 270 | Best fitness (Train): -1.27 | Best fitness in generation (Train): -3.33 | Mean fitness (Train): -18.45 | Mean fitness (Test): -7.63
Generation 280 | Best fitness (Train): -1.27 | Best fitness in generation (Train): -4.32 | Mean fitness (Train): -35.10 | Mean fitness (Test): -11.93
Generation 290 | Best fitness (Train): -1.27 | Best fitness in generation (Train): -5.79 | Mean fitness (Train): -26.94 | Mean fitness (Test): -56.75
Generation 300 | Best fitness (Train): -1.27 | Best fitness in generation (Train): -3.06 | Mean fitness (Train): -18.80 | Mean fitness (Test): -11.95
Generation 310 | Best fitness (Train): -1.27 | Best fitness in generation (Train): -9.97 | Mean fitness (Train): -27.29 | Mean fitness (Test): -13.92
Generation 320 | Best fitness (Train): -1.27 | Best fitness in generation (Train): -6.15 | Mean fitness (Train): -15.03 | Mean fitness (Test): -12.05
Generation 330 | Best fitness (Train): -1.27 | Best fitness in generation (Train): -5.28 | Mean fitness (Train): -24.77 | Mean fitness (Test): -10.03
Generation 340 | Best fitness (Train): -1.27 | Best fitness in generation (Train): -6.00 | Mean fitness (Train): -23.45 | Mean fitness (Test): -11.59
Generation 350 | Best fitness (Train): -1.27 | Best fitness in generation (Train): -5.72 | Mean fitness (Train): -19.34 | Mean fitness (Test): -10.76
Generation 360 | Best fitness (Train): -1.27 | Best fitness in generation (Train): -10.97 | Mean fitness (Train): -54.51 | Mean fitness (Test): -155.81
Generation 370 | Best fitness (Train): -1.27 | Best fitness in generation (Train): -4.45 | Mean fitness (Train): -29.74 | Mean fitness (Test): -8.06
Generation 380 | Best fitness (Train): -1.27 | Best fitness in generation (Train): -3.57 | Mean fitness (Train): -17.52 | Mean fitness (Test): -6.31
Generation 390 | Best fitness (Train): -1.27 | Best fitness in generation (Train): -3.15 | Mean fitness (Train): -41.82 | Mean fitness (Test): -18.63
Generation 400 | Best fitness (Train): -1.27 | Best fitness in generation (Train): -2.85 | Mean fitness (Train): -21.27 | Mean fitness (Test): -22.21
Generation 410 | Best fitness (Train): -1.27 | Best fitness in generation (Train): -4.74 | Mean fitness (Train): -51.71 | Mean fitness (Test): -24.89
Generation 420 | Best fitness (Train): -1.27 | Best fitness in generation (Train): -9.68 | Mean fitness (Train): -25.46 | Mean fitness (Test): -15.93
Generation 430 | Best fitness (Train): -1.27 | Best fitness in generation (Train): -4.57 | Mean fitness (Train): -45.34 | Mean fitness (Test): -68.64
Generation 440 | Best fitness (Train): -1.27 | Best fitness in generation (Train): -3.82 | Mean fitness (Train): -11.81 | Mean fitness (Test): -6.33
Generation 450 | Best fitness (Train): -1.27 | Best fitness in generation (Train): -5.42 | Mean fitness (Train): -41.08 | Mean fitness (Test): -6.82
Generation 460 | Best fitness (Train): -1.27 | Best fitness in generation (Train): -7.01 | Mean fitness (Train): -18.87 | Mean fitness (Test): -13.52
Generation 470 | Best fitness (Train): -1.27 | Best fitness in generation (Train): -4.51 | Mean fitness (Train): -14.84 | Mean fitness (Test): -6.40
Generation 480 | Best fitness (Train): -1.27 | Best fitness in generation (Train): -5.53 | Mean fitness (Train): -12.35 | Mean fitness (Test): -6.71
Generation 490 | Best fitness (Train): -1.27 | Best fitness in generation (Train): -5.02 | Mean fitness (Train): -15.46 | Mean fitness (Test): -14.08
Generation 500 | Best fitness (Train): -1.27 | Best fitness in generation (Train): -3.89 | Mean fitness (Train): -18.59 | Mean fitness (Test): -7.47
Generation 510 | Best fitness (Train): -1.27 | Best fitness in generation (Train): -5.19 | Mean fitness (Train): -38.91 | Mean fitness (Test): -59.27
Generation 520 | Best fitness (Train): -1.27 | Best fitness in generation (Train): -4.52 | Mean fitness (Train): -16.13 | Mean fitness (Test): -5.55
Generation 530 | Best fitness (Train): -1.27 | Best fitness in generation (Train): -5.63 | Mean fitness (Train): -9.27 | Mean fitness (Test): -8.96
Generation 540 | Best fitness (Train): -1.27 | Best fitness in generation (Train): -6.43 | Mean fitness (Train): -41.19 | Mean fitness (Test): -94.40
Generation 550 | Best fitness (Train): -1.27 | Best fitness in generation (Train): -4.68 | Mean fitness (Train): -11.97 | Mean fitness (Test): -8.66
Generation 560 | Best fitness (Train): -1.27 | Best fitness in generation (Train): -5.08 | Mean fitness (Train): -11.01 | Mean fitness (Test): -6.38
Generation 570 | Best fitness (Train): -1.27 | Best fitness in generation (Train): -3.95 | Mean fitness (Train): -11.03 | Mean fitness (Test): -8.94
Generation 580 | Best fitness (Train): -1.27 | Best fitness in generation (Train): -4.36 | Mean fitness (Train): -14.22 | Mean fitness (Test): -121.07
Generation 590 | Best fitness (Train): -1.27 | Best fitness in generation (Train): -4.54 | Mean fitness (Train): -8.31 | Mean fitness (Test): -8.44
Generation 600 | Best fitness (Train): -1.27 | Best fitness in generation (Train): -5.44 | Mean fitness (Train): -51.15 | Mean fitness (Test): -27.94
Generation 610 | Best fitness (Train): -1.27 | Best fitness in generation (Train): -5.99 | Mean fitness (Train): -26.48 | Mean fitness (Test): -10.41
Generation 620 | Best fitness (Train): -1.27 | Best fitness in generation (Train): -4.44 | Mean fitness (Train): -12.12 | Mean fitness (Test): -5.86
Generation 630 | Best fitness (Train): -1.27 | Best fitness in generation (Train): -4.39 | Mean fitness (Train): -15.99 | Mean fitness (Test): -6.27
Generation 640 | Best fitness (Train): -1.27 | Best fitness in generation (Train): -5.14 | Mean fitness (Train): -23.23 | Mean fitness (Test): -6.34
Generation 650 | Best fitness (Train): -1.27 | Best fitness in generation (Train): -5.69 | Mean fitness (Train): -15.04 | Mean fitness (Test): -6.18
Generation 660 | Best fitness (Train): -1.27 | Best fitness in generation (Train): -4.70 | Mean fitness (Train): -13.85 | Mean fitness (Test): -10.59
Generation 670 | Best fitness (Train): -1.27 | Best fitness in generation (Train): -3.58 | Mean fitness (Train): -28.60 | Mean fitness (Test): -4.93
Generation 680 | Best fitness (Train): -1.27 | Best fitness in generation (Train): -3.47 | Mean fitness (Train): -24.42 | Mean fitness (Test): -9.44
Generation 690 | Best fitness (Train): -1.27 | Best fitness in generation (Train): -5.14 | Mean fitness (Train): -15.97 | Mean fitness (Test): -73.89
Generation 700 | Best fitness (Train): -1.27 | Best fitness in generation (Train): -5.35 | Mean fitness (Train): -10.43 | Mean fitness (Test): -9.95
Generation 710 | Best fitness (Train): -1.27 | Best fitness in generation (Train): -6.00 | Mean fitness (Train): -11.72 | Mean fitness (Test): -7.97
Generation 720 | Best fitness (Train): -1.27 | Best fitness in generation (Train): -3.82 | Mean fitness (Train): -13.30 | Mean fitness (Test): -5.42
Generation 730 | Best fitness (Train): -1.27 | Best fitness in generation (Train): -4.71 | Mean fitness (Train): -33.04 | Mean fitness (Test): -20.32
Generation 740 | Best fitness (Train): -1.27 | Best fitness in generation (Train): -5.58 | Mean fitness (Train): -11.19 | Mean fitness (Test): -10.30
Generation 750 | Best fitness (Train): -1.27 | Best fitness in generation (Train): -4.07 | Mean fitness (Train): -17.36 | Mean fitness (Test): -6.82
Generation 760 | Best fitness (Train): -1.27 | Best fitness in generation (Train): -5.04 | Mean fitness (Train): -30.12 | Mean fitness (Test): -50.92
Generation 770 | Best fitness (Train): -1.27 | Best fitness in generation (Train): -4.93 | Mean fitness (Train): -10.19 | Mean fitness (Test): -9.35
Generation 780 | Best fitness (Train): -1.27 | Best fitness in generation (Train): -3.86 | Mean fitness (Train): -9.80 | Mean fitness (Test): -12.19
Generation 790 | Best fitness (Train): -1.27 | Best fitness in generation (Train): -3.42 | Mean fitness (Train): -28.98 | Mean fitness (Test): -25.43
Generation 800 | Best fitness (Train): -1.27 | Best fitness in generation (Train): -6.78 | Mean fitness (Train): -40.71 | Mean fitness (Test): -22.04
Generation 810 | Best fitness (Train): -1.27 | Best fitness in generation (Train): -4.70 | Mean fitness (Train): -17.32 | Mean fitness (Test): -16.69
Generation 820 | Best fitness (Train): -1.27 | Best fitness in generation (Train): -4.91 | Mean fitness (Train): -34.62 | Mean fitness (Test): -6.50
Generation 830 | Best fitness (Train): -1.27 | Best fitness in generation (Train): -4.81 | Mean fitness (Train): -12.87 | Mean fitness (Test): -6.03
Generation 840 | Best fitness (Train): -1.27 | Best fitness in generation (Train): -4.88 | Mean fitness (Train): -11.01 | Mean fitness (Test): -9.05
Generation 850 | Best fitness (Train): -1.27 | Best fitness in generation (Train): -4.48 | Mean fitness (Train): -17.54 | Mean fitness (Test): -5.55
Generation 860 | Best fitness (Train): -1.27 | Best fitness in generation (Train): -3.89 | Mean fitness (Train): -13.01 | Mean fitness (Test): -4.92
Generation 870 | Best fitness (Train): -1.27 | Best fitness in generation (Train): -3.94 | Mean fitness (Train): -21.96 | Mean fitness (Test): -9.76
Generation 880 | Best fitness (Train): -1.27 | Best fitness in generation (Train): -4.52 | Mean fitness (Train): -48.34 | Mean fitness (Test): -44.28
Generation 890 | Best fitness (Train): -1.27 | Best fitness in generation (Train): -6.49 | Mean fitness (Train): -15.16 | Mean fitness (Test): -10.51
Generation 900 | Best fitness (Train): -1.27 | Best fitness in generation (Train): -4.93 | Mean fitness (Train): -10.03 | Mean fitness (Test): -6.21
Generation 910 | Best fitness (Train): -1.27 | Best fitness in generation (Train): -5.04 | Mean fitness (Train): -15.92 | Mean fitness (Test): -7.29
Generation 920 | Best fitness (Train): -1.27 | Best fitness in generation (Train): -6.19 | Mean fitness (Train): -17.11 | Mean fitness (Test): -7.51
Generation 930 | Best fitness (Train): -1.27 | Best fitness in generation (Train): -6.06 | Mean fitness (Train): -15.55 | Mean fitness (Test): -11.83
Generation 940 | Best fitness (Train): -1.27 | Best fitness in generation (Train): -4.30 | Mean fitness (Train): -12.93 | Mean fitness (Test): -62.99
Generation 950 | Best fitness (Train): -1.27 | Best fitness in generation (Train): -4.47 | Mean fitness (Train): -9.71 | Mean fitness (Test): -6.78
Generation 960 | Best fitness (Train): -1.27 | Best fitness in generation (Train): -4.92 | Mean fitness (Train): -15.40 | Mean fitness (Test): -10.57
Generation 970 | Best fitness (Train): -1.27 | Best fitness in generation (Train): -5.54 | Mean fitness (Train): -15.96 | Mean fitness (Test): -16.52
Generation 980 | Best fitness (Train): -1.27 | Best fitness in generation (Train): -4.74 | Mean fitness (Train): -13.14 | Mean fitness (Test): -10.99
Generation 990 | Best fitness (Train): -1.27 | Best fitness in generation (Train): -5.52 | Mean fitness (Train): -45.72 | Mean fitness (Test): -45.83
Generation 1000 | Best fitness (Train): -1.27 | Best fitness in generation (Train): -3.91 | Mean fitness (Train): -18.56 | Mean fitness (Test): -10.88
running the experiment ... [../../results/BraxProblem/ant/CMA_ES/1]
Generation 010 | Best fitness (Train): -5.26 | Best fitness in generation (Train): -6.82 | Mean fitness (Train): -54.11 | Mean fitness (Test): -59.66
Generation 020 | Best fitness (Train): -1.56 | Best fitness in generation (Train): -6.92 | Mean fitness (Train): -51.00 | Mean fitness (Test): -27.34
Generation 030 | Best fitness (Train): -1.56 | Best fitness in generation (Train): -3.04 | Mean fitness (Train): -44.63 | Mean fitness (Test): -10.55
Generation 040 | Best fitness (Train): -1.56 | Best fitness in generation (Train): -7.12 | Mean fitness (Train): -52.90 | Mean fitness (Test): -33.77
Generation 050 | Best fitness (Train): -1.56 | Best fitness in generation (Train): -6.42 | Mean fitness (Train): -42.01 | Mean fitness (Test): -67.28
Generation 060 | Best fitness (Train): -1.56 | Best fitness in generation (Train): -7.52 | Mean fitness (Train): -53.39 | Mean fitness (Test): -43.04
Generation 070 | Best fitness (Train): -1.56 | Best fitness in generation (Train): -5.80 | Mean fitness (Train): -47.84 | Mean fitness (Test): -15.54
Generation 080 | Best fitness (Train): -1.56 | Best fitness in generation (Train): -6.56 | Mean fitness (Train): -43.50 | Mean fitness (Test): -8.44
Generation 090 | Best fitness (Train): -1.56 | Best fitness in generation (Train): -7.57 | Mean fitness (Train): -32.77 | Mean fitness (Test): -8.53
Generation 100 | Best fitness (Train): -1.56 | Best fitness in generation (Train): -6.57 | Mean fitness (Train): -35.54 | Mean fitness (Test): -9.71
Generation 110 | Best fitness (Train): -1.56 | Best fitness in generation (Train): -6.36 | Mean fitness (Train): -26.70 | Mean fitness (Test): -9.03
Generation 120 | Best fitness (Train): -1.56 | Best fitness in generation (Train): -5.05 | Mean fitness (Train): -25.20 | Mean fitness (Test): -10.25
Generation 130 | Best fitness (Train): -1.56 | Best fitness in generation (Train): -4.39 | Mean fitness (Train): -29.10 | Mean fitness (Test): -18.06
Generation 140 | Best fitness (Train): -1.56 | Best fitness in generation (Train): -6.11 | Mean fitness (Train): -40.12 | Mean fitness (Test): -12.62
Generation 150 | Best fitness (Train): -1.56 | Best fitness in generation (Train): -4.77 | Mean fitness (Train): -16.25 | Mean fitness (Test): -10.60
Generation 160 | Best fitness (Train): -1.56 | Best fitness in generation (Train): -4.97 | Mean fitness (Train): -23.72 | Mean fitness (Test): -15.26
Generation 170 | Best fitness (Train): -1.56 | Best fitness in generation (Train): -4.93 | Mean fitness (Train): -34.50 | Mean fitness (Test): -8.63
Generation 180 | Best fitness (Train): -1.56 | Best fitness in generation (Train): -6.06 | Mean fitness (Train): -31.13 | Mean fitness (Test): -42.40
Generation 190 | Best fitness (Train): -1.56 | Best fitness in generation (Train): -6.73 | Mean fitness (Train): -19.09 | Mean fitness (Test): -13.14
Generation 200 | Best fitness (Train): -1.56 | Best fitness in generation (Train): -6.01 | Mean fitness (Train): -31.26 | Mean fitness (Test): -65.42
Generation 210 | Best fitness (Train): -1.56 | Best fitness in generation (Train): -7.27 | Mean fitness (Train): -37.95 | Mean fitness (Test): -15.22
Generation 220 | Best fitness (Train): -1.56 | Best fitness in generation (Train): -5.20 | Mean fitness (Train): -19.06 | Mean fitness (Test): -7.52
Generation 230 | Best fitness (Train): -1.56 | Best fitness in generation (Train): -9.73 | Mean fitness (Train): -30.59 | Mean fitness (Test): -35.70
Generation 240 | Best fitness (Train): -1.56 | Best fitness in generation (Train): -4.94 | Mean fitness (Train): -21.83 | Mean fitness (Test): -10.00
Generation 250 | Best fitness (Train): -1.56 | Best fitness in generation (Train): -5.45 | Mean fitness (Train): -31.35 | Mean fitness (Test): -10.88
Generation 260 | Best fitness (Train): -1.56 | Best fitness in generation (Train): -5.10 | Mean fitness (Train): -24.10 | Mean fitness (Test): -8.53
Generation 270 | Best fitness (Train): -1.56 | Best fitness in generation (Train): -4.34 | Mean fitness (Train): -24.25 | Mean fitness (Test): -7.62
Generation 280 | Best fitness (Train): -1.56 | Best fitness in generation (Train): -3.52 | Mean fitness (Train): -24.59 | Mean fitness (Test): -9.59
Generation 290 | Best fitness (Train): -1.56 | Best fitness in generation (Train): -8.07 | Mean fitness (Train): -23.87 | Mean fitness (Test): -56.41
Generation 300 | Best fitness (Train): -1.56 | Best fitness in generation (Train): -5.62 | Mean fitness (Train): -16.96 | Mean fitness (Test): -6.23
Generation 310 | Best fitness (Train): -1.56 | Best fitness in generation (Train): -4.42 | Mean fitness (Train): -17.90 | Mean fitness (Test): -8.24
Generation 320 | Best fitness (Train): -1.56 | Best fitness in generation (Train): -7.11 | Mean fitness (Train): -18.52 | Mean fitness (Test): -13.10
Generation 330 | Best fitness (Train): -1.56 | Best fitness in generation (Train): -5.31 | Mean fitness (Train): -23.12 | Mean fitness (Test): -12.97
Generation 340 | Best fitness (Train): -1.56 | Best fitness in generation (Train): -6.35 | Mean fitness (Train): -24.31 | Mean fitness (Test): -11.32
Generation 350 | Best fitness (Train): -1.56 | Best fitness in generation (Train): -5.85 | Mean fitness (Train): -17.94 | Mean fitness (Test): -11.97
Generation 360 | Best fitness (Train): -1.56 | Best fitness in generation (Train): -4.48 | Mean fitness (Train): -19.76 | Mean fitness (Test): -6.28
Generation 370 | Best fitness (Train): -1.56 | Best fitness in generation (Train): -4.13 | Mean fitness (Train): -18.41 | Mean fitness (Test): -9.21
Generation 380 | Best fitness (Train): -1.56 | Best fitness in generation (Train): -6.83 | Mean fitness (Train): -14.23 | Mean fitness (Test): -11.20
Generation 390 | Best fitness (Train): -1.56 | Best fitness in generation (Train): -4.36 | Mean fitness (Train): -43.07 | Mean fitness (Test): -35.04
Generation 400 | Best fitness (Train): -1.56 | Best fitness in generation (Train): -2.47 | Mean fitness (Train): -24.77 | Mean fitness (Test): -5.27
Generation 410 | Best fitness (Train): -1.56 | Best fitness in generation (Train): -3.40 | Mean fitness (Train): -21.61 | Mean fitness (Test): -6.35
Generation 420 | Best fitness (Train): -1.56 | Best fitness in generation (Train): -5.17 | Mean fitness (Train): -40.02 | Mean fitness (Test): -16.82
Generation 430 | Best fitness (Train): -1.56 | Best fitness in generation (Train): -4.56 | Mean fitness (Train): -18.47 | Mean fitness (Test): -5.82
Generation 440 | Best fitness (Train): -1.56 | Best fitness in generation (Train): -4.88 | Mean fitness (Train): -17.08 | Mean fitness (Test): -8.78
Generation 450 | Best fitness (Train): -1.56 | Best fitness in generation (Train): -4.00 | Mean fitness (Train): -13.39 | Mean fitness (Test): -11.19
Generation 460 | Best fitness (Train): -1.56 | Best fitness in generation (Train): -4.72 | Mean fitness (Train): -24.76 | Mean fitness (Test): -6.45
Generation 470 | Best fitness (Train): -1.56 | Best fitness in generation (Train): -4.66 | Mean fitness (Train): -27.33 | Mean fitness (Test): -4.52
Generation 480 | Best fitness (Train): -1.56 | Best fitness in generation (Train): -4.60 | Mean fitness (Train): -26.77 | Mean fitness (Test): -9.63
Generation 490 | Best fitness (Train): -1.56 | Best fitness in generation (Train): -4.43 | Mean fitness (Train): -22.83 | Mean fitness (Test): -12.87
Generation 500 | Best fitness (Train): -1.56 | Best fitness in generation (Train): -3.34 | Mean fitness (Train): -14.21 | Mean fitness (Test): -8.81
Generation 510 | Best fitness (Train): -1.56 | Best fitness in generation (Train): -2.91 | Mean fitness (Train): -10.96 | Mean fitness (Test): -9.54
Generation 520 | Best fitness (Train): -1.56 | Best fitness in generation (Train): -6.07 | Mean fitness (Train): -18.84 | Mean fitness (Test): -13.21
Generation 530 | Best fitness (Train): -1.56 | Best fitness in generation (Train): -4.72 | Mean fitness (Train): -20.21 | Mean fitness (Test): -6.68
Generation 540 | Best fitness (Train): -1.56 | Best fitness in generation (Train): -7.14 | Mean fitness (Train): -23.07 | Mean fitness (Test): -13.70
Generation 550 | Best fitness (Train): -1.56 | Best fitness in generation (Train): -4.52 | Mean fitness (Train): -41.08 | Mean fitness (Test): -8.52
Generation 560 | Best fitness (Train): -1.56 | Best fitness in generation (Train): -5.77 | Mean fitness (Train): -16.16 | Mean fitness (Test): -10.10
Generation 570 | Best fitness (Train): -1.56 | Best fitness in generation (Train): -5.52 | Mean fitness (Train): -10.86 | Mean fitness (Test): -9.66
Generation 580 | Best fitness (Train): -1.56 | Best fitness in generation (Train): -8.01 | Mean fitness (Train): -29.76 | Mean fitness (Test): -14.18
Generation 590 | Best fitness (Train): -1.56 | Best fitness in generation (Train): -4.53 | Mean fitness (Train): -29.34 | Mean fitness (Test): -10.36
Generation 600 | Best fitness (Train): -1.56 | Best fitness in generation (Train): -3.47 | Mean fitness (Train): -14.41 | Mean fitness (Test): -9.75
Generation 610 | Best fitness (Train): -1.56 | Best fitness in generation (Train): -4.79 | Mean fitness (Train): -37.16 | Mean fitness (Test): -5.70
Generation 620 | Best fitness (Train): -1.56 | Best fitness in generation (Train): -4.17 | Mean fitness (Train): -10.79 | Mean fitness (Test): -5.26
Generation 630 | Best fitness (Train): -1.56 | Best fitness in generation (Train): -3.81 | Mean fitness (Train): -19.70 | Mean fitness (Test): -13.19
Generation 640 | Best fitness (Train): -1.56 | Best fitness in generation (Train): -6.79 | Mean fitness (Train): -11.97 | Mean fitness (Test): -9.03
Generation 650 | Best fitness (Train): -1.56 | Best fitness in generation (Train): -4.99 | Mean fitness (Train): -14.34 | Mean fitness (Test): -12.87
Generation 660 | Best fitness (Train): -1.56 | Best fitness in generation (Train): -4.45 | Mean fitness (Train): -18.03 | Mean fitness (Test): -5.96
Generation 670 | Best fitness (Train): -1.56 | Best fitness in generation (Train): -4.43 | Mean fitness (Train): -36.03 | Mean fitness (Test): -10.09
Generation 680 | Best fitness (Train): -1.56 | Best fitness in generation (Train): -5.56 | Mean fitness (Train): -35.54 | Mean fitness (Test): -6.08
Generation 690 | Best fitness (Train): -1.56 | Best fitness in generation (Train): -5.26 | Mean fitness (Train): -19.44 | Mean fitness (Test): -11.42
Generation 700 | Best fitness (Train): -1.56 | Best fitness in generation (Train): -6.71 | Mean fitness (Train): -15.76 | Mean fitness (Test): -10.19
Generation 710 | Best fitness (Train): -1.56 | Best fitness in generation (Train): -4.36 | Mean fitness (Train): -16.77 | Mean fitness (Test): -8.26
Generation 720 | Best fitness (Train): -1.56 | Best fitness in generation (Train): -4.74 | Mean fitness (Train): -36.20 | Mean fitness (Test): -12.88
Generation 730 | Best fitness (Train): -1.56 | Best fitness in generation (Train): -5.07 | Mean fitness (Train): -13.77 | Mean fitness (Test): -6.78
Generation 740 | Best fitness (Train): -1.56 | Best fitness in generation (Train): -5.87 | Mean fitness (Train): -38.18 | Mean fitness (Test): -31.18
Generation 750 | Best fitness (Train): -1.56 | Best fitness in generation (Train): -4.34 | Mean fitness (Train): -15.66 | Mean fitness (Test): -10.85
Generation 760 | Best fitness (Train): -1.56 | Best fitness in generation (Train): -4.59 | Mean fitness (Train): -21.70 | Mean fitness (Test): -6.82
Generation 770 | Best fitness (Train): -1.56 | Best fitness in generation (Train): -4.72 | Mean fitness (Train): -14.80 | Mean fitness (Test): -12.60
Generation 780 | Best fitness (Train): -1.56 | Best fitness in generation (Train): -6.10 | Mean fitness (Train): -36.44 | Mean fitness (Test): -15.18
Generation 790 | Best fitness (Train): -1.56 | Best fitness in generation (Train): -5.31 | Mean fitness (Train): -10.93 | Mean fitness (Test): -6.79
Generation 800 | Best fitness (Train): -1.56 | Best fitness in generation (Train): -5.31 | Mean fitness (Train): -10.25 | Mean fitness (Test): -6.71
Generation 810 | Best fitness (Train): -1.56 | Best fitness in generation (Train): -5.86 | Mean fitness (Train): -19.36 | Mean fitness (Test): -6.58
Generation 820 | Best fitness (Train): -1.56 | Best fitness in generation (Train): -5.16 | Mean fitness (Train): -24.99 | Mean fitness (Test): -5.65
Generation 830 | Best fitness (Train): -1.56 | Best fitness in generation (Train): -5.08 | Mean fitness (Train): -34.26 | Mean fitness (Test): -11.60
Generation 840 | Best fitness (Train): -1.56 | Best fitness in generation (Train): -6.92 | Mean fitness (Train): -17.72 | Mean fitness (Test): -14.61
Generation 850 | Best fitness (Train): -1.56 | Best fitness in generation (Train): -7.45 | Mean fitness (Train): -23.16 | Mean fitness (Test): -10.87
Generation 860 | Best fitness (Train): -1.56 | Best fitness in generation (Train): -5.69 | Mean fitness (Train): -9.66 | Mean fitness (Test): -8.75
Generation 870 | Best fitness (Train): -1.56 | Best fitness in generation (Train): -11.62 | Mean fitness (Train): -31.84 | Mean fitness (Test): -23.19
Generation 880 | Best fitness (Train): -1.56 | Best fitness in generation (Train): -4.32 | Mean fitness (Train): -26.30 | Mean fitness (Test): -9.74
Generation 890 | Best fitness (Train): -1.56 | Best fitness in generation (Train): -6.05 | Mean fitness (Train): -19.90 | Mean fitness (Test): -104.56
Generation 900 | Best fitness (Train): -1.56 | Best fitness in generation (Train): -5.73 | Mean fitness (Train): -16.28 | Mean fitness (Test): -12.12
Generation 910 | Best fitness (Train): -1.56 | Best fitness in generation (Train): -4.62 | Mean fitness (Train): -30.76 | Mean fitness (Test): -15.57
Generation 920 | Best fitness (Train): -1.56 | Best fitness in generation (Train): -3.91 | Mean fitness (Train): -23.74 | Mean fitness (Test): -56.40
Generation 930 | Best fitness (Train): -1.56 | Best fitness in generation (Train): -5.12 | Mean fitness (Train): -11.38 | Mean fitness (Test): -8.87
Generation 940 | Best fitness (Train): -1.56 | Best fitness in generation (Train): -5.19 | Mean fitness (Train): -14.93 | Mean fitness (Test): -15.14
Generation 950 | Best fitness (Train): -1.56 | Best fitness in generation (Train): -5.57 | Mean fitness (Train): -11.27 | Mean fitness (Test): -9.79
Generation 960 | Best fitness (Train): -1.56 | Best fitness in generation (Train): -5.45 | Mean fitness (Train): -13.00 | Mean fitness (Test): -8.84
Generation 970 | Best fitness (Train): -1.56 | Best fitness in generation (Train): -6.70 | Mean fitness (Train): -34.91 | Mean fitness (Test): -10.58
Generation 980 | Best fitness (Train): -1.56 | Best fitness in generation (Train): -5.50 | Mean fitness (Train): -10.85 | Mean fitness (Test): -5.70
Generation 990 | Best fitness (Train): -1.56 | Best fitness in generation (Train): -7.81 | Mean fitness (Train): -34.33 | Mean fitness (Test): -10.13
Generation 1000 | Best fitness (Train): -1.56 | Best fitness in generation (Train): -3.89 | Mean fitness (Train): -9.91 | Mean fitness (Test): -5.83
running the experiment ... [../../results/BraxProblem/ant/CMA_ES/2]
Generation 010 | Best fitness (Train): -1.45 | Best fitness in generation (Train): -6.45 | Mean fitness (Train): -57.74 | Mean fitness (Test): -30.48
Generation 020 | Best fitness (Train): -1.45 | Best fitness in generation (Train): -6.53 | Mean fitness (Train): -44.97 | Mean fitness (Test): -5.68
Generation 030 | Best fitness (Train): -1.45 | Best fitness in generation (Train): -8.35 | Mean fitness (Train): -53.73 | Mean fitness (Test): -52.35
Generation 040 | Best fitness (Train): -1.45 | Best fitness in generation (Train): -4.91 | Mean fitness (Train): -46.77 | Mean fitness (Test): -111.33
Generation 050 | Best fitness (Train): 1.83 | Best fitness in generation (Train): 1.83 | Mean fitness (Train): -47.14 | Mean fitness (Test): -10.91
Generation 060 | Best fitness (Train): 1.83 | Best fitness in generation (Train): -6.71 | Mean fitness (Train): -40.04 | Mean fitness (Test): -127.00
Generation 070 | Best fitness (Train): 1.83 | Best fitness in generation (Train): -6.28 | Mean fitness (Train): -39.63 | Mean fitness (Test): -8.52
Generation 080 | Best fitness (Train): 1.83 | Best fitness in generation (Train): -4.14 | Mean fitness (Train): -38.37 | Mean fitness (Test): -27.26
Generation 090 | Best fitness (Train): 1.83 | Best fitness in generation (Train): -7.04 | Mean fitness (Train): -32.34 | Mean fitness (Test): -7.30
Generation 100 | Best fitness (Train): 1.83 | Best fitness in generation (Train): -5.03 | Mean fitness (Train): -25.99 | Mean fitness (Test): -10.49
Generation 110 | Best fitness (Train): 1.83 | Best fitness in generation (Train): -4.01 | Mean fitness (Train): -29.64 | Mean fitness (Test): -11.39
Generation 120 | Best fitness (Train): 1.83 | Best fitness in generation (Train): -3.28 | Mean fitness (Train): -22.29 | Mean fitness (Test): -7.61
Generation 130 | Best fitness (Train): 1.83 | Best fitness in generation (Train): -5.90 | Mean fitness (Train): -31.84 | Mean fitness (Test): -33.91
Generation 140 | Best fitness (Train): 1.83 | Best fitness in generation (Train): -5.42 | Mean fitness (Train): -22.48 | Mean fitness (Test): -9.52
Generation 150 | Best fitness (Train): 1.83 | Best fitness in generation (Train): -5.60 | Mean fitness (Train): -29.44 | Mean fitness (Test): -12.36
Generation 160 | Best fitness (Train): 1.83 | Best fitness in generation (Train): -5.95 | Mean fitness (Train): -32.00 | Mean fitness (Test): -11.26
Generation 170 | Best fitness (Train): 1.83 | Best fitness in generation (Train): -4.81 | Mean fitness (Train): -29.31 | Mean fitness (Test): -13.70
Generation 180 | Best fitness (Train): 1.83 | Best fitness in generation (Train): -4.36 | Mean fitness (Train): -25.83 | Mean fitness (Test): -10.84
Generation 190 | Best fitness (Train): 1.83 | Best fitness in generation (Train): -3.46 | Mean fitness (Train): -23.05 | Mean fitness (Test): -13.11
Generation 200 | Best fitness (Train): 1.83 | Best fitness in generation (Train): -4.52 | Mean fitness (Train): -19.59 | Mean fitness (Test): -10.10
Generation 210 | Best fitness (Train): 1.83 | Best fitness in generation (Train): -5.69 | Mean fitness (Train): -29.00 | Mean fitness (Test): -72.10
Generation 220 | Best fitness (Train): 1.83 | Best fitness in generation (Train): -4.87 | Mean fitness (Train): -20.12 | Mean fitness (Test): -32.03
Generation 230 | Best fitness (Train): 1.83 | Best fitness in generation (Train): -4.07 | Mean fitness (Train): -16.96 | Mean fitness (Test): -10.90
Generation 240 | Best fitness (Train): 1.83 | Best fitness in generation (Train): -3.98 | Mean fitness (Train): -35.00 | Mean fitness (Test): -74.32
Generation 250 | Best fitness (Train): 1.83 | Best fitness in generation (Train): -3.61 | Mean fitness (Train): -17.90 | Mean fitness (Test): -6.78
Generation 260 | Best fitness (Train): 1.83 | Best fitness in generation (Train): -5.17 | Mean fitness (Train): -43.74 | Mean fitness (Test): -81.25
Generation 270 | Best fitness (Train): 1.83 | Best fitness in generation (Train): -7.20 | Mean fitness (Train): -24.64 | Mean fitness (Test): -43.44
Generation 280 | Best fitness (Train): 1.83 | Best fitness in generation (Train): -4.69 | Mean fitness (Train): -32.10 | Mean fitness (Test): -45.22
Generation 290 | Best fitness (Train): 1.83 | Best fitness in generation (Train): -4.96 | Mean fitness (Train): -21.57 | Mean fitness (Test): -10.99
Generation 300 | Best fitness (Train): 1.83 | Best fitness in generation (Train): -6.47 | Mean fitness (Train): -31.14 | Mean fitness (Test): -61.57
Generation 310 | Best fitness (Train): 1.83 | Best fitness in generation (Train): -5.00 | Mean fitness (Train): -16.52 | Mean fitness (Test): -7.73
Generation 320 | Best fitness (Train): 1.83 | Best fitness in generation (Train): -3.26 | Mean fitness (Train): -24.75 | Mean fitness (Test): -5.26
Generation 330 | Best fitness (Train): 1.83 | Best fitness in generation (Train): -6.84 | Mean fitness (Train): -15.71 | Mean fitness (Test): -10.39
Generation 340 | Best fitness (Train): 1.83 | Best fitness in generation (Train): -6.95 | Mean fitness (Train): -26.49 | Mean fitness (Test): -11.63
Generation 350 | Best fitness (Train): 1.83 | Best fitness in generation (Train): -6.21 | Mean fitness (Train): -30.05 | Mean fitness (Test): -24.50
Generation 360 | Best fitness (Train): 1.83 | Best fitness in generation (Train): -4.06 | Mean fitness (Train): -19.90 | Mean fitness (Test): -8.30
Generation 370 | Best fitness (Train): 1.83 | Best fitness in generation (Train): -4.65 | Mean fitness (Train): -16.72 | Mean fitness (Test): -9.29
Generation 380 | Best fitness (Train): 1.83 | Best fitness in generation (Train): -4.83 | Mean fitness (Train): -19.94 | Mean fitness (Test): -7.74
Generation 390 | Best fitness (Train): 1.83 | Best fitness in generation (Train): -4.52 | Mean fitness (Train): -18.44 | Mean fitness (Test): -6.37
Generation 400 | Best fitness (Train): 1.83 | Best fitness in generation (Train): -4.81 | Mean fitness (Train): -22.61 | Mean fitness (Test): -10.18
Generation 410 | Best fitness (Train): 1.83 | Best fitness in generation (Train): -8.96 | Mean fitness (Train): -42.63 | Mean fitness (Test): -46.76
Generation 420 | Best fitness (Train): 1.83 | Best fitness in generation (Train): -3.61 | Mean fitness (Train): -16.16 | Mean fitness (Test): -9.86
Generation 430 | Best fitness (Train): 1.83 | Best fitness in generation (Train): -5.87 | Mean fitness (Train): -32.88 | Mean fitness (Test): -10.23
Generation 440 | Best fitness (Train): 1.83 | Best fitness in generation (Train): -5.70 | Mean fitness (Train): -13.89 | Mean fitness (Test): -6.80
Generation 450 | Best fitness (Train): 1.83 | Best fitness in generation (Train): -2.85 | Mean fitness (Train): -21.39 | Mean fitness (Test): -7.01
Generation 460 | Best fitness (Train): 1.83 | Best fitness in generation (Train): -4.73 | Mean fitness (Train): -18.78 | Mean fitness (Test): -9.62
Generation 470 | Best fitness (Train): 1.83 | Best fitness in generation (Train): -3.18 | Mean fitness (Train): -27.21 | Mean fitness (Test): -4.45
Generation 480 | Best fitness (Train): 1.83 | Best fitness in generation (Train): -5.48 | Mean fitness (Train): -21.10 | Mean fitness (Test): -10.21
Generation 490 | Best fitness (Train): 1.83 | Best fitness in generation (Train): -3.73 | Mean fitness (Train): -13.35 | Mean fitness (Test): -5.34
Generation 500 | Best fitness (Train): 1.83 | Best fitness in generation (Train): -4.26 | Mean fitness (Train): -24.33 | Mean fitness (Test): -25.18
Generation 510 | Best fitness (Train): 1.83 | Best fitness in generation (Train): -5.28 | Mean fitness (Train): -19.07 | Mean fitness (Test): -21.46
Generation 520 | Best fitness (Train): 1.83 | Best fitness in generation (Train): -5.11 | Mean fitness (Train): -12.23 | Mean fitness (Test): -12.03
Generation 530 | Best fitness (Train): 1.83 | Best fitness in generation (Train): -3.10 | Mean fitness (Train): -19.56 | Mean fitness (Test): -6.11
Generation 540 | Best fitness (Train): 1.83 | Best fitness in generation (Train): -6.34 | Mean fitness (Train): -12.77 | Mean fitness (Test): -12.74
Generation 550 | Best fitness (Train): 1.83 | Best fitness in generation (Train): -5.02 | Mean fitness (Train): -21.28 | Mean fitness (Test): -11.68
Generation 560 | Best fitness (Train): 1.83 | Best fitness in generation (Train): -8.60 | Mean fitness (Train): -40.76 | Mean fitness (Test): -9.42
Generation 570 | Best fitness (Train): 1.83 | Best fitness in generation (Train): -4.51 | Mean fitness (Train): -20.55 | Mean fitness (Test): -5.84
Generation 580 | Best fitness (Train): 1.83 | Best fitness in generation (Train): -5.48 | Mean fitness (Train): -15.60 | Mean fitness (Test): -6.93
Generation 590 | Best fitness (Train): 1.83 | Best fitness in generation (Train): -3.78 | Mean fitness (Train): -19.57 | Mean fitness (Test): -6.41
Generation 600 | Best fitness (Train): 1.83 | Best fitness in generation (Train): -5.73 | Mean fitness (Train): -30.03 | Mean fitness (Test): -19.24
Generation 610 | Best fitness (Train): 1.83 | Best fitness in generation (Train): -5.67 | Mean fitness (Train): -11.80 | Mean fitness (Test): -9.82
Generation 620 | Best fitness (Train): 1.83 | Best fitness in generation (Train): -5.82 | Mean fitness (Train): -25.24 | Mean fitness (Test): -14.47
Generation 630 | Best fitness (Train): 1.83 | Best fitness in generation (Train): -3.81 | Mean fitness (Train): -16.82 | Mean fitness (Test): -4.79
Generation 640 | Best fitness (Train): 1.83 | Best fitness in generation (Train): -5.23 | Mean fitness (Train): -15.66 | Mean fitness (Test): -6.38
Generation 650 | Best fitness (Train): 1.83 | Best fitness in generation (Train): -4.49 | Mean fitness (Train): -24.94 | Mean fitness (Test): -5.10
Generation 660 | Best fitness (Train): 1.83 | Best fitness in generation (Train): -4.44 | Mean fitness (Train): -22.19 | Mean fitness (Test): -11.89
Generation 670 | Best fitness (Train): 1.83 | Best fitness in generation (Train): -4.63 | Mean fitness (Train): -31.26 | Mean fitness (Test): -9.13
Generation 680 | Best fitness (Train): 1.83 | Best fitness in generation (Train): -4.91 | Mean fitness (Train): -28.72 | Mean fitness (Test): -11.98
Generation 690 | Best fitness (Train): 1.83 | Best fitness in generation (Train): -3.85 | Mean fitness (Train): -12.30 | Mean fitness (Test): -6.34
Generation 700 | Best fitness (Train): 1.83 | Best fitness in generation (Train): -4.16 | Mean fitness (Train): -15.65 | Mean fitness (Test): -9.62
Generation 710 | Best fitness (Train): 3.31 | Best fitness in generation (Train): -3.68 | Mean fitness (Train): -21.60 | Mean fitness (Test): -5.68
Generation 720 | Best fitness (Train): 3.31 | Best fitness in generation (Train): -4.93 | Mean fitness (Train): -11.35 | Mean fitness (Test): -6.22
Generation 730 | Best fitness (Train): 3.31 | Best fitness in generation (Train): -5.16 | Mean fitness (Train): -18.41 | Mean fitness (Test): -8.10
Generation 740 | Best fitness (Train): 3.31 | Best fitness in generation (Train): -4.55 | Mean fitness (Train): -15.47 | Mean fitness (Test): -12.37
Generation 750 | Best fitness (Train): 3.31 | Best fitness in generation (Train): -4.00 | Mean fitness (Train): -35.55 | Mean fitness (Test): -4.81
Generation 760 | Best fitness (Train): 3.31 | Best fitness in generation (Train): -4.01 | Mean fitness (Train): -21.06 | Mean fitness (Test): -5.82
Generation 770 | Best fitness (Train): 3.31 | Best fitness in generation (Train): -5.50 | Mean fitness (Train): -13.15 | Mean fitness (Test): -6.94
Generation 780 | Best fitness (Train): 3.31 | Best fitness in generation (Train): -4.32 | Mean fitness (Train): -20.76 | Mean fitness (Test): -15.10
Generation 790 | Best fitness (Train): 3.31 | Best fitness in generation (Train): -4.83 | Mean fitness (Train): -13.17 | Mean fitness (Test): -7.43
Generation 800 | Best fitness (Train): 3.31 | Best fitness in generation (Train): -3.86 | Mean fitness (Train): -14.52 | Mean fitness (Test): -5.48
Generation 810 | Best fitness (Train): 3.31 | Best fitness in generation (Train): -5.33 | Mean fitness (Train): -9.80 | Mean fitness (Test): -11.00
Generation 820 | Best fitness (Train): 3.31 | Best fitness in generation (Train): -4.80 | Mean fitness (Train): -15.74 | Mean fitness (Test): -6.71
Generation 830 | Best fitness (Train): 3.31 | Best fitness in generation (Train): -3.80 | Mean fitness (Train): -22.34 | Mean fitness (Test): -15.17
Generation 840 | Best fitness (Train): 3.31 | Best fitness in generation (Train): -5.14 | Mean fitness (Train): -10.65 | Mean fitness (Test): -6.38
Generation 850 | Best fitness (Train): 3.31 | Best fitness in generation (Train): -4.21 | Mean fitness (Train): -11.85 | Mean fitness (Test): -7.45
Generation 860 | Best fitness (Train): 3.31 | Best fitness in generation (Train): -5.79 | Mean fitness (Train): -18.34 | Mean fitness (Test): -7.03
Generation 870 | Best fitness (Train): 3.31 | Best fitness in generation (Train): -6.12 | Mean fitness (Train): -10.53 | Mean fitness (Test): -8.50
Generation 880 | Best fitness (Train): 3.31 | Best fitness in generation (Train): -4.70 | Mean fitness (Train): -10.22 | Mean fitness (Test): -6.37
Generation 890 | Best fitness (Train): 3.31 | Best fitness in generation (Train): -5.50 | Mean fitness (Train): -15.94 | Mean fitness (Test): -6.62
Generation 900 | Best fitness (Train): 3.31 | Best fitness in generation (Train): -5.22 | Mean fitness (Train): -26.08 | Mean fitness (Test): -9.02
Generation 910 | Best fitness (Train): 3.31 | Best fitness in generation (Train): -4.00 | Mean fitness (Train): -30.38 | Mean fitness (Test): -25.91
Generation 920 | Best fitness (Train): 3.31 | Best fitness in generation (Train): -4.73 | Mean fitness (Train): -9.65 | Mean fitness (Test): -10.87
Generation 930 | Best fitness (Train): 3.31 | Best fitness in generation (Train): -5.95 | Mean fitness (Train): -31.43 | Mean fitness (Test): -12.98
Generation 940 | Best fitness (Train): 3.31 | Best fitness in generation (Train): -5.31 | Mean fitness (Train): -17.45 | Mean fitness (Test): -6.39
Generation 950 | Best fitness (Train): 3.31 | Best fitness in generation (Train): -6.20 | Mean fitness (Train): -34.76 | Mean fitness (Test): -70.39
Generation 960 | Best fitness (Train): 3.31 | Best fitness in generation (Train): -6.25 | Mean fitness (Train): -12.77 | Mean fitness (Test): -8.53
Generation 970 | Best fitness (Train): 3.31 | Best fitness in generation (Train): -6.30 | Mean fitness (Train): -37.52 | Mean fitness (Test): -101.64
Generation 980 | Best fitness (Train): 3.31 | Best fitness in generation (Train): -5.08 | Mean fitness (Train): -33.06 | Mean fitness (Test): -44.13
Generation 990 | Best fitness (Train): 3.31 | Best fitness in generation (Train): -6.75 | Mean fitness (Train): -30.60 | Mean fitness (Test): -11.68
Generation 1000 | Best fitness (Train): 3.31 | Best fitness in generation (Train): -4.28 | Mean fitness (Train): -20.04 | Mean fitness (Test): -6.38
running the experiment ... [../../results/BraxProblem/ant/CMA_ES/3]
Generation 010 | Best fitness (Train): -2.05 | Best fitness in generation (Train): -7.67 | Mean fitness (Train): -53.86 | Mean fitness (Test): -2.41
Generation 020 | Best fitness (Train): 4.08 | Best fitness in generation (Train): -5.91 | Mean fitness (Train): -51.68 | Mean fitness (Test): -54.05
Generation 030 | Best fitness (Train): 4.08 | Best fitness in generation (Train): -11.85 | Mean fitness (Train): -58.67 | Mean fitness (Test): -18.73
Generation 040 | Best fitness (Train): 4.08 | Best fitness in generation (Train): -7.82 | Mean fitness (Train): -48.05 | Mean fitness (Test): -44.81
Generation 050 | Best fitness (Train): 4.08 | Best fitness in generation (Train): -5.33 | Mean fitness (Train): -51.90 | Mean fitness (Test): -44.96
Generation 060 | Best fitness (Train): 4.08 | Best fitness in generation (Train): -2.82 | Mean fitness (Train): -37.55 | Mean fitness (Test): -45.01
Generation 070 | Best fitness (Train): 4.08 | Best fitness in generation (Train): -5.33 | Mean fitness (Train): -35.33 | Mean fitness (Test): -9.89
Generation 080 | Best fitness (Train): 4.08 | Best fitness in generation (Train): -4.06 | Mean fitness (Train): -42.73 | Mean fitness (Test): -11.62
Generation 090 | Best fitness (Train): 4.08 | Best fitness in generation (Train): -6.44 | Mean fitness (Train): -41.00 | Mean fitness (Test): -16.43
Generation 100 | Best fitness (Train): 4.08 | Best fitness in generation (Train): -7.74 | Mean fitness (Train): -25.65 | Mean fitness (Test): -13.96
Generation 110 | Best fitness (Train): 4.08 | Best fitness in generation (Train): -4.18 | Mean fitness (Train): -18.42 | Mean fitness (Test): -9.00
Generation 120 | Best fitness (Train): 4.08 | Best fitness in generation (Train): -4.73 | Mean fitness (Train): -28.88 | Mean fitness (Test): -7.37
Generation 130 | Best fitness (Train): 4.08 | Best fitness in generation (Train): -9.93 | Mean fitness (Train): -40.78 | Mean fitness (Test): -63.55
Generation 140 | Best fitness (Train): 4.08 | Best fitness in generation (Train): -6.35 | Mean fitness (Train): -28.63 | Mean fitness (Test): -21.83
Generation 150 | Best fitness (Train): 4.08 | Best fitness in generation (Train): -5.12 | Mean fitness (Train): -34.61 | Mean fitness (Test): -14.68
Generation 160 | Best fitness (Train): 4.08 | Best fitness in generation (Train): -7.17 | Mean fitness (Train): -19.27 | Mean fitness (Test): -10.80
Generation 170 | Best fitness (Train): 4.08 | Best fitness in generation (Train): -7.13 | Mean fitness (Train): -22.24 | Mean fitness (Test): -10.98
Generation 180 | Best fitness (Train): 4.08 | Best fitness in generation (Train): -4.11 | Mean fitness (Train): -18.94 | Mean fitness (Test): -7.64
Generation 190 | Best fitness (Train): 4.08 | Best fitness in generation (Train): -1.75 | Mean fitness (Train): -40.87 | Mean fitness (Test): -65.82
Generation 200 | Best fitness (Train): 4.08 | Best fitness in generation (Train): -4.88 | Mean fitness (Train): -24.18 | Mean fitness (Test): -7.67
Generation 210 | Best fitness (Train): 4.08 | Best fitness in generation (Train): -5.26 | Mean fitness (Train): -21.13 | Mean fitness (Test): -11.12
Generation 220 | Best fitness (Train): 4.08 | Best fitness in generation (Train): -3.60 | Mean fitness (Train): -36.62 | Mean fitness (Test): -29.93
Generation 230 | Best fitness (Train): 4.08 | Best fitness in generation (Train): -4.46 | Mean fitness (Train): -17.75 | Mean fitness (Test): -8.52
Generation 240 | Best fitness (Train): 4.08 | Best fitness in generation (Train): -5.35 | Mean fitness (Train): -21.62 | Mean fitness (Test): -12.76
Generation 250 | Best fitness (Train): 4.08 | Best fitness in generation (Train): -2.95 | Mean fitness (Train): -23.00 | Mean fitness (Test): -15.80
Generation 260 | Best fitness (Train): 4.08 | Best fitness in generation (Train): -5.33 | Mean fitness (Train): -40.23 | Mean fitness (Test): -112.29
Generation 270 | Best fitness (Train): 4.08 | Best fitness in generation (Train): -4.11 | Mean fitness (Train): -18.28 | Mean fitness (Test): -14.45
Generation 280 | Best fitness (Train): 4.08 | Best fitness in generation (Train): -6.04 | Mean fitness (Train): -26.97 | Mean fitness (Test): -10.29
Generation 290 | Best fitness (Train): 4.08 | Best fitness in generation (Train): -5.34 | Mean fitness (Train): -34.45 | Mean fitness (Test): -45.98
Generation 300 | Best fitness (Train): 4.08 | Best fitness in generation (Train): -4.26 | Mean fitness (Train): -39.84 | Mean fitness (Test): -11.01
Generation 310 | Best fitness (Train): 4.08 | Best fitness in generation (Train): -4.80 | Mean fitness (Train): -26.39 | Mean fitness (Test): -7.28
Generation 320 | Best fitness (Train): 4.08 | Best fitness in generation (Train): -6.07 | Mean fitness (Train): -18.42 | Mean fitness (Test): -8.52
Generation 330 | Best fitness (Train): 4.08 | Best fitness in generation (Train): -3.80 | Mean fitness (Train): -32.38 | Mean fitness (Test): -4.84
Generation 340 | Best fitness (Train): 4.08 | Best fitness in generation (Train): -4.02 | Mean fitness (Train): -16.72 | Mean fitness (Test): -6.35
Generation 350 | Best fitness (Train): 4.08 | Best fitness in generation (Train): -5.76 | Mean fitness (Train): -31.20 | Mean fitness (Test): -29.83
Generation 360 | Best fitness (Train): 4.08 | Best fitness in generation (Train): -4.17 | Mean fitness (Train): -20.51 | Mean fitness (Test): -7.32
Generation 370 | Best fitness (Train): 4.08 | Best fitness in generation (Train): -5.26 | Mean fitness (Train): -30.35 | Mean fitness (Test): -5.57
Generation 380 | Best fitness (Train): 4.08 | Best fitness in generation (Train): -3.01 | Mean fitness (Train): -24.36 | Mean fitness (Test): -5.39
Generation 390 | Best fitness (Train): 4.08 | Best fitness in generation (Train): -4.83 | Mean fitness (Train): -12.91 | Mean fitness (Test): -10.61
Generation 400 | Best fitness (Train): 4.08 | Best fitness in generation (Train): -6.78 | Mean fitness (Train): -15.55 | Mean fitness (Test): -9.24
Generation 410 | Best fitness (Train): 4.08 | Best fitness in generation (Train): -4.97 | Mean fitness (Train): -36.49 | Mean fitness (Test): -9.43
Generation 420 | Best fitness (Train): 4.08 | Best fitness in generation (Train): -5.02 | Mean fitness (Train): -16.91 | Mean fitness (Test): -9.54
Generation 430 | Best fitness (Train): 4.08 | Best fitness in generation (Train): -4.20 | Mean fitness (Train): -14.20 | Mean fitness (Test): -7.81
Generation 440 | Best fitness (Train): 4.08 | Best fitness in generation (Train): -5.87 | Mean fitness (Train): -21.87 | Mean fitness (Test): -26.21
Generation 450 | Best fitness (Train): 4.08 | Best fitness in generation (Train): -3.42 | Mean fitness (Train): -34.42 | Mean fitness (Test): -155.62
Generation 460 | Best fitness (Train): 4.08 | Best fitness in generation (Train): -4.01 | Mean fitness (Train): -25.09 | Mean fitness (Test): -42.74
Generation 470 | Best fitness (Train): 4.08 | Best fitness in generation (Train): -4.56 | Mean fitness (Train): -18.68 | Mean fitness (Test): -6.10
Generation 480 | Best fitness (Train): 4.08 | Best fitness in generation (Train): -4.68 | Mean fitness (Train): -36.04 | Mean fitness (Test): -151.69
Generation 490 | Best fitness (Train): 4.08 | Best fitness in generation (Train): -5.09 | Mean fitness (Train): -17.15 | Mean fitness (Test): -10.55
Generation 500 | Best fitness (Train): 4.08 | Best fitness in generation (Train): -5.43 | Mean fitness (Train): -10.37 | Mean fitness (Test): -6.64
Generation 510 | Best fitness (Train): 4.08 | Best fitness in generation (Train): -5.37 | Mean fitness (Train): -17.77 | Mean fitness (Test): -11.81
Generation 520 | Best fitness (Train): 4.08 | Best fitness in generation (Train): -4.09 | Mean fitness (Train): -33.61 | Mean fitness (Test): -8.43
Generation 530 | Best fitness (Train): 4.08 | Best fitness in generation (Train): -4.48 | Mean fitness (Train): -30.54 | Mean fitness (Test): -5.39
Generation 540 | Best fitness (Train): 4.08 | Best fitness in generation (Train): -8.37 | Mean fitness (Train): -49.87 | Mean fitness (Test): -125.41
Generation 550 | Best fitness (Train): 4.08 | Best fitness in generation (Train): -9.57 | Mean fitness (Train): -48.52 | Mean fitness (Test): -58.04
Generation 560 | Best fitness (Train): 4.08 | Best fitness in generation (Train): -4.33 | Mean fitness (Train): -24.60 | Mean fitness (Test): -7.52
Generation 570 | Best fitness (Train): 4.08 | Best fitness in generation (Train): -5.47 | Mean fitness (Train): -13.13 | Mean fitness (Test): -13.31
Generation 580 | Best fitness (Train): 4.08 | Best fitness in generation (Train): -5.74 | Mean fitness (Train): -17.38 | Mean fitness (Test): -12.78
Generation 590 | Best fitness (Train): 4.08 | Best fitness in generation (Train): -6.85 | Mean fitness (Train): -23.34 | Mean fitness (Test): -111.04
Generation 600 | Best fitness (Train): 4.08 | Best fitness in generation (Train): -5.70 | Mean fitness (Train): -10.61 | Mean fitness (Test): -7.24
Generation 610 | Best fitness (Train): 4.08 | Best fitness in generation (Train): -5.54 | Mean fitness (Train): -12.75 | Mean fitness (Test): -13.61
Generation 620 | Best fitness (Train): 4.08 | Best fitness in generation (Train): -9.80 | Mean fitness (Train): -55.90 | Mean fitness (Test): -69.78
Generation 630 | Best fitness (Train): 4.08 | Best fitness in generation (Train): -8.64 | Mean fitness (Train): -29.85 | Mean fitness (Test): -11.57
Generation 640 | Best fitness (Train): 4.08 | Best fitness in generation (Train): -5.44 | Mean fitness (Train): -23.11 | Mean fitness (Test): -28.47
Generation 650 | Best fitness (Train): 4.08 | Best fitness in generation (Train): -4.18 | Mean fitness (Train): -16.57 | Mean fitness (Test): -5.80
Generation 660 | Best fitness (Train): 4.08 | Best fitness in generation (Train): -5.61 | Mean fitness (Train): -20.44 | Mean fitness (Test): -6.03
Generation 670 | Best fitness (Train): 4.08 | Best fitness in generation (Train): -5.64 | Mean fitness (Train): -13.36 | Mean fitness (Test): -8.36
Generation 680 | Best fitness (Train): 4.08 | Best fitness in generation (Train): -5.00 | Mean fitness (Train): -23.24 | Mean fitness (Test): -26.86
Generation 690 | Best fitness (Train): 4.08 | Best fitness in generation (Train): -4.90 | Mean fitness (Train): -16.57 | Mean fitness (Test): -6.13
Generation 700 | Best fitness (Train): 4.08 | Best fitness in generation (Train): -2.94 | Mean fitness (Train): -20.53 | Mean fitness (Test): -11.77
Generation 710 | Best fitness (Train): 4.08 | Best fitness in generation (Train): -6.63 | Mean fitness (Train): -20.29 | Mean fitness (Test): -7.12
Generation 720 | Best fitness (Train): 4.08 | Best fitness in generation (Train): -5.97 | Mean fitness (Train): -15.23 | Mean fitness (Test): -5.59
Generation 730 | Best fitness (Train): 4.08 | Best fitness in generation (Train): -4.10 | Mean fitness (Train): -24.76 | Mean fitness (Test): -13.65
Generation 740 | Best fitness (Train): 4.08 | Best fitness in generation (Train): -4.34 | Mean fitness (Train): -16.13 | Mean fitness (Test): -7.08
Generation 750 | Best fitness (Train): 4.08 | Best fitness in generation (Train): -2.98 | Mean fitness (Train): -25.83 | Mean fitness (Test): -6.97
Generation 760 | Best fitness (Train): 4.08 | Best fitness in generation (Train): -6.35 | Mean fitness (Train): -47.35 | Mean fitness (Test): -47.99
Generation 770 | Best fitness (Train): 4.08 | Best fitness in generation (Train): -4.45 | Mean fitness (Train): -17.90 | Mean fitness (Test): -7.17
Generation 780 | Best fitness (Train): 4.08 | Best fitness in generation (Train): -3.09 | Mean fitness (Train): -26.26 | Mean fitness (Test): -5.58
Generation 790 | Best fitness (Train): 4.08 | Best fitness in generation (Train): -6.67 | Mean fitness (Train): -33.54 | Mean fitness (Test): -49.32
Generation 800 | Best fitness (Train): 4.08 | Best fitness in generation (Train): -7.89 | Mean fitness (Train): -14.60 | Mean fitness (Test): -13.01
Generation 810 | Best fitness (Train): 4.08 | Best fitness in generation (Train): -3.39 | Mean fitness (Train): -13.68 | Mean fitness (Test): -5.28
Generation 820 | Best fitness (Train): 4.08 | Best fitness in generation (Train): -3.72 | Mean fitness (Train): -17.67 | Mean fitness (Test): -6.26
Generation 830 | Best fitness (Train): 4.08 | Best fitness in generation (Train): -8.83 | Mean fitness (Train): -33.53 | Mean fitness (Test): -18.07
Generation 840 | Best fitness (Train): 4.08 | Best fitness in generation (Train): -5.40 | Mean fitness (Train): -29.65 | Mean fitness (Test): -70.01
Generation 850 | Best fitness (Train): 4.08 | Best fitness in generation (Train): -3.87 | Mean fitness (Train): -17.58 | Mean fitness (Test): -9.30
Generation 860 | Best fitness (Train): 4.08 | Best fitness in generation (Train): -4.99 | Mean fitness (Train): -13.28 | Mean fitness (Test): -13.65
Generation 870 | Best fitness (Train): 4.08 | Best fitness in generation (Train): -3.97 | Mean fitness (Train): -14.29 | Mean fitness (Test): -9.79
Generation 880 | Best fitness (Train): 4.08 | Best fitness in generation (Train): -4.07 | Mean fitness (Train): -14.05 | Mean fitness (Test): -16.38
Generation 890 | Best fitness (Train): 4.08 | Best fitness in generation (Train): -4.84 | Mean fitness (Train): -25.74 | Mean fitness (Test): -17.74
Generation 900 | Best fitness (Train): 4.08 | Best fitness in generation (Train): -4.36 | Mean fitness (Train): -12.91 | Mean fitness (Test): -8.78
Generation 910 | Best fitness (Train): 4.08 | Best fitness in generation (Train): -4.55 | Mean fitness (Train): -9.62 | Mean fitness (Test): -10.84
Generation 920 | Best fitness (Train): 4.08 | Best fitness in generation (Train): -4.81 | Mean fitness (Train): -42.11 | Mean fitness (Test): -19.49
Generation 930 | Best fitness (Train): 4.08 | Best fitness in generation (Train): -6.05 | Mean fitness (Train): -11.92 | Mean fitness (Test): -7.47
Generation 940 | Best fitness (Train): 4.08 | Best fitness in generation (Train): -3.97 | Mean fitness (Train): -18.71 | Mean fitness (Test): -14.01
Generation 950 | Best fitness (Train): 4.08 | Best fitness in generation (Train): -4.29 | Mean fitness (Train): -41.03 | Mean fitness (Test): -13.61
Generation 960 | Best fitness (Train): 4.08 | Best fitness in generation (Train): -7.17 | Mean fitness (Train): -10.57 | Mean fitness (Test): -9.03
Generation 970 | Best fitness (Train): 4.08 | Best fitness in generation (Train): -4.88 | Mean fitness (Train): -12.58 | Mean fitness (Test): -7.95
Generation 980 | Best fitness (Train): 4.08 | Best fitness in generation (Train): -5.44 | Mean fitness (Train): -11.57 | Mean fitness (Test): -6.58
Generation 990 | Best fitness (Train): 4.08 | Best fitness in generation (Train): -2.97 | Mean fitness (Train): -16.13 | Mean fitness (Test): -5.56
Generation 1000 | Best fitness (Train): 4.08 | Best fitness in generation (Train): -6.29 | Mean fitness (Train): -21.45 | Mean fitness (Test): -47.53
running the experiment ... [../../results/BraxProblem/ant/CMA_ES/4]
Generation 010 | Best fitness (Train): -3.98 | Best fitness in generation (Train): -5.08 | Mean fitness (Train): -52.72 | Mean fitness (Test): -130.89
Generation 020 | Best fitness (Train): 3.99 | Best fitness in generation (Train): -3.18 | Mean fitness (Train): -51.01 | Mean fitness (Test): -23.56
Generation 030 | Best fitness (Train): 3.99 | Best fitness in generation (Train): -8.37 | Mean fitness (Train): -54.10 | Mean fitness (Test): -71.01
Generation 040 | Best fitness (Train): 3.99 | Best fitness in generation (Train): -6.80 | Mean fitness (Train): -51.05 | Mean fitness (Test): -32.58
Generation 050 | Best fitness (Train): 3.99 | Best fitness in generation (Train): -6.51 | Mean fitness (Train): -47.27 | Mean fitness (Test): -25.78
Generation 060 | Best fitness (Train): 3.99 | Best fitness in generation (Train): -6.23 | Mean fitness (Train): -48.33 | Mean fitness (Test): -12.44
Generation 070 | Best fitness (Train): 3.99 | Best fitness in generation (Train): -8.90 | Mean fitness (Train): -50.58 | Mean fitness (Test): -9.50
Generation 080 | Best fitness (Train): 3.99 | Best fitness in generation (Train): -6.91 | Mean fitness (Train): -48.65 | Mean fitness (Test): -75.05
Generation 090 | Best fitness (Train): 3.99 | Best fitness in generation (Train): -4.10 | Mean fitness (Train): -35.98 | Mean fitness (Test): -12.59
Generation 100 | Best fitness (Train): 3.99 | Best fitness in generation (Train): -6.52 | Mean fitness (Train): -34.90 | Mean fitness (Test): -9.53
Generation 110 | Best fitness (Train): 3.99 | Best fitness in generation (Train): -4.11 | Mean fitness (Train): -25.18 | Mean fitness (Test): -7.45
Generation 120 | Best fitness (Train): 3.99 | Best fitness in generation (Train): -5.18 | Mean fitness (Train): -25.57 | Mean fitness (Test): -6.77
Generation 130 | Best fitness (Train): 3.99 | Best fitness in generation (Train): -5.20 | Mean fitness (Train): -22.71 | Mean fitness (Test): -10.88
Generation 140 | Best fitness (Train): 3.99 | Best fitness in generation (Train): -4.59 | Mean fitness (Train): -17.65 | Mean fitness (Test): -7.49
Generation 150 | Best fitness (Train): 3.99 | Best fitness in generation (Train): -5.59 | Mean fitness (Train): -40.74 | Mean fitness (Test): -29.28
Generation 160 | Best fitness (Train): 3.99 | Best fitness in generation (Train): -4.15 | Mean fitness (Train): -29.99 | Mean fitness (Test): -14.90
Generation 170 | Best fitness (Train): 3.99 | Best fitness in generation (Train): -4.65 | Mean fitness (Train): -32.11 | Mean fitness (Test): -9.27
Generation 180 | Best fitness (Train): 3.99 | Best fitness in generation (Train): -5.74 | Mean fitness (Train): -20.37 | Mean fitness (Test): -11.82
Generation 190 | Best fitness (Train): 3.99 | Best fitness in generation (Train): -4.93 | Mean fitness (Train): -23.03 | Mean fitness (Test): -19.95
Generation 200 | Best fitness (Train): 3.99 | Best fitness in generation (Train): -6.42 | Mean fitness (Train): -38.69 | Mean fitness (Test): -15.94
Generation 210 | Best fitness (Train): 3.99 | Best fitness in generation (Train): -3.53 | Mean fitness (Train): -16.24 | Mean fitness (Test): -5.90
Generation 220 | Best fitness (Train): 3.99 | Best fitness in generation (Train): -3.67 | Mean fitness (Train): -18.58 | Mean fitness (Test): -11.67
Generation 230 | Best fitness (Train): 3.99 | Best fitness in generation (Train): -7.67 | Mean fitness (Train): -26.73 | Mean fitness (Test): -11.49
Generation 240 | Best fitness (Train): 3.99 | Best fitness in generation (Train): -5.42 | Mean fitness (Train): -21.52 | Mean fitness (Test): -7.75
Generation 250 | Best fitness (Train): 3.99 | Best fitness in generation (Train): -4.23 | Mean fitness (Train): -32.22 | Mean fitness (Test): -146.74
Generation 260 | Best fitness (Train): 3.99 | Best fitness in generation (Train): -5.13 | Mean fitness (Train): -33.39 | Mean fitness (Test): -6.20
Generation 270 | Best fitness (Train): 3.99 | Best fitness in generation (Train): -5.68 | Mean fitness (Train): -39.13 | Mean fitness (Test): -38.55
Generation 280 | Best fitness (Train): 3.99 | Best fitness in generation (Train): -6.84 | Mean fitness (Train): -27.13 | Mean fitness (Test): -14.92
Generation 290 | Best fitness (Train): 3.99 | Best fitness in generation (Train): -4.26 | Mean fitness (Train): -12.93 | Mean fitness (Test): -7.59
Generation 300 | Best fitness (Train): 3.99 | Best fitness in generation (Train): -5.55 | Mean fitness (Train): -42.79 | Mean fitness (Test): -7.38
Generation 310 | Best fitness (Train): 3.99 | Best fitness in generation (Train): -4.42 | Mean fitness (Train): -45.78 | Mean fitness (Test): -38.86
Generation 320 | Best fitness (Train): 3.99 | Best fitness in generation (Train): -4.13 | Mean fitness (Train): -49.56 | Mean fitness (Test): -122.47
Generation 330 | Best fitness (Train): 3.99 | Best fitness in generation (Train): -5.26 | Mean fitness (Train): -17.66 | Mean fitness (Test): -8.94
Generation 340 | Best fitness (Train): 3.99 | Best fitness in generation (Train): 1.82 | Mean fitness (Train): -33.74 | Mean fitness (Test): -19.70
Generation 350 | Best fitness (Train): 3.99 | Best fitness in generation (Train): -5.63 | Mean fitness (Train): -22.76 | Mean fitness (Test): -6.88
Generation 360 | Best fitness (Train): 3.99 | Best fitness in generation (Train): -6.56 | Mean fitness (Train): -14.36 | Mean fitness (Test): -8.70
Generation 370 | Best fitness (Train): 3.99 | Best fitness in generation (Train): -4.69 | Mean fitness (Train): -38.68 | Mean fitness (Test): -8.73
Generation 380 | Best fitness (Train): 3.99 | Best fitness in generation (Train): -3.15 | Mean fitness (Train): -19.40 | Mean fitness (Test): -6.71
Generation 390 | Best fitness (Train): 3.99 | Best fitness in generation (Train): -5.54 | Mean fitness (Train): -23.41 | Mean fitness (Test): -10.21
Generation 400 | Best fitness (Train): 3.99 | Best fitness in generation (Train): -4.07 | Mean fitness (Train): -22.70 | Mean fitness (Test): -5.44
Generation 410 | Best fitness (Train): 3.99 | Best fitness in generation (Train): -4.31 | Mean fitness (Train): -39.22 | Mean fitness (Test): -9.73
Generation 420 | Best fitness (Train): 3.99 | Best fitness in generation (Train): -4.45 | Mean fitness (Train): -22.30 | Mean fitness (Test): -10.69
Generation 430 | Best fitness (Train): 3.99 | Best fitness in generation (Train): -4.58 | Mean fitness (Train): -31.62 | Mean fitness (Test): -11.56
Generation 440 | Best fitness (Train): 3.99 | Best fitness in generation (Train): -5.18 | Mean fitness (Train): -31.92 | Mean fitness (Test): -9.78
Generation 450 | Best fitness (Train): 3.99 | Best fitness in generation (Train): -3.79 | Mean fitness (Train): -15.64 | Mean fitness (Test): -9.38
Generation 460 | Best fitness (Train): 3.99 | Best fitness in generation (Train): -4.60 | Mean fitness (Train): -50.72 | Mean fitness (Test): -11.64
Generation 470 | Best fitness (Train): 3.99 | Best fitness in generation (Train): -4.30 | Mean fitness (Train): -30.15 | Mean fitness (Test): -173.50
Generation 480 | Best fitness (Train): 3.99 | Best fitness in generation (Train): -5.42 | Mean fitness (Train): -25.89 | Mean fitness (Test): -11.67
Generation 490 | Best fitness (Train): 3.99 | Best fitness in generation (Train): -5.55 | Mean fitness (Train): -25.93 | Mean fitness (Test): -7.08
Generation 500 | Best fitness (Train): 3.99 | Best fitness in generation (Train): -5.46 | Mean fitness (Train): -24.92 | Mean fitness (Test): -12.27
Generation 510 | Best fitness (Train): 3.99 | Best fitness in generation (Train): -4.47 | Mean fitness (Train): -14.16 | Mean fitness (Test): -10.74
Generation 520 | Best fitness (Train): 3.99 | Best fitness in generation (Train): -2.74 | Mean fitness (Train): -17.80 | Mean fitness (Test): -10.40
Generation 530 | Best fitness (Train): 3.99 | Best fitness in generation (Train): -5.01 | Mean fitness (Train): -24.41 | Mean fitness (Test): -8.16
Generation 540 | Best fitness (Train): 3.99 | Best fitness in generation (Train): -6.99 | Mean fitness (Train): -13.22 | Mean fitness (Test): -8.93
Generation 550 | Best fitness (Train): 3.99 | Best fitness in generation (Train): -3.59 | Mean fitness (Train): -33.49 | Mean fitness (Test): -5.81
Generation 560 | Best fitness (Train): 3.99 | Best fitness in generation (Train): -4.22 | Mean fitness (Train): -18.37 | Mean fitness (Test): -10.61
Generation 570 | Best fitness (Train): 3.99 | Best fitness in generation (Train): -6.40 | Mean fitness (Train): -15.98 | Mean fitness (Test): -16.00
Generation 580 | Best fitness (Train): 3.99 | Best fitness in generation (Train): -5.68 | Mean fitness (Train): -14.96 | Mean fitness (Test): -8.41
Generation 590 | Best fitness (Train): 3.99 | Best fitness in generation (Train): -4.20 | Mean fitness (Train): -16.03 | Mean fitness (Test): -8.80
Generation 600 | Best fitness (Train): 3.99 | Best fitness in generation (Train): -4.33 | Mean fitness (Train): -23.77 | Mean fitness (Test): -8.81
Generation 610 | Best fitness (Train): 3.99 | Best fitness in generation (Train): -4.04 | Mean fitness (Train): -15.03 | Mean fitness (Test): -6.11
Generation 620 | Best fitness (Train): 3.99 | Best fitness in generation (Train): -5.39 | Mean fitness (Train): -19.39 | Mean fitness (Test): -8.13
Generation 630 | Best fitness (Train): 3.99 | Best fitness in generation (Train): -4.61 | Mean fitness (Train): -19.70 | Mean fitness (Test): -10.45
Generation 640 | Best fitness (Train): 3.99 | Best fitness in generation (Train): -5.95 | Mean fitness (Train): -37.42 | Mean fitness (Test): -8.49
Generation 650 | Best fitness (Train): 3.99 | Best fitness in generation (Train): -5.33 | Mean fitness (Train): -11.56 | Mean fitness (Test): -6.82
Generation 660 | Best fitness (Train): 3.99 | Best fitness in generation (Train): -3.83 | Mean fitness (Train): -13.58 | Mean fitness (Test): -7.58
Generation 670 | Best fitness (Train): 3.99 | Best fitness in generation (Train): -4.87 | Mean fitness (Train): -10.09 | Mean fitness (Test): -6.85
Generation 680 | Best fitness (Train): 3.99 | Best fitness in generation (Train): -5.83 | Mean fitness (Train): -17.41 | Mean fitness (Test): -6.57
Generation 690 | Best fitness (Train): 3.99 | Best fitness in generation (Train): -4.44 | Mean fitness (Train): -24.77 | Mean fitness (Test): -6.02
Generation 700 | Best fitness (Train): 3.99 | Best fitness in generation (Train): -5.33 | Mean fitness (Train): -26.78 | Mean fitness (Test): -21.89
Generation 710 | Best fitness (Train): 3.99 | Best fitness in generation (Train): -5.22 | Mean fitness (Train): -19.99 | Mean fitness (Test): -9.68
Generation 720 | Best fitness (Train): 3.99 | Best fitness in generation (Train): -4.85 | Mean fitness (Train): -29.44 | Mean fitness (Test): -52.95
Generation 730 | Best fitness (Train): 3.99 | Best fitness in generation (Train): -10.10 | Mean fitness (Train): -36.95 | Mean fitness (Test): -14.39
Generation 740 | Best fitness (Train): 3.99 | Best fitness in generation (Train): -4.85 | Mean fitness (Train): -28.50 | Mean fitness (Test): -43.93
Generation 750 | Best fitness (Train): 3.99 | Best fitness in generation (Train): -4.55 | Mean fitness (Train): -14.00 | Mean fitness (Test): -8.30
Generation 760 | Best fitness (Train): 3.99 | Best fitness in generation (Train): -5.80 | Mean fitness (Train): -39.85 | Mean fitness (Test): -174.12
Generation 770 | Best fitness (Train): 3.99 | Best fitness in generation (Train): -9.10 | Mean fitness (Train): -26.14 | Mean fitness (Test): -44.30
Generation 780 | Best fitness (Train): 3.99 | Best fitness in generation (Train): -4.05 | Mean fitness (Train): -13.63 | Mean fitness (Test): -5.64
Generation 790 | Best fitness (Train): 3.99 | Best fitness in generation (Train): -6.29 | Mean fitness (Train): -24.34 | Mean fitness (Test): -8.48
Generation 800 | Best fitness (Train): 3.99 | Best fitness in generation (Train): -4.62 | Mean fitness (Train): -27.11 | Mean fitness (Test): -19.87
Generation 810 | Best fitness (Train): 3.99 | Best fitness in generation (Train): -4.56 | Mean fitness (Train): -16.02 | Mean fitness (Test): -9.03
Generation 820 | Best fitness (Train): 3.99 | Best fitness in generation (Train): -4.73 | Mean fitness (Train): -9.64 | Mean fitness (Test): -9.52
Generation 830 | Best fitness (Train): 3.99 | Best fitness in generation (Train): -5.84 | Mean fitness (Train): -21.22 | Mean fitness (Test): -26.25
Generation 840 | Best fitness (Train): 3.99 | Best fitness in generation (Train): -6.51 | Mean fitness (Train): -42.02 | Mean fitness (Test): -31.48
Generation 850 | Best fitness (Train): 3.99 | Best fitness in generation (Train): -5.96 | Mean fitness (Train): -17.13 | Mean fitness (Test): -9.67
Generation 860 | Best fitness (Train): 3.99 | Best fitness in generation (Train): -5.80 | Mean fitness (Train): -9.61 | Mean fitness (Test): -7.05
Generation 870 | Best fitness (Train): 3.99 | Best fitness in generation (Train): -5.31 | Mean fitness (Train): -12.68 | Mean fitness (Test): -13.03
Generation 880 | Best fitness (Train): 3.99 | Best fitness in generation (Train): -5.28 | Mean fitness (Train): -28.48 | Mean fitness (Test): -10.25
Generation 890 | Best fitness (Train): 3.99 | Best fitness in generation (Train): -3.60 | Mean fitness (Train): -12.69 | Mean fitness (Test): -11.07
Generation 900 | Best fitness (Train): 3.99 | Best fitness in generation (Train): -7.18 | Mean fitness (Train): -40.83 | Mean fitness (Test): -9.47
Generation 910 | Best fitness (Train): 3.99 | Best fitness in generation (Train): -5.62 | Mean fitness (Train): -9.80 | Mean fitness (Test): -7.20
Generation 920 | Best fitness (Train): 3.99 | Best fitness in generation (Train): -4.34 | Mean fitness (Train): -10.75 | Mean fitness (Test): -9.51
Generation 930 | Best fitness (Train): 3.99 | Best fitness in generation (Train): -5.71 | Mean fitness (Train): -15.28 | Mean fitness (Test): -8.65
Generation 940 | Best fitness (Train): 3.99 | Best fitness in generation (Train): -6.38 | Mean fitness (Train): -28.01 | Mean fitness (Test): -11.38
Generation 950 | Best fitness (Train): 3.99 | Best fitness in generation (Train): -5.81 | Mean fitness (Train): -27.80 | Mean fitness (Test): -29.73
Generation 960 | Best fitness (Train): 3.99 | Best fitness in generation (Train): -5.67 | Mean fitness (Train): -15.55 | Mean fitness (Test): -5.88
Generation 970 | Best fitness (Train): 3.99 | Best fitness in generation (Train): -5.74 | Mean fitness (Train): -28.07 | Mean fitness (Test): -41.03
Generation 980 | Best fitness (Train): 3.99 | Best fitness in generation (Train): -5.43 | Mean fitness (Train): -13.28 | Mean fitness (Test): -8.71
Generation 990 | Best fitness (Train): 3.99 | Best fitness in generation (Train): -6.39 | Mean fitness (Train): -10.14 | Mean fitness (Test): -9.63
Generation 1000 | Best fitness (Train): 3.99 | Best fitness in generation (Train): -4.66 | Mean fitness (Train): -13.07 | Mean fitness (Test): -7.49
Running ES algorithms:   0%|                                                             | 0/1 [00:00<?, ?it/s][A
Running ES algorithms: 100%|███████████████████████████████████████████████| 1/1 [20:58:16<00:00, 75496.69s/it][ARunning ES algorithms: 100%|███████████████████████████████████████████████| 1/1 [20:58:16<00:00, 75496.69s/it]
Successfully loaded: fast
Loading Problems ..:   8%|███▋                                        | 1/12 [20:58:47<230:46:46, 75527.82s/it]
running the experiment ... [../../results/BraxProblem/fast/CMA_ES/0]
Generation 010 | Best fitness (Train): 66867.05 | Best fitness in generation (Train): 66867.05 | Mean fitness (Train): 34656.48 | Mean fitness (Test): 66867.05
Generation 020 | Best fitness (Train): 66867.05 | Best fitness in generation (Train): 66867.05 | Mean fitness (Train): 49287.28 | Mean fitness (Test): 66867.05
Generation 030 | Best fitness (Train): 66867.05 | Best fitness in generation (Train): 66867.05 | Mean fitness (Train): 56503.74 | Mean fitness (Test): 66867.05
Generation 040 | Best fitness (Train): 66867.05 | Best fitness in generation (Train): 66867.05 | Mean fitness (Train): 63553.29 | Mean fitness (Test): 66867.05
Generation 050 | Best fitness (Train): 66867.05 | Best fitness in generation (Train): 66867.05 | Mean fitness (Train): 65129.32 | Mean fitness (Test): 66867.05
Generation 060 | Best fitness (Train): 66867.05 | Best fitness in generation (Train): 66867.05 | Mean fitness (Train): 65993.14 | Mean fitness (Test): 66867.05
Generation 070 | Best fitness (Train): 66867.05 | Best fitness in generation (Train): 66867.05 | Mean fitness (Train): 66478.14 | Mean fitness (Test): 66867.05
Generation 080 | Best fitness (Train): 66867.05 | Best fitness in generation (Train): 66867.05 | Mean fitness (Train): 66809.84 | Mean fitness (Test): 66867.05
Generation 090 | Best fitness (Train): 66867.05 | Best fitness in generation (Train): 66867.05 | Mean fitness (Train): 66867.05 | Mean fitness (Test): 66867.05
Generation 100 | Best fitness (Train): 66867.05 | Best fitness in generation (Train): 66867.05 | Mean fitness (Train): 66867.05 | Mean fitness (Test): 66867.05
Generation 110 | Best fitness (Train): 66867.05 | Best fitness in generation (Train): 66867.05 | Mean fitness (Train): 66867.05 | Mean fitness (Test): 66867.05
Generation 120 | Best fitness (Train): 66867.05 | Best fitness in generation (Train): 66867.05 | Mean fitness (Train): 66867.05 | Mean fitness (Test): 66867.05
Generation 130 | Best fitness (Train): 66867.05 | Best fitness in generation (Train): 66867.05 | Mean fitness (Train): 66867.05 | Mean fitness (Test): 66867.05
Generation 140 | Best fitness (Train): 66867.05 | Best fitness in generation (Train): 66867.05 | Mean fitness (Train): 66867.05 | Mean fitness (Test): 66867.05
Generation 150 | Best fitness (Train): 66867.05 | Best fitness in generation (Train): 66867.05 | Mean fitness (Train): 66867.05 | Mean fitness (Test): 66867.05
Generation 160 | Best fitness (Train): 66867.05 | Best fitness in generation (Train): 66867.05 | Mean fitness (Train): 66867.05 | Mean fitness (Test): 66867.05
Generation 170 | Best fitness (Train): 66867.05 | Best fitness in generation (Train): 66867.05 | Mean fitness (Train): 66867.05 | Mean fitness (Test): 66867.05
Generation 180 | Best fitness (Train): 66867.05 | Best fitness in generation (Train): 66867.05 | Mean fitness (Train): 66867.05 | Mean fitness (Test): 66867.05
Generation 190 | Best fitness (Train): 66867.05 | Best fitness in generation (Train): 66867.05 | Mean fitness (Train): 66867.05 | Mean fitness (Test): 66867.05
Generation 200 | Best fitness (Train): 66867.05 | Best fitness in generation (Train): 66867.05 | Mean fitness (Train): 66867.05 | Mean fitness (Test): 66867.05
Generation 210 | Best fitness (Train): 66867.05 | Best fitness in generation (Train): 66867.05 | Mean fitness (Train): 66867.05 | Mean fitness (Test): 66867.05
Generation 220 | Best fitness (Train): 66867.05 | Best fitness in generation (Train): 66867.05 | Mean fitness (Train): 66867.05 | Mean fitness (Test): 66867.05
Generation 230 | Best fitness (Train): 66867.05 | Best fitness in generation (Train): 66867.05 | Mean fitness (Train): 66867.05 | Mean fitness (Test): 66867.05
Generation 240 | Best fitness (Train): 66867.05 | Best fitness in generation (Train): 66867.05 | Mean fitness (Train): 66867.05 | Mean fitness (Test): 66867.05
Generation 250 | Best fitness (Train): 66867.05 | Best fitness in generation (Train): 66867.05 | Mean fitness (Train): 66867.05 | Mean fitness (Test): 66867.05
Generation 260 | Best fitness (Train): 66867.05 | Best fitness in generation (Train): 66867.05 | Mean fitness (Train): 66867.05 | Mean fitness (Test): 66867.05
Generation 270 | Best fitness (Train): 66867.05 | Best fitness in generation (Train): 66867.05 | Mean fitness (Train): 66867.05 | Mean fitness (Test): 66867.05
Generation 280 | Best fitness (Train): 66867.05 | Best fitness in generation (Train): 66867.05 | Mean fitness (Train): 66867.05 | Mean fitness (Test): 66867.05
Generation 290 | Best fitness (Train): 66867.05 | Best fitness in generation (Train): 66867.05 | Mean fitness (Train): 66867.05 | Mean fitness (Test): 66867.05
Generation 300 | Best fitness (Train): 66867.05 | Best fitness in generation (Train): 66867.05 | Mean fitness (Train): 66867.05 | Mean fitness (Test): 66867.05
Generation 310 | Best fitness (Train): 66867.05 | Best fitness in generation (Train): 66867.05 | Mean fitness (Train): 66867.05 | Mean fitness (Test): 66867.05
Generation 320 | Best fitness (Train): 66867.05 | Best fitness in generation (Train): 66867.05 | Mean fitness (Train): 66867.05 | Mean fitness (Test): 66867.05
Generation 330 | Best fitness (Train): 66867.05 | Best fitness in generation (Train): 66867.05 | Mean fitness (Train): 66867.05 | Mean fitness (Test): 66867.05
Generation 340 | Best fitness (Train): 66867.05 | Best fitness in generation (Train): 66867.05 | Mean fitness (Train): 66867.05 | Mean fitness (Test): 66867.05
Generation 350 | Best fitness (Train): 66867.05 | Best fitness in generation (Train): 66867.05 | Mean fitness (Train): 66867.05 | Mean fitness (Test): 66867.05
Generation 360 | Best fitness (Train): 66867.05 | Best fitness in generation (Train): 66867.05 | Mean fitness (Train): 66867.05 | Mean fitness (Test): 66867.05
Generation 370 | Best fitness (Train): 66867.05 | Best fitness in generation (Train): 66867.05 | Mean fitness (Train): 66867.05 | Mean fitness (Test): 66867.05
Generation 380 | Best fitness (Train): 66867.05 | Best fitness in generation (Train): 66867.05 | Mean fitness (Train): 66867.05 | Mean fitness (Test): 66867.05
Generation 390 | Best fitness (Train): 66867.05 | Best fitness in generation (Train): 66867.05 | Mean fitness (Train): 66867.05 | Mean fitness (Test): 66867.05
Generation 400 | Best fitness (Train): 66867.05 | Best fitness in generation (Train): 66867.05 | Mean fitness (Train): 66867.05 | Mean fitness (Test): 66867.05
Generation 410 | Best fitness (Train): 66867.05 | Best fitness in generation (Train): 66867.05 | Mean fitness (Train): 66867.05 | Mean fitness (Test): 66867.05
Generation 420 | Best fitness (Train): 66867.05 | Best fitness in generation (Train): 66867.05 | Mean fitness (Train): 66867.05 | Mean fitness (Test): 66867.05
Generation 430 | Best fitness (Train): 66867.05 | Best fitness in generation (Train): 66867.05 | Mean fitness (Train): 66867.05 | Mean fitness (Test): 66867.05
Generation 440 | Best fitness (Train): 66867.05 | Best fitness in generation (Train): 66867.05 | Mean fitness (Train): 66867.05 | Mean fitness (Test): 66867.05
Generation 450 | Best fitness (Train): 66867.05 | Best fitness in generation (Train): 66867.05 | Mean fitness (Train): 66867.05 | Mean fitness (Test): 66867.05
Generation 460 | Best fitness (Train): 66867.05 | Best fitness in generation (Train): 66867.05 | Mean fitness (Train): 66867.05 | Mean fitness (Test): 66867.05
Generation 470 | Best fitness (Train): 66867.05 | Best fitness in generation (Train): 66867.05 | Mean fitness (Train): 66867.05 | Mean fitness (Test): 66867.05
Generation 480 | Best fitness (Train): 66867.05 | Best fitness in generation (Train): 66867.05 | Mean fitness (Train): 66867.05 | Mean fitness (Test): 66867.05
Generation 490 | Best fitness (Train): 66867.05 | Best fitness in generation (Train): 66867.05 | Mean fitness (Train): 66867.05 | Mean fitness (Test): 66867.05
Generation 500 | Best fitness (Train): 66867.05 | Best fitness in generation (Train): 66867.05 | Mean fitness (Train): 66867.05 | Mean fitness (Test): 66867.05
Generation 510 | Best fitness (Train): 66867.05 | Best fitness in generation (Train): 66867.05 | Mean fitness (Train): 66867.05 | Mean fitness (Test): 66867.05
Generation 520 | Best fitness (Train): 66867.05 | Best fitness in generation (Train): 66867.05 | Mean fitness (Train): 66867.05 | Mean fitness (Test): 66867.05
Generation 530 | Best fitness (Train): 66867.05 | Best fitness in generation (Train): 66867.05 | Mean fitness (Train): 66867.05 | Mean fitness (Test): 66867.05
Generation 540 | Best fitness (Train): 66867.05 | Best fitness in generation (Train): 66867.05 | Mean fitness (Train): 66867.05 | Mean fitness (Test): 66867.05
Generation 550 | Best fitness (Train): 66867.05 | Best fitness in generation (Train): 66867.05 | Mean fitness (Train): 66867.05 | Mean fitness (Test): 66867.05
Generation 560 | Best fitness (Train): 66867.05 | Best fitness in generation (Train): 66867.05 | Mean fitness (Train): 66867.05 | Mean fitness (Test): 66867.05
Generation 570 | Best fitness (Train): 66867.05 | Best fitness in generation (Train): 66867.05 | Mean fitness (Train): 66867.05 | Mean fitness (Test): 66867.05
Generation 580 | Best fitness (Train): 66867.05 | Best fitness in generation (Train): 66867.05 | Mean fitness (Train): 66867.05 | Mean fitness (Test): 66867.05
Generation 590 | Best fitness (Train): 66867.05 | Best fitness in generation (Train): 66867.05 | Mean fitness (Train): 66867.05 | Mean fitness (Test): 66867.05
Generation 600 | Best fitness (Train): 66867.05 | Best fitness in generation (Train): 66867.05 | Mean fitness (Train): 66867.05 | Mean fitness (Test): 66867.05
Generation 610 | Best fitness (Train): 66867.05 | Best fitness in generation (Train): 66867.05 | Mean fitness (Train): 66867.05 | Mean fitness (Test): 66867.05
Generation 620 | Best fitness (Train): 66867.05 | Best fitness in generation (Train): 66867.05 | Mean fitness (Train): 66867.05 | Mean fitness (Test): 66867.05
Generation 630 | Best fitness (Train): 66867.05 | Best fitness in generation (Train): 66867.05 | Mean fitness (Train): 66867.05 | Mean fitness (Test): 66867.05
Generation 640 | Best fitness (Train): 66867.05 | Best fitness in generation (Train): 66867.05 | Mean fitness (Train): 66867.05 | Mean fitness (Test): 66867.05
Generation 650 | Best fitness (Train): 66867.05 | Best fitness in generation (Train): 66867.05 | Mean fitness (Train): 66867.05 | Mean fitness (Test): 66867.05
Generation 660 | Best fitness (Train): 66867.05 | Best fitness in generation (Train): 66867.05 | Mean fitness (Train): 66867.05 | Mean fitness (Test): 66867.05
Generation 670 | Best fitness (Train): 66867.05 | Best fitness in generation (Train): 66867.05 | Mean fitness (Train): 66867.05 | Mean fitness (Test): 66867.05
Generation 680 | Best fitness (Train): 66867.05 | Best fitness in generation (Train): 66867.05 | Mean fitness (Train): 66867.05 | Mean fitness (Test): 66867.05
Generation 690 | Best fitness (Train): 66867.05 | Best fitness in generation (Train): 66867.05 | Mean fitness (Train): 66867.05 | Mean fitness (Test): 66867.05
Generation 700 | Best fitness (Train): 66867.05 | Best fitness in generation (Train): 66867.05 | Mean fitness (Train): 66867.05 | Mean fitness (Test): 66867.05
Generation 710 | Best fitness (Train): 66867.05 | Best fitness in generation (Train): 66867.05 | Mean fitness (Train): 66867.05 | Mean fitness (Test): 66867.05
Generation 720 | Best fitness (Train): 66867.05 | Best fitness in generation (Train): 66867.05 | Mean fitness (Train): 66867.05 | Mean fitness (Test): 66867.05
Generation 730 | Best fitness (Train): 66867.05 | Best fitness in generation (Train): 66867.05 | Mean fitness (Train): 66867.05 | Mean fitness (Test): 66867.05
Generation 740 | Best fitness (Train): 66867.05 | Best fitness in generation (Train): 66867.05 | Mean fitness (Train): 66867.05 | Mean fitness (Test): 66867.05
Generation 750 | Best fitness (Train): 66867.05 | Best fitness in generation (Train): 66867.05 | Mean fitness (Train): 66867.05 | Mean fitness (Test): 66867.05
Generation 760 | Best fitness (Train): 66867.05 | Best fitness in generation (Train): 66867.05 | Mean fitness (Train): 66867.05 | Mean fitness (Test): 66867.05
Generation 770 | Best fitness (Train): 66867.05 | Best fitness in generation (Train): 66867.05 | Mean fitness (Train): 66867.05 | Mean fitness (Test): 66867.05
Generation 780 | Best fitness (Train): 66867.05 | Best fitness in generation (Train): 66867.05 | Mean fitness (Train): 66867.05 | Mean fitness (Test): 66867.05
Generation 790 | Best fitness (Train): 66867.05 | Best fitness in generation (Train): 66867.05 | Mean fitness (Train): 66867.05 | Mean fitness (Test): 66867.05
Generation 800 | Best fitness (Train): 66867.05 | Best fitness in generation (Train): 66867.05 | Mean fitness (Train): 66867.05 | Mean fitness (Test): 66867.05
Generation 810 | Best fitness (Train): 66867.05 | Best fitness in generation (Train): 66867.05 | Mean fitness (Train): 66867.05 | Mean fitness (Test): 66867.05
Generation 820 | Best fitness (Train): 66867.05 | Best fitness in generation (Train): 66867.05 | Mean fitness (Train): 66867.05 | Mean fitness (Test): 66867.05
Generation 830 | Best fitness (Train): 66867.05 | Best fitness in generation (Train): 66867.05 | Mean fitness (Train): 66867.05 | Mean fitness (Test): 66867.05
Generation 840 | Best fitness (Train): 66867.05 | Best fitness in generation (Train): 66867.05 | Mean fitness (Train): 66867.05 | Mean fitness (Test): 66867.05
Generation 850 | Best fitness (Train): 66867.05 | Best fitness in generation (Train): 66867.05 | Mean fitness (Train): 66867.05 | Mean fitness (Test): 66867.05
Generation 860 | Best fitness (Train): 66867.05 | Best fitness in generation (Train): 66867.05 | Mean fitness (Train): 66867.05 | Mean fitness (Test): 66867.05
Generation 870 | Best fitness (Train): 66867.05 | Best fitness in generation (Train): 66867.05 | Mean fitness (Train): 66867.05 | Mean fitness (Test): 66867.05
Generation 880 | Best fitness (Train): 66867.05 | Best fitness in generation (Train): 66867.05 | Mean fitness (Train): 66867.05 | Mean fitness (Test): 66867.05
Generation 890 | Best fitness (Train): 66867.05 | Best fitness in generation (Train): 66867.05 | Mean fitness (Train): 66867.05 | Mean fitness (Test): 66867.05
Generation 900 | Best fitness (Train): 66867.05 | Best fitness in generation (Train): 66867.05 | Mean fitness (Train): 66867.05 | Mean fitness (Test): 66867.05
Generation 910 | Best fitness (Train): 66867.05 | Best fitness in generation (Train): 66867.05 | Mean fitness (Train): 66867.05 | Mean fitness (Test): 66867.05
Generation 920 | Best fitness (Train): 66867.05 | Best fitness in generation (Train): 66867.05 | Mean fitness (Train): 66867.05 | Mean fitness (Test): 66867.05
Generation 930 | Best fitness (Train): 66867.05 | Best fitness in generation (Train): 66867.05 | Mean fitness (Train): 66867.05 | Mean fitness (Test): 66867.05
Generation 940 | Best fitness (Train): 66867.05 | Best fitness in generation (Train): 66867.05 | Mean fitness (Train): 66867.05 | Mean fitness (Test): 66867.05
Generation 950 | Best fitness (Train): 66867.05 | Best fitness in generation (Train): 66867.05 | Mean fitness (Train): 66867.05 | Mean fitness (Test): 66867.05
Generation 960 | Best fitness (Train): 66867.05 | Best fitness in generation (Train): 66867.05 | Mean fitness (Train): 66867.05 | Mean fitness (Test): 66867.05
Generation 970 | Best fitness (Train): 66867.05 | Best fitness in generation (Train): 66867.05 | Mean fitness (Train): 66867.05 | Mean fitness (Test): 66867.05
Generation 980 | Best fitness (Train): 66867.05 | Best fitness in generation (Train): 66867.05 | Mean fitness (Train): 66867.05 | Mean fitness (Test): 66867.05
Generation 990 | Best fitness (Train): 66867.05 | Best fitness in generation (Train): 66867.05 | Mean fitness (Train): 66867.05 | Mean fitness (Test): 66867.05
Generation 1000 | Best fitness (Train): 66867.05 | Best fitness in generation (Train): 66867.05 | Mean fitness (Train): 66867.05 | Mean fitness (Test): 66867.05
Failed to generate visualization: 'Fast' object has no attribute 'sys'
running the experiment ... [../../results/BraxProblem/fast/CMA_ES/1]
Generation 010 | Best fitness (Train): 66867.05 | Best fitness in generation (Train): 66867.05 | Mean fitness (Train): 34922.43 | Mean fitness (Test): 66867.05
Generation 020 | Best fitness (Train): 66867.05 | Best fitness in generation (Train): 66867.05 | Mean fitness (Train): 51053.59 | Mean fitness (Test): 66867.05
Generation 030 | Best fitness (Train): 66867.05 | Best fitness in generation (Train): 66867.05 | Mean fitness (Train): 59082.20 | Mean fitness (Test): 66867.05
Generation 040 | Best fitness (Train): 66867.05 | Best fitness in generation (Train): 66867.05 | Mean fitness (Train): 61562.38 | Mean fitness (Test): 66867.05
Generation 050 | Best fitness (Train): 66867.05 | Best fitness in generation (Train): 66867.05 | Mean fitness (Train): 64207.77 | Mean fitness (Test): 66867.05
Generation 060 | Best fitness (Train): 66867.05 | Best fitness in generation (Train): 66867.05 | Mean fitness (Train): 65998.20 | Mean fitness (Test): 66867.05
Generation 070 | Best fitness (Train): 66867.05 | Best fitness in generation (Train): 66867.05 | Mean fitness (Train): 66789.78 | Mean fitness (Test): 66867.05
Generation 080 | Best fitness (Train): 66867.05 | Best fitness in generation (Train): 66867.05 | Mean fitness (Train): 66604.64 | Mean fitness (Test): 66867.05
Generation 090 | Best fitness (Train): 66867.05 | Best fitness in generation (Train): 66867.05 | Mean fitness (Train): 66867.05 | Mean fitness (Test): 66867.05
Generation 100 | Best fitness (Train): 66867.05 | Best fitness in generation (Train): 66867.05 | Mean fitness (Train): 66867.05 | Mean fitness (Test): 66867.05
Generation 110 | Best fitness (Train): 66867.05 | Best fitness in generation (Train): 66867.05 | Mean fitness (Train): 66867.05 | Mean fitness (Test): 66867.05
Generation 120 | Best fitness (Train): 66867.05 | Best fitness in generation (Train): 66867.05 | Mean fitness (Train): 66867.05 | Mean fitness (Test): 66867.05
Generation 130 | Best fitness (Train): 66867.05 | Best fitness in generation (Train): 66867.05 | Mean fitness (Train): 66867.05 | Mean fitness (Test): 66867.05
Generation 140 | Best fitness (Train): 66867.05 | Best fitness in generation (Train): 66867.05 | Mean fitness (Train): 66867.05 | Mean fitness (Test): 66867.05
Generation 150 | Best fitness (Train): 66867.05 | Best fitness in generation (Train): 66867.05 | Mean fitness (Train): 66867.05 | Mean fitness (Test): 66867.05
Generation 160 | Best fitness (Train): 66867.05 | Best fitness in generation (Train): 66867.05 | Mean fitness (Train): 66867.05 | Mean fitness (Test): 66867.05
Generation 170 | Best fitness (Train): 66867.05 | Best fitness in generation (Train): 66867.05 | Mean fitness (Train): 66867.05 | Mean fitness (Test): 66867.05
Generation 180 | Best fitness (Train): 66867.05 | Best fitness in generation (Train): 66867.05 | Mean fitness (Train): 66867.05 | Mean fitness (Test): 66867.05
Generation 190 | Best fitness (Train): 66867.05 | Best fitness in generation (Train): 66867.05 | Mean fitness (Train): 66867.05 | Mean fitness (Test): 66867.05
Generation 200 | Best fitness (Train): 66867.05 | Best fitness in generation (Train): 66867.05 | Mean fitness (Train): 66867.05 | Mean fitness (Test): 66867.05
Generation 210 | Best fitness (Train): 66867.05 | Best fitness in generation (Train): 66867.05 | Mean fitness (Train): 66867.05 | Mean fitness (Test): 66867.05
Generation 220 | Best fitness (Train): 66867.05 | Best fitness in generation (Train): 66867.05 | Mean fitness (Train): 66867.05 | Mean fitness (Test): 66867.05
Generation 230 | Best fitness (Train): 66867.05 | Best fitness in generation (Train): 66867.05 | Mean fitness (Train): 66867.05 | Mean fitness (Test): 66867.05
Generation 240 | Best fitness (Train): 66867.05 | Best fitness in generation (Train): 66867.05 | Mean fitness (Train): 66867.05 | Mean fitness (Test): 66867.05
Generation 250 | Best fitness (Train): 66867.05 | Best fitness in generation (Train): 66867.05 | Mean fitness (Train): 66867.05 | Mean fitness (Test): 66867.05
Generation 260 | Best fitness (Train): 66867.05 | Best fitness in generation (Train): 66867.05 | Mean fitness (Train): 66867.05 | Mean fitness (Test): 66867.05
Generation 270 | Best fitness (Train): 66867.05 | Best fitness in generation (Train): 66867.05 | Mean fitness (Train): 66867.05 | Mean fitness (Test): 66867.05
Generation 280 | Best fitness (Train): 66867.05 | Best fitness in generation (Train): 66867.05 | Mean fitness (Train): 66867.05 | Mean fitness (Test): 66867.05
Generation 290 | Best fitness (Train): 66867.05 | Best fitness in generation (Train): 66867.05 | Mean fitness (Train): 66867.05 | Mean fitness (Test): 66867.05
Generation 300 | Best fitness (Train): 66867.05 | Best fitness in generation (Train): 66867.05 | Mean fitness (Train): 66867.05 | Mean fitness (Test): 66867.05
Generation 310 | Best fitness (Train): 66867.05 | Best fitness in generation (Train): 66867.05 | Mean fitness (Train): 66867.05 | Mean fitness (Test): 66867.05
Generation 320 | Best fitness (Train): 66867.05 | Best fitness in generation (Train): 66867.05 | Mean fitness (Train): 66867.05 | Mean fitness (Test): 66867.05
Generation 330 | Best fitness (Train): 66867.05 | Best fitness in generation (Train): 66867.05 | Mean fitness (Train): 66867.05 | Mean fitness (Test): 66867.05
Generation 340 | Best fitness (Train): 66867.05 | Best fitness in generation (Train): 66867.05 | Mean fitness (Train): 66867.05 | Mean fitness (Test): 66867.05
Generation 350 | Best fitness (Train): 66867.05 | Best fitness in generation (Train): 66867.05 | Mean fitness (Train): 66867.05 | Mean fitness (Test): 66867.05
Generation 360 | Best fitness (Train): 66867.05 | Best fitness in generation (Train): 66867.05 | Mean fitness (Train): 66867.05 | Mean fitness (Test): 66867.05
Generation 370 | Best fitness (Train): 66867.05 | Best fitness in generation (Train): 66867.05 | Mean fitness (Train): 66867.05 | Mean fitness (Test): 66867.05
Generation 380 | Best fitness (Train): 66867.05 | Best fitness in generation (Train): 66867.05 | Mean fitness (Train): 66867.05 | Mean fitness (Test): 66867.05
Generation 390 | Best fitness (Train): 66867.05 | Best fitness in generation (Train): 66867.05 | Mean fitness (Train): 66867.05 | Mean fitness (Test): 66867.05
Generation 400 | Best fitness (Train): 66867.05 | Best fitness in generation (Train): 66867.05 | Mean fitness (Train): 66867.05 | Mean fitness (Test): 66867.05
Generation 410 | Best fitness (Train): 66867.05 | Best fitness in generation (Train): 66867.05 | Mean fitness (Train): 66867.05 | Mean fitness (Test): 66867.05
Generation 420 | Best fitness (Train): 66867.05 | Best fitness in generation (Train): 66867.05 | Mean fitness (Train): 66867.05 | Mean fitness (Test): 66867.05
Generation 430 | Best fitness (Train): 66867.05 | Best fitness in generation (Train): 66867.05 | Mean fitness (Train): 66867.05 | Mean fitness (Test): 66867.05
Generation 440 | Best fitness (Train): 66867.05 | Best fitness in generation (Train): 66867.05 | Mean fitness (Train): 66867.05 | Mean fitness (Test): 66867.05
Generation 450 | Best fitness (Train): 66867.05 | Best fitness in generation (Train): 66867.05 | Mean fitness (Train): 66867.05 | Mean fitness (Test): 66867.05
Generation 460 | Best fitness (Train): 66867.05 | Best fitness in generation (Train): 66867.05 | Mean fitness (Train): 66867.05 | Mean fitness (Test): 66867.05
Generation 470 | Best fitness (Train): 66867.05 | Best fitness in generation (Train): 66867.05 | Mean fitness (Train): 66867.05 | Mean fitness (Test): 66867.05
Generation 480 | Best fitness (Train): 66867.05 | Best fitness in generation (Train): 66867.05 | Mean fitness (Train): 66867.05 | Mean fitness (Test): 66867.05
Generation 490 | Best fitness (Train): 66867.05 | Best fitness in generation (Train): 66867.05 | Mean fitness (Train): 66867.05 | Mean fitness (Test): 66867.05
Generation 500 | Best fitness (Train): 66867.05 | Best fitness in generation (Train): 66867.05 | Mean fitness (Train): 66867.05 | Mean fitness (Test): 66867.05
Generation 510 | Best fitness (Train): 66867.05 | Best fitness in generation (Train): 66867.05 | Mean fitness (Train): 66867.05 | Mean fitness (Test): 66867.05
Generation 520 | Best fitness (Train): 66867.05 | Best fitness in generation (Train): 66867.05 | Mean fitness (Train): 66867.05 | Mean fitness (Test): 66867.05
Generation 530 | Best fitness (Train): 66867.05 | Best fitness in generation (Train): 66867.05 | Mean fitness (Train): 66867.05 | Mean fitness (Test): 66867.05
Generation 540 | Best fitness (Train): 66867.05 | Best fitness in generation (Train): 66867.05 | Mean fitness (Train): 66867.05 | Mean fitness (Test): 66867.05
Generation 550 | Best fitness (Train): 66867.05 | Best fitness in generation (Train): 66867.05 | Mean fitness (Train): 66867.05 | Mean fitness (Test): 66867.05
Generation 560 | Best fitness (Train): 66867.05 | Best fitness in generation (Train): 66867.05 | Mean fitness (Train): 66867.05 | Mean fitness (Test): 66867.05
Generation 570 | Best fitness (Train): 66867.05 | Best fitness in generation (Train): 66867.05 | Mean fitness (Train): 66867.05 | Mean fitness (Test): 66867.05
Generation 580 | Best fitness (Train): 66867.05 | Best fitness in generation (Train): 66867.05 | Mean fitness (Train): 66867.05 | Mean fitness (Test): 66867.05
Generation 590 | Best fitness (Train): 66867.05 | Best fitness in generation (Train): 66867.05 | Mean fitness (Train): 66867.05 | Mean fitness (Test): 66867.05
Generation 600 | Best fitness (Train): 66867.05 | Best fitness in generation (Train): 66867.05 | Mean fitness (Train): 66867.05 | Mean fitness (Test): 66867.05
Generation 610 | Best fitness (Train): 66867.05 | Best fitness in generation (Train): 66867.05 | Mean fitness (Train): 66867.05 | Mean fitness (Test): 66867.05
Generation 620 | Best fitness (Train): 66867.05 | Best fitness in generation (Train): 66867.05 | Mean fitness (Train): 66867.05 | Mean fitness (Test): 66867.05
Generation 630 | Best fitness (Train): 66867.05 | Best fitness in generation (Train): 66867.05 | Mean fitness (Train): 66867.05 | Mean fitness (Test): 66867.05
Generation 640 | Best fitness (Train): 66867.05 | Best fitness in generation (Train): 66867.05 | Mean fitness (Train): 66867.05 | Mean fitness (Test): 66867.05
Generation 650 | Best fitness (Train): 66867.05 | Best fitness in generation (Train): 66867.05 | Mean fitness (Train): 66867.05 | Mean fitness (Test): 66867.05
Generation 660 | Best fitness (Train): 66867.05 | Best fitness in generation (Train): 66867.05 | Mean fitness (Train): 66867.05 | Mean fitness (Test): 66867.05
Generation 670 | Best fitness (Train): 66867.05 | Best fitness in generation (Train): 66867.05 | Mean fitness (Train): 66867.05 | Mean fitness (Test): 66867.05
Generation 680 | Best fitness (Train): 66867.05 | Best fitness in generation (Train): 66867.05 | Mean fitness (Train): 66867.05 | Mean fitness (Test): 66867.05
Generation 690 | Best fitness (Train): 66867.05 | Best fitness in generation (Train): 66867.05 | Mean fitness (Train): 66867.05 | Mean fitness (Test): 66867.05
Generation 700 | Best fitness (Train): 66867.05 | Best fitness in generation (Train): 66867.05 | Mean fitness (Train): 66867.05 | Mean fitness (Test): 66867.05
Generation 710 | Best fitness (Train): 66867.05 | Best fitness in generation (Train): 66867.05 | Mean fitness (Train): 66867.05 | Mean fitness (Test): 66867.05
Generation 720 | Best fitness (Train): 66867.05 | Best fitness in generation (Train): 66867.05 | Mean fitness (Train): 66867.05 | Mean fitness (Test): 66867.05
Generation 730 | Best fitness (Train): 66867.05 | Best fitness in generation (Train): 66867.05 | Mean fitness (Train): 66867.05 | Mean fitness (Test): 66867.05
Generation 740 | Best fitness (Train): 66867.05 | Best fitness in generation (Train): 66867.05 | Mean fitness (Train): 66867.05 | Mean fitness (Test): 66867.05
Generation 750 | Best fitness (Train): 66867.05 | Best fitness in generation (Train): 66867.05 | Mean fitness (Train): 66867.05 | Mean fitness (Test): 66867.05
Generation 760 | Best fitness (Train): 66867.05 | Best fitness in generation (Train): 66867.05 | Mean fitness (Train): 66867.05 | Mean fitness (Test): 66867.05
Generation 770 | Best fitness (Train): 66867.05 | Best fitness in generation (Train): 66867.05 | Mean fitness (Train): 66867.05 | Mean fitness (Test): 66867.05
Generation 780 | Best fitness (Train): 66867.05 | Best fitness in generation (Train): 66867.05 | Mean fitness (Train): 66867.05 | Mean fitness (Test): 66867.05
Generation 790 | Best fitness (Train): 66867.05 | Best fitness in generation (Train): 66867.05 | Mean fitness (Train): 66867.05 | Mean fitness (Test): 66867.05
Generation 800 | Best fitness (Train): 66867.05 | Best fitness in generation (Train): 66867.05 | Mean fitness (Train): 66867.05 | Mean fitness (Test): 66867.05
Generation 810 | Best fitness (Train): 66867.05 | Best fitness in generation (Train): 66867.05 | Mean fitness (Train): 66867.05 | Mean fitness (Test): 66867.05
Generation 820 | Best fitness (Train): 66867.05 | Best fitness in generation (Train): 66867.05 | Mean fitness (Train): 66867.05 | Mean fitness (Test): 66867.05
Generation 830 | Best fitness (Train): 66867.05 | Best fitness in generation (Train): 66867.05 | Mean fitness (Train): 66867.05 | Mean fitness (Test): 66867.05
Generation 840 | Best fitness (Train): 66867.05 | Best fitness in generation (Train): 66867.05 | Mean fitness (Train): 66867.05 | Mean fitness (Test): 66867.05
Generation 850 | Best fitness (Train): 66867.05 | Best fitness in generation (Train): 66867.05 | Mean fitness (Train): 66867.05 | Mean fitness (Test): 66867.05
Generation 860 | Best fitness (Train): 66867.05 | Best fitness in generation (Train): 66867.05 | Mean fitness (Train): 66867.05 | Mean fitness (Test): 66867.05
Generation 870 | Best fitness (Train): 66867.05 | Best fitness in generation (Train): 66867.05 | Mean fitness (Train): 66867.05 | Mean fitness (Test): 66867.05
Generation 880 | Best fitness (Train): 66867.05 | Best fitness in generation (Train): 66867.05 | Mean fitness (Train): 66867.05 | Mean fitness (Test): 66867.05
Generation 890 | Best fitness (Train): 66867.05 | Best fitness in generation (Train): 66867.05 | Mean fitness (Train): 66867.05 | Mean fitness (Test): 66867.05
Generation 900 | Best fitness (Train): 66867.05 | Best fitness in generation (Train): 66867.05 | Mean fitness (Train): 66867.05 | Mean fitness (Test): 66867.05
Generation 910 | Best fitness (Train): 66867.05 | Best fitness in generation (Train): 66867.05 | Mean fitness (Train): 66867.05 | Mean fitness (Test): 66867.05
Generation 920 | Best fitness (Train): 66867.05 | Best fitness in generation (Train): 66867.05 | Mean fitness (Train): 66867.05 | Mean fitness (Test): 66867.05
Generation 930 | Best fitness (Train): 66867.05 | Best fitness in generation (Train): 66867.05 | Mean fitness (Train): 66867.05 | Mean fitness (Test): 66867.05
Generation 940 | Best fitness (Train): 66867.05 | Best fitness in generation (Train): 66867.05 | Mean fitness (Train): 66867.05 | Mean fitness (Test): 66867.05
Generation 950 | Best fitness (Train): 66867.05 | Best fitness in generation (Train): 66867.05 | Mean fitness (Train): 66867.05 | Mean fitness (Test): 66867.05
Generation 960 | Best fitness (Train): 66867.05 | Best fitness in generation (Train): 66867.05 | Mean fitness (Train): 66867.05 | Mean fitness (Test): 66867.05
Generation 970 | Best fitness (Train): 66867.05 | Best fitness in generation (Train): 66867.05 | Mean fitness (Train): 66867.05 | Mean fitness (Test): 66867.05
Generation 980 | Best fitness (Train): 66867.05 | Best fitness in generation (Train): 66867.05 | Mean fitness (Train): 66867.05 | Mean fitness (Test): 66867.05
Generation 990 | Best fitness (Train): 66867.05 | Best fitness in generation (Train): 66867.05 | Mean fitness (Train): 66867.05 | Mean fitness (Test): 66867.05
Generation 1000 | Best fitness (Train): 66867.05 | Best fitness in generation (Train): 66867.05 | Mean fitness (Train): 66867.05 | Mean fitness (Test): 66867.05
Failed to generate visualization: 'Fast' object has no attribute 'sys'
running the experiment ... [../../results/BraxProblem/fast/CMA_ES/2]
Generation 010 | Best fitness (Train): 66867.05 | Best fitness in generation (Train): 66867.05 | Mean fitness (Train): 36568.76 | Mean fitness (Test): 66867.05
Generation 020 | Best fitness (Train): 66867.05 | Best fitness in generation (Train): 66867.05 | Mean fitness (Train): 50875.15 | Mean fitness (Test): 66867.05
Generation 030 | Best fitness (Train): 66867.05 | Best fitness in generation (Train): 66867.05 | Mean fitness (Train): 59462.43 | Mean fitness (Test): 66867.05
Generation 040 | Best fitness (Train): 66867.05 | Best fitness in generation (Train): 66867.05 | Mean fitness (Train): 63460.02 | Mean fitness (Test): 66867.05
Generation 050 | Best fitness (Train): 66867.05 | Best fitness in generation (Train): 66867.05 | Mean fitness (Train): 65583.09 | Mean fitness (Test): 66867.05
Generation 060 | Best fitness (Train): 66867.05 | Best fitness in generation (Train): 66867.05 | Mean fitness (Train): 65695.70 | Mean fitness (Test): 66867.05
Generation 070 | Best fitness (Train): 66867.05 | Best fitness in generation (Train): 66867.05 | Mean fitness (Train): 66605.86 | Mean fitness (Test): 66867.05
Generation 080 | Best fitness (Train): 66867.05 | Best fitness in generation (Train): 66867.05 | Mean fitness (Train): 66867.05 | Mean fitness (Test): 66867.05
Generation 090 | Best fitness (Train): 66867.05 | Best fitness in generation (Train): 66867.05 | Mean fitness (Train): 66867.05 | Mean fitness (Test): 66867.05
Generation 100 | Best fitness (Train): 66867.05 | Best fitness in generation (Train): 66867.05 | Mean fitness (Train): 66867.05 | Mean fitness (Test): 66867.05
Generation 110 | Best fitness (Train): 66867.05 | Best fitness in generation (Train): 66867.05 | Mean fitness (Train): 66867.05 | Mean fitness (Test): 66867.05
Generation 120 | Best fitness (Train): 66867.05 | Best fitness in generation (Train): 66867.05 | Mean fitness (Train): 66867.05 | Mean fitness (Test): 66867.05
Generation 130 | Best fitness (Train): 66867.05 | Best fitness in generation (Train): 66867.05 | Mean fitness (Train): 66867.05 | Mean fitness (Test): 66867.05
Generation 140 | Best fitness (Train): 66867.05 | Best fitness in generation (Train): 66867.05 | Mean fitness (Train): 66867.05 | Mean fitness (Test): 66867.05
Generation 150 | Best fitness (Train): 66867.05 | Best fitness in generation (Train): 66867.05 | Mean fitness (Train): 66867.05 | Mean fitness (Test): 66867.05
Generation 160 | Best fitness (Train): 66867.05 | Best fitness in generation (Train): 66867.05 | Mean fitness (Train): 66867.05 | Mean fitness (Test): 66867.05
Generation 170 | Best fitness (Train): 66867.05 | Best fitness in generation (Train): 66867.05 | Mean fitness (Train): 66867.05 | Mean fitness (Test): 66867.05
Generation 180 | Best fitness (Train): 66867.05 | Best fitness in generation (Train): 66867.05 | Mean fitness (Train): 66867.05 | Mean fitness (Test): 66867.05
Generation 190 | Best fitness (Train): 66867.05 | Best fitness in generation (Train): 66867.05 | Mean fitness (Train): 66867.05 | Mean fitness (Test): 66867.05
Generation 200 | Best fitness (Train): 66867.05 | Best fitness in generation (Train): 66867.05 | Mean fitness (Train): 66867.05 | Mean fitness (Test): 66867.05
Generation 210 | Best fitness (Train): 66867.05 | Best fitness in generation (Train): 66867.05 | Mean fitness (Train): 66867.05 | Mean fitness (Test): 66867.05
Generation 220 | Best fitness (Train): 66867.05 | Best fitness in generation (Train): 66867.05 | Mean fitness (Train): 66867.05 | Mean fitness (Test): 66867.05
Generation 230 | Best fitness (Train): 66867.05 | Best fitness in generation (Train): 66867.05 | Mean fitness (Train): 66867.05 | Mean fitness (Test): 66867.05
Generation 240 | Best fitness (Train): 66867.05 | Best fitness in generation (Train): 66867.05 | Mean fitness (Train): 66867.05 | Mean fitness (Test): 66867.05
Generation 250 | Best fitness (Train): 66867.05 | Best fitness in generation (Train): 66867.05 | Mean fitness (Train): 66867.05 | Mean fitness (Test): 66867.05
Generation 260 | Best fitness (Train): 66867.05 | Best fitness in generation (Train): 66867.05 | Mean fitness (Train): 66867.05 | Mean fitness (Test): 66867.05
Generation 270 | Best fitness (Train): 66867.05 | Best fitness in generation (Train): 66867.05 | Mean fitness (Train): 66867.05 | Mean fitness (Test): 66867.05
Generation 280 | Best fitness (Train): 66867.05 | Best fitness in generation (Train): 66867.05 | Mean fitness (Train): 66867.05 | Mean fitness (Test): 66867.05
Generation 290 | Best fitness (Train): 66867.05 | Best fitness in generation (Train): 66867.05 | Mean fitness (Train): 66867.05 | Mean fitness (Test): 66867.05
Generation 300 | Best fitness (Train): 66867.05 | Best fitness in generation (Train): 66867.05 | Mean fitness (Train): 66867.05 | Mean fitness (Test): 66867.05
Generation 310 | Best fitness (Train): 66867.05 | Best fitness in generation (Train): 66867.05 | Mean fitness (Train): 66867.05 | Mean fitness (Test): 66867.05
Generation 320 | Best fitness (Train): 66867.05 | Best fitness in generation (Train): 66867.05 | Mean fitness (Train): 66867.05 | Mean fitness (Test): 66867.05
Generation 330 | Best fitness (Train): 66867.05 | Best fitness in generation (Train): 66867.05 | Mean fitness (Train): 66867.05 | Mean fitness (Test): 66867.05
Generation 340 | Best fitness (Train): 66867.05 | Best fitness in generation (Train): 66867.05 | Mean fitness (Train): 66867.05 | Mean fitness (Test): 66867.05
Generation 350 | Best fitness (Train): 66867.05 | Best fitness in generation (Train): 66867.05 | Mean fitness (Train): 66867.05 | Mean fitness (Test): 66867.05
Generation 360 | Best fitness (Train): 66867.05 | Best fitness in generation (Train): 66867.05 | Mean fitness (Train): 66867.05 | Mean fitness (Test): 66867.05
Generation 370 | Best fitness (Train): 66867.05 | Best fitness in generation (Train): 66867.05 | Mean fitness (Train): 66867.05 | Mean fitness (Test): 66867.05
Generation 380 | Best fitness (Train): 66867.05 | Best fitness in generation (Train): 66867.05 | Mean fitness (Train): 66867.05 | Mean fitness (Test): 66867.05
Generation 390 | Best fitness (Train): 66867.05 | Best fitness in generation (Train): 66867.05 | Mean fitness (Train): 66867.05 | Mean fitness (Test): 66867.05
Generation 400 | Best fitness (Train): 66867.05 | Best fitness in generation (Train): 66867.05 | Mean fitness (Train): 66867.05 | Mean fitness (Test): 66867.05
Generation 410 | Best fitness (Train): 66867.05 | Best fitness in generation (Train): 66867.05 | Mean fitness (Train): 66867.05 | Mean fitness (Test): 66867.05
Generation 420 | Best fitness (Train): 66867.05 | Best fitness in generation (Train): 66867.05 | Mean fitness (Train): 66867.05 | Mean fitness (Test): 66867.05
Generation 430 | Best fitness (Train): 66867.05 | Best fitness in generation (Train): 66867.05 | Mean fitness (Train): 66867.05 | Mean fitness (Test): 66867.05
Generation 440 | Best fitness (Train): 66867.05 | Best fitness in generation (Train): 66867.05 | Mean fitness (Train): 66867.05 | Mean fitness (Test): 66867.05
Generation 450 | Best fitness (Train): 66867.05 | Best fitness in generation (Train): 66867.05 | Mean fitness (Train): 66867.05 | Mean fitness (Test): 66867.05
Generation 460 | Best fitness (Train): 66867.05 | Best fitness in generation (Train): 66867.05 | Mean fitness (Train): 66867.05 | Mean fitness (Test): 66867.05
Generation 470 | Best fitness (Train): 66867.05 | Best fitness in generation (Train): 66867.05 | Mean fitness (Train): 66867.05 | Mean fitness (Test): 66867.05
Generation 480 | Best fitness (Train): 66867.05 | Best fitness in generation (Train): 66867.05 | Mean fitness (Train): 66867.05 | Mean fitness (Test): 66867.05
Generation 490 | Best fitness (Train): 66867.05 | Best fitness in generation (Train): 66867.05 | Mean fitness (Train): 66867.05 | Mean fitness (Test): 66867.05
Generation 500 | Best fitness (Train): 66867.05 | Best fitness in generation (Train): 66867.05 | Mean fitness (Train): 66867.05 | Mean fitness (Test): 66867.05
Generation 510 | Best fitness (Train): 66867.05 | Best fitness in generation (Train): 66867.05 | Mean fitness (Train): 66867.05 | Mean fitness (Test): 66867.05
Generation 520 | Best fitness (Train): 66867.05 | Best fitness in generation (Train): 66867.05 | Mean fitness (Train): 66867.05 | Mean fitness (Test): 66867.05
Generation 530 | Best fitness (Train): 66867.05 | Best fitness in generation (Train): 66867.05 | Mean fitness (Train): 66867.05 | Mean fitness (Test): 66867.05
Generation 540 | Best fitness (Train): 66867.05 | Best fitness in generation (Train): 66867.05 | Mean fitness (Train): 66867.05 | Mean fitness (Test): 66867.05
Generation 550 | Best fitness (Train): 66867.05 | Best fitness in generation (Train): 66867.05 | Mean fitness (Train): 66867.05 | Mean fitness (Test): 66867.05
Generation 560 | Best fitness (Train): 66867.05 | Best fitness in generation (Train): 66867.05 | Mean fitness (Train): 66867.05 | Mean fitness (Test): 66867.05
Generation 570 | Best fitness (Train): 66867.05 | Best fitness in generation (Train): 66867.05 | Mean fitness (Train): 66867.05 | Mean fitness (Test): 66867.05
Generation 580 | Best fitness (Train): 66867.05 | Best fitness in generation (Train): 66867.05 | Mean fitness (Train): 66867.05 | Mean fitness (Test): 66867.05
Generation 590 | Best fitness (Train): 66867.05 | Best fitness in generation (Train): 66867.05 | Mean fitness (Train): 66867.05 | Mean fitness (Test): 66867.05
Generation 600 | Best fitness (Train): 66867.05 | Best fitness in generation (Train): 66867.05 | Mean fitness (Train): 66867.05 | Mean fitness (Test): 66867.05
Generation 610 | Best fitness (Train): 66867.05 | Best fitness in generation (Train): 66867.05 | Mean fitness (Train): 66867.05 | Mean fitness (Test): 66867.05
Generation 620 | Best fitness (Train): 66867.05 | Best fitness in generation (Train): 66867.05 | Mean fitness (Train): 66867.05 | Mean fitness (Test): 66867.05
Generation 630 | Best fitness (Train): 66867.05 | Best fitness in generation (Train): 66867.05 | Mean fitness (Train): 66867.05 | Mean fitness (Test): 66867.05
Generation 640 | Best fitness (Train): 66867.05 | Best fitness in generation (Train): 66867.05 | Mean fitness (Train): 66867.05 | Mean fitness (Test): 66867.05
Generation 650 | Best fitness (Train): 66867.05 | Best fitness in generation (Train): 66867.05 | Mean fitness (Train): 66867.05 | Mean fitness (Test): 66867.05
Generation 660 | Best fitness (Train): 66867.05 | Best fitness in generation (Train): 66867.05 | Mean fitness (Train): 66867.05 | Mean fitness (Test): 66867.05
Generation 670 | Best fitness (Train): 66867.05 | Best fitness in generation (Train): 66867.05 | Mean fitness (Train): 66867.05 | Mean fitness (Test): 66867.05
Generation 680 | Best fitness (Train): 66867.05 | Best fitness in generation (Train): 66867.05 | Mean fitness (Train): 66867.05 | Mean fitness (Test): 66867.05
Generation 690 | Best fitness (Train): 66867.05 | Best fitness in generation (Train): 66867.05 | Mean fitness (Train): 66867.05 | Mean fitness (Test): 66867.05
Generation 700 | Best fitness (Train): 66867.05 | Best fitness in generation (Train): 66867.05 | Mean fitness (Train): 66867.05 | Mean fitness (Test): 66867.05
Generation 710 | Best fitness (Train): 66867.05 | Best fitness in generation (Train): 66867.05 | Mean fitness (Train): 66867.05 | Mean fitness (Test): 66867.05
Generation 720 | Best fitness (Train): 66867.05 | Best fitness in generation (Train): 66867.05 | Mean fitness (Train): 66867.05 | Mean fitness (Test): 66867.05
Generation 730 | Best fitness (Train): 66867.05 | Best fitness in generation (Train): 66867.05 | Mean fitness (Train): 66867.05 | Mean fitness (Test): 66867.05
Generation 740 | Best fitness (Train): 66867.05 | Best fitness in generation (Train): 66867.05 | Mean fitness (Train): 66867.05 | Mean fitness (Test): 66867.05
Generation 750 | Best fitness (Train): 66867.05 | Best fitness in generation (Train): 66867.05 | Mean fitness (Train): 66867.05 | Mean fitness (Test): 66867.05
Generation 760 | Best fitness (Train): 66867.05 | Best fitness in generation (Train): 66867.05 | Mean fitness (Train): 66867.05 | Mean fitness (Test): 66867.05
Generation 770 | Best fitness (Train): 66867.05 | Best fitness in generation (Train): 66867.05 | Mean fitness (Train): 66867.05 | Mean fitness (Test): 66867.05
Generation 780 | Best fitness (Train): 66867.05 | Best fitness in generation (Train): 66867.05 | Mean fitness (Train): 66867.05 | Mean fitness (Test): 66867.05
Generation 790 | Best fitness (Train): 66867.05 | Best fitness in generation (Train): 66867.05 | Mean fitness (Train): 66867.05 | Mean fitness (Test): 66867.05
Generation 800 | Best fitness (Train): 66867.05 | Best fitness in generation (Train): 66867.05 | Mean fitness (Train): 66867.05 | Mean fitness (Test): 66867.05
Generation 810 | Best fitness (Train): 66867.05 | Best fitness in generation (Train): 66867.05 | Mean fitness (Train): 66867.05 | Mean fitness (Test): 66867.05
Generation 820 | Best fitness (Train): 66867.05 | Best fitness in generation (Train): 66867.05 | Mean fitness (Train): 66867.05 | Mean fitness (Test): 66867.05
Generation 830 | Best fitness (Train): 66867.05 | Best fitness in generation (Train): 66867.05 | Mean fitness (Train): 66867.05 | Mean fitness (Test): 66867.05
Generation 840 | Best fitness (Train): 66867.05 | Best fitness in generation (Train): 66867.05 | Mean fitness (Train): 66867.05 | Mean fitness (Test): 66867.05
Generation 850 | Best fitness (Train): 66867.05 | Best fitness in generation (Train): 66867.05 | Mean fitness (Train): 66867.05 | Mean fitness (Test): 66867.05
Generation 860 | Best fitness (Train): 66867.05 | Best fitness in generation (Train): 66867.05 | Mean fitness (Train): 66867.05 | Mean fitness (Test): 66867.05
Generation 870 | Best fitness (Train): 66867.05 | Best fitness in generation (Train): 66867.05 | Mean fitness (Train): 66867.05 | Mean fitness (Test): 66867.05
Generation 880 | Best fitness (Train): 66867.05 | Best fitness in generation (Train): 66867.05 | Mean fitness (Train): 66867.05 | Mean fitness (Test): 66867.05
Generation 890 | Best fitness (Train): 66867.05 | Best fitness in generation (Train): 66867.05 | Mean fitness (Train): 66867.05 | Mean fitness (Test): 66867.05
Generation 900 | Best fitness (Train): 66867.05 | Best fitness in generation (Train): 66867.05 | Mean fitness (Train): 66867.05 | Mean fitness (Test): 66867.05
Generation 910 | Best fitness (Train): 66867.05 | Best fitness in generation (Train): 66867.05 | Mean fitness (Train): 66867.05 | Mean fitness (Test): 66867.05
Generation 920 | Best fitness (Train): 66867.05 | Best fitness in generation (Train): 66867.05 | Mean fitness (Train): 66867.05 | Mean fitness (Test): 66867.05
Generation 930 | Best fitness (Train): 66867.05 | Best fitness in generation (Train): 66867.05 | Mean fitness (Train): 66867.05 | Mean fitness (Test): 66867.05
Generation 940 | Best fitness (Train): 66867.05 | Best fitness in generation (Train): 66867.05 | Mean fitness (Train): 66867.05 | Mean fitness (Test): 66867.05
Generation 950 | Best fitness (Train): 66867.05 | Best fitness in generation (Train): 66867.05 | Mean fitness (Train): 66867.05 | Mean fitness (Test): 66867.05
Generation 960 | Best fitness (Train): 66867.05 | Best fitness in generation (Train): 66867.05 | Mean fitness (Train): 66867.05 | Mean fitness (Test): 66867.05
Generation 970 | Best fitness (Train): 66867.05 | Best fitness in generation (Train): 66867.05 | Mean fitness (Train): 66867.05 | Mean fitness (Test): 66867.05
Generation 980 | Best fitness (Train): 66867.05 | Best fitness in generation (Train): 66867.05 | Mean fitness (Train): 66867.05 | Mean fitness (Test): 66867.05
Generation 990 | Best fitness (Train): 66867.05 | Best fitness in generation (Train): 66867.05 | Mean fitness (Train): 66867.05 | Mean fitness (Test): 66867.05
Generation 1000 | Best fitness (Train): 66867.05 | Best fitness in generation (Train): 66867.05 | Mean fitness (Train): 66867.05 | Mean fitness (Test): 66867.05
Failed to generate visualization: 'Fast' object has no attribute 'sys'
running the experiment ... [../../results/BraxProblem/fast/CMA_ES/3]
Generation 010 | Best fitness (Train): 66867.05 | Best fitness in generation (Train): 66867.05 | Mean fitness (Train): 33473.37 | Mean fitness (Test): 66867.05
Generation 020 | Best fitness (Train): 66867.05 | Best fitness in generation (Train): 66867.05 | Mean fitness (Train): 48843.40 | Mean fitness (Test): 66867.05
Generation 030 | Best fitness (Train): 66867.05 | Best fitness in generation (Train): 66867.05 | Mean fitness (Train): 58675.45 | Mean fitness (Test): 66867.05
Generation 040 | Best fitness (Train): 66867.05 | Best fitness in generation (Train): 66867.05 | Mean fitness (Train): 62740.23 | Mean fitness (Test): 66867.05
Generation 050 | Best fitness (Train): 66867.05 | Best fitness in generation (Train): 66867.05 | Mean fitness (Train): 63778.70 | Mean fitness (Test): 66867.05
Generation 060 | Best fitness (Train): 66867.05 | Best fitness in generation (Train): 66867.05 | Mean fitness (Train): 66261.69 | Mean fitness (Test): 66867.05
Generation 070 | Best fitness (Train): 66867.05 | Best fitness in generation (Train): 66867.05 | Mean fitness (Train): 66530.04 | Mean fitness (Test): 66867.05
Generation 080 | Best fitness (Train): 66867.05 | Best fitness in generation (Train): 66867.05 | Mean fitness (Train): 66867.05 | Mean fitness (Test): 66867.05
Generation 090 | Best fitness (Train): 66867.05 | Best fitness in generation (Train): 66867.05 | Mean fitness (Train): 66867.05 | Mean fitness (Test): 66867.05
Generation 100 | Best fitness (Train): 66867.05 | Best fitness in generation (Train): 66867.05 | Mean fitness (Train): 66867.05 | Mean fitness (Test): 66867.05
Generation 110 | Best fitness (Train): 66867.05 | Best fitness in generation (Train): 66867.05 | Mean fitness (Train): 66867.05 | Mean fitness (Test): 66867.05
Generation 120 | Best fitness (Train): 66867.05 | Best fitness in generation (Train): 66867.05 | Mean fitness (Train): 66867.05 | Mean fitness (Test): 66867.05
Generation 130 | Best fitness (Train): 66867.05 | Best fitness in generation (Train): 66867.05 | Mean fitness (Train): 66867.05 | Mean fitness (Test): 66867.05
Generation 140 | Best fitness (Train): 66867.05 | Best fitness in generation (Train): 66867.05 | Mean fitness (Train): 66867.05 | Mean fitness (Test): 66867.05
Generation 150 | Best fitness (Train): 66867.05 | Best fitness in generation (Train): 66867.05 | Mean fitness (Train): 66867.05 | Mean fitness (Test): 66867.05
Generation 160 | Best fitness (Train): 66867.05 | Best fitness in generation (Train): 66867.05 | Mean fitness (Train): 66867.05 | Mean fitness (Test): 66867.05
Generation 170 | Best fitness (Train): 66867.05 | Best fitness in generation (Train): 66867.05 | Mean fitness (Train): 66867.05 | Mean fitness (Test): 66867.05
Generation 180 | Best fitness (Train): 66867.05 | Best fitness in generation (Train): 66867.05 | Mean fitness (Train): 66867.05 | Mean fitness (Test): 66867.05
Generation 190 | Best fitness (Train): 66867.05 | Best fitness in generation (Train): 66867.05 | Mean fitness (Train): 66867.05 | Mean fitness (Test): 66867.05
Generation 200 | Best fitness (Train): 66867.05 | Best fitness in generation (Train): 66867.05 | Mean fitness (Train): 66867.05 | Mean fitness (Test): 66867.05
Generation 210 | Best fitness (Train): 66867.05 | Best fitness in generation (Train): 66867.05 | Mean fitness (Train): 66867.05 | Mean fitness (Test): 66867.05
Generation 220 | Best fitness (Train): 66867.05 | Best fitness in generation (Train): 66867.05 | Mean fitness (Train): 66867.05 | Mean fitness (Test): 66867.05
Generation 230 | Best fitness (Train): 66867.05 | Best fitness in generation (Train): 66867.05 | Mean fitness (Train): 66867.05 | Mean fitness (Test): 66867.05
Generation 240 | Best fitness (Train): 66867.05 | Best fitness in generation (Train): 66867.05 | Mean fitness (Train): 66867.05 | Mean fitness (Test): 66867.05
Generation 250 | Best fitness (Train): 66867.05 | Best fitness in generation (Train): 66867.05 | Mean fitness (Train): 66867.05 | Mean fitness (Test): 66867.05
Generation 260 | Best fitness (Train): 66867.05 | Best fitness in generation (Train): 66867.05 | Mean fitness (Train): 66867.05 | Mean fitness (Test): 66867.05
Generation 270 | Best fitness (Train): 66867.05 | Best fitness in generation (Train): 66867.05 | Mean fitness (Train): 66867.05 | Mean fitness (Test): 66867.05
Generation 280 | Best fitness (Train): 66867.05 | Best fitness in generation (Train): 66867.05 | Mean fitness (Train): 66867.05 | Mean fitness (Test): 66867.05
Generation 290 | Best fitness (Train): 66867.05 | Best fitness in generation (Train): 66867.05 | Mean fitness (Train): 66867.05 | Mean fitness (Test): 66867.05
Generation 300 | Best fitness (Train): 66867.05 | Best fitness in generation (Train): 66867.05 | Mean fitness (Train): 66867.05 | Mean fitness (Test): 66867.05
Generation 310 | Best fitness (Train): 66867.05 | Best fitness in generation (Train): 66867.05 | Mean fitness (Train): 66867.05 | Mean fitness (Test): 66867.05
Generation 320 | Best fitness (Train): 66867.05 | Best fitness in generation (Train): 66867.05 | Mean fitness (Train): 66867.05 | Mean fitness (Test): 66867.05
Generation 330 | Best fitness (Train): 66867.05 | Best fitness in generation (Train): 66867.05 | Mean fitness (Train): 66867.05 | Mean fitness (Test): 66867.05
Generation 340 | Best fitness (Train): 66867.05 | Best fitness in generation (Train): 66867.05 | Mean fitness (Train): 66867.05 | Mean fitness (Test): 66867.05
Generation 350 | Best fitness (Train): 66867.05 | Best fitness in generation (Train): 66867.05 | Mean fitness (Train): 66867.05 | Mean fitness (Test): 66867.05
Generation 360 | Best fitness (Train): 66867.05 | Best fitness in generation (Train): 66867.05 | Mean fitness (Train): 66867.05 | Mean fitness (Test): 66867.05
Generation 370 | Best fitness (Train): 66867.05 | Best fitness in generation (Train): 66867.05 | Mean fitness (Train): 66867.05 | Mean fitness (Test): 66867.05
Generation 380 | Best fitness (Train): 66867.05 | Best fitness in generation (Train): 66867.05 | Mean fitness (Train): 66867.05 | Mean fitness (Test): 66867.05
Generation 390 | Best fitness (Train): 66867.05 | Best fitness in generation (Train): 66867.05 | Mean fitness (Train): 66867.05 | Mean fitness (Test): 66867.05
Generation 400 | Best fitness (Train): 66867.05 | Best fitness in generation (Train): 66867.05 | Mean fitness (Train): 66867.05 | Mean fitness (Test): 66867.05
Generation 410 | Best fitness (Train): 66867.05 | Best fitness in generation (Train): 66867.05 | Mean fitness (Train): 66867.05 | Mean fitness (Test): 66867.05
Generation 420 | Best fitness (Train): 66867.05 | Best fitness in generation (Train): 66867.05 | Mean fitness (Train): 66867.05 | Mean fitness (Test): 66867.05
Generation 430 | Best fitness (Train): 66867.05 | Best fitness in generation (Train): 66867.05 | Mean fitness (Train): 66867.05 | Mean fitness (Test): 66867.05
Generation 440 | Best fitness (Train): 66867.05 | Best fitness in generation (Train): 66867.05 | Mean fitness (Train): 66867.05 | Mean fitness (Test): 66867.05
Generation 450 | Best fitness (Train): 66867.05 | Best fitness in generation (Train): 66867.05 | Mean fitness (Train): 66867.05 | Mean fitness (Test): 66867.05
Generation 460 | Best fitness (Train): 66867.05 | Best fitness in generation (Train): 66867.05 | Mean fitness (Train): 66867.05 | Mean fitness (Test): 66867.05
Generation 470 | Best fitness (Train): 66867.05 | Best fitness in generation (Train): 66867.05 | Mean fitness (Train): 66867.05 | Mean fitness (Test): 66867.05
Generation 480 | Best fitness (Train): 66867.05 | Best fitness in generation (Train): 66867.05 | Mean fitness (Train): 66867.05 | Mean fitness (Test): 66867.05
Generation 490 | Best fitness (Train): 66867.05 | Best fitness in generation (Train): 66867.05 | Mean fitness (Train): 66867.05 | Mean fitness (Test): 66867.05
Generation 500 | Best fitness (Train): 66867.05 | Best fitness in generation (Train): 66867.05 | Mean fitness (Train): 66867.05 | Mean fitness (Test): 66867.05
Generation 510 | Best fitness (Train): 66867.05 | Best fitness in generation (Train): 66867.05 | Mean fitness (Train): 66867.05 | Mean fitness (Test): 66867.05
Generation 520 | Best fitness (Train): 66867.05 | Best fitness in generation (Train): 66867.05 | Mean fitness (Train): 66867.05 | Mean fitness (Test): 66867.05
Generation 530 | Best fitness (Train): 66867.05 | Best fitness in generation (Train): 66867.05 | Mean fitness (Train): 66867.05 | Mean fitness (Test): 66867.05
Generation 540 | Best fitness (Train): 66867.05 | Best fitness in generation (Train): 66867.05 | Mean fitness (Train): 66867.05 | Mean fitness (Test): 66867.05
Generation 550 | Best fitness (Train): 66867.05 | Best fitness in generation (Train): 66867.05 | Mean fitness (Train): 66867.05 | Mean fitness (Test): 66867.05
Generation 560 | Best fitness (Train): 66867.05 | Best fitness in generation (Train): 66867.05 | Mean fitness (Train): 66867.05 | Mean fitness (Test): 66867.05
Generation 570 | Best fitness (Train): 66867.05 | Best fitness in generation (Train): 66867.05 | Mean fitness (Train): 66867.05 | Mean fitness (Test): 66867.05
Generation 580 | Best fitness (Train): 66867.05 | Best fitness in generation (Train): 66867.05 | Mean fitness (Train): 66867.05 | Mean fitness (Test): 66867.05
Generation 590 | Best fitness (Train): 66867.05 | Best fitness in generation (Train): 66867.05 | Mean fitness (Train): 66867.05 | Mean fitness (Test): 66867.05
Generation 600 | Best fitness (Train): 66867.05 | Best fitness in generation (Train): 66867.05 | Mean fitness (Train): 66867.05 | Mean fitness (Test): 66867.05
Generation 610 | Best fitness (Train): 66867.05 | Best fitness in generation (Train): 66867.05 | Mean fitness (Train): 66867.05 | Mean fitness (Test): 66867.05
Generation 620 | Best fitness (Train): 66867.05 | Best fitness in generation (Train): 66867.05 | Mean fitness (Train): 66867.05 | Mean fitness (Test): 66867.05
Generation 630 | Best fitness (Train): 66867.05 | Best fitness in generation (Train): 66867.05 | Mean fitness (Train): 66867.05 | Mean fitness (Test): 66867.05
Generation 640 | Best fitness (Train): 66867.05 | Best fitness in generation (Train): 66867.05 | Mean fitness (Train): 66867.05 | Mean fitness (Test): 66867.05
Generation 650 | Best fitness (Train): 66867.05 | Best fitness in generation (Train): 66867.05 | Mean fitness (Train): 66867.05 | Mean fitness (Test): 66867.05
Generation 660 | Best fitness (Train): 66867.05 | Best fitness in generation (Train): 66867.05 | Mean fitness (Train): 66867.05 | Mean fitness (Test): 66867.05
Generation 670 | Best fitness (Train): 66867.05 | Best fitness in generation (Train): 66867.05 | Mean fitness (Train): 66867.05 | Mean fitness (Test): 66867.05
Generation 680 | Best fitness (Train): 66867.05 | Best fitness in generation (Train): 66867.05 | Mean fitness (Train): 66867.05 | Mean fitness (Test): 66867.05
Generation 690 | Best fitness (Train): 66867.05 | Best fitness in generation (Train): 66867.05 | Mean fitness (Train): 66867.05 | Mean fitness (Test): 66867.05
Generation 700 | Best fitness (Train): 66867.05 | Best fitness in generation (Train): 66867.05 | Mean fitness (Train): 66867.05 | Mean fitness (Test): 66867.05
Generation 710 | Best fitness (Train): 66867.05 | Best fitness in generation (Train): 66867.05 | Mean fitness (Train): 66867.05 | Mean fitness (Test): 66867.05
Generation 720 | Best fitness (Train): 66867.05 | Best fitness in generation (Train): 66867.05 | Mean fitness (Train): 66867.05 | Mean fitness (Test): 66867.05
Generation 730 | Best fitness (Train): 66867.05 | Best fitness in generation (Train): 66867.05 | Mean fitness (Train): 66867.05 | Mean fitness (Test): 66867.05
Generation 740 | Best fitness (Train): 66867.05 | Best fitness in generation (Train): 66867.05 | Mean fitness (Train): 66867.05 | Mean fitness (Test): 66867.05
Generation 750 | Best fitness (Train): 66867.05 | Best fitness in generation (Train): 66867.05 | Mean fitness (Train): 66867.05 | Mean fitness (Test): 66867.05
Generation 760 | Best fitness (Train): 66867.05 | Best fitness in generation (Train): 66867.05 | Mean fitness (Train): 66867.05 | Mean fitness (Test): 66867.05
Generation 770 | Best fitness (Train): 66867.05 | Best fitness in generation (Train): 66867.05 | Mean fitness (Train): 66867.05 | Mean fitness (Test): 66867.05
Generation 780 | Best fitness (Train): 66867.05 | Best fitness in generation (Train): 66867.05 | Mean fitness (Train): 66867.05 | Mean fitness (Test): 66867.05
Generation 790 | Best fitness (Train): 66867.05 | Best fitness in generation (Train): 66867.05 | Mean fitness (Train): 66867.05 | Mean fitness (Test): 66867.05
Generation 800 | Best fitness (Train): 66867.05 | Best fitness in generation (Train): 66867.05 | Mean fitness (Train): 66867.05 | Mean fitness (Test): 66867.05
Generation 810 | Best fitness (Train): 66867.05 | Best fitness in generation (Train): 66867.05 | Mean fitness (Train): 66867.05 | Mean fitness (Test): 66867.05
Generation 820 | Best fitness (Train): 66867.05 | Best fitness in generation (Train): 66867.05 | Mean fitness (Train): 66867.05 | Mean fitness (Test): 66867.05
Generation 830 | Best fitness (Train): 66867.05 | Best fitness in generation (Train): 66867.05 | Mean fitness (Train): 66867.05 | Mean fitness (Test): 66867.05
Generation 840 | Best fitness (Train): 66867.05 | Best fitness in generation (Train): 66867.05 | Mean fitness (Train): 66867.05 | Mean fitness (Test): 66867.05
Generation 850 | Best fitness (Train): 66867.05 | Best fitness in generation (Train): 66867.05 | Mean fitness (Train): 66867.05 | Mean fitness (Test): 66867.05
Generation 860 | Best fitness (Train): 66867.05 | Best fitness in generation (Train): 66867.05 | Mean fitness (Train): 66867.05 | Mean fitness (Test): 66867.05
Generation 870 | Best fitness (Train): 66867.05 | Best fitness in generation (Train): 66867.05 | Mean fitness (Train): 66867.05 | Mean fitness (Test): 66867.05
Generation 880 | Best fitness (Train): 66867.05 | Best fitness in generation (Train): 66867.05 | Mean fitness (Train): 66867.05 | Mean fitness (Test): 66867.05
Generation 890 | Best fitness (Train): 66867.05 | Best fitness in generation (Train): 66867.05 | Mean fitness (Train): 66867.05 | Mean fitness (Test): 66867.05
Generation 900 | Best fitness (Train): 66867.05 | Best fitness in generation (Train): 66867.05 | Mean fitness (Train): 66867.05 | Mean fitness (Test): 66867.05
Generation 910 | Best fitness (Train): 66867.05 | Best fitness in generation (Train): 66867.05 | Mean fitness (Train): 66867.05 | Mean fitness (Test): 66867.05
Generation 920 | Best fitness (Train): 66867.05 | Best fitness in generation (Train): 66867.05 | Mean fitness (Train): 66867.05 | Mean fitness (Test): 66867.05
Generation 930 | Best fitness (Train): 66867.05 | Best fitness in generation (Train): 66867.05 | Mean fitness (Train): 66867.05 | Mean fitness (Test): 66867.05
Generation 940 | Best fitness (Train): 66867.05 | Best fitness in generation (Train): 66867.05 | Mean fitness (Train): 66867.05 | Mean fitness (Test): 66867.05
Generation 950 | Best fitness (Train): 66867.05 | Best fitness in generation (Train): 66867.05 | Mean fitness (Train): 66867.05 | Mean fitness (Test): 66867.05
Generation 960 | Best fitness (Train): 66867.05 | Best fitness in generation (Train): 66867.05 | Mean fitness (Train): 66867.05 | Mean fitness (Test): 66867.05
Generation 970 | Best fitness (Train): 66867.05 | Best fitness in generation (Train): 66867.05 | Mean fitness (Train): 66867.05 | Mean fitness (Test): 66867.05
Generation 980 | Best fitness (Train): 66867.05 | Best fitness in generation (Train): 66867.05 | Mean fitness (Train): 66867.05 | Mean fitness (Test): 66867.05
Generation 990 | Best fitness (Train): 66867.05 | Best fitness in generation (Train): 66867.05 | Mean fitness (Train): 66867.05 | Mean fitness (Test): 66867.05
Generation 1000 | Best fitness (Train): 66867.05 | Best fitness in generation (Train): 66867.05 | Mean fitness (Train): 66867.05 | Mean fitness (Test): 66867.05
Failed to generate visualization: 'Fast' object has no attribute 'sys'
running the experiment ... [../../results/BraxProblem/fast/CMA_ES/4]
Generation 010 | Best fitness (Train): 66867.05 | Best fitness in generation (Train): 66867.05 | Mean fitness (Train): 34753.01 | Mean fitness (Test): 66867.05
Generation 020 | Best fitness (Train): 66867.05 | Best fitness in generation (Train): 66867.05 | Mean fitness (Train): 54429.34 | Mean fitness (Test): 66867.05
Generation 030 | Best fitness (Train): 66867.05 | Best fitness in generation (Train): 66867.05 | Mean fitness (Train): 57830.22 | Mean fitness (Test): 66867.05
Generation 040 | Best fitness (Train): 66867.05 | Best fitness in generation (Train): 66867.05 | Mean fitness (Train): 61820.66 | Mean fitness (Test): 66867.05
Generation 050 | Best fitness (Train): 66867.05 | Best fitness in generation (Train): 66867.05 | Mean fitness (Train): 63946.07 | Mean fitness (Test): 66867.05
Generation 060 | Best fitness (Train): 66867.05 | Best fitness in generation (Train): 66867.05 | Mean fitness (Train): 66057.27 | Mean fitness (Test): 66867.05
Generation 070 | Best fitness (Train): 66867.05 | Best fitness in generation (Train): 66867.05 | Mean fitness (Train): 66263.19 | Mean fitness (Test): 66867.05
Generation 080 | Best fitness (Train): 66867.05 | Best fitness in generation (Train): 66867.05 | Mean fitness (Train): 66867.02 | Mean fitness (Test): 66867.05
Generation 090 | Best fitness (Train): 66867.05 | Best fitness in generation (Train): 66867.05 | Mean fitness (Train): 66766.37 | Mean fitness (Test): 66867.05
Generation 100 | Best fitness (Train): 66867.05 | Best fitness in generation (Train): 66867.05 | Mean fitness (Train): 66867.05 | Mean fitness (Test): 66867.05
Generation 110 | Best fitness (Train): 66867.05 | Best fitness in generation (Train): 66867.05 | Mean fitness (Train): 66867.05 | Mean fitness (Test): 66867.05
Generation 120 | Best fitness (Train): 66867.05 | Best fitness in generation (Train): 66867.05 | Mean fitness (Train): 66867.05 | Mean fitness (Test): 66867.05
Generation 130 | Best fitness (Train): 66867.05 | Best fitness in generation (Train): 66867.05 | Mean fitness (Train): 66867.05 | Mean fitness (Test): 66867.05
Generation 140 | Best fitness (Train): 66867.05 | Best fitness in generation (Train): 66867.05 | Mean fitness (Train): 66867.05 | Mean fitness (Test): 66867.05
Generation 150 | Best fitness (Train): 66867.05 | Best fitness in generation (Train): 66867.05 | Mean fitness (Train): 66867.05 | Mean fitness (Test): 66867.05
Generation 160 | Best fitness (Train): 66867.05 | Best fitness in generation (Train): 66867.05 | Mean fitness (Train): 66867.05 | Mean fitness (Test): 66867.05
Generation 170 | Best fitness (Train): 66867.05 | Best fitness in generation (Train): 66867.05 | Mean fitness (Train): 66867.05 | Mean fitness (Test): 66867.05
Generation 180 | Best fitness (Train): 66867.05 | Best fitness in generation (Train): 66867.05 | Mean fitness (Train): 66867.05 | Mean fitness (Test): 66867.05
Generation 190 | Best fitness (Train): 66867.05 | Best fitness in generation (Train): 66867.05 | Mean fitness (Train): 66867.05 | Mean fitness (Test): 66867.05
Generation 200 | Best fitness (Train): 66867.05 | Best fitness in generation (Train): 66867.05 | Mean fitness (Train): 66867.05 | Mean fitness (Test): 66867.05
Generation 210 | Best fitness (Train): 66867.05 | Best fitness in generation (Train): 66867.05 | Mean fitness (Train): 66867.05 | Mean fitness (Test): 66867.05
Generation 220 | Best fitness (Train): 66867.05 | Best fitness in generation (Train): 66867.05 | Mean fitness (Train): 66867.05 | Mean fitness (Test): 66867.05
Generation 230 | Best fitness (Train): 66867.05 | Best fitness in generation (Train): 66867.05 | Mean fitness (Train): 66867.05 | Mean fitness (Test): 66867.05
Generation 240 | Best fitness (Train): 66867.05 | Best fitness in generation (Train): 66867.05 | Mean fitness (Train): 66867.05 | Mean fitness (Test): 66867.05
Generation 250 | Best fitness (Train): 66867.05 | Best fitness in generation (Train): 66867.05 | Mean fitness (Train): 66867.05 | Mean fitness (Test): 66867.05
Generation 260 | Best fitness (Train): 66867.05 | Best fitness in generation (Train): 66867.05 | Mean fitness (Train): 66867.05 | Mean fitness (Test): 66867.05
Generation 270 | Best fitness (Train): 66867.05 | Best fitness in generation (Train): 66867.05 | Mean fitness (Train): 66867.05 | Mean fitness (Test): 66867.05
Generation 280 | Best fitness (Train): 66867.05 | Best fitness in generation (Train): 66867.05 | Mean fitness (Train): 66867.05 | Mean fitness (Test): 66867.05
Generation 290 | Best fitness (Train): 66867.05 | Best fitness in generation (Train): 66867.05 | Mean fitness (Train): 66867.05 | Mean fitness (Test): 66867.05
Generation 300 | Best fitness (Train): 66867.05 | Best fitness in generation (Train): 66867.05 | Mean fitness (Train): 66867.05 | Mean fitness (Test): 66867.05
Generation 310 | Best fitness (Train): 66867.05 | Best fitness in generation (Train): 66867.05 | Mean fitness (Train): 66867.05 | Mean fitness (Test): 66867.05
Generation 320 | Best fitness (Train): 66867.05 | Best fitness in generation (Train): 66867.05 | Mean fitness (Train): 66867.05 | Mean fitness (Test): 66867.05
Generation 330 | Best fitness (Train): 66867.05 | Best fitness in generation (Train): 66867.05 | Mean fitness (Train): 66867.05 | Mean fitness (Test): 66867.05
Generation 340 | Best fitness (Train): 66867.05 | Best fitness in generation (Train): 66867.05 | Mean fitness (Train): 66867.05 | Mean fitness (Test): 66867.05
Generation 350 | Best fitness (Train): 66867.05 | Best fitness in generation (Train): 66867.05 | Mean fitness (Train): 66867.05 | Mean fitness (Test): 66867.05
Generation 360 | Best fitness (Train): 66867.05 | Best fitness in generation (Train): 66867.05 | Mean fitness (Train): 66867.05 | Mean fitness (Test): 66867.05
Generation 370 | Best fitness (Train): 66867.05 | Best fitness in generation (Train): 66867.05 | Mean fitness (Train): 66867.05 | Mean fitness (Test): 66867.05
Generation 380 | Best fitness (Train): 66867.05 | Best fitness in generation (Train): 66867.05 | Mean fitness (Train): 66867.05 | Mean fitness (Test): 66867.05
Generation 390 | Best fitness (Train): 66867.05 | Best fitness in generation (Train): 66867.05 | Mean fitness (Train): 66867.05 | Mean fitness (Test): 66867.05
Generation 400 | Best fitness (Train): 66867.05 | Best fitness in generation (Train): 66867.05 | Mean fitness (Train): 66867.05 | Mean fitness (Test): 66867.05
Generation 410 | Best fitness (Train): 66867.05 | Best fitness in generation (Train): 66867.05 | Mean fitness (Train): 66867.05 | Mean fitness (Test): 66867.05
Generation 420 | Best fitness (Train): 66867.05 | Best fitness in generation (Train): 66867.05 | Mean fitness (Train): 66867.05 | Mean fitness (Test): 66867.05
Generation 430 | Best fitness (Train): 66867.05 | Best fitness in generation (Train): 66867.05 | Mean fitness (Train): 66867.05 | Mean fitness (Test): 66867.05
Generation 440 | Best fitness (Train): 66867.05 | Best fitness in generation (Train): 66867.05 | Mean fitness (Train): 66867.05 | Mean fitness (Test): 66867.05
Generation 450 | Best fitness (Train): 66867.05 | Best fitness in generation (Train): 66867.05 | Mean fitness (Train): 66867.05 | Mean fitness (Test): 66867.05
Generation 460 | Best fitness (Train): 66867.05 | Best fitness in generation (Train): 66867.05 | Mean fitness (Train): 66867.05 | Mean fitness (Test): 66867.05
Generation 470 | Best fitness (Train): 66867.05 | Best fitness in generation (Train): 66867.05 | Mean fitness (Train): 66867.05 | Mean fitness (Test): 66867.05
Generation 480 | Best fitness (Train): 66867.05 | Best fitness in generation (Train): 66867.05 | Mean fitness (Train): 66867.05 | Mean fitness (Test): 66867.05
Generation 490 | Best fitness (Train): 66867.05 | Best fitness in generation (Train): 66867.05 | Mean fitness (Train): 66867.05 | Mean fitness (Test): 66867.05
Generation 500 | Best fitness (Train): 66867.05 | Best fitness in generation (Train): 66867.05 | Mean fitness (Train): 66867.05 | Mean fitness (Test): 66867.05
Generation 510 | Best fitness (Train): 66867.05 | Best fitness in generation (Train): 66867.05 | Mean fitness (Train): 66867.05 | Mean fitness (Test): 66867.05
Generation 520 | Best fitness (Train): 66867.05 | Best fitness in generation (Train): 66867.05 | Mean fitness (Train): 66867.05 | Mean fitness (Test): 66867.05
Generation 530 | Best fitness (Train): 66867.05 | Best fitness in generation (Train): 66867.05 | Mean fitness (Train): 66867.05 | Mean fitness (Test): 66867.05
Generation 540 | Best fitness (Train): 66867.05 | Best fitness in generation (Train): 66867.05 | Mean fitness (Train): 66867.05 | Mean fitness (Test): 66867.05
Generation 550 | Best fitness (Train): 66867.05 | Best fitness in generation (Train): 66867.05 | Mean fitness (Train): 66867.05 | Mean fitness (Test): 66867.05
Generation 560 | Best fitness (Train): 66867.05 | Best fitness in generation (Train): 66867.05 | Mean fitness (Train): 66867.05 | Mean fitness (Test): 66867.05
Generation 570 | Best fitness (Train): 66867.05 | Best fitness in generation (Train): 66867.05 | Mean fitness (Train): 66867.05 | Mean fitness (Test): 66867.05
Generation 580 | Best fitness (Train): 66867.05 | Best fitness in generation (Train): 66867.05 | Mean fitness (Train): 66867.05 | Mean fitness (Test): 66867.05
Generation 590 | Best fitness (Train): 66867.05 | Best fitness in generation (Train): 66867.05 | Mean fitness (Train): 66867.05 | Mean fitness (Test): 66867.05
Generation 600 | Best fitness (Train): 66867.05 | Best fitness in generation (Train): 66867.05 | Mean fitness (Train): 66867.05 | Mean fitness (Test): 66867.05
Generation 610 | Best fitness (Train): 66867.05 | Best fitness in generation (Train): 66867.05 | Mean fitness (Train): 66867.05 | Mean fitness (Test): 66867.05
Generation 620 | Best fitness (Train): 66867.05 | Best fitness in generation (Train): 66867.05 | Mean fitness (Train): 66867.05 | Mean fitness (Test): 66867.05
Generation 630 | Best fitness (Train): 66867.05 | Best fitness in generation (Train): 66867.05 | Mean fitness (Train): 66867.05 | Mean fitness (Test): 66867.05
Generation 640 | Best fitness (Train): 66867.05 | Best fitness in generation (Train): 66867.05 | Mean fitness (Train): 66867.05 | Mean fitness (Test): 66867.05
Generation 650 | Best fitness (Train): 66867.05 | Best fitness in generation (Train): 66867.05 | Mean fitness (Train): 66867.05 | Mean fitness (Test): 66867.05
Generation 660 | Best fitness (Train): 66867.05 | Best fitness in generation (Train): 66867.05 | Mean fitness (Train): 66867.05 | Mean fitness (Test): 66867.05
Generation 670 | Best fitness (Train): 66867.05 | Best fitness in generation (Train): 66867.05 | Mean fitness (Train): 66867.05 | Mean fitness (Test): 66867.05
Generation 680 | Best fitness (Train): 66867.05 | Best fitness in generation (Train): 66867.05 | Mean fitness (Train): 66867.05 | Mean fitness (Test): 66867.05
Generation 690 | Best fitness (Train): 66867.05 | Best fitness in generation (Train): 66867.05 | Mean fitness (Train): 66867.05 | Mean fitness (Test): 66867.05
Generation 700 | Best fitness (Train): 66867.05 | Best fitness in generation (Train): 66867.05 | Mean fitness (Train): 66867.05 | Mean fitness (Test): 66867.05
Generation 710 | Best fitness (Train): 66867.05 | Best fitness in generation (Train): 66867.05 | Mean fitness (Train): 66867.05 | Mean fitness (Test): 66867.05
Generation 720 | Best fitness (Train): 66867.05 | Best fitness in generation (Train): 66867.05 | Mean fitness (Train): 66867.05 | Mean fitness (Test): 66867.05
Generation 730 | Best fitness (Train): 66867.05 | Best fitness in generation (Train): 66867.05 | Mean fitness (Train): 66867.05 | Mean fitness (Test): 66867.05
Generation 740 | Best fitness (Train): 66867.05 | Best fitness in generation (Train): 66867.05 | Mean fitness (Train): 66867.05 | Mean fitness (Test): 66867.05
Generation 750 | Best fitness (Train): 66867.05 | Best fitness in generation (Train): 66867.05 | Mean fitness (Train): 66867.05 | Mean fitness (Test): 66867.05
Generation 760 | Best fitness (Train): 66867.05 | Best fitness in generation (Train): 66867.05 | Mean fitness (Train): 66867.05 | Mean fitness (Test): 66867.05
Generation 770 | Best fitness (Train): 66867.05 | Best fitness in generation (Train): 66867.05 | Mean fitness (Train): 66867.05 | Mean fitness (Test): 66867.05
Generation 780 | Best fitness (Train): 66867.05 | Best fitness in generation (Train): 66867.05 | Mean fitness (Train): 66867.05 | Mean fitness (Test): 66867.05
Generation 790 | Best fitness (Train): 66867.05 | Best fitness in generation (Train): 66867.05 | Mean fitness (Train): 66867.05 | Mean fitness (Test): 66867.05
Generation 800 | Best fitness (Train): 66867.05 | Best fitness in generation (Train): 66867.05 | Mean fitness (Train): 66867.05 | Mean fitness (Test): 66867.05
Generation 810 | Best fitness (Train): 66867.05 | Best fitness in generation (Train): 66867.05 | Mean fitness (Train): 66867.05 | Mean fitness (Test): 66867.05
Generation 820 | Best fitness (Train): 66867.05 | Best fitness in generation (Train): 66867.05 | Mean fitness (Train): 66867.05 | Mean fitness (Test): 66867.05
Generation 830 | Best fitness (Train): 66867.05 | Best fitness in generation (Train): 66867.05 | Mean fitness (Train): 66867.05 | Mean fitness (Test): 66867.05
Generation 840 | Best fitness (Train): 66867.05 | Best fitness in generation (Train): 66867.05 | Mean fitness (Train): 66867.05 | Mean fitness (Test): 66867.05
Generation 850 | Best fitness (Train): 66867.05 | Best fitness in generation (Train): 66867.05 | Mean fitness (Train): 66867.05 | Mean fitness (Test): 66867.05
Generation 860 | Best fitness (Train): 66867.05 | Best fitness in generation (Train): 66867.05 | Mean fitness (Train): 66867.05 | Mean fitness (Test): 66867.05
Generation 870 | Best fitness (Train): 66867.05 | Best fitness in generation (Train): 66867.05 | Mean fitness (Train): 66867.05 | Mean fitness (Test): 66867.05
Generation 880 | Best fitness (Train): 66867.05 | Best fitness in generation (Train): 66867.05 | Mean fitness (Train): 66867.05 | Mean fitness (Test): 66867.05
Generation 890 | Best fitness (Train): 66867.05 | Best fitness in generation (Train): 66867.05 | Mean fitness (Train): 66867.05 | Mean fitness (Test): 66867.05
Generation 900 | Best fitness (Train): 66867.05 | Best fitness in generation (Train): 66867.05 | Mean fitness (Train): 66867.05 | Mean fitness (Test): 66867.05
Generation 910 | Best fitness (Train): 66867.05 | Best fitness in generation (Train): 66867.05 | Mean fitness (Train): 66867.05 | Mean fitness (Test): 66867.05
Generation 920 | Best fitness (Train): 66867.05 | Best fitness in generation (Train): 66867.05 | Mean fitness (Train): 66867.05 | Mean fitness (Test): 66867.05
Generation 930 | Best fitness (Train): 66867.05 | Best fitness in generation (Train): 66867.05 | Mean fitness (Train): 66867.05 | Mean fitness (Test): 66867.05
Generation 940 | Best fitness (Train): 66867.05 | Best fitness in generation (Train): 66867.05 | Mean fitness (Train): 66867.05 | Mean fitness (Test): 66867.05
Generation 950 | Best fitness (Train): 66867.05 | Best fitness in generation (Train): 66867.05 | Mean fitness (Train): 66867.05 | Mean fitness (Test): 66867.05
Generation 960 | Best fitness (Train): 66867.05 | Best fitness in generation (Train): 66867.05 | Mean fitness (Train): 66867.05 | Mean fitness (Test): 66867.05
Generation 970 | Best fitness (Train): 66867.05 | Best fitness in generation (Train): 66867.05 | Mean fitness (Train): 66867.05 | Mean fitness (Test): 66867.05
Generation 980 | Best fitness (Train): 66867.05 | Best fitness in generation (Train): 66867.05 | Mean fitness (Train): 66867.05 | Mean fitness (Test): 66867.05
Generation 990 | Best fitness (Train): 66867.05 | Best fitness in generation (Train): 66867.05 | Mean fitness (Train): 66867.05 | Mean fitness (Test): 66867.05
Generation 1000 | Best fitness (Train): 66867.05 | Best fitness in generation (Train): 66867.05 | Mean fitness (Train): 66867.05 | Mean fitness (Test): 66867.05
Failed to generate visualization: 'Fast' object has no attribute 'sys'
Running ES algorithms:   0%|                                                             | 0/1 [00:00<?, ?it/s][A
Running ES algorithms: 100%|███████████████████████████████████████████████████| 1/1 [46:29<00:00, 2789.12s/it][ARunning ES algorithms: 100%|███████████████████████████████████████████████████| 1/1 [46:29<00:00, 2789.12s/it]
Successfully loaded: halfcheetah
Loading Problems ..:  17%|███████▌                                     | 2/12 [21:45:18<90:56:50, 32741.05s/it]
running the experiment ... [../../results/BraxProblem/halfcheetah/CMA_ES/0]
Generation 010 | Best fitness (Train): -119.28 | Best fitness in generation (Train): -210.98 | Mean fitness (Train): -527.43 | Mean fitness (Test): -280.68
Generation 020 | Best fitness (Train): -119.28 | Best fitness in generation (Train): -283.15 | Mean fitness (Train): -526.32 | Mean fitness (Test): -353.56
Generation 030 | Best fitness (Train): 8.97 | Best fitness in generation (Train): -184.22 | Mean fitness (Train): -499.83 | Mean fitness (Test): -187.71
Generation 040 | Best fitness (Train): 240.10 | Best fitness in generation (Train): 21.51 | Mean fitness (Train): -416.63 | Mean fitness (Test): -251.35
Generation 050 | Best fitness (Train): 405.14 | Best fitness in generation (Train): 272.13 | Mean fitness (Train): -297.30 | Mean fitness (Test): 155.90
srun: Job step aborted: Waiting up to 302 seconds for job step to finish.
[2025-11-09T22:44:45.966] error: *** JOB 8041823 ON ise-3090-02 CANCELLED AT 2025-11-09T22:44:45 DUE to SIGNAL Terminated ***
Running ES algorithms:   0%|                                                             | 0/1 [00:00<?, ?it/s][A[2025-11-09T22:44:45.966] error: *** STEP 8041823.0 ON ise-3090-02 CANCELLED AT 2025-11-09T22:44:45 DUE to SIGNAL Terminated ***
