Wed 03 Dec 2025 00:14:15 IST

SLURM_JOBID:		 8587333
SLURM_JOB_NODELIST:	 ise-cpu256-08 

configuration parmas running: problem_type=bbob es_algorithms=PGPE,ASEBO,Open_ES,SNES,Sep_CMA_ES,CMA_ES,LES,DES
Successfully loaded: sphere
Loading Problems ..:   0%|                                                                                                                                              | 0/24 [00:00<?, ?it/s]
there is experiment results. [../../results/BBOBProblem/sphere/PGPE_500_10000/0]
there is experiment results. [../../results/BBOBProblem/sphere/PGPE_500_10000/1]
there is experiment results. [../../results/BBOBProblem/sphere/PGPE_500_10000/2]
there is experiment results. [../../results/BBOBProblem/sphere/PGPE_500_10000/3]
there is experiment results. [../../results/BBOBProblem/sphere/PGPE_500_10000/4]
Running ES algorithms:   0%|                                                                                                                                             | 0/7 [00:00<?, ?it/s][A
there is experiment results. [../../results/BBOBProblem/sphere/Open_ES_500_10000/0]
there is experiment results. [../../results/BBOBProblem/sphere/Open_ES_500_10000/1]
there is experiment results. [../../results/BBOBProblem/sphere/Open_ES_500_10000/2]
there is experiment results. [../../results/BBOBProblem/sphere/Open_ES_500_10000/3]
there is experiment results. [../../results/BBOBProblem/sphere/Open_ES_500_10000/4]
there is experiment results. [../../results/BBOBProblem/sphere/SNES_500_10000/0]
there is experiment results. [../../results/BBOBProblem/sphere/SNES_500_10000/1]
there is experiment results. [../../results/BBOBProblem/sphere/SNES_500_10000/2]
there is experiment results. [../../results/BBOBProblem/sphere/SNES_500_10000/3]
there is experiment results. [../../results/BBOBProblem/sphere/SNES_500_10000/4]
there is experiment results. [../../results/BBOBProblem/sphere/Sep_CMA_ES_500_10000/0]
there is experiment results. [../../results/BBOBProblem/sphere/Sep_CMA_ES_500_10000/1]
there is experiment results. [../../results/BBOBProblem/sphere/Sep_CMA_ES_500_10000/2]
there is experiment results. [../../results/BBOBProblem/sphere/Sep_CMA_ES_500_10000/3]
there is experiment results. [../../results/BBOBProblem/sphere/Sep_CMA_ES_500_10000/4]
there is experiment results. [../../results/BBOBProblem/sphere/CMA_ES_500_10000/0]
there is experiment results. [../../results/BBOBProblem/sphere/CMA_ES_500_10000/1]
there is experiment results. [../../results/BBOBProblem/sphere/CMA_ES_500_10000/2]
there is experiment results. [../../results/BBOBProblem/sphere/CMA_ES_500_10000/3]
there is experiment results. [../../results/BBOBProblem/sphere/CMA_ES_500_10000/4]
there is experiment results. [../../results/BBOBProblem/sphere/LearnedES_500_10000/0]
there is experiment results. [../../results/BBOBProblem/sphere/LearnedES_500_10000/1]
there is experiment results. [../../results/BBOBProblem/sphere/LearnedES_500_10000/2]
there is experiment results. [../../results/BBOBProblem/sphere/LearnedES_500_10000/3]
there is experiment results. [../../results/BBOBProblem/sphere/LearnedES_500_10000/4]
there is experiment results. [../../results/BBOBProblem/sphere/DiscoveredES_500_10000/0]
there is experiment results. [../../results/BBOBProblem/sphere/DiscoveredES_500_10000/1]
there is experiment results. [../../results/BBOBProblem/sphere/DiscoveredES_500_10000/2]
there is experiment results. [../../results/BBOBProblem/sphere/DiscoveredES_500_10000/3]
there is experiment results. [../../results/BBOBProblem/sphere/DiscoveredES_500_10000/4]
Running ES algorithms:  14%|███████████████████                                                                                                                  | 1/7 [00:00<00:01,  4.06it/s][ARunning ES algorithms: 100%|█████████████████████████████████████████████████████████████████████████████████████████████████████████████████████████████████████| 7/7 [00:00<00:00, 22.38it/s]
Successfully loaded: ellipsoidal
Loading Problems ..:   4%|█████▌                                                                                                                                | 1/24 [00:06<02:19,  6.08s/it]
there is experiment results. [../../results/BBOBProblem/ellipsoidal/PGPE_500_10000/0]
there is experiment results. [../../results/BBOBProblem/ellipsoidal/PGPE_500_10000/1]
there is experiment results. [../../results/BBOBProblem/ellipsoidal/PGPE_500_10000/2]
there is experiment results. [../../results/BBOBProblem/ellipsoidal/PGPE_500_10000/3]
there is experiment results. [../../results/BBOBProblem/ellipsoidal/PGPE_500_10000/4]
Running ES algorithms:   0%|                                                                                                                                             | 0/7 [00:00<?, ?it/s][A
there is experiment results. [../../results/BBOBProblem/ellipsoidal/Open_ES_500_10000/0]
there is experiment results. [../../results/BBOBProblem/ellipsoidal/Open_ES_500_10000/1]
there is experiment results. [../../results/BBOBProblem/ellipsoidal/Open_ES_500_10000/2]
there is experiment results. [../../results/BBOBProblem/ellipsoidal/Open_ES_500_10000/3]
there is experiment results. [../../results/BBOBProblem/ellipsoidal/Open_ES_500_10000/4]
there is experiment results. [../../results/BBOBProblem/ellipsoidal/SNES_500_10000/0]
there is experiment results. [../../results/BBOBProblem/ellipsoidal/SNES_500_10000/1]
there is experiment results. [../../results/BBOBProblem/ellipsoidal/SNES_500_10000/2]
there is experiment results. [../../results/BBOBProblem/ellipsoidal/SNES_500_10000/3]
there is experiment results. [../../results/BBOBProblem/ellipsoidal/SNES_500_10000/4]
there is experiment results. [../../results/BBOBProblem/ellipsoidal/Sep_CMA_ES_500_10000/0]
there is experiment results. [../../results/BBOBProblem/ellipsoidal/Sep_CMA_ES_500_10000/1]
there is experiment results. [../../results/BBOBProblem/ellipsoidal/Sep_CMA_ES_500_10000/2]
there is experiment results. [../../results/BBOBProblem/ellipsoidal/Sep_CMA_ES_500_10000/3]
there is experiment results. [../../results/BBOBProblem/ellipsoidal/Sep_CMA_ES_500_10000/4]
running the experiment ... [../../results/BBOBProblem/ellipsoidal/CMA_ES_500_10000/0]
Generation 100 | Best fitness (Train): 8183744000.00 | Best fitness in generation (Train): 8183744000.00 | Mean fitness (Train): 8235561472.00 | Mean fitness (Test): 8202438656.00
Generation 200 | Best fitness (Train): 5173326336.00 | Best fitness in generation (Train): 5173326336.00 | Mean fitness (Train): 5270942208.00 | Mean fitness (Test): 5125003264.00
Generation 300 | Best fitness (Train): 2212897280.00 | Best fitness in generation (Train): 2245762048.00 | Mean fitness (Train): 2437121280.00 | Mean fitness (Test): 1132968192.00
Generation 400 | Best fitness (Train): 2212897280.00 | Best fitness in generation (Train): 3828755968.00 | Mean fitness (Train): 4147462400.00 | Mean fitness (Test): 765707776.00
Generation 500 | Best fitness (Train): 2212897280.00 | Best fitness in generation (Train): 3726813696.00 | Mean fitness (Train): 4110268672.00 | Mean fitness (Test): 753630976.00
Generation 600 | Best fitness (Train): 2212897280.00 | Best fitness in generation (Train): 3231442688.00 | Mean fitness (Train): 3501323776.00 | Mean fitness (Test): 722828416.00
Generation 700 | Best fitness (Train): 2212897280.00 | Best fitness in generation (Train): 2605976064.00 | Mean fitness (Train): 2869857024.00 | Mean fitness (Test): 616521728.00
Generation 800 | Best fitness (Train): 2153371392.00 | Best fitness in generation (Train): 2180459264.00 | Mean fitness (Train): 2377639168.00 | Mean fitness (Test): 534680448.00
Generation 900 | Best fitness (Train): 1771622400.00 | Best fitness in generation (Train): 1818560256.00 | Mean fitness (Train): 1977789824.00 | Mean fitness (Test): 475625504.00
Generation 1000 | Best fitness (Train): 1472565632.00 | Best fitness in generation (Train): 1511105152.00 | Mean fitness (Train): 1640816640.00 | Mean fitness (Test): 421370016.00
Generation 1100 | Best fitness (Train): 1246928640.00 | Best fitness in generation (Train): 1246928640.00 | Mean fitness (Train): 1361439360.00 | Mean fitness (Test): 374708256.00
Generation 1200 | Best fitness (Train): 1049571520.00 | Best fitness in generation (Train): 1083489408.00 | Mean fitness (Train): 1171766912.00 | Mean fitness (Test): 337873888.00
Generation 1300 | Best fitness (Train): 931005248.00 | Best fitness in generation (Train): 934705280.00 | Mean fitness (Train): 1012664448.00 | Mean fitness (Test): 305119520.00
Generation 1400 | Best fitness (Train): 796162624.00 | Best fitness in generation (Train): 808987584.00 | Mean fitness (Train): 878937280.00 | Mean fitness (Test): 276232224.00
Generation 1500 | Best fitness (Train): 683936576.00 | Best fitness in generation (Train): 688231616.00 | Mean fitness (Train): 747494272.00 | Mean fitness (Test): 245155936.00
Generation 1600 | Best fitness (Train): 587047744.00 | Best fitness in generation (Train): 598368064.00 | Mean fitness (Train): 641428864.00 | Mean fitness (Test): 222184512.00
Generation 1700 | Best fitness (Train): 512607776.00 | Best fitness in generation (Train): 524352704.00 | Mean fitness (Train): 563828352.00 | Mean fitness (Test): 206907120.00
Generation 1800 | Best fitness (Train): 443891872.00 | Best fitness in generation (Train): 446727328.00 | Mean fitness (Train): 482922400.00 | Mean fitness (Test): 187592560.00
Generation 1900 | Best fitness (Train): 379411488.00 | Best fitness in generation (Train): 388836416.00 | Mean fitness (Train): 416568096.00 | Mean fitness (Test): 169205824.00
Generation 2000 | Best fitness (Train): 332681984.00 | Best fitness in generation (Train): 336074144.00 | Mean fitness (Train): 359757984.00 | Mean fitness (Test): 154682224.00
Generation 2100 | Best fitness (Train): 285413280.00 | Best fitness in generation (Train): 293262432.00 | Mean fitness (Train): 314636064.00 | Mean fitness (Test): 141763760.00
Generation 2200 | Best fitness (Train): 258364176.00 | Best fitness in generation (Train): 261586448.00 | Mean fitness (Train): 279214080.00 | Mean fitness (Test): 130061792.00
Generation 2300 | Best fitness (Train): 229790224.00 | Best fitness in generation (Train): 231239376.00 | Mean fitness (Train): 247789936.00 | Mean fitness (Test): 121640480.00
Generation 2400 | Best fitness (Train): 203508752.00 | Best fitness in generation (Train): 206219856.00 | Mean fitness (Train): 218665376.00 | Mean fitness (Test): 112459200.00
Generation 2500 | Best fitness (Train): 181018544.00 | Best fitness in generation (Train): 182621200.00 | Mean fitness (Train): 194657488.00 | Mean fitness (Test): 105299792.00
Generation 2600 | Best fitness (Train): 165108464.00 | Best fitness in generation (Train): 167358736.00 | Mean fitness (Train): 175538880.00 | Mean fitness (Test): 98113472.00
Generation 2700 | Best fitness (Train): 150483216.00 | Best fitness in generation (Train): 151771872.00 | Mean fitness (Train): 159132112.00 | Mean fitness (Test): 91569680.00
Generation 2800 | Best fitness (Train): 138164656.00 | Best fitness in generation (Train): 138794480.00 | Mean fitness (Train): 145457232.00 | Mean fitness (Test): 85924992.00
Generation 2900 | Best fitness (Train): 125555256.00 | Best fitness in generation (Train): 125555256.00 | Mean fitness (Train): 132546040.00 | Mean fitness (Test): 80089264.00
Generation 3000 | Best fitness (Train): 115278544.00 | Best fitness in generation (Train): 116633984.00 | Mean fitness (Train): 121822376.00 | Mean fitness (Test): 75776368.00
Generation 3100 | Best fitness (Train): 106563840.00 | Best fitness in generation (Train): 107528960.00 | Mean fitness (Train): 111799896.00 | Mean fitness (Test): 72109264.00
Generation 3200 | Best fitness (Train): 97765840.00 | Best fitness in generation (Train): 99661352.00 | Mean fitness (Train): 103353288.00 | Mean fitness (Test): 68595088.00
Generation 3300 | Best fitness (Train): 91044968.00 | Best fitness in generation (Train): 91482944.00 | Mean fitness (Train): 95901488.00 | Mean fitness (Test): 65232756.00
Generation 3400 | Best fitness (Train): 85852720.00 | Best fitness in generation (Train): 85852720.00 | Mean fitness (Train): 89766600.00 | Mean fitness (Test): 62147804.00
Generation 3500 | Best fitness (Train): 80812352.00 | Best fitness in generation (Train): 81657720.00 | Mean fitness (Train): 84414848.00 | Mean fitness (Test): 59547740.00
Generation 3600 | Best fitness (Train): 75955816.00 | Best fitness in generation (Train): 76196912.00 | Mean fitness (Train): 79039200.00 | Mean fitness (Test): 56936936.00
Generation 3700 | Best fitness (Train): 71764784.00 | Best fitness in generation (Train): 72544312.00 | Mean fitness (Train): 74622848.00 | Mean fitness (Test): 54766704.00
Generation 3800 | Best fitness (Train): 68113336.00 | Best fitness in generation (Train): 68502632.00 | Mean fitness (Train): 70429952.00 | Mean fitness (Test): 52915404.00
Generation 3900 | Best fitness (Train): 64538344.00 | Best fitness in generation (Train): 64978208.00 | Mean fitness (Train): 66537536.00 | Mean fitness (Test): 50948640.00
Generation 4000 | Best fitness (Train): 61155516.00 | Best fitness in generation (Train): 61240296.00 | Mean fitness (Train): 62953208.00 | Mean fitness (Test): 49114564.00
running the experiment ... [../../results/BBOBProblem/ellipsoidal/CMA_ES_500_10000/1]
Generation 100 | Best fitness (Train): 7898058752.00 | Best fitness in generation (Train): 7898058752.00 | Mean fitness (Train): 7953201664.00 | Mean fitness (Test): 7919330304.00
Generation 200 | Best fitness (Train): 4944995328.00 | Best fitness in generation (Train): 4944995328.00 | Mean fitness (Train): 5062578688.00 | Mean fitness (Test): 4915794944.00
Generation 300 | Best fitness (Train): 2208036352.00 | Best fitness in generation (Train): 2304999936.00 | Mean fitness (Train): 2451529216.00 | Mean fitness (Test): 1125658624.00
Generation 400 | Best fitness (Train): 2208036352.00 | Best fitness in generation (Train): 3748872704.00 | Mean fitness (Train): 4060654336.00 | Mean fitness (Test): 759352192.00
Generation 500 | Best fitness (Train): 2208036352.00 | Best fitness in generation (Train): 3781912576.00 | Mean fitness (Train): 4080976128.00 | Mean fitness (Test): 772092736.00
Generation 600 | Best fitness (Train): 2208036352.00 | Best fitness in generation (Train): 3207737600.00 | Mean fitness (Train): 3511084032.00 | Mean fitness (Test): 690728768.00
Generation 700 | Best fitness (Train): 2208036352.00 | Best fitness in generation (Train): 2658205952.00 | Mean fitness (Train): 2931504128.00 | Mean fitness (Test): 643603776.00
Generation 800 | Best fitness (Train): 2192270336.00 | Best fitness in generation (Train): 2224663552.00 | Mean fitness (Train): 2445320704.00 | Mean fitness (Test): 560451136.00
Generation 900 | Best fitness (Train): 1862781056.00 | Best fitness in generation (Train): 1862781056.00 | Mean fitness (Train): 2076882048.00 | Mean fitness (Test): 503119456.00
Generation 1000 | Best fitness (Train): 1554669696.00 | Best fitness in generation (Train): 1554669696.00 | Mean fitness (Train): 1729066496.00 | Mean fitness (Test): 449709792.00
Generation 1100 | Best fitness (Train): 1316890624.00 | Best fitness in generation (Train): 1334976000.00 | Mean fitness (Train): 1454044672.00 | Mean fitness (Test): 395159072.00
Generation 1200 | Best fitness (Train): 1118241792.00 | Best fitness in generation (Train): 1126804480.00 | Mean fitness (Train): 1224640896.00 | Mean fitness (Test): 347313824.00
Generation 1300 | Best fitness (Train): 941791936.00 | Best fitness in generation (Train): 941791936.00 | Mean fitness (Train): 1038992576.00 | Mean fitness (Test): 304352000.00
Generation 1400 | Best fitness (Train): 796198592.00 | Best fitness in generation (Train): 822148160.00 | Mean fitness (Train): 892142464.00 | Mean fitness (Test): 271940384.00
Generation 1500 | Best fitness (Train): 700333760.00 | Best fitness in generation (Train): 718295360.00 | Mean fitness (Train): 770751488.00 | Mean fitness (Test): 246352096.00
Generation 1600 | Best fitness (Train): 599246592.00 | Best fitness in generation (Train): 599246592.00 | Mean fitness (Train): 662907712.00 | Mean fitness (Test): 222368576.00
Generation 1700 | Best fitness (Train): 514028832.00 | Best fitness in generation (Train): 515809632.00 | Mean fitness (Train): 565761024.00 | Mean fitness (Test): 199063104.00
Generation 1800 | Best fitness (Train): 449732928.00 | Best fitness in generation (Train): 451040256.00 | Mean fitness (Train): 488626944.00 | Mean fitness (Test): 182741232.00
Generation 1900 | Best fitness (Train): 379411552.00 | Best fitness in generation (Train): 397251968.00 | Mean fitness (Train): 425044160.00 | Mean fitness (Test): 169760304.00
Generation 2000 | Best fitness (Train): 338695520.00 | Best fitness in generation (Train): 338796832.00 | Mean fitness (Train): 365607936.00 | Mean fitness (Test): 155000368.00
Generation 2100 | Best fitness (Train): 299773728.00 | Best fitness in generation (Train): 302450944.00 | Mean fitness (Train): 323963936.00 | Mean fitness (Test): 142146384.00
Generation 2200 | Best fitness (Train): 269462144.00 | Best fitness in generation (Train): 272791232.00 | Mean fitness (Train): 291501952.00 | Mean fitness (Test): 133636944.00
Generation 2300 | Best fitness (Train): 239745712.00 | Best fitness in generation (Train): 239745712.00 | Mean fitness (Train): 257868208.00 | Mean fitness (Test): 123334720.00
Generation 2400 | Best fitness (Train): 211591584.00 | Best fitness in generation (Train): 213422224.00 | Mean fitness (Train): 226645328.00 | Mean fitness (Test): 113914608.00
Generation 2500 | Best fitness (Train): 189818608.00 | Best fitness in generation (Train): 189818608.00 | Mean fitness (Train): 202570272.00 | Mean fitness (Test): 105836128.00
Generation 2600 | Best fitness (Train): 170178672.00 | Best fitness in generation (Train): 172502016.00 | Mean fitness (Train): 180713392.00 | Mean fitness (Test): 98838792.00
Generation 2700 | Best fitness (Train): 153734640.00 | Best fitness in generation (Train): 155525424.00 | Mean fitness (Train): 163524160.00 | Mean fitness (Test): 91609848.00
Generation 2800 | Best fitness (Train): 142621520.00 | Best fitness in generation (Train): 142630544.00 | Mean fitness (Train): 150422192.00 | Mean fitness (Test): 86756648.00
Generation 2900 | Best fitness (Train): 130040920.00 | Best fitness in generation (Train): 130040920.00 | Mean fitness (Train): 137142656.00 | Mean fitness (Test): 82110784.00
Generation 3000 | Best fitness (Train): 118616384.00 | Best fitness in generation (Train): 121458000.00 | Mean fitness (Train): 126484824.00 | Mean fitness (Test): 77858984.00
Generation 3100 | Best fitness (Train): 110627096.00 | Best fitness in generation (Train): 111655120.00 | Mean fitness (Train): 116399408.00 | Mean fitness (Test): 73939120.00
Generation 3200 | Best fitness (Train): 102679768.00 | Best fitness in generation (Train): 103189832.00 | Mean fitness (Train): 107441656.00 | Mean fitness (Test): 70606704.00
Generation 3300 | Best fitness (Train): 94725128.00 | Best fitness in generation (Train): 94725128.00 | Mean fitness (Train): 99400976.00 | Mean fitness (Test): 67274032.00
Generation 3400 | Best fitness (Train): 89026200.00 | Best fitness in generation (Train): 90144576.00 | Mean fitness (Train): 93222904.00 | Mean fitness (Test): 64280144.00
Generation 3500 | Best fitness (Train): 83518880.00 | Best fitness in generation (Train): 83900600.00 | Mean fitness (Train): 86868352.00 | Mean fitness (Test): 61526468.00
Generation 3600 | Best fitness (Train): 78247232.00 | Best fitness in generation (Train): 78978208.00 | Mean fitness (Train): 81562608.00 | Mean fitness (Test): 59039212.00
Generation 3700 | Best fitness (Train): 74110624.00 | Best fitness in generation (Train): 74110624.00 | Mean fitness (Train): 77005968.00 | Mean fitness (Test): 56724804.00
Generation 3800 | Best fitness (Train): 70783080.00 | Best fitness in generation (Train): 71200736.00 | Mean fitness (Train): 73300904.00 | Mean fitness (Test): 54581328.00
Generation 3900 | Best fitness (Train): 67538184.00 | Best fitness in generation (Train): 67762400.00 | Mean fitness (Train): 69701472.00 | Mean fitness (Test): 52844456.00
Generation 4000 | Best fitness (Train): 63948188.00 | Best fitness in generation (Train): 64014144.00 | Mean fitness (Train): 65963416.00 | Mean fitness (Test): 50922964.00
running the experiment ... [../../results/BBOBProblem/ellipsoidal/CMA_ES_500_10000/2]
Generation 100 | Best fitness (Train): 7707255808.00 | Best fitness in generation (Train): 7707255808.00 | Mean fitness (Train): 7757828096.00 | Mean fitness (Test): 7723803136.00
Generation 200 | Best fitness (Train): 4913625600.00 | Best fitness in generation (Train): 4913625600.00 | Mean fitness (Train): 5002477568.00 | Mean fitness (Test): 4863090688.00
Generation 300 | Best fitness (Train): 2182702848.00 | Best fitness in generation (Train): 2273427968.00 | Mean fitness (Train): 2417152256.00 | Mean fitness (Test): 1148086016.00
Generation 400 | Best fitness (Train): 2182702848.00 | Best fitness in generation (Train): 3760001024.00 | Mean fitness (Train): 4103936256.00 | Mean fitness (Test): 800453952.00
Generation 500 | Best fitness (Train): 2182702848.00 | Best fitness in generation (Train): 3688477184.00 | Mean fitness (Train): 4075372032.00 | Mean fitness (Test): 783260864.00
Generation 600 | Best fitness (Train): 2182702848.00 | Best fitness in generation (Train): 3118102528.00 | Mean fitness (Train): 3471802624.00 | Mean fitness (Test): 708968640.00
Generation 700 | Best fitness (Train): 2182702848.00 | Best fitness in generation (Train): 2685299968.00 | Mean fitness (Train): 2948593664.00 | Mean fitness (Test): 641342976.00
Generation 800 | Best fitness (Train): 2182702848.00 | Best fitness in generation (Train): 2278513152.00 | Mean fitness (Train): 2459048704.00 | Mean fitness (Test): 570286720.00
Generation 900 | Best fitness (Train): 1810988032.00 | Best fitness in generation (Train): 1810988032.00 | Mean fitness (Train): 2048729088.00 | Mean fitness (Test): 509156576.00
Generation 1000 | Best fitness (Train): 1532130048.00 | Best fitness in generation (Train): 1532130048.00 | Mean fitness (Train): 1686823040.00 | Mean fitness (Test): 447249600.00
Generation 1100 | Best fitness (Train): 1298626688.00 | Best fitness in generation (Train): 1318468224.00 | Mean fitness (Train): 1431122944.00 | Mean fitness (Test): 384335520.00
Generation 1200 | Best fitness (Train): 1087709568.00 | Best fitness in generation (Train): 1100672768.00 | Mean fitness (Train): 1204206720.00 | Mean fitness (Test): 336624448.00
Generation 1300 | Best fitness (Train): 928759104.00 | Best fitness in generation (Train): 928759104.00 | Mean fitness (Train): 1027797120.00 | Mean fitness (Test): 308535712.00
Generation 1400 | Best fitness (Train): 807381824.00 | Best fitness in generation (Train): 811312064.00 | Mean fitness (Train): 878684608.00 | Mean fitness (Test): 273091488.00
Generation 1500 | Best fitness (Train): 690437184.00 | Best fitness in generation (Train): 690437184.00 | Mean fitness (Train): 753064256.00 | Mean fitness (Test): 251174640.00
Generation 1600 | Best fitness (Train): 576584320.00 | Best fitness in generation (Train): 589711296.00 | Mean fitness (Train): 636803584.00 | Mean fitness (Test): 222420400.00
Generation 1700 | Best fitness (Train): 502744512.00 | Best fitness in generation (Train): 511360864.00 | Mean fitness (Train): 546871232.00 | Mean fitness (Test): 201247200.00
Generation 1800 | Best fitness (Train): 440350688.00 | Best fitness in generation (Train): 450711200.00 | Mean fitness (Train): 481023392.00 | Mean fitness (Test): 186701552.00
Generation 1900 | Best fitness (Train): 377942688.00 | Best fitness in generation (Train): 385415520.00 | Mean fitness (Train): 418060576.00 | Mean fitness (Test): 172292656.00
Generation 2000 | Best fitness (Train): 337565472.00 | Best fitness in generation (Train): 339037312.00 | Mean fitness (Train): 361771776.00 | Mean fitness (Test): 156400144.00
Generation 2100 | Best fitness (Train): 294036512.00 | Best fitness in generation (Train): 296991840.00 | Mean fitness (Train): 316332704.00 | Mean fitness (Test): 144489904.00
Generation 2200 | Best fitness (Train): 255866848.00 | Best fitness in generation (Train): 255866848.00 | Mean fitness (Train): 277670112.00 | Mean fitness (Test): 132210648.00
Generation 2300 | Best fitness (Train): 225917168.00 | Best fitness in generation (Train): 225917168.00 | Mean fitness (Train): 245240208.00 | Mean fitness (Test): 123075808.00
Generation 2400 | Best fitness (Train): 206023152.00 | Best fitness in generation (Train): 207273392.00 | Mean fitness (Train): 219078576.00 | Mean fitness (Test): 114818448.00
Generation 2500 | Best fitness (Train): 184362976.00 | Best fitness in generation (Train): 185557040.00 | Mean fitness (Train): 195718832.00 | Mean fitness (Test): 106908792.00
Generation 2600 | Best fitness (Train): 163631968.00 | Best fitness in generation (Train): 165942320.00 | Mean fitness (Train): 174849952.00 | Mean fitness (Test): 99707336.00
Generation 2700 | Best fitness (Train): 151621008.00 | Best fitness in generation (Train): 153130992.00 | Mean fitness (Train): 159587552.00 | Mean fitness (Test): 94047456.00
Generation 2800 | Best fitness (Train): 138525168.00 | Best fitness in generation (Train): 140191712.00 | Mean fitness (Train): 146781856.00 | Mean fitness (Test): 89016800.00
Generation 2900 | Best fitness (Train): 126518920.00 | Best fitness in generation (Train): 126518920.00 | Mean fitness (Train): 133906896.00 | Mean fitness (Test): 84066448.00
Generation 3000 | Best fitness (Train): 117845712.00 | Best fitness in generation (Train): 118672016.00 | Mean fitness (Train): 123530760.00 | Mean fitness (Test): 79842416.00
Generation 3100 | Best fitness (Train): 109482464.00 | Best fitness in generation (Train): 109482464.00 | Mean fitness (Train): 114056320.00 | Mean fitness (Test): 75404128.00
Generation 3200 | Best fitness (Train): 101778960.00 | Best fitness in generation (Train): 102800992.00 | Mean fitness (Train): 106114600.00 | Mean fitness (Test): 72031632.00
Generation 3300 | Best fitness (Train): 94822352.00 | Best fitness in generation (Train): 95641280.00 | Mean fitness (Train): 98883024.00 | Mean fitness (Test): 69090632.00
Generation 3400 | Best fitness (Train): 89171200.00 | Best fitness in generation (Train): 89897296.00 | Mean fitness (Train): 92512624.00 | Mean fitness (Test): 66070300.00
Generation 3500 | Best fitness (Train): 83571256.00 | Best fitness in generation (Train): 84292448.00 | Mean fitness (Train): 87004360.00 | Mean fitness (Test): 63236212.00
Generation 3600 | Best fitness (Train): 79542512.00 | Best fitness in generation (Train): 79904592.00 | Mean fitness (Train): 82224888.00 | Mean fitness (Test): 60610620.00
Generation 3700 | Best fitness (Train): 75125376.00 | Best fitness in generation (Train): 75345272.00 | Mean fitness (Train): 77374960.00 | Mean fitness (Test): 58390324.00
Generation 3800 | Best fitness (Train): 71031160.00 | Best fitness in generation (Train): 71044432.00 | Mean fitness (Train): 72947816.00 | Mean fitness (Test): 56022972.00
Generation 3900 | Best fitness (Train): 67538568.00 | Best fitness in generation (Train): 67538568.00 | Mean fitness (Train): 69259512.00 | Mean fitness (Test): 54115592.00
Generation 4000 | Best fitness (Train): 63981244.00 | Best fitness in generation (Train): 64057124.00 | Mean fitness (Train): 65654116.00 | Mean fitness (Test): 52135828.00
running the experiment ... [../../results/BBOBProblem/ellipsoidal/CMA_ES_500_10000/3]
Generation 100 | Best fitness (Train): 8140214784.00 | Best fitness in generation (Train): 8140214784.00 | Mean fitness (Train): 8190704128.00 | Mean fitness (Test): 8155347968.00
Generation 200 | Best fitness (Train): 5198222336.00 | Best fitness in generation (Train): 5198222336.00 | Mean fitness (Train): 5288953856.00 | Mean fitness (Test): 5149739008.00
Generation 300 | Best fitness (Train): 2243797504.00 | Best fitness in generation (Train): 2316168448.00 | Mean fitness (Train): 2479473664.00 | Mean fitness (Test): 1170534784.00
Generation 400 | Best fitness (Train): 2243797504.00 | Best fitness in generation (Train): 3857626624.00 | Mean fitness (Train): 4302495744.00 | Mean fitness (Test): 802687168.00
Generation 500 | Best fitness (Train): 2243797504.00 | Best fitness in generation (Train): 3895500800.00 | Mean fitness (Train): 4242394112.00 | Mean fitness (Test): 785723968.00
Generation 600 | Best fitness (Train): 2243797504.00 | Best fitness in generation (Train): 3225203200.00 | Mean fitness (Train): 3651043328.00 | Mean fitness (Test): 734469312.00
Generation 700 | Best fitness (Train): 2243797504.00 | Best fitness in generation (Train): 2771161344.00 | Mean fitness (Train): 3091182080.00 | Mean fitness (Test): 659919104.00
Generation 800 | Best fitness (Train): 2243797504.00 | Best fitness in generation (Train): 2315403520.00 | Mean fitness (Train): 2589249280.00 | Mean fitness (Test): 581298816.00
Generation 900 | Best fitness (Train): 1959132416.00 | Best fitness in generation (Train): 1995246080.00 | Mean fitness (Train): 2167463680.00 | Mean fitness (Test): 509210496.00
Generation 1000 | Best fitness (Train): 1683048832.00 | Best fitness in generation (Train): 1683048832.00 | Mean fitness (Train): 1843382528.00 | Mean fitness (Test): 456042848.00
Generation 1100 | Best fitness (Train): 1412427776.00 | Best fitness in generation (Train): 1436731648.00 | Mean fitness (Train): 1570866176.00 | Mean fitness (Test): 411117152.00
Generation 1200 | Best fitness (Train): 1226144256.00 | Best fitness in generation (Train): 1242208512.00 | Mean fitness (Train): 1346247680.00 | Mean fitness (Test): 362937312.00
Generation 1300 | Best fitness (Train): 1069509952.00 | Best fitness in generation (Train): 1081088128.00 | Mean fitness (Train): 1169896320.00 | Mean fitness (Test): 333278208.00
Generation 1400 | Best fitness (Train): 904007744.00 | Best fitness in generation (Train): 904007744.00 | Mean fitness (Train): 987073728.00 | Mean fitness (Test): 292538208.00
Generation 1500 | Best fitness (Train): 763469568.00 | Best fitness in generation (Train): 764067392.00 | Mean fitness (Train): 844099008.00 | Mean fitness (Test): 263149248.00
Generation 1600 | Best fitness (Train): 673799616.00 | Best fitness in generation (Train): 684021696.00 | Mean fitness (Train): 736844864.00 | Mean fitness (Test): 241478848.00
Generation 1700 | Best fitness (Train): 582813760.00 | Best fitness in generation (Train): 585466496.00 | Mean fitness (Train): 640538432.00 | Mean fitness (Test): 219541520.00
Generation 1800 | Best fitness (Train): 512493920.00 | Best fitness in generation (Train): 515556480.00 | Mean fitness (Train): 562255040.00 | Mean fitness (Test): 206063872.00
Generation 1900 | Best fitness (Train): 438082912.00 | Best fitness in generation (Train): 443327200.00 | Mean fitness (Train): 477145248.00 | Mean fitness (Test): 183041424.00
Generation 2000 | Best fitness (Train): 379000224.00 | Best fitness in generation (Train): 382822432.00 | Mean fitness (Train): 409096384.00 | Mean fitness (Test): 165633360.00
Generation 2100 | Best fitness (Train): 328586272.00 | Best fitness in generation (Train): 332186464.00 | Mean fitness (Train): 355714432.00 | Mean fitness (Test): 154032144.00
Generation 2200 | Best fitness (Train): 281572416.00 | Best fitness in generation (Train): 288433952.00 | Mean fitness (Train): 310754688.00 | Mean fitness (Test): 141223488.00
Generation 2300 | Best fitness (Train): 253824992.00 | Best fitness in generation (Train): 256342080.00 | Mean fitness (Train): 273772800.00 | Mean fitness (Test): 129901344.00
Generation 2400 | Best fitness (Train): 225184656.00 | Best fitness in generation (Train): 225688112.00 | Mean fitness (Train): 240016800.00 | Mean fitness (Test): 120156000.00
Generation 2500 | Best fitness (Train): 201482352.00 | Best fitness in generation (Train): 203922128.00 | Mean fitness (Train): 214388640.00 | Mean fitness (Test): 112010032.00
Generation 2600 | Best fitness (Train): 179565328.00 | Best fitness in generation (Train): 182414352.00 | Mean fitness (Train): 191999840.00 | Mean fitness (Test): 104549120.00
Generation 2700 | Best fitness (Train): 162617344.00 | Best fitness in generation (Train): 164466640.00 | Mean fitness (Train): 172756144.00 | Mean fitness (Test): 97148568.00
Generation 2800 | Best fitness (Train): 147926544.00 | Best fitness in generation (Train): 148982864.00 | Mean fitness (Train): 156919504.00 | Mean fitness (Test): 91608864.00
Generation 2900 | Best fitness (Train): 135214496.00 | Best fitness in generation (Train): 136092288.00 | Mean fitness (Train): 141765792.00 | Mean fitness (Test): 86220432.00
Generation 3000 | Best fitness (Train): 123273280.00 | Best fitness in generation (Train): 124793896.00 | Mean fitness (Train): 130684064.00 | Mean fitness (Test): 82108728.00
Generation 3100 | Best fitness (Train): 113752080.00 | Best fitness in generation (Train): 115365264.00 | Mean fitness (Train): 119966240.00 | Mean fitness (Test): 77544816.00
Generation 3200 | Best fitness (Train): 105738256.00 | Best fitness in generation (Train): 107063432.00 | Mean fitness (Train): 111326504.00 | Mean fitness (Test): 74138928.00
Generation 3300 | Best fitness (Train): 99553272.00 | Best fitness in generation (Train): 99553272.00 | Mean fitness (Train): 103877576.00 | Mean fitness (Test): 70529040.00
Generation 3400 | Best fitness (Train): 92751392.00 | Best fitness in generation (Train): 93634408.00 | Mean fitness (Train): 96791032.00 | Mean fitness (Test): 67203968.00
Generation 3500 | Best fitness (Train): 87770248.00 | Best fitness in generation (Train): 88027040.00 | Mean fitness (Train): 90954288.00 | Mean fitness (Test): 64451596.00
Generation 3600 | Best fitness (Train): 81893312.00 | Best fitness in generation (Train): 82126784.00 | Mean fitness (Train): 85011224.00 | Mean fitness (Test): 61708420.00
Generation 3700 | Best fitness (Train): 77278104.00 | Best fitness in generation (Train): 77495312.00 | Mean fitness (Train): 80233880.00 | Mean fitness (Test): 59286348.00
Generation 3800 | Best fitness (Train): 72894096.00 | Best fitness in generation (Train): 73375808.00 | Mean fitness (Train): 75563832.00 | Mean fitness (Test): 56855092.00
Generation 3900 | Best fitness (Train): 69652448.00 | Best fitness in generation (Train): 69903744.00 | Mean fitness (Train): 71793440.00 | Mean fitness (Test): 54834484.00
Generation 4000 | Best fitness (Train): 66253204.00 | Best fitness in generation (Train): 66324256.00 | Mean fitness (Train): 68334480.00 | Mean fitness (Test): 52957424.00
running the experiment ... [../../results/BBOBProblem/ellipsoidal/CMA_ES_500_10000/4]
Generation 100 | Best fitness (Train): 7724418048.00 | Best fitness in generation (Train): 7724418048.00 | Mean fitness (Train): 7777494528.00 | Mean fitness (Test): 7743932928.00
Generation 200 | Best fitness (Train): 4922232320.00 | Best fitness in generation (Train): 4922232320.00 | Mean fitness (Train): 5020815872.00 | Mean fitness (Test): 4887668736.00
Generation 300 | Best fitness (Train): 2122707072.00 | Best fitness in generation (Train): 2171639296.00 | Mean fitness (Train): 2340596992.00 | Mean fitness (Test): 1108136576.00
Generation 400 | Best fitness (Train): 2122707072.00 | Best fitness in generation (Train): 3627218432.00 | Mean fitness (Train): 3945918208.00 | Mean fitness (Test): 743505984.00
Generation 500 | Best fitness (Train): 2122707072.00 | Best fitness in generation (Train): 3625559808.00 | Mean fitness (Train): 4008430336.00 | Mean fitness (Test): 764367040.00
Generation 600 | Best fitness (Train): 2122707072.00 | Best fitness in generation (Train): 3166350336.00 | Mean fitness (Train): 3446770176.00 | Mean fitness (Test): 700456064.00
Generation 700 | Best fitness (Train): 2122707072.00 | Best fitness in generation (Train): 2648541184.00 | Mean fitness (Train): 2871925504.00 | Mean fitness (Test): 620505024.00
Generation 800 | Best fitness (Train): 2122707072.00 | Best fitness in generation (Train): 2192489472.00 | Mean fitness (Train): 2419405568.00 | Mean fitness (Test): 549720448.00
Generation 900 | Best fitness (Train): 1805639680.00 | Best fitness in generation (Train): 1890116864.00 | Mean fitness (Train): 2035929728.00 | Mean fitness (Test): 492884960.00
Generation 1000 | Best fitness (Train): 1501360384.00 | Best fitness in generation (Train): 1501360384.00 | Mean fitness (Train): 1671272704.00 | Mean fitness (Test): 429812576.00
Generation 1100 | Best fitness (Train): 1301472896.00 | Best fitness in generation (Train): 1301472896.00 | Mean fitness (Train): 1423215360.00 | Mean fitness (Test): 389821088.00
Generation 1200 | Best fitness (Train): 1101178496.00 | Best fitness in generation (Train): 1107598208.00 | Mean fitness (Train): 1213453824.00 | Mean fitness (Test): 355173088.00
Generation 1300 | Best fitness (Train): 919681344.00 | Best fitness in generation (Train): 932705664.00 | Mean fitness (Train): 1017115968.00 | Mean fitness (Test): 310769216.00
Generation 1400 | Best fitness (Train): 803394624.00 | Best fitness in generation (Train): 812644544.00 | Mean fitness (Train): 879777536.00 | Mean fitness (Test): 279839648.00
Generation 1500 | Best fitness (Train): 696035328.00 | Best fitness in generation (Train): 702221632.00 | Mean fitness (Train): 756772480.00 | Mean fitness (Test): 251697840.00
Generation 1600 | Best fitness (Train): 591097664.00 | Best fitness in generation (Train): 603762368.00 | Mean fitness (Train): 645726208.00 | Mean fitness (Test): 225555632.00
Generation 1700 | Best fitness (Train): 506124384.00 | Best fitness in generation (Train): 516556704.00 | Mean fitness (Train): 555201600.00 | Mean fitness (Test): 206542416.00
Generation 1800 | Best fitness (Train): 439842528.00 | Best fitness in generation (Train): 445929696.00 | Mean fitness (Train): 477201184.00 | Mean fitness (Test): 184964176.00
Generation 1900 | Best fitness (Train): 379823264.00 | Best fitness in generation (Train): 379823264.00 | Mean fitness (Train): 410636928.00 | Mean fitness (Test): 167599360.00
Generation 2000 | Best fitness (Train): 323808608.00 | Best fitness in generation (Train): 330542112.00 | Mean fitness (Train): 351838016.00 | Mean fitness (Test): 154466672.00
Generation 2100 | Best fitness (Train): 280941536.00 | Best fitness in generation (Train): 280941536.00 | Mean fitness (Train): 304944800.00 | Mean fitness (Test): 141952816.00
Generation 2200 | Best fitness (Train): 247090160.00 | Best fitness in generation (Train): 251250096.00 | Mean fitness (Train): 268034480.00 | Mean fitness (Test): 130001000.00
Generation 2300 | Best fitness (Train): 224973200.00 | Best fitness in generation (Train): 226943680.00 | Mean fitness (Train): 241627872.00 | Mean fitness (Test): 120712816.00
Generation 2400 | Best fitness (Train): 199039088.00 | Best fitness in generation (Train): 202942016.00 | Mean fitness (Train): 215149744.00 | Mean fitness (Test): 111522536.00
Generation 2500 | Best fitness (Train): 180454864.00 | Best fitness in generation (Train): 182505040.00 | Mean fitness (Train): 193880800.00 | Mean fitness (Test): 104344912.00
Generation 2600 | Best fitness (Train): 164280592.00 | Best fitness in generation (Train): 165632816.00 | Mean fitness (Train): 174447472.00 | Mean fitness (Test): 96086720.00
Generation 2700 | Best fitness (Train): 149825456.00 | Best fitness in generation (Train): 149825456.00 | Mean fitness (Train): 158219056.00 | Mean fitness (Test): 90098768.00
Generation 2800 | Best fitness (Train): 134277936.00 | Best fitness in generation (Train): 136113568.00 | Mean fitness (Train): 142915968.00 | Mean fitness (Test): 84150032.00
Generation 2900 | Best fitness (Train): 124595872.00 | Best fitness in generation (Train): 124639520.00 | Mean fitness (Train): 130935176.00 | Mean fitness (Test): 79351256.00
Generation 3000 | Best fitness (Train): 114539680.00 | Best fitness in generation (Train): 115077888.00 | Mean fitness (Train): 120294312.00 | Mean fitness (Test): 74904840.00
Generation 3100 | Best fitness (Train): 105688400.00 | Best fitness in generation (Train): 106996320.00 | Mean fitness (Train): 110931432.00 | Mean fitness (Test): 71127488.00
Generation 3200 | Best fitness (Train): 98562544.00 | Best fitness in generation (Train): 98839472.00 | Mean fitness (Train): 102694096.00 | Mean fitness (Test): 67705744.00
Generation 3300 | Best fitness (Train): 92139664.00 | Best fitness in generation (Train): 92139664.00 | Mean fitness (Train): 95994440.00 | Mean fitness (Test): 64675284.00
Generation 3400 | Best fitness (Train): 85558248.00 | Best fitness in generation (Train): 85915664.00 | Mean fitness (Train): 89017432.00 | Mean fitness (Test): 61719992.00
Generation 3500 | Best fitness (Train): 79973040.00 | Best fitness in generation (Train): 80832784.00 | Mean fitness (Train): 83346272.00 | Mean fitness (Test): 59071572.00
Generation 3600 | Best fitness (Train): 74861288.00 | Best fitness in generation (Train): 74861288.00 | Mean fitness (Train): 77822544.00 | Mean fitness (Test): 56629692.00
Generation 3700 | Best fitness (Train): 70234576.00 | Best fitness in generation (Train): 70660336.00 | Mean fitness (Train): 72775432.00 | Mean fitness (Test): 54539756.00
Generation 3800 | Best fitness (Train): 67021612.00 | Best fitness in generation (Train): 67212680.00 | Mean fitness (Train): 69149944.00 | Mean fitness (Test): 52699540.00
Generation 3900 | Best fitness (Train): 63433292.00 | Best fitness in generation (Train): 63639692.00 | Mean fitness (Train): 65338004.00 | Mean fitness (Test): 50674908.00
Generation 4000 | Best fitness (Train): 59968396.00 | Best fitness in generation (Train): 60027460.00 | Mean fitness (Train): 61649652.00 | Mean fitness (Test): 48947292.00
Running ES algorithms:  14%|███████████████████                                                                                                                  | 1/7 [00:00<00:00,  6.93it/s][A
there is experiment results. [../../results/BBOBProblem/ellipsoidal/LearnedES_500_10000/0]
there is experiment results. [../../results/BBOBProblem/ellipsoidal/LearnedES_500_10000/1]
there is experiment results. [../../results/BBOBProblem/ellipsoidal/LearnedES_500_10000/2]
there is experiment results. [../../results/BBOBProblem/ellipsoidal/LearnedES_500_10000/3]
there is experiment results. [../../results/BBOBProblem/ellipsoidal/LearnedES_500_10000/4]
there is experiment results. [../../results/BBOBProblem/ellipsoidal/DiscoveredES_500_10000/0]
there is experiment results. [../../results/BBOBProblem/ellipsoidal/DiscoveredES_500_10000/1]
there is experiment results. [../../results/BBOBProblem/ellipsoidal/DiscoveredES_500_10000/2]
there is experiment results. [../../results/BBOBProblem/ellipsoidal/DiscoveredES_500_10000/3]
there is experiment results. [../../results/BBOBProblem/ellipsoidal/DiscoveredES_500_10000/4]
Running ES algorithms:  71%|██████████████████████████████████████████████████████████████████████████████████████████▋                                    | 5/7 [6:58:53<2:58:15, 5347.65s/it][ARunning ES algorithms: 100%|█████████████████████████████████████████████████████████████████████████████████████████████████████████████████████████████████| 7/7 [6:58:54<00:00, 3590.57s/it]
Successfully loaded: rastrigin
Loading Problems ..:   8%|██████████▌                                                                                                                   | 2/24 [6:59:02<90:22:31, 14788.70s/it]
there is experiment results. [../../results/BBOBProblem/rastrigin/PGPE_500_10000/0]
there is experiment results. [../../results/BBOBProblem/rastrigin/PGPE_500_10000/1]
there is experiment results. [../../results/BBOBProblem/rastrigin/PGPE_500_10000/2]
there is experiment results. [../../results/BBOBProblem/rastrigin/PGPE_500_10000/3]
there is experiment results. [../../results/BBOBProblem/rastrigin/PGPE_500_10000/4]
Running ES algorithms:   0%|                                                                                                                                             | 0/7 [00:00<?, ?it/s][A
there is experiment results. [../../results/BBOBProblem/rastrigin/Open_ES_500_10000/0]
there is experiment results. [../../results/BBOBProblem/rastrigin/Open_ES_500_10000/1]
there is experiment results. [../../results/BBOBProblem/rastrigin/Open_ES_500_10000/2]
there is experiment results. [../../results/BBOBProblem/rastrigin/Open_ES_500_10000/3]
there is experiment results. [../../results/BBOBProblem/rastrigin/Open_ES_500_10000/4]
there is experiment results. [../../results/BBOBProblem/rastrigin/SNES_500_10000/0]
there is experiment results. [../../results/BBOBProblem/rastrigin/SNES_500_10000/1]
there is experiment results. [../../results/BBOBProblem/rastrigin/SNES_500_10000/2]
there is experiment results. [../../results/BBOBProblem/rastrigin/SNES_500_10000/3]
there is experiment results. [../../results/BBOBProblem/rastrigin/SNES_500_10000/4]
there is experiment results. [../../results/BBOBProblem/rastrigin/Sep_CMA_ES_500_10000/0]
there is experiment results. [../../results/BBOBProblem/rastrigin/Sep_CMA_ES_500_10000/1]
there is experiment results. [../../results/BBOBProblem/rastrigin/Sep_CMA_ES_500_10000/2]
there is experiment results. [../../results/BBOBProblem/rastrigin/Sep_CMA_ES_500_10000/3]
there is experiment results. [../../results/BBOBProblem/rastrigin/Sep_CMA_ES_500_10000/4]
running the experiment ... [../../results/BBOBProblem/rastrigin/CMA_ES_500_10000/0]
Generation 100 | Best fitness (Train): 1040943.75 | Best fitness in generation (Train): 1040943.75 | Mean fitness (Train): 1048405.69 | Mean fitness (Test): 1036073.19
Generation 200 | Best fitness (Train): 763920.50 | Best fitness in generation (Train): 763920.50 | Mean fitness (Train): 772716.06 | Mean fitness (Test): 749603.62
Generation 300 | Best fitness (Train): 477970.72 | Best fitness in generation (Train): 477970.72 | Mean fitness (Train): 492214.03 | Mean fitness (Test): 406944.91
Generation 400 | Best fitness (Train): 447743.78 | Best fitness in generation (Train): 616759.00 | Mean fitness (Train): 662228.25 | Mean fitness (Test): 259372.41
Generation 500 | Best fitness (Train): 447743.78 | Best fitness in generation (Train): 772045.62 | Mean fitness (Train): 821822.75 | Mean fitness (Test): 316847.75
Generation 600 | Best fitness (Train): 447743.78 | Best fitness in generation (Train): 545414.69 | Mean fitness (Train): 574458.44 | Mean fitness (Test): 280271.84
Generation 700 | Best fitness (Train): 364518.56 | Best fitness in generation (Train): 364518.56 | Mean fitness (Train): 380118.34 | Mean fitness (Test): 211597.83
Generation 800 | Best fitness (Train): 269146.78 | Best fitness in generation (Train): 271545.19 | Mean fitness (Train): 280798.38 | Mean fitness (Test): 172364.66
Generation 900 | Best fitness (Train): 214175.22 | Best fitness in generation (Train): 214175.22 | Mean fitness (Train): 220688.36 | Mean fitness (Test): 144471.77
Generation 1000 | Best fitness (Train): 178350.30 | Best fitness in generation (Train): 178350.30 | Mean fitness (Train): 183229.42 | Mean fitness (Test): 130451.63
Generation 1100 | Best fitness (Train): 153039.72 | Best fitness in generation (Train): 153789.25 | Mean fitness (Train): 156653.42 | Mean fitness (Test): 122516.43
Generation 1200 | Best fitness (Train): 137303.58 | Best fitness in generation (Train): 137303.58 | Mean fitness (Train): 140356.94 | Mean fitness (Test): 115826.33
Generation 1300 | Best fitness (Train): 127882.37 | Best fitness in generation (Train): 128957.05 | Mean fitness (Train): 130823.83 | Mean fitness (Test): 114442.06
Generation 1400 | Best fitness (Train): 121896.77 | Best fitness in generation (Train): 121896.77 | Mean fitness (Train): 124663.51 | Mean fitness (Test): 111650.85
Generation 1500 | Best fitness (Train): 118267.14 | Best fitness in generation (Train): 118366.79 | Mean fitness (Train): 120609.73 | Mean fitness (Test): 110769.35
Generation 1600 | Best fitness (Train): 115113.59 | Best fitness in generation (Train): 115326.61 | Mean fitness (Train): 117490.69 | Mean fitness (Test): 109947.59
Generation 1700 | Best fitness (Train): 112672.13 | Best fitness in generation (Train): 113277.94 | Mean fitness (Train): 115259.17 | Mean fitness (Test): 106399.88
Generation 1800 | Best fitness (Train): 110767.95 | Best fitness in generation (Train): 111369.59 | Mean fitness (Train): 113601.51 | Mean fitness (Test): 105868.91
Generation 1900 | Best fitness (Train): 109310.84 | Best fitness in generation (Train): 110081.68 | Mean fitness (Train): 112256.29 | Mean fitness (Test): 104860.43
Generation 2000 | Best fitness (Train): 108670.98 | Best fitness in generation (Train): 109265.45 | Mean fitness (Train): 111127.05 | Mean fitness (Test): 100912.55
Generation 2100 | Best fitness (Train): 107176.34 | Best fitness in generation (Train): 107466.51 | Mean fitness (Train): 109807.91 | Mean fitness (Test): 98151.51
Generation 2200 | Best fitness (Train): 105843.87 | Best fitness in generation (Train): 106329.67 | Mean fitness (Train): 108325.34 | Mean fitness (Test): 94782.48
Generation 2300 | Best fitness (Train): 103741.24 | Best fitness in generation (Train): 104187.50 | Mean fitness (Train): 106501.72 | Mean fitness (Test): 90567.78
Generation 2400 | Best fitness (Train): 101472.43 | Best fitness in generation (Train): 101472.43 | Mean fitness (Train): 103951.67 | Mean fitness (Test): 84532.09
Generation 2500 | Best fitness (Train): 98354.70 | Best fitness in generation (Train): 99059.41 | Mean fitness (Train): 100931.41 | Mean fitness (Test): 80222.16
Generation 2600 | Best fitness (Train): 94890.09 | Best fitness in generation (Train): 94979.02 | Mean fitness (Train): 97067.45 | Mean fitness (Test): 72386.57
Generation 2700 | Best fitness (Train): 89594.73 | Best fitness in generation (Train): 90380.43 | Mean fitness (Train): 91919.88 | Mean fitness (Test): 65407.09
Generation 2800 | Best fitness (Train): 82783.76 | Best fitness in generation (Train): 82783.76 | Mean fitness (Train): 84562.34 | Mean fitness (Test): 55791.12
Generation 2900 | Best fitness (Train): 73325.27 | Best fitness in generation (Train): 73358.58 | Mean fitness (Train): 75044.13 | Mean fitness (Test): 45376.67
Generation 3000 | Best fitness (Train): 61590.13 | Best fitness in generation (Train): 61690.15 | Mean fitness (Train): 63144.59 | Mean fitness (Test): 35279.30
Generation 3100 | Best fitness (Train): 48643.85 | Best fitness in generation (Train): 48723.77 | Mean fitness (Train): 49801.79 | Mean fitness (Test): 26315.48
Generation 3200 | Best fitness (Train): 37056.60 | Best fitness in generation (Train): 37056.60 | Mean fitness (Train): 38023.79 | Mean fitness (Test): 21105.80
Generation 3300 | Best fitness (Train): 28426.53 | Best fitness in generation (Train): 28426.53 | Mean fitness (Train): 29109.75 | Mean fitness (Test): 17998.63
Generation 3400 | Best fitness (Train): 22791.43 | Best fitness in generation (Train): 22791.43 | Mean fitness (Train): 23176.15 | Mean fitness (Test): 16105.49
Generation 3500 | Best fitness (Train): 19039.30 | Best fitness in generation (Train): 19039.30 | Mean fitness (Train): 19431.63 | Mean fitness (Test): 14794.82
Generation 3600 | Best fitness (Train): 16850.57 | Best fitness in generation (Train): 16877.53 | Mean fitness (Train): 17043.59 | Mean fitness (Test): 13957.17
Generation 3700 | Best fitness (Train): 15306.67 | Best fitness in generation (Train): 15306.67 | Mean fitness (Train): 15461.61 | Mean fitness (Test): 13412.42
Generation 3800 | Best fitness (Train): 14356.89 | Best fitness in generation (Train): 14370.42 | Mean fitness (Train): 14461.46 | Mean fitness (Test): 13068.88
Generation 3900 | Best fitness (Train): 13714.93 | Best fitness in generation (Train): 13730.44 | Mean fitness (Train): 13784.89 | Mean fitness (Test): 12836.84
Generation 4000 | Best fitness (Train): 13268.93 | Best fitness in generation (Train): 13273.03 | Mean fitness (Train): 13309.34 | Mean fitness (Test): 12658.37
running the experiment ... [../../results/BBOBProblem/rastrigin/CMA_ES_500_10000/1]
Generation 100 | Best fitness (Train): 1055345.00 | Best fitness in generation (Train): 1055345.00 | Mean fitness (Train): 1061513.00 | Mean fitness (Test): 1049824.25
Generation 200 | Best fitness (Train): 771062.25 | Best fitness in generation (Train): 771062.25 | Mean fitness (Train): 779786.69 | Mean fitness (Test): 758922.38
Generation 300 | Best fitness (Train): 485351.28 | Best fitness in generation (Train): 485351.28 | Mean fitness (Train): 496249.94 | Mean fitness (Test): 410390.84
Generation 400 | Best fitness (Train): 449184.47 | Best fitness in generation (Train): 614781.94 | Mean fitness (Train): 657308.44 | Mean fitness (Test): 260320.39
Generation 500 | Best fitness (Train): 449184.47 | Best fitness in generation (Train): 758731.25 | Mean fitness (Train): 805836.75 | Mean fitness (Test): 314313.03
Generation 600 | Best fitness (Train): 449184.47 | Best fitness in generation (Train): 540878.19 | Mean fitness (Train): 567489.19 | Mean fitness (Test): 279733.16
Generation 700 | Best fitness (Train): 371364.75 | Best fitness in generation (Train): 371364.75 | Mean fitness (Train): 385092.00 | Mean fitness (Test): 212435.84
Generation 800 | Best fitness (Train): 273219.56 | Best fitness in generation (Train): 273219.56 | Mean fitness (Train): 283799.75 | Mean fitness (Test): 168790.69
Generation 900 | Best fitness (Train): 215737.53 | Best fitness in generation (Train): 215737.53 | Mean fitness (Train): 221862.53 | Mean fitness (Test): 144056.88
Generation 1000 | Best fitness (Train): 176207.47 | Best fitness in generation (Train): 177363.59 | Mean fitness (Train): 181109.27 | Mean fitness (Test): 129869.02
Generation 1100 | Best fitness (Train): 152182.42 | Best fitness in generation (Train): 152182.42 | Mean fitness (Train): 155803.20 | Mean fitness (Test): 120765.90
Generation 1200 | Best fitness (Train): 136703.73 | Best fitness in generation (Train): 136788.03 | Mean fitness (Train): 139585.27 | Mean fitness (Test): 115788.59
Generation 1300 | Best fitness (Train): 127547.21 | Best fitness in generation (Train): 127725.98 | Mean fitness (Train): 130005.17 | Mean fitness (Test): 114099.61
Generation 1400 | Best fitness (Train): 120592.59 | Best fitness in generation (Train): 121533.48 | Mean fitness (Train): 123511.84 | Mean fitness (Test): 111745.13
Generation 1500 | Best fitness (Train): 117021.80 | Best fitness in generation (Train): 117481.87 | Mean fitness (Train): 119611.99 | Mean fitness (Test): 111651.30
Generation 1600 | Best fitness (Train): 113905.65 | Best fitness in generation (Train): 114173.21 | Mean fitness (Train): 116762.44 | Mean fitness (Test): 110150.17
Generation 1700 | Best fitness (Train): 112533.95 | Best fitness in generation (Train): 112697.23 | Mean fitness (Train): 115065.36 | Mean fitness (Test): 107136.61
Generation 1800 | Best fitness (Train): 110856.23 | Best fitness in generation (Train): 111131.09 | Mean fitness (Train): 113471.76 | Mean fitness (Test): 105406.54
Generation 1900 | Best fitness (Train): 109060.16 | Best fitness in generation (Train): 109657.38 | Mean fitness (Train): 112064.12 | Mean fitness (Test): 104105.25
Generation 2000 | Best fitness (Train): 108081.03 | Best fitness in generation (Train): 108561.19 | Mean fitness (Train): 110764.09 | Mean fitness (Test): 100679.60
Generation 2100 | Best fitness (Train): 106942.63 | Best fitness in generation (Train): 107407.33 | Mean fitness (Train): 109592.01 | Mean fitness (Test): 96538.27
Generation 2200 | Best fitness (Train): 105013.44 | Best fitness in generation (Train): 105574.05 | Mean fitness (Train): 107687.27 | Mean fitness (Test): 93167.28
Generation 2300 | Best fitness (Train): 103497.48 | Best fitness in generation (Train): 103550.45 | Mean fitness (Train): 105928.93 | Mean fitness (Test): 89302.09
Generation 2400 | Best fitness (Train): 101331.60 | Best fitness in generation (Train): 101736.70 | Mean fitness (Train): 103619.70 | Mean fitness (Test): 83987.21
Generation 2500 | Best fitness (Train): 97742.39 | Best fitness in generation (Train): 98487.98 | Mean fitness (Train): 100396.56 | Mean fitness (Test): 78736.70
Generation 2600 | Best fitness (Train): 93912.45 | Best fitness in generation (Train): 93912.45 | Mean fitness (Train): 96161.51 | Mean fitness (Test): 71749.83
Generation 2700 | Best fitness (Train): 88874.78 | Best fitness in generation (Train): 89312.84 | Mean fitness (Train): 90875.48 | Mean fitness (Test): 64541.07
Generation 2800 | Best fitness (Train): 81355.15 | Best fitness in generation (Train): 81355.15 | Mean fitness (Train): 83304.88 | Mean fitness (Test): 54395.35
Generation 2900 | Best fitness (Train): 71458.04 | Best fitness in generation (Train): 71515.96 | Mean fitness (Train): 73196.77 | Mean fitness (Test): 44131.46
Generation 3000 | Best fitness (Train): 59528.79 | Best fitness in generation (Train): 59563.62 | Mean fitness (Train): 60893.95 | Mean fitness (Test): 33743.67
Generation 3100 | Best fitness (Train): 46946.96 | Best fitness in generation (Train): 46946.96 | Mean fitness (Train): 48195.17 | Mean fitness (Test): 25965.40
Generation 3200 | Best fitness (Train): 36056.27 | Best fitness in generation (Train): 36056.27 | Mean fitness (Train): 36965.74 | Mean fitness (Test): 20835.85
Generation 3300 | Best fitness (Train): 27925.24 | Best fitness in generation (Train): 27940.02 | Mean fitness (Train): 28582.20 | Mean fitness (Test): 18036.28
Generation 3400 | Best fitness (Train): 22716.15 | Best fitness in generation (Train): 22724.35 | Mean fitness (Train): 23168.83 | Mean fitness (Test): 16165.30
Generation 3500 | Best fitness (Train): 19280.18 | Best fitness in generation (Train): 19280.18 | Mean fitness (Train): 19535.66 | Mean fitness (Test): 14974.55
Generation 3600 | Best fitness (Train): 17015.75 | Best fitness in generation (Train): 17015.75 | Mean fitness (Train): 17219.57 | Mean fitness (Test): 14157.03
Generation 3700 | Best fitness (Train): 15569.32 | Best fitness in generation (Train): 15578.99 | Mean fitness (Train): 15699.68 | Mean fitness (Test): 13619.33
Generation 3800 | Best fitness (Train): 14556.09 | Best fitness in generation (Train): 14581.29 | Mean fitness (Train): 14658.44 | Mean fitness (Test): 13252.36
Generation 3900 | Best fitness (Train): 13914.73 | Best fitness in generation (Train): 13914.73 | Mean fitness (Train): 13974.59 | Mean fitness (Test): 13014.29
Generation 4000 | Best fitness (Train): 13467.61 | Best fitness in generation (Train): 13467.75 | Mean fitness (Train): 13504.99 | Mean fitness (Test): 12837.22
running the experiment ... [../../results/BBOBProblem/rastrigin/CMA_ES_500_10000/2]
Generation 100 | Best fitness (Train): 1079103.00 | Best fitness in generation (Train): 1079103.00 | Mean fitness (Train): 1085141.38 | Mean fitness (Test): 1073264.62
Generation 200 | Best fitness (Train): 787373.56 | Best fitness in generation (Train): 787373.56 | Mean fitness (Train): 794737.06 | Mean fitness (Test): 772094.81
Generation 300 | Best fitness (Train): 492137.72 | Best fitness in generation (Train): 492164.91 | Mean fitness (Train): 506232.81 | Mean fitness (Test): 417469.09
Generation 400 | Best fitness (Train): 461578.38 | Best fitness in generation (Train): 636159.44 | Mean fitness (Train): 678603.31 | Mean fitness (Test): 264570.88
Generation 500 | Best fitness (Train): 461578.38 | Best fitness in generation (Train): 806959.75 | Mean fitness (Train): 855356.00 | Mean fitness (Test): 327447.47
Generation 600 | Best fitness (Train): 461578.38 | Best fitness in generation (Train): 569015.31 | Mean fitness (Train): 601985.25 | Mean fitness (Test): 292059.28
Generation 700 | Best fitness (Train): 377378.59 | Best fitness in generation (Train): 380405.91 | Mean fitness (Train): 395871.00 | Mean fitness (Test): 218019.12
Generation 800 | Best fitness (Train): 278466.91 | Best fitness in generation (Train): 279682.78 | Mean fitness (Train): 288659.66 | Mean fitness (Test): 172470.59
Generation 900 | Best fitness (Train): 219241.42 | Best fitness in generation (Train): 219241.42 | Mean fitness (Train): 226608.95 | Mean fitness (Test): 147660.69
Generation 1000 | Best fitness (Train): 179950.22 | Best fitness in generation (Train): 180190.97 | Mean fitness (Train): 184339.50 | Mean fitness (Test): 130413.66
Generation 1100 | Best fitness (Train): 153991.16 | Best fitness in generation (Train): 154234.56 | Mean fitness (Train): 157637.58 | Mean fitness (Test): 121404.20
Generation 1200 | Best fitness (Train): 138914.97 | Best fitness in generation (Train): 139056.34 | Mean fitness (Train): 141437.17 | Mean fitness (Test): 117081.62
Generation 1300 | Best fitness (Train): 128351.98 | Best fitness in generation (Train): 128351.98 | Mean fitness (Train): 130982.59 | Mean fitness (Test): 112561.43
Generation 1400 | Best fitness (Train): 121948.04 | Best fitness in generation (Train): 122249.52 | Mean fitness (Train): 124449.48 | Mean fitness (Test): 112097.90
Generation 1500 | Best fitness (Train): 117347.82 | Best fitness in generation (Train): 117478.24 | Mean fitness (Train): 119941.91 | Mean fitness (Test): 109690.67
Generation 1600 | Best fitness (Train): 114545.13 | Best fitness in generation (Train): 115222.70 | Mean fitness (Train): 117496.77 | Mean fitness (Test): 110218.91
Generation 1700 | Best fitness (Train): 112341.62 | Best fitness in generation (Train): 113593.30 | Mean fitness (Train): 115331.72 | Mean fitness (Test): 107811.00
Generation 1800 | Best fitness (Train): 110526.15 | Best fitness in generation (Train): 111652.15 | Mean fitness (Train): 113697.77 | Mean fitness (Test): 106490.66
Generation 1900 | Best fitness (Train): 109074.55 | Best fitness in generation (Train): 110170.52 | Mean fitness (Train): 112322.71 | Mean fitness (Test): 103640.01
Generation 2000 | Best fitness (Train): 108386.47 | Best fitness in generation (Train): 108555.62 | Mean fitness (Train): 111039.86 | Mean fitness (Test): 99710.70
Generation 2100 | Best fitness (Train): 107414.28 | Best fitness in generation (Train): 107509.21 | Mean fitness (Train): 109782.53 | Mean fitness (Test): 96980.50
Generation 2200 | Best fitness (Train): 105692.84 | Best fitness in generation (Train): 106521.13 | Mean fitness (Train): 108382.52 | Mean fitness (Test): 94947.61
Generation 2300 | Best fitness (Train): 103803.18 | Best fitness in generation (Train): 104133.49 | Mean fitness (Train): 106390.85 | Mean fitness (Test): 91067.82
Generation 2400 | Best fitness (Train): 101831.34 | Best fitness in generation (Train): 101904.02 | Mean fitness (Train): 104236.74 | Mean fitness (Test): 85673.62
Generation 2500 | Best fitness (Train): 98772.76 | Best fitness in generation (Train): 98772.76 | Mean fitness (Train): 101224.73 | Mean fitness (Test): 79791.83
Generation 2600 | Best fitness (Train): 94753.62 | Best fitness in generation (Train): 95625.69 | Mean fitness (Train): 97300.48 | Mean fitness (Test): 73513.13
Generation 2700 | Best fitness (Train): 89770.62 | Best fitness in generation (Train): 89770.62 | Mean fitness (Train): 91806.61 | Mean fitness (Test): 65338.78
Generation 2800 | Best fitness (Train): 82798.25 | Best fitness in generation (Train): 82992.95 | Mean fitness (Train): 84944.30 | Mean fitness (Test): 56265.14
Generation 2900 | Best fitness (Train): 73169.90 | Best fitness in generation (Train): 73525.91 | Mean fitness (Train): 75559.02 | Mean fitness (Test): 46399.68
Generation 3000 | Best fitness (Train): 62445.47 | Best fitness in generation (Train): 62479.71 | Mean fitness (Train): 63970.74 | Mean fitness (Test): 35915.86
Generation 3100 | Best fitness (Train): 49733.56 | Best fitness in generation (Train): 49733.56 | Mean fitness (Train): 51143.79 | Mean fitness (Test): 27460.19
Generation 3200 | Best fitness (Train): 37949.43 | Best fitness in generation (Train): 37949.43 | Mean fitness (Train): 39367.07 | Mean fitness (Test): 21623.74
Generation 3300 | Best fitness (Train): 29396.28 | Best fitness in generation (Train): 29396.28 | Mean fitness (Train): 30074.50 | Mean fitness (Test): 18313.51
Generation 3400 | Best fitness (Train): 23375.43 | Best fitness in generation (Train): 23389.39 | Mean fitness (Train): 23839.36 | Mean fitness (Test): 16148.89
Generation 3500 | Best fitness (Train): 19545.92 | Best fitness in generation (Train): 19582.58 | Mean fitness (Train): 19905.15 | Mean fitness (Test): 14835.91
Generation 3600 | Best fitness (Train): 17136.17 | Best fitness in generation (Train): 17136.17 | Mean fitness (Train): 17372.08 | Mean fitness (Test): 14003.31
Generation 3700 | Best fitness (Train): 15555.99 | Best fitness in generation (Train): 15557.08 | Mean fitness (Train): 15687.19 | Mean fitness (Test): 13428.04
Generation 3800 | Best fitness (Train): 14468.92 | Best fitness in generation (Train): 14468.92 | Mean fitness (Train): 14573.09 | Mean fitness (Test): 13050.27
Generation 3900 | Best fitness (Train): 13744.37 | Best fitness in generation (Train): 13744.37 | Mean fitness (Train): 13812.85 | Mean fitness (Test): 12774.52
Generation 4000 | Best fitness (Train): 13254.48 | Best fitness in generation (Train): 13275.92 | Mean fitness (Train): 13312.41 | Mean fitness (Test): 12591.37
running the experiment ... [../../results/BBOBProblem/rastrigin/CMA_ES_500_10000/3]
Generation 100 | Best fitness (Train): 1090148.38 | Best fitness in generation (Train): 1090148.38 | Mean fitness (Train): 1096190.38 | Mean fitness (Test): 1083661.00
Generation 200 | Best fitness (Train): 796984.81 | Best fitness in generation (Train): 796984.81 | Mean fitness (Train): 806417.94 | Mean fitness (Test): 783302.50
Generation 300 | Best fitness (Train): 497224.72 | Best fitness in generation (Train): 498287.06 | Mean fitness (Train): 508757.53 | Mean fitness (Test): 421995.97
Generation 400 | Best fitness (Train): 461297.09 | Best fitness in generation (Train): 619071.56 | Mean fitness (Train): 659162.50 | Mean fitness (Test): 263325.31
Generation 500 | Best fitness (Train): 461297.09 | Best fitness in generation (Train): 793454.69 | Mean fitness (Train): 840196.44 | Mean fitness (Test): 324967.75
Generation 600 | Best fitness (Train): 461297.09 | Best fitness in generation (Train): 564545.31 | Mean fitness (Train): 590189.00 | Mean fitness (Test): 286164.69
Generation 700 | Best fitness (Train): 376891.72 | Best fitness in generation (Train): 377682.03 | Mean fitness (Train): 391816.03 | Mean fitness (Test): 216803.56
Generation 800 | Best fitness (Train): 278353.69 | Best fitness in generation (Train): 278353.69 | Mean fitness (Train): 286915.25 | Mean fitness (Test): 172711.42
Generation 900 | Best fitness (Train): 218128.41 | Best fitness in generation (Train): 218128.41 | Mean fitness (Train): 224978.58 | Mean fitness (Test): 146146.56
Generation 1000 | Best fitness (Train): 178460.12 | Best fitness in generation (Train): 178460.12 | Mean fitness (Train): 183950.86 | Mean fitness (Test): 130685.96
Generation 1100 | Best fitness (Train): 154302.56 | Best fitness in generation (Train): 154302.56 | Mean fitness (Train): 158175.11 | Mean fitness (Test): 122544.82
Generation 1200 | Best fitness (Train): 138354.16 | Best fitness in generation (Train): 138354.16 | Mean fitness (Train): 141121.61 | Mean fitness (Test): 116536.63
Generation 1300 | Best fitness (Train): 127834.05 | Best fitness in generation (Train): 128249.28 | Mean fitness (Train): 130737.46 | Mean fitness (Test): 113955.94
Generation 1400 | Best fitness (Train): 121356.48 | Best fitness in generation (Train): 121356.48 | Mean fitness (Train): 124220.62 | Mean fitness (Test): 111229.58
Generation 1500 | Best fitness (Train): 116960.73 | Best fitness in generation (Train): 117352.95 | Mean fitness (Train): 120115.99 | Mean fitness (Test): 109203.51
Generation 1600 | Best fitness (Train): 115035.68 | Best fitness in generation (Train): 115621.89 | Mean fitness (Train): 117519.88 | Mean fitness (Test): 109418.51
Generation 1700 | Best fitness (Train): 112905.40 | Best fitness in generation (Train): 113122.58 | Mean fitness (Train): 115530.83 | Mean fitness (Test): 107730.00
Generation 1800 | Best fitness (Train): 111152.40 | Best fitness in generation (Train): 111585.95 | Mean fitness (Train): 113610.58 | Mean fitness (Test): 105465.35
Generation 1900 | Best fitness (Train): 109628.24 | Best fitness in generation (Train): 110134.80 | Mean fitness (Train): 112196.10 | Mean fitness (Test): 102827.06
Generation 2000 | Best fitness (Train): 108091.62 | Best fitness in generation (Train): 108631.20 | Mean fitness (Train): 111004.98 | Mean fitness (Test): 100252.12
Generation 2100 | Best fitness (Train): 106993.40 | Best fitness in generation (Train): 107665.83 | Mean fitness (Train): 109601.29 | Mean fitness (Test): 97888.05
Generation 2200 | Best fitness (Train): 105605.70 | Best fitness in generation (Train): 106054.91 | Mean fitness (Train): 108045.32 | Mean fitness (Test): 93709.13
Generation 2300 | Best fitness (Train): 103347.50 | Best fitness in generation (Train): 103761.51 | Mean fitness (Train): 105889.33 | Mean fitness (Test): 89251.95
Generation 2400 | Best fitness (Train): 100920.09 | Best fitness in generation (Train): 101184.93 | Mean fitness (Train): 103446.77 | Mean fitness (Test): 84899.98
Generation 2500 | Best fitness (Train): 98261.58 | Best fitness in generation (Train): 98687.91 | Mean fitness (Train): 100529.69 | Mean fitness (Test): 78672.23
Generation 2600 | Best fitness (Train): 93984.62 | Best fitness in generation (Train): 94559.94 | Mean fitness (Train): 96225.89 | Mean fitness (Test): 71905.73
Generation 2700 | Best fitness (Train): 88674.41 | Best fitness in generation (Train): 88686.98 | Mean fitness (Train): 90710.84 | Mean fitness (Test): 64075.14
Generation 2800 | Best fitness (Train): 81269.00 | Best fitness in generation (Train): 81269.00 | Mean fitness (Train): 82992.63 | Mean fitness (Test): 54339.34
Generation 2900 | Best fitness (Train): 71075.15 | Best fitness in generation (Train): 71274.57 | Mean fitness (Train): 72974.19 | Mean fitness (Test): 43438.93
Generation 3000 | Best fitness (Train): 59337.41 | Best fitness in generation (Train): 59460.29 | Mean fitness (Train): 60788.02 | Mean fitness (Test): 33203.44
Generation 3100 | Best fitness (Train): 46917.42 | Best fitness in generation (Train): 46924.97 | Mean fitness (Train): 48020.78 | Mean fitness (Test): 25332.21
Generation 3200 | Best fitness (Train): 35867.77 | Best fitness in generation (Train): 35867.77 | Mean fitness (Train): 36721.47 | Mean fitness (Test): 20598.82
Generation 3300 | Best fitness (Train): 27554.85 | Best fitness in generation (Train): 27554.85 | Mean fitness (Train): 28229.01 | Mean fitness (Test): 17614.58
Generation 3400 | Best fitness (Train): 22164.71 | Best fitness in generation (Train): 22164.71 | Mean fitness (Train): 22596.30 | Mean fitness (Test): 15797.41
Generation 3500 | Best fitness (Train): 18664.72 | Best fitness in generation (Train): 18664.72 | Mean fitness (Train): 18942.20 | Mean fitness (Test): 14526.70
Generation 3600 | Best fitness (Train): 16496.57 | Best fitness in generation (Train): 16496.57 | Mean fitness (Train): 16708.57 | Mean fitness (Test): 13718.19
Generation 3700 | Best fitness (Train): 15119.02 | Best fitness in generation (Train): 15119.02 | Mean fitness (Train): 15270.65 | Mean fitness (Test): 13249.36
Generation 3800 | Best fitness (Train): 14159.48 | Best fitness in generation (Train): 14174.00 | Mean fitness (Train): 14257.21 | Mean fitness (Test): 12894.17
Generation 3900 | Best fitness (Train): 13523.35 | Best fitness in generation (Train): 13524.60 | Mean fitness (Train): 13577.15 | Mean fitness (Test): 12652.27
Generation 4000 | Best fitness (Train): 13072.12 | Best fitness in generation (Train): 13072.12 | Mean fitness (Train): 13119.96 | Mean fitness (Test): 12478.40
running the experiment ... [../../results/BBOBProblem/rastrigin/CMA_ES_500_10000/4]
Generation 100 | Best fitness (Train): 1060245.88 | Best fitness in generation (Train): 1060245.88 | Mean fitness (Train): 1066354.88 | Mean fitness (Test): 1053456.38
Generation 200 | Best fitness (Train): 774746.75 | Best fitness in generation (Train): 774746.75 | Mean fitness (Train): 783973.81 | Mean fitness (Test): 763059.94
Generation 300 | Best fitness (Train): 483311.16 | Best fitness in generation (Train): 483311.16 | Mean fitness (Train): 496952.53 | Mean fitness (Test): 412688.47
Generation 400 | Best fitness (Train): 452073.31 | Best fitness in generation (Train): 618450.88 | Mean fitness (Train): 657121.50 | Mean fitness (Test): 263142.88
Generation 500 | Best fitness (Train): 452073.31 | Best fitness in generation (Train): 761871.31 | Mean fitness (Train): 815038.25 | Mean fitness (Test): 317446.94
Generation 600 | Best fitness (Train): 452073.31 | Best fitness in generation (Train): 544088.75 | Mean fitness (Train): 568945.56 | Mean fitness (Test): 281199.06
Generation 700 | Best fitness (Train): 364638.97 | Best fitness in generation (Train): 364638.97 | Mean fitness (Train): 379748.12 | Mean fitness (Test): 212614.09
Generation 800 | Best fitness (Train): 268629.34 | Best fitness in generation (Train): 269595.03 | Mean fitness (Train): 277649.28 | Mean fitness (Test): 168625.95
Generation 900 | Best fitness (Train): 214355.56 | Best fitness in generation (Train): 214355.56 | Mean fitness (Train): 220278.25 | Mean fitness (Test): 144303.97
Generation 1000 | Best fitness (Train): 176194.91 | Best fitness in generation (Train): 177394.97 | Mean fitness (Train): 181975.61 | Mean fitness (Test): 131591.00
Generation 1100 | Best fitness (Train): 153024.02 | Best fitness in generation (Train): 153559.36 | Mean fitness (Train): 156636.59 | Mean fitness (Test): 121604.62
Generation 1200 | Best fitness (Train): 136961.36 | Best fitness in generation (Train): 136961.36 | Mean fitness (Train): 140251.77 | Mean fitness (Test): 115560.88
Generation 1300 | Best fitness (Train): 127067.34 | Best fitness in generation (Train): 127404.44 | Mean fitness (Train): 130285.34 | Mean fitness (Test): 113354.73
Generation 1400 | Best fitness (Train): 121557.63 | Best fitness in generation (Train): 121693.98 | Mean fitness (Train): 123920.40 | Mean fitness (Test): 112072.81
Generation 1500 | Best fitness (Train): 117391.26 | Best fitness in generation (Train): 117391.26 | Mean fitness (Train): 119926.91 | Mean fitness (Test): 110339.68
Generation 1600 | Best fitness (Train): 114524.95 | Best fitness in generation (Train): 114831.80 | Mean fitness (Train): 117259.48 | Mean fitness (Test): 109896.05
Generation 1700 | Best fitness (Train): 112433.88 | Best fitness in generation (Train): 112774.15 | Mean fitness (Train): 115290.73 | Mean fitness (Test): 106945.60
Generation 1800 | Best fitness (Train): 111315.91 | Best fitness in generation (Train): 111843.52 | Mean fitness (Train): 113714.35 | Mean fitness (Test): 104750.11
Generation 1900 | Best fitness (Train): 109628.93 | Best fitness in generation (Train): 110612.58 | Mean fitness (Train): 112423.34 | Mean fitness (Test): 105300.19
Generation 2000 | Best fitness (Train): 108009.60 | Best fitness in generation (Train): 108750.34 | Mean fitness (Train): 110740.36 | Mean fitness (Test): 101088.11
Generation 2100 | Best fitness (Train): 106584.96 | Best fitness in generation (Train): 107434.21 | Mean fitness (Train): 109341.34 | Mean fitness (Test): 96846.98
Generation 2200 | Best fitness (Train): 105411.38 | Best fitness in generation (Train): 105613.23 | Mean fitness (Train): 107718.12 | Mean fitness (Test): 93054.85
Generation 2300 | Best fitness (Train): 103929.10 | Best fitness in generation (Train): 104233.81 | Mean fitness (Train): 106235.83 | Mean fitness (Test): 89837.36
Generation 2400 | Best fitness (Train): 100845.30 | Best fitness in generation (Train): 101969.88 | Mean fitness (Train): 103819.24 | Mean fitness (Test): 84539.25
Generation 2500 | Best fitness (Train): 98368.63 | Best fitness in generation (Train): 98797.45 | Mean fitness (Train): 100924.98 | Mean fitness (Test): 78971.48
Generation 2600 | Best fitness (Train): 94442.70 | Best fitness in generation (Train): 94733.48 | Mean fitness (Train): 96755.73 | Mean fitness (Test): 72544.32
Generation 2700 | Best fitness (Train): 88974.84 | Best fitness in generation (Train): 89578.60 | Mean fitness (Train): 91250.53 | Mean fitness (Test): 64375.73
Generation 2800 | Best fitness (Train): 81176.14 | Best fitness in generation (Train): 81684.26 | Mean fitness (Train): 83696.49 | Mean fitness (Test): 54504.65
Generation 2900 | Best fitness (Train): 72278.21 | Best fitness in generation (Train): 72278.21 | Mean fitness (Train): 73812.03 | Mean fitness (Test): 44451.41
Generation 3000 | Best fitness (Train): 59920.82 | Best fitness in generation (Train): 59920.82 | Mean fitness (Train): 61616.31 | Mean fitness (Test): 34177.09
Generation 3100 | Best fitness (Train): 47074.55 | Best fitness in generation (Train): 47108.75 | Mean fitness (Train): 48368.30 | Mean fitness (Test): 25611.33
Generation 3200 | Best fitness (Train): 35948.90 | Best fitness in generation (Train): 35948.90 | Mean fitness (Train): 36883.45 | Mean fitness (Test): 20594.27
Generation 3300 | Best fitness (Train): 27752.61 | Best fitness in generation (Train): 27752.61 | Mean fitness (Train): 28461.55 | Mean fitness (Test): 17574.58
Generation 3400 | Best fitness (Train): 22093.17 | Best fitness in generation (Train): 22093.17 | Mean fitness (Train): 22724.92 | Mean fitness (Test): 15698.58
Generation 3500 | Best fitness (Train): 18784.25 | Best fitness in generation (Train): 18784.25 | Mean fitness (Train): 19073.55 | Mean fitness (Test): 14460.79
Generation 3600 | Best fitness (Train): 16538.23 | Best fitness in generation (Train): 16538.23 | Mean fitness (Train): 16731.06 | Mean fitness (Test): 13644.63
Generation 3700 | Best fitness (Train): 15053.43 | Best fitness in generation (Train): 15053.43 | Mean fitness (Train): 15195.07 | Mean fitness (Test): 13129.66
Generation 3800 | Best fitness (Train): 14073.67 | Best fitness in generation (Train): 14081.09 | Mean fitness (Train): 14167.67 | Mean fitness (Test): 12761.49
Generation 3900 | Best fitness (Train): 13406.84 | Best fitness in generation (Train): 13411.66 | Mean fitness (Train): 13473.27 | Mean fitness (Test): 12523.14
Generation 4000 | Best fitness (Train): 12952.25 | Best fitness in generation (Train): 12957.17 | Mean fitness (Train): 12996.71 | Mean fitness (Test): 12345.56
Running ES algorithms:  14%|███████████████████                                                                                                                  | 1/7 [00:00<00:00,  6.91it/s][A
running the experiment ... [../../results/BBOBProblem/rastrigin/LearnedES_500_10000/0]
Generation 100 | Best fitness (Train): 951336.56 | Best fitness in generation (Train): 951336.56 | Mean fitness (Train): 955789.81 | Mean fitness (Test): 947527.50
Generation 200 | Best fitness (Train): 792513.38 | Best fitness in generation (Train): 792513.38 | Mean fitness (Train): 794865.56 | Mean fitness (Test): 786361.00
Generation 300 | Best fitness (Train): 708237.56 | Best fitness in generation (Train): 708237.56 | Mean fitness (Train): 709826.88 | Mean fitness (Test): 702252.31
Generation 400 | Best fitness (Train): 656868.25 | Best fitness in generation (Train): 656868.25 | Mean fitness (Train): 658023.56 | Mean fitness (Test): 651844.12
Generation 500 | Best fitness (Train): 625186.81 | Best fitness in generation (Train): 625186.81 | Mean fitness (Train): 626016.38 | Mean fitness (Test): 620730.06
Generation 600 | Best fitness (Train): 622958.62 | Best fitness in generation (Train): nan | Mean fitness (Train): nan | Mean fitness (Test): nan
Generation 700 | Best fitness (Train): 622958.62 | Best fitness in generation (Train): nan | Mean fitness (Train): nan | Mean fitness (Test): nan
Generation 800 | Best fitness (Train): 622958.62 | Best fitness in generation (Train): nan | Mean fitness (Train): nan | Mean fitness (Test): nan
Generation 900 | Best fitness (Train): 622958.62 | Best fitness in generation (Train): nan | Mean fitness (Train): nan | Mean fitness (Test): nan
Generation 1000 | Best fitness (Train): 622958.62 | Best fitness in generation (Train): nan | Mean fitness (Train): nan | Mean fitness (Test): nan
Generation 1100 | Best fitness (Train): 622958.62 | Best fitness in generation (Train): nan | Mean fitness (Train): nan | Mean fitness (Test): nan
Generation 1200 | Best fitness (Train): 622958.62 | Best fitness in generation (Train): nan | Mean fitness (Train): nan | Mean fitness (Test): nan
Generation 1300 | Best fitness (Train): 622958.62 | Best fitness in generation (Train): nan | Mean fitness (Train): nan | Mean fitness (Test): nan
Generation 1400 | Best fitness (Train): 622958.62 | Best fitness in generation (Train): nan | Mean fitness (Train): nan | Mean fitness (Test): nan
Generation 1500 | Best fitness (Train): 622958.62 | Best fitness in generation (Train): nan | Mean fitness (Train): nan | Mean fitness (Test): nan
Generation 1600 | Best fitness (Train): 622958.62 | Best fitness in generation (Train): nan | Mean fitness (Train): nan | Mean fitness (Test): nan
Generation 1700 | Best fitness (Train): 622958.62 | Best fitness in generation (Train): nan | Mean fitness (Train): nan | Mean fitness (Test): nan
Generation 1800 | Best fitness (Train): 622958.62 | Best fitness in generation (Train): nan | Mean fitness (Train): nan | Mean fitness (Test): nan
Generation 1900 | Best fitness (Train): 622958.62 | Best fitness in generation (Train): nan | Mean fitness (Train): nan | Mean fitness (Test): nan
Generation 2000 | Best fitness (Train): 622958.62 | Best fitness in generation (Train): nan | Mean fitness (Train): nan | Mean fitness (Test): nan
Generation 2100 | Best fitness (Train): 622958.62 | Best fitness in generation (Train): nan | Mean fitness (Train): nan | Mean fitness (Test): nan
Generation 2200 | Best fitness (Train): 622958.62 | Best fitness in generation (Train): nan | Mean fitness (Train): nan | Mean fitness (Test): nan
Generation 2300 | Best fitness (Train): 622958.62 | Best fitness in generation (Train): nan | Mean fitness (Train): nan | Mean fitness (Test): nan
Generation 2400 | Best fitness (Train): 622958.62 | Best fitness in generation (Train): nan | Mean fitness (Train): nan | Mean fitness (Test): nan
Generation 2500 | Best fitness (Train): 622958.62 | Best fitness in generation (Train): nan | Mean fitness (Train): nan | Mean fitness (Test): nan
Generation 2600 | Best fitness (Train): 622958.62 | Best fitness in generation (Train): nan | Mean fitness (Train): nan | Mean fitness (Test): nan
Generation 2700 | Best fitness (Train): 622958.62 | Best fitness in generation (Train): nan | Mean fitness (Train): nan | Mean fitness (Test): nan
Generation 2800 | Best fitness (Train): 622958.62 | Best fitness in generation (Train): nan | Mean fitness (Train): nan | Mean fitness (Test): nan
Generation 2900 | Best fitness (Train): 622958.62 | Best fitness in generation (Train): nan | Mean fitness (Train): nan | Mean fitness (Test): nan
Generation 3000 | Best fitness (Train): 622958.62 | Best fitness in generation (Train): nan | Mean fitness (Train): nan | Mean fitness (Test): nan
Generation 3100 | Best fitness (Train): 622958.62 | Best fitness in generation (Train): nan | Mean fitness (Train): nan | Mean fitness (Test): nan
Generation 3200 | Best fitness (Train): 622958.62 | Best fitness in generation (Train): nan | Mean fitness (Train): nan | Mean fitness (Test): nan
Generation 3300 | Best fitness (Train): 622958.62 | Best fitness in generation (Train): nan | Mean fitness (Train): nan | Mean fitness (Test): nan
Generation 3400 | Best fitness (Train): 622958.62 | Best fitness in generation (Train): nan | Mean fitness (Train): nan | Mean fitness (Test): nan
Generation 3500 | Best fitness (Train): 622958.62 | Best fitness in generation (Train): nan | Mean fitness (Train): nan | Mean fitness (Test): nan
Generation 3600 | Best fitness (Train): 622958.62 | Best fitness in generation (Train): nan | Mean fitness (Train): nan | Mean fitness (Test): nan
Generation 3700 | Best fitness (Train): 622958.62 | Best fitness in generation (Train): nan | Mean fitness (Train): nan | Mean fitness (Test): nan
Generation 3800 | Best fitness (Train): 622958.62 | Best fitness in generation (Train): nan | Mean fitness (Train): nan | Mean fitness (Test): nan
Generation 3900 | Best fitness (Train): 622958.62 | Best fitness in generation (Train): nan | Mean fitness (Train): nan | Mean fitness (Test): nan
Generation 4000 | Best fitness (Train): 622958.62 | Best fitness in generation (Train): nan | Mean fitness (Train): nan | Mean fitness (Test): nan
running the experiment ... [../../results/BBOBProblem/rastrigin/LearnedES_500_10000/1]
Generation 100 | Best fitness (Train): 967173.62 | Best fitness in generation (Train): 967173.62 | Mean fitness (Train): 970905.94 | Mean fitness (Test): 962941.31
Generation 200 | Best fitness (Train): 794922.19 | Best fitness in generation (Train): 794922.19 | Mean fitness (Train): 797151.25 | Mean fitness (Test): 788396.75
Generation 300 | Best fitness (Train): 701542.56 | Best fitness in generation (Train): 701542.56 | Mean fitness (Train): 703094.94 | Mean fitness (Test): 695710.56
Generation 400 | Best fitness (Train): 647088.81 | Best fitness in generation (Train): 647088.81 | Mean fitness (Train): 648276.75 | Mean fitness (Test): 641925.62
Generation 500 | Best fitness (Train): 615260.94 | Best fitness in generation (Train): 615260.94 | Mean fitness (Train): 616262.00 | Mean fitness (Test): 611484.06
Generation 600 | Best fitness (Train): 615004.56 | Best fitness in generation (Train): nan | Mean fitness (Train): nan | Mean fitness (Test): nan
Generation 700 | Best fitness (Train): 615004.56 | Best fitness in generation (Train): nan | Mean fitness (Train): nan | Mean fitness (Test): nan
Generation 800 | Best fitness (Train): 615004.56 | Best fitness in generation (Train): nan | Mean fitness (Train): nan | Mean fitness (Test): nan
Generation 900 | Best fitness (Train): 615004.56 | Best fitness in generation (Train): nan | Mean fitness (Train): nan | Mean fitness (Test): nan
Generation 1000 | Best fitness (Train): 615004.56 | Best fitness in generation (Train): nan | Mean fitness (Train): nan | Mean fitness (Test): nan
Generation 1100 | Best fitness (Train): 615004.56 | Best fitness in generation (Train): nan | Mean fitness (Train): nan | Mean fitness (Test): nan
Generation 1200 | Best fitness (Train): 615004.56 | Best fitness in generation (Train): nan | Mean fitness (Train): nan | Mean fitness (Test): nan
Generation 1300 | Best fitness (Train): 615004.56 | Best fitness in generation (Train): nan | Mean fitness (Train): nan | Mean fitness (Test): nan
Generation 1400 | Best fitness (Train): 615004.56 | Best fitness in generation (Train): nan | Mean fitness (Train): nan | Mean fitness (Test): nan
Generation 1500 | Best fitness (Train): 615004.56 | Best fitness in generation (Train): nan | Mean fitness (Train): nan | Mean fitness (Test): nan
Generation 1600 | Best fitness (Train): 615004.56 | Best fitness in generation (Train): nan | Mean fitness (Train): nan | Mean fitness (Test): nan
Generation 1700 | Best fitness (Train): 615004.56 | Best fitness in generation (Train): nan | Mean fitness (Train): nan | Mean fitness (Test): nan
Generation 1800 | Best fitness (Train): 615004.56 | Best fitness in generation (Train): nan | Mean fitness (Train): nan | Mean fitness (Test): nan
Generation 1900 | Best fitness (Train): 615004.56 | Best fitness in generation (Train): nan | Mean fitness (Train): nan | Mean fitness (Test): nan
Generation 2000 | Best fitness (Train): 615004.56 | Best fitness in generation (Train): nan | Mean fitness (Train): nan | Mean fitness (Test): nan
Generation 2100 | Best fitness (Train): 615004.56 | Best fitness in generation (Train): nan | Mean fitness (Train): nan | Mean fitness (Test): nan
Generation 2200 | Best fitness (Train): 615004.56 | Best fitness in generation (Train): nan | Mean fitness (Train): nan | Mean fitness (Test): nan
Generation 2300 | Best fitness (Train): 615004.56 | Best fitness in generation (Train): nan | Mean fitness (Train): nan | Mean fitness (Test): nan
Generation 2400 | Best fitness (Train): 615004.56 | Best fitness in generation (Train): nan | Mean fitness (Train): nan | Mean fitness (Test): nan
Generation 2500 | Best fitness (Train): 615004.56 | Best fitness in generation (Train): nan | Mean fitness (Train): nan | Mean fitness (Test): nan
Generation 2600 | Best fitness (Train): 615004.56 | Best fitness in generation (Train): nan | Mean fitness (Train): nan | Mean fitness (Test): nan
Generation 2700 | Best fitness (Train): 615004.56 | Best fitness in generation (Train): nan | Mean fitness (Train): nan | Mean fitness (Test): nan
Generation 2800 | Best fitness (Train): 615004.56 | Best fitness in generation (Train): nan | Mean fitness (Train): nan | Mean fitness (Test): nan
Generation 2900 | Best fitness (Train): 615004.56 | Best fitness in generation (Train): nan | Mean fitness (Train): nan | Mean fitness (Test): nan
Generation 3000 | Best fitness (Train): 615004.56 | Best fitness in generation (Train): nan | Mean fitness (Train): nan | Mean fitness (Test): nan
Generation 3100 | Best fitness (Train): 615004.56 | Best fitness in generation (Train): nan | Mean fitness (Train): nan | Mean fitness (Test): nan
Generation 3200 | Best fitness (Train): 615004.56 | Best fitness in generation (Train): nan | Mean fitness (Train): nan | Mean fitness (Test): nan
Generation 3300 | Best fitness (Train): 615004.56 | Best fitness in generation (Train): nan | Mean fitness (Train): nan | Mean fitness (Test): nan
Generation 3400 | Best fitness (Train): 615004.56 | Best fitness in generation (Train): nan | Mean fitness (Train): nan | Mean fitness (Test): nan
Generation 3500 | Best fitness (Train): 615004.56 | Best fitness in generation (Train): nan | Mean fitness (Train): nan | Mean fitness (Test): nan
Generation 3600 | Best fitness (Train): 615004.56 | Best fitness in generation (Train): nan | Mean fitness (Train): nan | Mean fitness (Test): nan
Generation 3700 | Best fitness (Train): 615004.56 | Best fitness in generation (Train): nan | Mean fitness (Train): nan | Mean fitness (Test): nan
Generation 3800 | Best fitness (Train): 615004.56 | Best fitness in generation (Train): nan | Mean fitness (Train): nan | Mean fitness (Test): nan
Generation 3900 | Best fitness (Train): 615004.56 | Best fitness in generation (Train): nan | Mean fitness (Train): nan | Mean fitness (Test): nan
Generation 4000 | Best fitness (Train): 615004.56 | Best fitness in generation (Train): nan | Mean fitness (Train): nan | Mean fitness (Test): nan
running the experiment ... [../../results/BBOBProblem/rastrigin/LearnedES_500_10000/2]
Generation 100 | Best fitness (Train): 980437.19 | Best fitness in generation (Train): 980437.19 | Mean fitness (Train): 984656.94 | Mean fitness (Test): 976245.69
Generation 200 | Best fitness (Train): 812515.12 | Best fitness in generation (Train): 812515.12 | Mean fitness (Train): 815313.25 | Mean fitness (Test): 807296.38
Generation 300 | Best fitness (Train): 719030.06 | Best fitness in generation (Train): 719030.06 | Mean fitness (Train): 720785.19 | Mean fitness (Test): 712674.69
Generation 400 | Best fitness (Train): 663522.12 | Best fitness in generation (Train): 663522.12 | Mean fitness (Train): 664588.94 | Mean fitness (Test): 658090.31
Generation 500 | Best fitness (Train): 630291.56 | Best fitness in generation (Train): 630291.56 | Mean fitness (Train): 631260.69 | Mean fitness (Test): 626146.56
Generation 600 | Best fitness (Train): 624338.00 | Best fitness in generation (Train): nan | Mean fitness (Train): nan | Mean fitness (Test): nan
Generation 700 | Best fitness (Train): 624338.00 | Best fitness in generation (Train): nan | Mean fitness (Train): nan | Mean fitness (Test): nan
Generation 800 | Best fitness (Train): 624338.00 | Best fitness in generation (Train): nan | Mean fitness (Train): nan | Mean fitness (Test): nan
Generation 900 | Best fitness (Train): 624338.00 | Best fitness in generation (Train): nan | Mean fitness (Train): nan | Mean fitness (Test): nan
Generation 1000 | Best fitness (Train): 624338.00 | Best fitness in generation (Train): nan | Mean fitness (Train): nan | Mean fitness (Test): nan
Generation 1100 | Best fitness (Train): 624338.00 | Best fitness in generation (Train): nan | Mean fitness (Train): nan | Mean fitness (Test): nan
Generation 1200 | Best fitness (Train): 624338.00 | Best fitness in generation (Train): nan | Mean fitness (Train): nan | Mean fitness (Test): nan
Generation 1300 | Best fitness (Train): 624338.00 | Best fitness in generation (Train): nan | Mean fitness (Train): nan | Mean fitness (Test): nan
Generation 1400 | Best fitness (Train): 624338.00 | Best fitness in generation (Train): nan | Mean fitness (Train): nan | Mean fitness (Test): nan
Generation 1500 | Best fitness (Train): 624338.00 | Best fitness in generation (Train): nan | Mean fitness (Train): nan | Mean fitness (Test): nan
Generation 1600 | Best fitness (Train): 624338.00 | Best fitness in generation (Train): nan | Mean fitness (Train): nan | Mean fitness (Test): nan
Generation 1700 | Best fitness (Train): 624338.00 | Best fitness in generation (Train): nan | Mean fitness (Train): nan | Mean fitness (Test): nan
Generation 1800 | Best fitness (Train): 624338.00 | Best fitness in generation (Train): nan | Mean fitness (Train): nan | Mean fitness (Test): nan
Generation 1900 | Best fitness (Train): 624338.00 | Best fitness in generation (Train): nan | Mean fitness (Train): nan | Mean fitness (Test): nan
Generation 2000 | Best fitness (Train): 624338.00 | Best fitness in generation (Train): nan | Mean fitness (Train): nan | Mean fitness (Test): nan
Generation 2100 | Best fitness (Train): 624338.00 | Best fitness in generation (Train): nan | Mean fitness (Train): nan | Mean fitness (Test): nan
Generation 2200 | Best fitness (Train): 624338.00 | Best fitness in generation (Train): nan | Mean fitness (Train): nan | Mean fitness (Test): nan
Generation 2300 | Best fitness (Train): 624338.00 | Best fitness in generation (Train): nan | Mean fitness (Train): nan | Mean fitness (Test): nan
Generation 2400 | Best fitness (Train): 624338.00 | Best fitness in generation (Train): nan | Mean fitness (Train): nan | Mean fitness (Test): nan
Generation 2500 | Best fitness (Train): 624338.00 | Best fitness in generation (Train): nan | Mean fitness (Train): nan | Mean fitness (Test): nan
Generation 2600 | Best fitness (Train): 624338.00 | Best fitness in generation (Train): nan | Mean fitness (Train): nan | Mean fitness (Test): nan
Generation 2700 | Best fitness (Train): 624338.00 | Best fitness in generation (Train): nan | Mean fitness (Train): nan | Mean fitness (Test): nan
Generation 2800 | Best fitness (Train): 624338.00 | Best fitness in generation (Train): nan | Mean fitness (Train): nan | Mean fitness (Test): nan
Generation 2900 | Best fitness (Train): 624338.00 | Best fitness in generation (Train): nan | Mean fitness (Train): nan | Mean fitness (Test): nan
Generation 3000 | Best fitness (Train): 624338.00 | Best fitness in generation (Train): nan | Mean fitness (Train): nan | Mean fitness (Test): nan
Generation 3100 | Best fitness (Train): 624338.00 | Best fitness in generation (Train): nan | Mean fitness (Train): nan | Mean fitness (Test): nan
Generation 3200 | Best fitness (Train): 624338.00 | Best fitness in generation (Train): nan | Mean fitness (Train): nan | Mean fitness (Test): nan
Generation 3300 | Best fitness (Train): 624338.00 | Best fitness in generation (Train): nan | Mean fitness (Train): nan | Mean fitness (Test): nan
Generation 3400 | Best fitness (Train): 624338.00 | Best fitness in generation (Train): nan | Mean fitness (Train): nan | Mean fitness (Test): nan
Generation 3500 | Best fitness (Train): 624338.00 | Best fitness in generation (Train): nan | Mean fitness (Train): nan | Mean fitness (Test): nan
Generation 3600 | Best fitness (Train): 624338.00 | Best fitness in generation (Train): nan | Mean fitness (Train): nan | Mean fitness (Test): nan
Generation 3700 | Best fitness (Train): 624338.00 | Best fitness in generation (Train): nan | Mean fitness (Train): nan | Mean fitness (Test): nan
Generation 3800 | Best fitness (Train): 624338.00 | Best fitness in generation (Train): nan | Mean fitness (Train): nan | Mean fitness (Test): nan
Generation 3900 | Best fitness (Train): 624338.00 | Best fitness in generation (Train): nan | Mean fitness (Train): nan | Mean fitness (Test): nan
Generation 4000 | Best fitness (Train): 624338.00 | Best fitness in generation (Train): nan | Mean fitness (Train): nan | Mean fitness (Test): nan
running the experiment ... [../../results/BBOBProblem/rastrigin/LearnedES_500_10000/3]
Generation 100 | Best fitness (Train): 990462.69 | Best fitness in generation (Train): 990462.69 | Mean fitness (Train): 994219.62 | Mean fitness (Test): 986105.75
Generation 200 | Best fitness (Train): 818857.00 | Best fitness in generation (Train): 818857.00 | Mean fitness (Train): 820984.50 | Mean fitness (Test): 812552.25
Generation 300 | Best fitness (Train): 723191.94 | Best fitness in generation (Train): 723191.94 | Mean fitness (Train): 724863.12 | Mean fitness (Test): 717462.12
Generation 400 | Best fitness (Train): 664442.19 | Best fitness in generation (Train): 664442.19 | Mean fitness (Train): 665616.69 | Mean fitness (Test): 658959.81
Generation 500 | Best fitness (Train): 640910.06 | Best fitness in generation (Train): nan | Mean fitness (Train): nan | Mean fitness (Test): nan
Generation 600 | Best fitness (Train): 640910.06 | Best fitness in generation (Train): nan | Mean fitness (Train): nan | Mean fitness (Test): nan
Generation 700 | Best fitness (Train): 640910.06 | Best fitness in generation (Train): nan | Mean fitness (Train): nan | Mean fitness (Test): nan
Generation 800 | Best fitness (Train): 640910.06 | Best fitness in generation (Train): nan | Mean fitness (Train): nan | Mean fitness (Test): nan
Generation 900 | Best fitness (Train): 640910.06 | Best fitness in generation (Train): nan | Mean fitness (Train): nan | Mean fitness (Test): nan
Generation 1000 | Best fitness (Train): 640910.06 | Best fitness in generation (Train): nan | Mean fitness (Train): nan | Mean fitness (Test): nan
Generation 1100 | Best fitness (Train): 640910.06 | Best fitness in generation (Train): nan | Mean fitness (Train): nan | Mean fitness (Test): nan
Generation 1200 | Best fitness (Train): 640910.06 | Best fitness in generation (Train): nan | Mean fitness (Train): nan | Mean fitness (Test): nan
Generation 1300 | Best fitness (Train): 640910.06 | Best fitness in generation (Train): nan | Mean fitness (Train): nan | Mean fitness (Test): nan
Generation 1400 | Best fitness (Train): 640910.06 | Best fitness in generation (Train): nan | Mean fitness (Train): nan | Mean fitness (Test): nan
Generation 1500 | Best fitness (Train): 640910.06 | Best fitness in generation (Train): nan | Mean fitness (Train): nan | Mean fitness (Test): nan
Generation 1600 | Best fitness (Train): 640910.06 | Best fitness in generation (Train): nan | Mean fitness (Train): nan | Mean fitness (Test): nan
Generation 1700 | Best fitness (Train): 640910.06 | Best fitness in generation (Train): nan | Mean fitness (Train): nan | Mean fitness (Test): nan
Generation 1800 | Best fitness (Train): 640910.06 | Best fitness in generation (Train): nan | Mean fitness (Train): nan | Mean fitness (Test): nan
Generation 1900 | Best fitness (Train): 640910.06 | Best fitness in generation (Train): nan | Mean fitness (Train): nan | Mean fitness (Test): nan
Generation 2000 | Best fitness (Train): 640910.06 | Best fitness in generation (Train): nan | Mean fitness (Train): nan | Mean fitness (Test): nan
Generation 2100 | Best fitness (Train): 640910.06 | Best fitness in generation (Train): nan | Mean fitness (Train): nan | Mean fitness (Test): nan
Generation 2200 | Best fitness (Train): 640910.06 | Best fitness in generation (Train): nan | Mean fitness (Train): nan | Mean fitness (Test): nan
Generation 2300 | Best fitness (Train): 640910.06 | Best fitness in generation (Train): nan | Mean fitness (Train): nan | Mean fitness (Test): nan
Generation 2400 | Best fitness (Train): 640910.06 | Best fitness in generation (Train): nan | Mean fitness (Train): nan | Mean fitness (Test): nan
Generation 2500 | Best fitness (Train): 640910.06 | Best fitness in generation (Train): nan | Mean fitness (Train): nan | Mean fitness (Test): nan
Generation 2600 | Best fitness (Train): 640910.06 | Best fitness in generation (Train): nan | Mean fitness (Train): nan | Mean fitness (Test): nan
Generation 2700 | Best fitness (Train): 640910.06 | Best fitness in generation (Train): nan | Mean fitness (Train): nan | Mean fitness (Test): nan
Generation 2800 | Best fitness (Train): 640910.06 | Best fitness in generation (Train): nan | Mean fitness (Train): nan | Mean fitness (Test): nan
Generation 2900 | Best fitness (Train): 640910.06 | Best fitness in generation (Train): nan | Mean fitness (Train): nan | Mean fitness (Test): nan
Generation 3000 | Best fitness (Train): 640910.06 | Best fitness in generation (Train): nan | Mean fitness (Train): nan | Mean fitness (Test): nan
Generation 3100 | Best fitness (Train): 640910.06 | Best fitness in generation (Train): nan | Mean fitness (Train): nan | Mean fitness (Test): nan
Generation 3200 | Best fitness (Train): 640910.06 | Best fitness in generation (Train): nan | Mean fitness (Train): nan | Mean fitness (Test): nan
Generation 3300 | Best fitness (Train): 640910.06 | Best fitness in generation (Train): nan | Mean fitness (Train): nan | Mean fitness (Test): nan
Generation 3400 | Best fitness (Train): 640910.06 | Best fitness in generation (Train): nan | Mean fitness (Train): nan | Mean fitness (Test): nan
Generation 3500 | Best fitness (Train): 640910.06 | Best fitness in generation (Train): nan | Mean fitness (Train): nan | Mean fitness (Test): nan
Generation 3600 | Best fitness (Train): 640910.06 | Best fitness in generation (Train): nan | Mean fitness (Train): nan | Mean fitness (Test): nan
Generation 3700 | Best fitness (Train): 640910.06 | Best fitness in generation (Train): nan | Mean fitness (Train): nan | Mean fitness (Test): nan
Generation 3800 | Best fitness (Train): 640910.06 | Best fitness in generation (Train): nan | Mean fitness (Train): nan | Mean fitness (Test): nan
Generation 3900 | Best fitness (Train): 640910.06 | Best fitness in generation (Train): nan | Mean fitness (Train): nan | Mean fitness (Test): nan
Generation 4000 | Best fitness (Train): 640910.06 | Best fitness in generation (Train): nan | Mean fitness (Train): nan | Mean fitness (Test): nan
running the experiment ... [../../results/BBOBProblem/rastrigin/LearnedES_500_10000/4]
Generation 100 | Best fitness (Train): 966374.81 | Best fitness in generation (Train): 966374.81 | Mean fitness (Train): 969819.44 | Mean fitness (Test): 962192.31
Generation 200 | Best fitness (Train): 799554.62 | Best fitness in generation (Train): 799554.62 | Mean fitness (Train): 802102.56 | Mean fitness (Test): 793795.12
Generation 300 | Best fitness (Train): 703925.69 | Best fitness in generation (Train): 703925.69 | Mean fitness (Train): 705624.94 | Mean fitness (Test): 698637.31
Generation 400 | Best fitness (Train): 647919.00 | Best fitness in generation (Train): 647919.00 | Mean fitness (Train): 649256.31 | Mean fitness (Test): 642665.31
Generation 500 | Best fitness (Train): 614902.62 | Best fitness in generation (Train): 614902.62 | Mean fitness (Train): 615697.38 | Mean fitness (Test): 610352.12
Generation 600 | Best fitness (Train): 614600.81 | Best fitness in generation (Train): nan | Mean fitness (Train): nan | Mean fitness (Test): nan
Generation 700 | Best fitness (Train): 614600.81 | Best fitness in generation (Train): nan | Mean fitness (Train): nan | Mean fitness (Test): nan
Generation 800 | Best fitness (Train): 614600.81 | Best fitness in generation (Train): nan | Mean fitness (Train): nan | Mean fitness (Test): nan
Generation 900 | Best fitness (Train): 614600.81 | Best fitness in generation (Train): nan | Mean fitness (Train): nan | Mean fitness (Test): nan
Generation 1000 | Best fitness (Train): 614600.81 | Best fitness in generation (Train): nan | Mean fitness (Train): nan | Mean fitness (Test): nan
Generation 1100 | Best fitness (Train): 614600.81 | Best fitness in generation (Train): nan | Mean fitness (Train): nan | Mean fitness (Test): nan
Generation 1200 | Best fitness (Train): 614600.81 | Best fitness in generation (Train): nan | Mean fitness (Train): nan | Mean fitness (Test): nan
Generation 1300 | Best fitness (Train): 614600.81 | Best fitness in generation (Train): nan | Mean fitness (Train): nan | Mean fitness (Test): nan
Generation 1400 | Best fitness (Train): 614600.81 | Best fitness in generation (Train): nan | Mean fitness (Train): nan | Mean fitness (Test): nan
Generation 1500 | Best fitness (Train): 614600.81 | Best fitness in generation (Train): nan | Mean fitness (Train): nan | Mean fitness (Test): nan
Generation 1600 | Best fitness (Train): 614600.81 | Best fitness in generation (Train): nan | Mean fitness (Train): nan | Mean fitness (Test): nan
Generation 1700 | Best fitness (Train): 614600.81 | Best fitness in generation (Train): nan | Mean fitness (Train): nan | Mean fitness (Test): nan
Generation 1800 | Best fitness (Train): 614600.81 | Best fitness in generation (Train): nan | Mean fitness (Train): nan | Mean fitness (Test): nan
Generation 1900 | Best fitness (Train): 614600.81 | Best fitness in generation (Train): nan | Mean fitness (Train): nan | Mean fitness (Test): nan
Generation 2000 | Best fitness (Train): 614600.81 | Best fitness in generation (Train): nan | Mean fitness (Train): nan | Mean fitness (Test): nan
Generation 2100 | Best fitness (Train): 614600.81 | Best fitness in generation (Train): nan | Mean fitness (Train): nan | Mean fitness (Test): nan
Generation 2200 | Best fitness (Train): 614600.81 | Best fitness in generation (Train): nan | Mean fitness (Train): nan | Mean fitness (Test): nan
Generation 2300 | Best fitness (Train): 614600.81 | Best fitness in generation (Train): nan | Mean fitness (Train): nan | Mean fitness (Test): nan
Generation 2400 | Best fitness (Train): 614600.81 | Best fitness in generation (Train): nan | Mean fitness (Train): nan | Mean fitness (Test): nan
Generation 2500 | Best fitness (Train): 614600.81 | Best fitness in generation (Train): nan | Mean fitness (Train): nan | Mean fitness (Test): nan
Generation 2600 | Best fitness (Train): 614600.81 | Best fitness in generation (Train): nan | Mean fitness (Train): nan | Mean fitness (Test): nan
Generation 2700 | Best fitness (Train): 614600.81 | Best fitness in generation (Train): nan | Mean fitness (Train): nan | Mean fitness (Test): nan
Generation 2800 | Best fitness (Train): 614600.81 | Best fitness in generation (Train): nan | Mean fitness (Train): nan | Mean fitness (Test): nan
Generation 2900 | Best fitness (Train): 614600.81 | Best fitness in generation (Train): nan | Mean fitness (Train): nan | Mean fitness (Test): nan
Generation 3000 | Best fitness (Train): 614600.81 | Best fitness in generation (Train): nan | Mean fitness (Train): nan | Mean fitness (Test): nan
Generation 3100 | Best fitness (Train): 614600.81 | Best fitness in generation (Train): nan | Mean fitness (Train): nan | Mean fitness (Test): nan
Generation 3200 | Best fitness (Train): 614600.81 | Best fitness in generation (Train): nan | Mean fitness (Train): nan | Mean fitness (Test): nan
Generation 3300 | Best fitness (Train): 614600.81 | Best fitness in generation (Train): nan | Mean fitness (Train): nan | Mean fitness (Test): nan
Generation 3400 | Best fitness (Train): 614600.81 | Best fitness in generation (Train): nan | Mean fitness (Train): nan | Mean fitness (Test): nan
Generation 3500 | Best fitness (Train): 614600.81 | Best fitness in generation (Train): nan | Mean fitness (Train): nan | Mean fitness (Test): nan
Generation 3600 | Best fitness (Train): 614600.81 | Best fitness in generation (Train): nan | Mean fitness (Train): nan | Mean fitness (Test): nan
Generation 3700 | Best fitness (Train): 614600.81 | Best fitness in generation (Train): nan | Mean fitness (Train): nan | Mean fitness (Test): nan
Generation 3800 | Best fitness (Train): 614600.81 | Best fitness in generation (Train): nan | Mean fitness (Train): nan | Mean fitness (Test): nan
Generation 3900 | Best fitness (Train): 614600.81 | Best fitness in generation (Train): nan | Mean fitness (Train): nan | Mean fitness (Test): nan
Generation 4000 | Best fitness (Train): 614600.81 | Best fitness in generation (Train): nan | Mean fitness (Train): nan | Mean fitness (Test): nan
Running ES algorithms:  71%|██████████████████████████████████████████████████████████████████████████████████████████▋                                    | 5/7 [7:01:00<2:59:09, 5374.55s/it][A
running the experiment ... [../../results/BBOBProblem/rastrigin/DiscoveredES_500_10000/0]
Generation 100 | Best fitness (Train): 1049642.38 | Best fitness in generation (Train): 1049642.38 | Mean fitness (Train): 1054835.25 | Mean fitness (Test): 1046119.69
Generation 200 | Best fitness (Train): 891438.00 | Best fitness in generation (Train): 891438.00 | Mean fitness (Train): 894547.31 | Mean fitness (Test): 882335.75
Generation 300 | Best fitness (Train): 784603.81 | Best fitness in generation (Train): 784603.81 | Mean fitness (Train): 787451.56 | Mean fitness (Test): 772680.44
Generation 400 | Best fitness (Train): 705129.56 | Best fitness in generation (Train): 705129.56 | Mean fitness (Train): 708181.00 | Mean fitness (Test): 691230.94
Generation 500 | Best fitness (Train): 643681.69 | Best fitness in generation (Train): 643681.69 | Mean fitness (Train): 646097.31 | Mean fitness (Test): 627597.69
Generation 600 | Best fitness (Train): 596299.25 | Best fitness in generation (Train): 596299.25 | Mean fitness (Train): 598190.00 | Mean fitness (Test): 579230.62
Generation 700 | Best fitness (Train): 557700.94 | Best fitness in generation (Train): 557700.94 | Mean fitness (Train): 559857.69 | Mean fitness (Test): 539841.38
Generation 800 | Best fitness (Train): 528838.69 | Best fitness in generation (Train): 528838.69 | Mean fitness (Train): 530548.81 | Mean fitness (Test): 511169.31
Generation 900 | Best fitness (Train): 503893.88 | Best fitness in generation (Train): 503893.88 | Mean fitness (Train): 505584.53 | Mean fitness (Test): 486242.47
Generation 1000 | Best fitness (Train): 483758.50 | Best fitness in generation (Train): 483853.81 | Mean fitness (Train): 485224.28 | Mean fitness (Test): 466395.59
Generation 1100 | Best fitness (Train): 467130.72 | Best fitness in generation (Train): 467130.72 | Mean fitness (Train): 468303.62 | Mean fitness (Test): 450371.03
Generation 1200 | Best fitness (Train): 452767.94 | Best fitness in generation (Train): 452802.53 | Mean fitness (Train): 453919.09 | Mean fitness (Test): 436276.16
Generation 1300 | Best fitness (Train): 440586.22 | Best fitness in generation (Train): 440586.22 | Mean fitness (Train): 441797.47 | Mean fitness (Test): 425306.03
Generation 1400 | Best fitness (Train): 430643.50 | Best fitness in generation (Train): 430643.50 | Mean fitness (Train): 431722.25 | Mean fitness (Test): 416031.28
Generation 1500 | Best fitness (Train): 422268.50 | Best fitness in generation (Train): 422268.50 | Mean fitness (Train): 423380.44 | Mean fitness (Test): 408577.34
Generation 1600 | Best fitness (Train): 415481.00 | Best fitness in generation (Train): 415627.81 | Mean fitness (Train): 416436.06 | Mean fitness (Test): 402582.53
Generation 1700 | Best fitness (Train): 410177.72 | Best fitness in generation (Train): 410216.56 | Mean fitness (Train): 410998.22 | Mean fitness (Test): 398236.28
Generation 1800 | Best fitness (Train): 406122.03 | Best fitness in generation (Train): 406256.75 | Mean fitness (Train): 406790.75 | Mean fitness (Test): 395513.06
Generation 1900 | Best fitness (Train): 402610.06 | Best fitness in generation (Train): 402610.06 | Mean fitness (Train): 403272.16 | Mean fitness (Test): 393008.38
Generation 2000 | Best fitness (Train): 399946.66 | Best fitness in generation (Train): 399946.66 | Mean fitness (Train): 400530.19 | Mean fitness (Test): 391635.31
Generation 2100 | Best fitness (Train): 397767.88 | Best fitness in generation (Train): 397773.75 | Mean fitness (Train): 398275.16 | Mean fitness (Test): 390575.47
Generation 2200 | Best fitness (Train): 396087.34 | Best fitness in generation (Train): 396125.12 | Mean fitness (Train): 396485.00 | Mean fitness (Test): 389937.12
Generation 2300 | Best fitness (Train): 394608.66 | Best fitness in generation (Train): 394608.66 | Mean fitness (Train): 394931.03 | Mean fitness (Test): 389378.62
Generation 2400 | Best fitness (Train): 393337.09 | Best fitness in generation (Train): 393425.19 | Mean fitness (Train): 393656.34 | Mean fitness (Test): 388965.84
Generation 2500 | Best fitness (Train): 392394.19 | Best fitness in generation (Train): 392474.19 | Mean fitness (Train): 392659.56 | Mean fitness (Test): 388719.25
Generation 2600 | Best fitness (Train): 391597.25 | Best fitness in generation (Train): 391598.59 | Mean fitness (Train): 391802.12 | Mean fitness (Test): 388471.91
Generation 2700 | Best fitness (Train): 390949.06 | Best fitness in generation (Train): 390972.34 | Mean fitness (Train): 391117.09 | Mean fitness (Test): 388307.34
Generation 2800 | Best fitness (Train): 390393.97 | Best fitness in generation (Train): 390422.97 | Mean fitness (Train): 390531.53 | Mean fitness (Test): 388166.22
Generation 2900 | Best fitness (Train): 389904.25 | Best fitness in generation (Train): 389916.16 | Mean fitness (Train): 390024.34 | Mean fitness (Test): 388028.75
Generation 3000 | Best fitness (Train): 389517.00 | Best fitness in generation (Train): 389517.00 | Mean fitness (Train): 389604.62 | Mean fitness (Test): 387921.19
Generation 3100 | Best fitness (Train): 389185.47 | Best fitness in generation (Train): 389191.12 | Mean fitness (Train): 389261.19 | Mean fitness (Test): 387841.78
Generation 3200 | Best fitness (Train): 388906.47 | Best fitness in generation (Train): 388918.16 | Mean fitness (Train): 388973.47 | Mean fitness (Test): 387773.25
Generation 3300 | Best fitness (Train): 388683.34 | Best fitness in generation (Train): 388687.91 | Mean fitness (Train): 388740.00 | Mean fitness (Test): 387726.97
Generation 3400 | Best fitness (Train): 388496.97 | Best fitness in generation (Train): 388496.97 | Mean fitness (Train): 388543.25 | Mean fitness (Test): 387688.22
Generation 3500 | Best fitness (Train): 388330.19 | Best fitness in generation (Train): 388340.31 | Mean fitness (Train): 388374.28 | Mean fitness (Test): 387651.28
Generation 3600 | Best fitness (Train): 388193.75 | Best fitness in generation (Train): 388193.75 | Mean fitness (Train): 388231.00 | Mean fitness (Test): 387619.72
Generation 3700 | Best fitness (Train): 388080.06 | Best fitness in generation (Train): 388083.03 | Mean fitness (Train): 388109.28 | Mean fitness (Test): 387590.44
Generation 3800 | Best fitness (Train): 387986.56 | Best fitness in generation (Train): 387993.28 | Mean fitness (Train): 388012.09 | Mean fitness (Test): 387571.91
Generation 3900 | Best fitness (Train): 387906.81 | Best fitness in generation (Train): 387909.72 | Mean fitness (Train): 387928.75 | Mean fitness (Test): 387553.84
Generation 4000 | Best fitness (Train): 387839.75 | Best fitness in generation (Train): 387839.75 | Mean fitness (Train): 387857.47 | Mean fitness (Test): 387539.16
running the experiment ... [../../results/BBOBProblem/rastrigin/DiscoveredES_500_10000/1]
Generation 100 | Best fitness (Train): 1059999.12 | Best fitness in generation (Train): 1059999.12 | Mean fitness (Train): 1065679.25 | Mean fitness (Test): 1055924.88
Generation 200 | Best fitness (Train): 899209.88 | Best fitness in generation (Train): 899209.88 | Mean fitness (Train): 902432.94 | Mean fitness (Test): 890181.62
Generation 300 | Best fitness (Train): 789751.62 | Best fitness in generation (Train): 789751.62 | Mean fitness (Train): 792377.75 | Mean fitness (Test): 776835.56
Generation 400 | Best fitness (Train): 705803.62 | Best fitness in generation (Train): 705803.62 | Mean fitness (Train): 708275.56 | Mean fitness (Test): 690543.44
Generation 500 | Best fitness (Train): 642439.75 | Best fitness in generation (Train): 642439.75 | Mean fitness (Train): 644509.00 | Mean fitness (Test): 626019.69
Generation 600 | Best fitness (Train): 593245.00 | Best fitness in generation (Train): 593245.00 | Mean fitness (Train): 595481.88 | Mean fitness (Test): 575762.75
Generation 700 | Best fitness (Train): 556303.75 | Best fitness in generation (Train): 556303.75 | Mean fitness (Train): 558121.88 | Mean fitness (Test): 538885.94
Generation 800 | Best fitness (Train): 527013.56 | Best fitness in generation (Train): 527013.56 | Mean fitness (Train): 528607.56 | Mean fitness (Test): 509221.38
Generation 900 | Best fitness (Train): 502671.00 | Best fitness in generation (Train): 502801.59 | Mean fitness (Train): 504260.00 | Mean fitness (Test): 484453.25
Generation 1000 | Best fitness (Train): 482025.16 | Best fitness in generation (Train): 482025.16 | Mean fitness (Train): 483713.50 | Mean fitness (Test): 464521.41
Generation 1100 | Best fitness (Train): 465386.94 | Best fitness in generation (Train): 465386.94 | Mean fitness (Train): 466898.66 | Mean fitness (Test): 448301.28
Generation 1200 | Best fitness (Train): 451354.22 | Best fitness in generation (Train): 451354.22 | Mean fitness (Train): 452649.75 | Mean fitness (Test): 434737.03
Generation 1300 | Best fitness (Train): 439435.25 | Best fitness in generation (Train): 439435.25 | Mean fitness (Train): 440785.19 | Mean fitness (Test): 424144.34
Generation 1400 | Best fitness (Train): 429700.53 | Best fitness in generation (Train): 429700.53 | Mean fitness (Train): 430757.59 | Mean fitness (Test): 414664.03
Generation 1500 | Best fitness (Train): 422182.25 | Best fitness in generation (Train): 422182.25 | Mean fitness (Train): 423001.03 | Mean fitness (Test): 407966.69
Generation 1600 | Best fitness (Train): 415447.31 | Best fitness in generation (Train): 415447.31 | Mean fitness (Train): 416394.25 | Mean fitness (Test): 402635.66
Generation 1700 | Best fitness (Train): 410656.53 | Best fitness in generation (Train): 410656.53 | Mean fitness (Train): 411434.06 | Mean fitness (Test): 398880.69
Generation 1800 | Best fitness (Train): 406555.03 | Best fitness in generation (Train): 406573.66 | Mean fitness (Train): 407270.88 | Mean fitness (Test): 395694.00
Generation 1900 | Best fitness (Train): 403483.59 | Best fitness in generation (Train): 403483.59 | Mean fitness (Train): 404032.84 | Mean fitness (Test): 394003.91
Generation 2000 | Best fitness (Train): 400766.44 | Best fitness in generation (Train): 400804.88 | Mean fitness (Train): 401293.66 | Mean fitness (Test): 392484.12
Generation 2100 | Best fitness (Train): 398536.03 | Best fitness in generation (Train): 398536.03 | Mean fitness (Train): 398983.12 | Mean fitness (Test): 391375.38
Generation 2200 | Best fitness (Train): 396642.78 | Best fitness in generation (Train): 396642.78 | Mean fitness (Train): 397055.97 | Mean fitness (Test): 390491.25
Generation 2300 | Best fitness (Train): 395125.72 | Best fitness in generation (Train): 395125.72 | Mean fitness (Train): 395484.91 | Mean fitness (Test): 389951.72
Generation 2400 | Best fitness (Train): 393955.97 | Best fitness in generation (Train): 393967.62 | Mean fitness (Train): 394205.47 | Mean fitness (Test): 389529.12
Generation 2500 | Best fitness (Train): 392938.53 | Best fitness in generation (Train): 392938.53 | Mean fitness (Train): 393152.97 | Mean fitness (Test): 389217.09
Generation 2600 | Best fitness (Train): 392108.97 | Best fitness in generation (Train): 392108.97 | Mean fitness (Train): 392300.66 | Mean fitness (Test): 388989.06
Generation 2700 | Best fitness (Train): 391447.00 | Best fitness in generation (Train): 391462.50 | Mean fitness (Train): 391599.31 | Mean fitness (Test): 388808.91
Generation 2800 | Best fitness (Train): 390882.84 | Best fitness in generation (Train): 390892.41 | Mean fitness (Train): 391016.78 | Mean fitness (Test): 388673.03
Generation 2900 | Best fitness (Train): 390407.28 | Best fitness in generation (Train): 390407.28 | Mean fitness (Train): 390509.84 | Mean fitness (Test): 388537.12
Generation 3000 | Best fitness (Train): 390039.50 | Best fitness in generation (Train): 390063.72 | Mean fitness (Train): 390138.97 | Mean fitness (Test): 388470.94
Generation 3100 | Best fitness (Train): 389719.09 | Best fitness in generation (Train): 389728.59 | Mean fitness (Train): 389795.16 | Mean fitness (Test): 388391.84
Generation 3200 | Best fitness (Train): 389448.00 | Best fitness in generation (Train): 389450.25 | Mean fitness (Train): 389507.66 | Mean fitness (Test): 388322.38
Generation 3300 | Best fitness (Train): 389223.75 | Best fitness in generation (Train): 389223.75 | Mean fitness (Train): 389273.88 | Mean fitness (Test): 388273.06
Generation 3400 | Best fitness (Train): 389029.75 | Best fitness in generation (Train): 389033.22 | Mean fitness (Train): 389079.50 | Mean fitness (Test): 388234.22
Generation 3500 | Best fitness (Train): 388875.25 | Best fitness in generation (Train): 388875.84 | Mean fitness (Train): 388909.00 | Mean fitness (Test): 388193.00
Generation 3600 | Best fitness (Train): 388734.59 | Best fitness in generation (Train): 388743.12 | Mean fitness (Train): 388772.56 | Mean fitness (Test): 388164.72
Generation 3700 | Best fitness (Train): 388622.56 | Best fitness in generation (Train): 388622.56 | Mean fitness (Train): 388654.47 | Mean fitness (Test): 388138.19
Generation 3800 | Best fitness (Train): 388525.81 | Best fitness in generation (Train): 388525.81 | Mean fitness (Train): 388554.28 | Mean fitness (Test): 388117.75
Generation 3900 | Best fitness (Train): 388451.50 | Best fitness in generation (Train): 388451.88 | Mean fitness (Train): 388471.09 | Mean fitness (Test): 388100.47
Generation 4000 | Best fitness (Train): 388382.94 | Best fitness in generation (Train): 388385.91 | Mean fitness (Train): 388401.12 | Mean fitness (Test): 388084.75
running the experiment ... [../../results/BBOBProblem/rastrigin/DiscoveredES_500_10000/2]
Generation 100 | Best fitness (Train): 1084390.25 | Best fitness in generation (Train): 1084390.25 | Mean fitness (Train): 1089127.25 | Mean fitness (Test): 1080215.88
Generation 200 | Best fitness (Train): 917945.38 | Best fitness in generation (Train): 917945.38 | Mean fitness (Train): 921751.81 | Mean fitness (Test): 910279.44
Generation 300 | Best fitness (Train): 806550.81 | Best fitness in generation (Train): 806550.81 | Mean fitness (Train): 809631.06 | Mean fitness (Test): 794153.19
Generation 400 | Best fitness (Train): 723541.50 | Best fitness in generation (Train): 723541.50 | Mean fitness (Train): 726114.75 | Mean fitness (Test): 709171.25
Generation 500 | Best fitness (Train): 659956.25 | Best fitness in generation (Train): 659956.25 | Mean fitness (Train): 661923.38 | Mean fitness (Test): 644273.88
Generation 600 | Best fitness (Train): 609424.75 | Best fitness in generation (Train): 609638.88 | Mean fitness (Train): 611577.38 | Mean fitness (Test): 593091.69
Generation 700 | Best fitness (Train): 569560.19 | Best fitness in generation (Train): 569619.81 | Mean fitness (Train): 571438.94 | Mean fitness (Test): 552593.38
Generation 800 | Best fitness (Train): 538081.56 | Best fitness in generation (Train): 538150.62 | Mean fitness (Train): 540005.25 | Mean fitness (Test): 520876.62
Generation 900 | Best fitness (Train): 512342.03 | Best fitness in generation (Train): 512342.03 | Mean fitness (Train): 514159.19 | Mean fitness (Test): 494796.91
Generation 1000 | Best fitness (Train): 490607.66 | Best fitness in generation (Train): 490994.78 | Mean fitness (Train): 492548.16 | Mean fitness (Test): 474039.44
Generation 1100 | Best fitness (Train): 472490.31 | Best fitness in generation (Train): 472490.31 | Mean fitness (Train): 474134.44 | Mean fitness (Test): 455912.81
Generation 1200 | Best fitness (Train): 457938.84 | Best fitness in generation (Train): 457938.84 | Mean fitness (Train): 459108.00 | Mean fitness (Test): 441565.97
Generation 1300 | Best fitness (Train): 445388.84 | Best fitness in generation (Train): 445388.84 | Mean fitness (Train): 446520.22 | Mean fitness (Test): 429935.72
Generation 1400 | Best fitness (Train): 435300.69 | Best fitness in generation (Train): 435300.69 | Mean fitness (Train): 436432.59 | Mean fitness (Test): 420463.22
Generation 1500 | Best fitness (Train): 426719.34 | Best fitness in generation (Train): 426719.34 | Mean fitness (Train): 427837.84 | Mean fitness (Test): 412845.09
Generation 1600 | Best fitness (Train): 420105.38 | Best fitness in generation (Train): 420184.41 | Mean fitness (Train): 420999.12 | Mean fitness (Test): 407058.44
Generation 1700 | Best fitness (Train): 414632.44 | Best fitness in generation (Train): 414632.44 | Mean fitness (Train): 415399.78 | Mean fitness (Test): 402459.97
Generation 1800 | Best fitness (Train): 409885.38 | Best fitness in generation (Train): 410205.41 | Mean fitness (Train): 410933.28 | Mean fitness (Test): 399078.97
Generation 1900 | Best fitness (Train): 406928.94 | Best fitness in generation (Train): 406970.25 | Mean fitness (Train): 407465.16 | Mean fitness (Test): 397060.81
Generation 2000 | Best fitness (Train): 403987.56 | Best fitness in generation (Train): 404087.53 | Mean fitness (Train): 404577.56 | Mean fitness (Test): 395472.31
Generation 2100 | Best fitness (Train): 401629.41 | Best fitness in generation (Train): 401629.41 | Mean fitness (Train): 402124.28 | Mean fitness (Test): 394136.28
Generation 2200 | Best fitness (Train): 399913.84 | Best fitness in generation (Train): 399966.56 | Mean fitness (Train): 400316.56 | Mean fitness (Test): 393545.31
Generation 2300 | Best fitness (Train): 398308.53 | Best fitness in generation (Train): 398308.53 | Mean fitness (Train): 398646.72 | Mean fitness (Test): 392885.81
Generation 2400 | Best fitness (Train): 397048.03 | Best fitness in generation (Train): 397048.03 | Mean fitness (Train): 397332.06 | Mean fitness (Test): 392497.53
Generation 2500 | Best fitness (Train): 396029.59 | Best fitness in generation (Train): 396049.25 | Mean fitness (Train): 396252.31 | Mean fitness (Test): 392147.09
Generation 2600 | Best fitness (Train): 395184.03 | Best fitness in generation (Train): 395201.38 | Mean fitness (Train): 395367.69 | Mean fitness (Test): 391919.16
Generation 2700 | Best fitness (Train): 394505.34 | Best fitness in generation (Train): 394508.88 | Mean fitness (Train): 394655.03 | Mean fitness (Test): 391752.22
Generation 2800 | Best fitness (Train): 393908.34 | Best fitness in generation (Train): 393924.19 | Mean fitness (Train): 394051.09 | Mean fitness (Test): 391604.19
Generation 2900 | Best fitness (Train): 393408.41 | Best fitness in generation (Train): 393408.41 | Mean fitness (Train): 393536.03 | Mean fitness (Test): 391472.34
Generation 3000 | Best fitness (Train): 392976.75 | Best fitness in generation (Train): 392976.75 | Mean fitness (Train): 393097.62 | Mean fitness (Test): 391356.28
Generation 3100 | Best fitness (Train): 392640.81 | Best fitness in generation (Train): 392679.59 | Mean fitness (Train): 392746.22 | Mean fitness (Test): 391278.47
Generation 3200 | Best fitness (Train): 392370.84 | Best fitness in generation (Train): 392370.84 | Mean fitness (Train): 392444.28 | Mean fitness (Test): 391208.19
Generation 3300 | Best fitness (Train): 392137.50 | Best fitness in generation (Train): 392143.44 | Mean fitness (Train): 392192.66 | Mean fitness (Test): 391150.84
Generation 3400 | Best fitness (Train): 391930.91 | Best fitness in generation (Train): 391930.91 | Mean fitness (Train): 391981.59 | Mean fitness (Test): 391100.34
Generation 3500 | Best fitness (Train): 391768.03 | Best fitness in generation (Train): 391770.31 | Mean fitness (Train): 391809.03 | Mean fitness (Test): 391064.56
Generation 3600 | Best fitness (Train): 391628.78 | Best fitness in generation (Train): 391628.78 | Mean fitness (Train): 391663.56 | Mean fitness (Test): 391035.44
Generation 3700 | Best fitness (Train): 391503.94 | Best fitness in generation (Train): 391503.94 | Mean fitness (Train): 391539.75 | Mean fitness (Test): 391008.19
Generation 3800 | Best fitness (Train): 391408.12 | Best fitness in generation (Train): 391414.75 | Mean fitness (Train): 391436.41 | Mean fitness (Test): 390984.44
Generation 3900 | Best fitness (Train): 391330.66 | Best fitness in generation (Train): 391331.59 | Mean fitness (Train): 391350.03 | Mean fitness (Test): 390966.03
Generation 4000 | Best fitness (Train): 391260.88 | Best fitness in generation (Train): 391264.16 | Mean fitness (Train): 391278.94 | Mean fitness (Test): 390952.38
running the experiment ... [../../results/BBOBProblem/rastrigin/DiscoveredES_500_10000/3]
Generation 100 | Best fitness (Train): 1092203.75 | Best fitness in generation (Train): 1092203.75 | Mean fitness (Train): 1097810.12 | Mean fitness (Test): 1089168.12
Generation 200 | Best fitness (Train): 925087.19 | Best fitness in generation (Train): 925087.19 | Mean fitness (Train): 928706.06 | Mean fitness (Test): 917351.06
Generation 300 | Best fitness (Train): 810964.25 | Best fitness in generation (Train): 810964.25 | Mean fitness (Train): 814417.12 | Mean fitness (Test): 799250.19
Generation 400 | Best fitness (Train): 725173.69 | Best fitness in generation (Train): 725173.69 | Mean fitness (Train): 727655.25 | Mean fitness (Test): 710961.88
Generation 500 | Best fitness (Train): 660037.19 | Best fitness in generation (Train): 660037.19 | Mean fitness (Train): 662249.25 | Mean fitness (Test): 643690.00
Generation 600 | Best fitness (Train): 610262.88 | Best fitness in generation (Train): 610262.88 | Mean fitness (Train): 611929.81 | Mean fitness (Test): 592781.75
Generation 700 | Best fitness (Train): 570783.50 | Best fitness in generation (Train): 570783.50 | Mean fitness (Train): 572864.12 | Mean fitness (Test): 553514.56
Generation 800 | Best fitness (Train): 538857.44 | Best fitness in generation (Train): 538857.44 | Mean fitness (Train): 540889.38 | Mean fitness (Test): 521053.69
Generation 900 | Best fitness (Train): 513470.09 | Best fitness in generation (Train): 513470.09 | Mean fitness (Train): 515142.09 | Mean fitness (Test): 495418.97
Generation 1000 | Best fitness (Train): 492010.31 | Best fitness in generation (Train): 492010.31 | Mean fitness (Train): 493508.88 | Mean fitness (Test): 474983.00
Generation 1100 | Best fitness (Train): 474222.41 | Best fitness in generation (Train): 474222.41 | Mean fitness (Train): 475679.06 | Mean fitness (Test): 457502.47
Generation 1200 | Best fitness (Train): 458716.56 | Best fitness in generation (Train): 458716.56 | Mean fitness (Train): 460064.94 | Mean fitness (Test): 442632.75
Generation 1300 | Best fitness (Train): 446281.88 | Best fitness in generation (Train): 446281.88 | Mean fitness (Train): 447477.28 | Mean fitness (Test): 431038.78
Generation 1400 | Best fitness (Train): 435522.19 | Best fitness in generation (Train): 435522.19 | Mean fitness (Train): 436458.06 | Mean fitness (Test): 420639.56
Generation 1500 | Best fitness (Train): 426685.25 | Best fitness in generation (Train): 426685.25 | Mean fitness (Train): 427930.25 | Mean fitness (Test): 412896.00
Generation 1600 | Best fitness (Train): 420075.94 | Best fitness in generation (Train): 420075.94 | Mean fitness (Train): 421027.53 | Mean fitness (Test): 407103.44
Generation 1700 | Best fitness (Train): 414432.34 | Best fitness in generation (Train): 414559.06 | Mean fitness (Train): 415289.03 | Mean fitness (Test): 402664.41
Generation 1800 | Best fitness (Train): 409739.97 | Best fitness in generation (Train): 409790.00 | Mean fitness (Train): 410466.25 | Mean fitness (Test): 398963.81
Generation 1900 | Best fitness (Train): 406020.78 | Best fitness in generation (Train): 406020.78 | Mean fitness (Train): 406702.47 | Mean fitness (Test): 396403.16
Generation 2000 | Best fitness (Train): 402948.62 | Best fitness in generation (Train): 402948.62 | Mean fitness (Train): 403593.09 | Mean fitness (Test): 394473.84
Generation 2100 | Best fitness (Train): 400674.53 | Best fitness in generation (Train): 400674.53 | Mean fitness (Train): 401205.03 | Mean fitness (Test): 393327.91
Generation 2200 | Best fitness (Train): 398842.38 | Best fitness in generation (Train): 398874.41 | Mean fitness (Train): 399247.69 | Mean fitness (Test): 392486.38
Generation 2300 | Best fitness (Train): 397386.66 | Best fitness in generation (Train): 397415.38 | Mean fitness (Train): 397713.66 | Mean fitness (Test): 392018.22
Generation 2400 | Best fitness (Train): 396137.84 | Best fitness in generation (Train): 396137.84 | Mean fitness (Train): 396429.47 | Mean fitness (Test): 391628.22
Generation 2500 | Best fitness (Train): 395166.22 | Best fitness in generation (Train): 395182.28 | Mean fitness (Train): 395400.28 | Mean fitness (Test): 391369.62
Generation 2600 | Best fitness (Train): 394307.75 | Best fitness in generation (Train): 394307.75 | Mean fitness (Train): 394516.03 | Mean fitness (Test): 391133.22
Generation 2700 | Best fitness (Train): 393634.69 | Best fitness in generation (Train): 393653.66 | Mean fitness (Train): 393806.06 | Mean fitness (Test): 390954.09
Generation 2800 | Best fitness (Train): 393071.97 | Best fitness in generation (Train): 393091.81 | Mean fitness (Train): 393223.03 | Mean fitness (Test): 390827.53
Generation 2900 | Best fitness (Train): 392574.25 | Best fitness in generation (Train): 392574.25 | Mean fitness (Train): 392710.88 | Mean fitness (Test): 390691.00
Generation 3000 | Best fitness (Train): 392209.78 | Best fitness in generation (Train): 392214.12 | Mean fitness (Train): 392294.81 | Mean fitness (Test): 390595.44
Generation 3100 | Best fitness (Train): 391849.12 | Best fitness in generation (Train): 391858.28 | Mean fitness (Train): 391941.72 | Mean fitness (Test): 390509.47
Generation 3200 | Best fitness (Train): 391566.00 | Best fitness in generation (Train): 391578.84 | Mean fitness (Train): 391639.19 | Mean fitness (Test): 390427.22
Generation 3300 | Best fitness (Train): 391341.53 | Best fitness in generation (Train): 391341.53 | Mean fitness (Train): 391398.94 | Mean fitness (Test): 390376.59
Generation 3400 | Best fitness (Train): 391146.72 | Best fitness in generation (Train): 391146.72 | Mean fitness (Train): 391195.72 | Mean fitness (Test): 390334.59
Generation 3500 | Best fitness (Train): 390987.09 | Best fitness in generation (Train): 390987.94 | Mean fitness (Train): 391029.47 | Mean fitness (Test): 390300.62
Generation 3600 | Best fitness (Train): 390837.25 | Best fitness in generation (Train): 390845.12 | Mean fitness (Train): 390879.94 | Mean fitness (Test): 390263.19
Generation 3700 | Best fitness (Train): 390733.41 | Best fitness in generation (Train): 390734.56 | Mean fitness (Train): 390760.97 | Mean fitness (Test): 390237.78
Generation 3800 | Best fitness (Train): 390637.56 | Best fitness in generation (Train): 390637.56 | Mean fitness (Train): 390662.03 | Mean fitness (Test): 390219.03
Generation 3900 | Best fitness (Train): 390558.53 | Best fitness in generation (Train): 390560.97 | Mean fitness (Train): 390579.53 | Mean fitness (Test): 390203.31
Generation 4000 | Best fitness (Train): 390487.97 | Best fitness in generation (Train): 390491.28 | Mean fitness (Train): 390507.78 | Mean fitness (Test): 390188.62
running the experiment ... [../../results/BBOBProblem/rastrigin/DiscoveredES_500_10000/4]
Generation 100 | Best fitness (Train): 1065650.12 | Best fitness in generation (Train): 1065650.12 | Mean fitness (Train): 1070391.00 | Mean fitness (Test): 1061510.25
Generation 200 | Best fitness (Train): 903491.56 | Best fitness in generation (Train): 903491.56 | Mean fitness (Train): 907688.25 | Mean fitness (Test): 896032.50
Generation 300 | Best fitness (Train): 792022.75 | Best fitness in generation (Train): 792022.75 | Mean fitness (Train): 794698.81 | Mean fitness (Test): 780190.06
Generation 400 | Best fitness (Train): 708996.38 | Best fitness in generation (Train): 708996.38 | Mean fitness (Train): 711411.88 | Mean fitness (Test): 694793.94
Generation 500 | Best fitness (Train): 646201.56 | Best fitness in generation (Train): 646433.19 | Mean fitness (Train): 648369.38 | Mean fitness (Test): 630191.62
Generation 600 | Best fitness (Train): 596757.88 | Best fitness in generation (Train): 596757.88 | Mean fitness (Train): 599004.69 | Mean fitness (Test): 579939.81
Generation 700 | Best fitness (Train): 558134.88 | Best fitness in generation (Train): 558134.88 | Mean fitness (Train): 560233.44 | Mean fitness (Test): 540661.88
Generation 800 | Best fitness (Train): 527502.50 | Best fitness in generation (Train): 527502.50 | Mean fitness (Train): 529305.25 | Mean fitness (Test): 509902.97
Generation 900 | Best fitness (Train): 502694.28 | Best fitness in generation (Train): 502694.28 | Mean fitness (Train): 504255.44 | Mean fitness (Test): 484746.34
Generation 1000 | Best fitness (Train): 481778.25 | Best fitness in generation (Train): 481778.25 | Mean fitness (Train): 483197.78 | Mean fitness (Test): 464010.44
Generation 1100 | Best fitness (Train): 463648.12 | Best fitness in generation (Train): 463648.12 | Mean fitness (Train): 465428.03 | Mean fitness (Test): 446789.03
Generation 1200 | Best fitness (Train): 449740.53 | Best fitness in generation (Train): 449740.53 | Mean fitness (Train): 450947.19 | Mean fitness (Test): 432678.22
Generation 1300 | Best fitness (Train): 437944.59 | Best fitness in generation (Train): 437944.59 | Mean fitness (Train): 439125.66 | Mean fitness (Test): 422343.78
Generation 1400 | Best fitness (Train): 427798.59 | Best fitness in generation (Train): 427798.59 | Mean fitness (Train): 429327.94 | Mean fitness (Test): 413104.06
Generation 1500 | Best fitness (Train): 420195.06 | Best fitness in generation (Train): 420195.06 | Mean fitness (Train): 421164.00 | Mean fitness (Test): 406176.81
Generation 1600 | Best fitness (Train): 413482.47 | Best fitness in generation (Train): 413660.94 | Mean fitness (Train): 414421.41 | Mean fitness (Test): 400582.62
Generation 1700 | Best fitness (Train): 407737.59 | Best fitness in generation (Train): 407737.59 | Mean fitness (Train): 408681.06 | Mean fitness (Test): 395736.19
Generation 1800 | Best fitness (Train): 403781.78 | Best fitness in generation (Train): 403900.91 | Mean fitness (Train): 404541.22 | Mean fitness (Test): 392930.78
Generation 1900 | Best fitness (Train): 400346.66 | Best fitness in generation (Train): 400346.66 | Mean fitness (Train): 400993.19 | Mean fitness (Test): 390619.16
Generation 2000 | Best fitness (Train): 397466.62 | Best fitness in generation (Train): 397613.59 | Mean fitness (Train): 398049.41 | Mean fitness (Test): 388987.81
Generation 2100 | Best fitness (Train): 395211.28 | Best fitness in generation (Train): 395274.75 | Mean fitness (Train): 395786.84 | Mean fitness (Test): 387946.78
Generation 2200 | Best fitness (Train): 393577.97 | Best fitness in generation (Train): 393577.97 | Mean fitness (Train): 393946.25 | Mean fitness (Test): 387250.84
Generation 2300 | Best fitness (Train): 392134.53 | Best fitness in generation (Train): 392169.91 | Mean fitness (Train): 392465.50 | Mean fitness (Test): 386811.56
Generation 2400 | Best fitness (Train): 390867.59 | Best fitness in generation (Train): 390895.22 | Mean fitness (Train): 391169.38 | Mean fitness (Test): 386375.47
Generation 2500 | Best fitness (Train): 389895.78 | Best fitness in generation (Train): 389895.78 | Mean fitness (Train): 390122.00 | Mean fitness (Test): 386087.88
Generation 2600 | Best fitness (Train): 389047.59 | Best fitness in generation (Train): 389047.59 | Mean fitness (Train): 389234.38 | Mean fitness (Test): 385834.34
Generation 2700 | Best fitness (Train): 388339.69 | Best fitness in generation (Train): 388346.78 | Mean fitness (Train): 388511.75 | Mean fitness (Test): 385647.78
Generation 2800 | Best fitness (Train): 387756.12 | Best fitness in generation (Train): 387756.12 | Mean fitness (Train): 387902.31 | Mean fitness (Test): 385489.12
Generation 2900 | Best fitness (Train): 387277.34 | Best fitness in generation (Train): 387277.34 | Mean fitness (Train): 387409.81 | Mean fitness (Test): 385375.47
Generation 3000 | Best fitness (Train): 386892.91 | Best fitness in generation (Train): 386916.12 | Mean fitness (Train): 387002.19 | Mean fitness (Test): 385285.53
Generation 3100 | Best fitness (Train): 386543.78 | Best fitness in generation (Train): 386543.78 | Mean fitness (Train): 386638.53 | Mean fitness (Test): 385188.91
Generation 3200 | Best fitness (Train): 386274.34 | Best fitness in generation (Train): 386274.34 | Mean fitness (Train): 386357.53 | Mean fitness (Test): 385135.22
Generation 3300 | Best fitness (Train): 386059.06 | Best fitness in generation (Train): 386070.88 | Mean fitness (Train): 386114.03 | Mean fitness (Test): 385079.66
Generation 3400 | Best fitness (Train): 385846.34 | Best fitness in generation (Train): 385846.34 | Mean fitness (Train): 385909.19 | Mean fitness (Test): 385038.38
Generation 3500 | Best fitness (Train): 385694.94 | Best fitness in generation (Train): 385694.94 | Mean fitness (Train): 385735.16 | Mean fitness (Test): 384995.53
Generation 3600 | Best fitness (Train): 385559.50 | Best fitness in generation (Train): 385562.25 | Mean fitness (Train): 385592.34 | Mean fitness (Test): 384968.25
Generation 3700 | Best fitness (Train): 385441.62 | Best fitness in generation (Train): 385441.78 | Mean fitness (Train): 385470.41 | Mean fitness (Test): 384940.81
Generation 3800 | Best fitness (Train): 385341.31 | Best fitness in generation (Train): 385345.66 | Mean fitness (Train): 385368.88 | Mean fitness (Test): 384917.69
Generation 3900 | Best fitness (Train): 385258.38 | Best fitness in generation (Train): 385260.44 | Mean fitness (Train): 385279.88 | Mean fitness (Test): 384896.25
Generation 4000 | Best fitness (Train): 385187.88 | Best fitness in generation (Train): 385195.09 | Mean fitness (Train): 385209.75 | Mean fitness (Test): 384885.00
Running ES algorithms:  86%|████████████████████████████████████████████████████████████████████████████████████████████████████████████▊                  | 6/7 [7:02:23<1:09:01, 4141.08s/it][A
Running ES algorithms: 100%|█████████████████████████████████████████████████████████████████████████████████████████████████████████████████████████████████| 7/7 [7:03:44<00:00, 3126.76s/it][ARunning ES algorithms: 100%|█████████████████████████████████████████████████████████████████████████████████████████████████████████████████████████████████| 7/7 [7:03:44<00:00, 3632.02s/it]
Successfully loaded: bueche_rastrigin
Loading Problems ..:  12%|███████████████▌                                                                                                            | 3/24 [14:02:49<114:36:11, 19646.25s/it]
running the experiment ... [../../results/BBOBProblem/bueche_rastrigin/PGPE_500_10000/0]
Generation 100 | Best fitness (Train): 9823331.00 | Best fitness in generation (Train): 9823331.00 | Mean fitness (Train): 9862358.00 | Mean fitness (Test): 9811944.00
Generation 200 | Best fitness (Train): 6760949.00 | Best fitness in generation (Train): 6760949.00 | Mean fitness (Train): 6795846.00 | Mean fitness (Test): 6758303.50
Generation 300 | Best fitness (Train): 4433076.00 | Best fitness in generation (Train): 4433076.00 | Mean fitness (Train): 4458299.50 | Mean fitness (Test): 4427885.50
Generation 400 | Best fitness (Train): 2798414.75 | Best fitness in generation (Train): 2798414.75 | Mean fitness (Train): 2814960.50 | Mean fitness (Test): 2791556.25
Generation 500 | Best fitness (Train): 1674748.38 | Best fitness in generation (Train): 1674748.38 | Mean fitness (Train): 1685197.00 | Mean fitness (Test): 1665574.50
Generation 600 | Best fitness (Train): 993439.88 | Best fitness in generation (Train): 993439.88 | Mean fitness (Train): 1000620.44 | Mean fitness (Test): 985713.31
Generation 700 | Best fitness (Train): 624936.44 | Best fitness in generation (Train): 624936.44 | Mean fitness (Train): 628370.06 | Mean fitness (Test): 613011.94
Generation 800 | Best fitness (Train): 463450.81 | Best fitness in generation (Train): 463450.81 | Mean fitness (Train): 465675.94 | Mean fitness (Test): 448440.44
Generation 900 | Best fitness (Train): 398238.91 | Best fitness in generation (Train): 398238.91 | Mean fitness (Train): 400901.91 | Mean fitness (Test): 379398.66
Generation 1000 | Best fitness (Train): 369560.47 | Best fitness in generation (Train): 369560.47 | Mean fitness (Train): 371401.94 | Mean fitness (Test): 347107.16
Generation 1100 | Best fitness (Train): 349299.62 | Best fitness in generation (Train): 349673.41 | Mean fitness (Train): 351310.88 | Mean fitness (Test): 325946.66
Generation 1200 | Best fitness (Train): 333925.09 | Best fitness in generation (Train): 333925.09 | Mean fitness (Train): 335708.41 | Mean fitness (Test): 310084.16
Generation 1300 | Best fitness (Train): 320566.31 | Best fitness in generation (Train): 320705.97 | Mean fitness (Train): 322378.31 | Mean fitness (Test): 297033.56
Generation 1400 | Best fitness (Train): 308808.16 | Best fitness in generation (Train): 308896.00 | Mean fitness (Train): 310519.16 | Mean fitness (Test): 285453.12
Generation 1500 | Best fitness (Train): 298021.53 | Best fitness in generation (Train): 298087.34 | Mean fitness (Train): 299577.09 | Mean fitness (Test): 274960.66
Generation 1600 | Best fitness (Train): 288107.66 | Best fitness in generation (Train): 288379.97 | Mean fitness (Train): 289817.94 | Mean fitness (Test): 265103.31
Generation 1700 | Best fitness (Train): 280470.28 | Best fitness in generation (Train): 280470.28 | Mean fitness (Train): 281880.00 | Mean fitness (Test): 258016.81
Generation 1800 | Best fitness (Train): 272024.12 | Best fitness in generation (Train): 272024.12 | Mean fitness (Train): 273908.31 | Mean fitness (Test): 249822.61
Generation 1900 | Best fitness (Train): 265895.16 | Best fitness in generation (Train): 266050.03 | Mean fitness (Train): 267893.69 | Mean fitness (Test): 244509.03
Generation 2000 | Best fitness (Train): 260459.86 | Best fitness in generation (Train): 260459.86 | Mean fitness (Train): 262087.30 | Mean fitness (Test): 239357.66
Generation 2100 | Best fitness (Train): 255581.34 | Best fitness in generation (Train): 255662.16 | Mean fitness (Train): 257202.61 | Mean fitness (Test): 235165.08
Generation 2200 | Best fitness (Train): 251118.31 | Best fitness in generation (Train): 251118.31 | Mean fitness (Train): 252895.55 | Mean fitness (Test): 230790.45
Generation 2300 | Best fitness (Train): 247076.36 | Best fitness in generation (Train): 247211.59 | Mean fitness (Train): 248706.83 | Mean fitness (Test): 226774.88
Generation 2400 | Best fitness (Train): 243724.22 | Best fitness in generation (Train): 244073.88 | Mean fitness (Train): 245442.83 | Mean fitness (Test): 224563.86
Generation 2500 | Best fitness (Train): 240218.22 | Best fitness in generation (Train): 240464.69 | Mean fitness (Train): 241947.48 | Mean fitness (Test): 221286.73
Generation 2600 | Best fitness (Train): 237145.50 | Best fitness in generation (Train): 237572.08 | Mean fitness (Train): 239024.62 | Mean fitness (Test): 218880.03
Generation 2700 | Best fitness (Train): 234585.36 | Best fitness in generation (Train): 234679.58 | Mean fitness (Train): 236056.36 | Mean fitness (Test): 216199.77
Generation 2800 | Best fitness (Train): 231885.02 | Best fitness in generation (Train): 231956.80 | Mean fitness (Train): 233427.73 | Mean fitness (Test): 213481.25
Generation 2900 | Best fitness (Train): 229547.28 | Best fitness in generation (Train): 229547.28 | Mean fitness (Train): 231139.95 | Mean fitness (Test): 211913.00
Generation 3000 | Best fitness (Train): 227624.14 | Best fitness in generation (Train): 227653.72 | Mean fitness (Train): 229083.11 | Mean fitness (Test): 210514.03
Generation 3100 | Best fitness (Train): 224925.31 | Best fitness in generation (Train): 225184.73 | Mean fitness (Train): 226481.80 | Mean fitness (Test): 208306.39
Generation 3200 | Best fitness (Train): 222815.91 | Best fitness in generation (Train): 223050.66 | Mean fitness (Train): 224366.41 | Mean fitness (Test): 206925.11
Generation 3300 | Best fitness (Train): 220563.22 | Best fitness in generation (Train): 220563.22 | Mean fitness (Train): 222370.80 | Mean fitness (Test): 205097.95
Generation 3400 | Best fitness (Train): 219232.39 | Best fitness in generation (Train): 219811.52 | Mean fitness (Train): 220886.78 | Mean fitness (Test): 204310.73
Generation 3500 | Best fitness (Train): 217185.50 | Best fitness in generation (Train): 217985.77 | Mean fitness (Train): 219260.75 | Mean fitness (Test): 202739.11
Generation 3600 | Best fitness (Train): 216497.50 | Best fitness in generation (Train): 216497.50 | Mean fitness (Train): 217883.97 | Mean fitness (Test): 202225.12
Generation 3700 | Best fitness (Train): 214946.50 | Best fitness in generation (Train): 215047.09 | Mean fitness (Train): 216233.25 | Mean fitness (Test): 200801.75
Generation 3800 | Best fitness (Train): 213398.06 | Best fitness in generation (Train): 213558.19 | Mean fitness (Train): 214772.22 | Mean fitness (Test): 199932.17
Generation 3900 | Best fitness (Train): 211702.44 | Best fitness in generation (Train): 212294.14 | Mean fitness (Train): 213306.12 | Mean fitness (Test): 198524.61
Generation 4000 | Best fitness (Train): 210310.05 | Best fitness in generation (Train): 210434.11 | Mean fitness (Train): 211924.14 | Mean fitness (Test): 197553.53
running the experiment ... [../../results/BBOBProblem/bueche_rastrigin/PGPE_500_10000/1]
Generation 100 | Best fitness (Train): 10372062.00 | Best fitness in generation (Train): 10372062.00 | Mean fitness (Train): 10416053.00 | Mean fitness (Test): 10362399.00
Generation 200 | Best fitness (Train): 7178088.00 | Best fitness in generation (Train): 7178088.00 | Mean fitness (Train): 7206930.50 | Mean fitness (Test): 7166366.50
Generation 300 | Best fitness (Train): 4733334.00 | Best fitness in generation (Train): 4733334.00 | Mean fitness (Train): 4754487.50 | Mean fitness (Test): 4721557.00
Generation 400 | Best fitness (Train): 2987910.75 | Best fitness in generation (Train): 2987910.75 | Mean fitness (Train): 3009479.25 | Mean fitness (Test): 2984083.75
Generation 500 | Best fitness (Train): 1807654.25 | Best fitness in generation (Train): 1807654.25 | Mean fitness (Train): 1820733.75 | Mean fitness (Test): 1803198.25
Generation 600 | Best fitness (Train): 1065241.38 | Best fitness in generation (Train): 1065241.38 | Mean fitness (Train): 1073572.00 | Mean fitness (Test): 1057305.62
Generation 700 | Best fitness (Train): 664200.69 | Best fitness in generation (Train): 664200.69 | Mean fitness (Train): 668388.19 | Mean fitness (Test): 653436.12
Generation 800 | Best fitness (Train): 479075.62 | Best fitness in generation (Train): 479075.62 | Mean fitness (Train): 481507.41 | Mean fitness (Test): 463573.53
Generation 900 | Best fitness (Train): 402694.91 | Best fitness in generation (Train): 402694.91 | Mean fitness (Train): 404999.84 | Mean fitness (Test): 383158.97
Generation 1000 | Best fitness (Train): 370078.81 | Best fitness in generation (Train): 370078.81 | Mean fitness (Train): 372217.84 | Mean fitness (Test): 348233.62
Generation 1100 | Best fitness (Train): 349889.12 | Best fitness in generation (Train): 349889.12 | Mean fitness (Train): 351789.75 | Mean fitness (Test): 326557.75
Generation 1200 | Best fitness (Train): 333802.84 | Best fitness in generation (Train): 333943.06 | Mean fitness (Train): 335446.09 | Mean fitness (Test): 309903.03
Generation 1300 | Best fitness (Train): 319830.50 | Best fitness in generation (Train): 319959.19 | Mean fitness (Train): 321493.78 | Mean fitness (Test): 295763.19
Generation 1400 | Best fitness (Train): 308266.59 | Best fitness in generation (Train): 308266.59 | Mean fitness (Train): 309834.56 | Mean fitness (Test): 284601.88
Generation 1500 | Best fitness (Train): 297525.69 | Best fitness in generation (Train): 297580.09 | Mean fitness (Train): 299057.00 | Mean fitness (Test): 274549.72
Generation 1600 | Best fitness (Train): 287763.53 | Best fitness in generation (Train): 287805.31 | Mean fitness (Train): 289556.69 | Mean fitness (Test): 265214.09
Generation 1700 | Best fitness (Train): 279704.91 | Best fitness in generation (Train): 280020.09 | Mean fitness (Train): 281451.47 | Mean fitness (Test): 257347.33
Generation 1800 | Best fitness (Train): 272489.25 | Best fitness in generation (Train): 272628.81 | Mean fitness (Train): 273965.31 | Mean fitness (Test): 250042.88
Generation 1900 | Best fitness (Train): 266012.72 | Best fitness in generation (Train): 266345.41 | Mean fitness (Train): 267750.91 | Mean fitness (Test): 244153.06
Generation 2000 | Best fitness (Train): 260505.50 | Best fitness in generation (Train): 260716.14 | Mean fitness (Train): 262115.08 | Mean fitness (Test): 238932.91
Generation 2100 | Best fitness (Train): 254891.23 | Best fitness in generation (Train): 255458.23 | Mean fitness (Train): 256696.08 | Mean fitness (Test): 234026.20
Generation 2200 | Best fitness (Train): 250750.12 | Best fitness in generation (Train): 250974.66 | Mean fitness (Train): 252584.62 | Mean fitness (Test): 229780.36
Generation 2300 | Best fitness (Train): 246865.52 | Best fitness in generation (Train): 247680.67 | Mean fitness (Train): 248884.84 | Mean fitness (Test): 226824.67
Generation 2400 | Best fitness (Train): 243324.14 | Best fitness in generation (Train): 243847.53 | Mean fitness (Train): 245068.12 | Mean fitness (Test): 223783.11
Generation 2500 | Best fitness (Train): 240333.64 | Best fitness in generation (Train): 240569.17 | Mean fitness (Train): 241815.17 | Mean fitness (Test): 221028.64
Generation 2600 | Best fitness (Train): 237249.86 | Best fitness in generation (Train): 237367.78 | Mean fitness (Train): 238805.39 | Mean fitness (Test): 218270.34
Generation 2700 | Best fitness (Train): 233696.31 | Best fitness in generation (Train): 234216.44 | Mean fitness (Train): 235855.08 | Mean fitness (Test): 215849.95
Generation 2800 | Best fitness (Train): 231448.98 | Best fitness in generation (Train): 231574.66 | Mean fitness (Train): 233075.38 | Mean fitness (Test): 213617.28
Generation 2900 | Best fitness (Train): 228782.95 | Best fitness in generation (Train): 229084.77 | Mean fitness (Train): 230525.62 | Mean fitness (Test): 211352.02
Generation 3000 | Best fitness (Train): 226928.08 | Best fitness in generation (Train): 226928.08 | Mean fitness (Train): 228624.72 | Mean fitness (Test): 210300.80
Generation 3100 | Best fitness (Train): 224703.97 | Best fitness in generation (Train): 224778.44 | Mean fitness (Train): 226282.50 | Mean fitness (Test): 207989.30
Generation 3200 | Best fitness (Train): 222830.05 | Best fitness in generation (Train): 223040.05 | Mean fitness (Train): 224423.31 | Mean fitness (Test): 207141.44
Generation 3300 | Best fitness (Train): 221125.89 | Best fitness in generation (Train): 221125.89 | Mean fitness (Train): 222661.11 | Mean fitness (Test): 205396.88
Generation 3400 | Best fitness (Train): 218868.20 | Best fitness in generation (Train): 218868.20 | Mean fitness (Train): 220570.50 | Mean fitness (Test): 203908.56
Generation 3500 | Best fitness (Train): 217967.09 | Best fitness in generation (Train): 218178.19 | Mean fitness (Train): 219409.48 | Mean fitness (Test): 203303.72
Generation 3600 | Best fitness (Train): 216206.14 | Best fitness in generation (Train): 216498.52 | Mean fitness (Train): 217591.86 | Mean fitness (Test): 201979.97
Generation 3700 | Best fitness (Train): 214020.56 | Best fitness in generation (Train): 214340.48 | Mean fitness (Train): 215486.30 | Mean fitness (Test): 199864.59
Generation 3800 | Best fitness (Train): 212201.11 | Best fitness in generation (Train): 212876.84 | Mean fitness (Train): 214020.30 | Mean fitness (Test): 198755.16
Generation 3900 | Best fitness (Train): 210997.11 | Best fitness in generation (Train): 211802.89 | Mean fitness (Train): 212855.28 | Mean fitness (Test): 198455.77
Generation 4000 | Best fitness (Train): 210509.55 | Best fitness in generation (Train): 210776.55 | Mean fitness (Train): 211920.61 | Mean fitness (Test): 197662.30
running the experiment ... [../../results/BBOBProblem/bueche_rastrigin/PGPE_500_10000/2]
Generation 100 | Best fitness (Train): 10895668.00 | Best fitness in generation (Train): 10895668.00 | Mean fitness (Train): 10938137.00 | Mean fitness (Test): 10886720.00
Generation 200 | Best fitness (Train): 7602549.50 | Best fitness in generation (Train): 7602549.50 | Mean fitness (Train): 7636110.50 | Mean fitness (Test): 7595189.50
Generation 300 | Best fitness (Train): 5080579.50 | Best fitness in generation (Train): 5080579.50 | Mean fitness (Train): 5105675.50 | Mean fitness (Test): 5072748.00
Generation 400 | Best fitness (Train): 3228781.50 | Best fitness in generation (Train): 3228781.50 | Mean fitness (Train): 3246529.25 | Mean fitness (Test): 3221704.50
Generation 500 | Best fitness (Train): 1956453.88 | Best fitness in generation (Train): 1956453.88 | Mean fitness (Train): 1967388.00 | Mean fitness (Test): 1947696.00
Generation 600 | Best fitness (Train): 1161831.50 | Best fitness in generation (Train): 1161831.50 | Mean fitness (Train): 1169188.00 | Mean fitness (Test): 1153662.38
Generation 700 | Best fitness (Train): 703212.00 | Best fitness in generation (Train): 703212.00 | Mean fitness (Train): 707677.75 | Mean fitness (Test): 693184.38
Generation 800 | Best fitness (Train): 489756.91 | Best fitness in generation (Train): 489756.91 | Mean fitness (Train): 492532.72 | Mean fitness (Test): 475824.56
Generation 900 | Best fitness (Train): 405987.78 | Best fitness in generation (Train): 405987.78 | Mean fitness (Train): 408596.72 | Mean fitness (Test): 387572.72
Generation 1000 | Best fitness (Train): 371531.38 | Best fitness in generation (Train): 371531.38 | Mean fitness (Train): 373905.88 | Mean fitness (Test): 349817.66
Generation 1100 | Best fitness (Train): 351170.09 | Best fitness in generation (Train): 351245.12 | Mean fitness (Train): 352984.91 | Mean fitness (Test): 327896.22
Generation 1200 | Best fitness (Train): 334861.88 | Best fitness in generation (Train): 335033.47 | Mean fitness (Train): 336665.88 | Mean fitness (Test): 311285.12
Generation 1300 | Best fitness (Train): 320943.84 | Best fitness in generation (Train): 321835.28 | Mean fitness (Train): 323261.28 | Mean fitness (Test): 297840.69
Generation 1400 | Best fitness (Train): 309687.44 | Best fitness in generation (Train): 309893.28 | Mean fitness (Train): 311411.19 | Mean fitness (Test): 286169.03
Generation 1500 | Best fitness (Train): 299103.25 | Best fitness in generation (Train): 299445.03 | Mean fitness (Train): 300863.88 | Mean fitness (Test): 275746.44
Generation 1600 | Best fitness (Train): 289755.59 | Best fitness in generation (Train): 289755.59 | Mean fitness (Train): 291489.09 | Mean fitness (Test): 266817.38
Generation 1700 | Best fitness (Train): 280658.84 | Best fitness in generation (Train): 280841.12 | Mean fitness (Train): 282509.03 | Mean fitness (Test): 258118.34
Generation 1800 | Best fitness (Train): 273260.38 | Best fitness in generation (Train): 273260.38 | Mean fitness (Train): 275028.81 | Mean fitness (Test): 251052.98
Generation 1900 | Best fitness (Train): 266775.59 | Best fitness in generation (Train): 266775.59 | Mean fitness (Train): 268505.62 | Mean fitness (Test): 244778.77
Generation 2000 | Best fitness (Train): 260443.64 | Best fitness in generation (Train): 260964.42 | Mean fitness (Train): 262555.78 | Mean fitness (Test): 239075.83
Generation 2100 | Best fitness (Train): 256240.17 | Best fitness in generation (Train): 256240.17 | Mean fitness (Train): 257763.70 | Mean fitness (Test): 235129.39
Generation 2200 | Best fitness (Train): 250945.44 | Best fitness in generation (Train): 251250.08 | Mean fitness (Train): 252767.75 | Mean fitness (Test): 230215.97
Generation 2300 | Best fitness (Train): 247133.06 | Best fitness in generation (Train): 247675.48 | Mean fitness (Train): 249012.91 | Mean fitness (Test): 226949.52
Generation 2400 | Best fitness (Train): 243707.39 | Best fitness in generation (Train): 243958.73 | Mean fitness (Train): 245147.69 | Mean fitness (Test): 223787.20
Generation 2500 | Best fitness (Train): 239866.61 | Best fitness in generation (Train): 240459.86 | Mean fitness (Train): 241574.81 | Mean fitness (Test): 220690.97
Generation 2600 | Best fitness (Train): 236463.02 | Best fitness in generation (Train): 236633.58 | Mean fitness (Train): 238096.14 | Mean fitness (Test): 217276.03
Generation 2700 | Best fitness (Train): 234255.66 | Best fitness in generation (Train): 234255.66 | Mean fitness (Train): 235838.70 | Mean fitness (Test): 215836.08
Generation 2800 | Best fitness (Train): 231772.72 | Best fitness in generation (Train): 231772.72 | Mean fitness (Train): 233307.78 | Mean fitness (Test): 213429.69
Generation 2900 | Best fitness (Train): 229663.52 | Best fitness in generation (Train): 229839.44 | Mean fitness (Train): 231121.73 | Mean fitness (Test): 211793.73
Generation 3000 | Best fitness (Train): 226825.19 | Best fitness in generation (Train): 226880.17 | Mean fitness (Train): 228218.83 | Mean fitness (Test): 209009.19
Generation 3100 | Best fitness (Train): 225055.23 | Best fitness in generation (Train): 225163.56 | Mean fitness (Train): 226611.34 | Mean fitness (Test): 208247.59
Generation 3200 | Best fitness (Train): 223505.61 | Best fitness in generation (Train): 223862.92 | Mean fitness (Train): 225021.36 | Mean fitness (Test): 207617.86
Generation 3300 | Best fitness (Train): 220732.73 | Best fitness in generation (Train): 221040.75 | Mean fitness (Train): 222763.12 | Mean fitness (Test): 205510.98
Generation 3400 | Best fitness (Train): 218758.09 | Best fitness in generation (Train): 218979.30 | Mean fitness (Train): 220660.64 | Mean fitness (Test): 203585.73
Generation 3500 | Best fitness (Train): 217342.22 | Best fitness in generation (Train): 217397.70 | Mean fitness (Train): 218837.12 | Mean fitness (Test): 202289.42
Generation 3600 | Best fitness (Train): 215935.44 | Best fitness in generation (Train): 216237.66 | Mean fitness (Train): 217470.16 | Mean fitness (Test): 201946.28
Generation 3700 | Best fitness (Train): 214711.00 | Best fitness in generation (Train): 214920.55 | Mean fitness (Train): 216077.48 | Mean fitness (Test): 200756.92
Generation 3800 | Best fitness (Train): 213435.17 | Best fitness in generation (Train): 213811.41 | Mean fitness (Train): 214967.62 | Mean fitness (Test): 200047.52
Generation 3900 | Best fitness (Train): 211282.88 | Best fitness in generation (Train): 211557.81 | Mean fitness (Train): 212525.52 | Mean fitness (Test): 197759.23
Generation 4000 | Best fitness (Train): 209978.56 | Best fitness in generation (Train): 209978.56 | Mean fitness (Train): 211520.80 | Mean fitness (Test): 197173.45
running the experiment ... [../../results/BBOBProblem/bueche_rastrigin/PGPE_500_10000/3]
Generation 100 | Best fitness (Train): 10231800.00 | Best fitness in generation (Train): 10231800.00 | Mean fitness (Train): 10271978.00 | Mean fitness (Test): 10220091.00
Generation 200 | Best fitness (Train): 7086820.50 | Best fitness in generation (Train): 7086820.50 | Mean fitness (Train): 7122834.50 | Mean fitness (Test): 7084842.50
Generation 300 | Best fitness (Train): 4673823.50 | Best fitness in generation (Train): 4673823.50 | Mean fitness (Train): 4698347.50 | Mean fitness (Test): 4666115.50
Generation 400 | Best fitness (Train): 2949507.75 | Best fitness in generation (Train): 2949507.75 | Mean fitness (Train): 2965895.75 | Mean fitness (Test): 2940864.75
Generation 500 | Best fitness (Train): 1770894.12 | Best fitness in generation (Train): 1770894.12 | Mean fitness (Train): 1780995.25 | Mean fitness (Test): 1761766.25
Generation 600 | Best fitness (Train): 1047330.44 | Best fitness in generation (Train): 1047330.44 | Mean fitness (Train): 1055507.00 | Mean fitness (Test): 1039182.38
Generation 700 | Best fitness (Train): 654311.00 | Best fitness in generation (Train): 654311.00 | Mean fitness (Train): 658439.44 | Mean fitness (Test): 643899.62
Generation 800 | Best fitness (Train): 478294.78 | Best fitness in generation (Train): 478294.78 | Mean fitness (Train): 480705.94 | Mean fitness (Test): 463237.81
Generation 900 | Best fitness (Train): 410039.94 | Best fitness in generation (Train): 410039.94 | Mean fitness (Train): 412205.56 | Mean fitness (Test): 390881.44
Generation 1000 | Best fitness (Train): 378060.81 | Best fitness in generation (Train): 378060.81 | Mean fitness (Train): 379708.75 | Mean fitness (Test): 355953.94
Generation 1100 | Best fitness (Train): 357416.94 | Best fitness in generation (Train): 357416.94 | Mean fitness (Train): 359016.72 | Mean fitness (Test): 334152.47
Generation 1200 | Best fitness (Train): 340622.09 | Best fitness in generation (Train): 340622.09 | Mean fitness (Train): 342489.88 | Mean fitness (Test): 318273.19
Generation 1300 | Best fitness (Train): 326241.50 | Best fitness in generation (Train): 326241.50 | Mean fitness (Train): 328018.44 | Mean fitness (Test): 303313.44
Generation 1400 | Best fitness (Train): 313681.38 | Best fitness in generation (Train): 313681.38 | Mean fitness (Train): 315317.66 | Mean fitness (Test): 290171.09
Generation 1500 | Best fitness (Train): 303002.50 | Best fitness in generation (Train): 303239.56 | Mean fitness (Train): 304576.38 | Mean fitness (Test): 279654.62
Generation 1600 | Best fitness (Train): 292624.06 | Best fitness in generation (Train): 293187.91 | Mean fitness (Train): 294921.56 | Mean fitness (Test): 270783.09
Generation 1700 | Best fitness (Train): 284410.06 | Best fitness in generation (Train): 284410.06 | Mean fitness (Train): 285982.03 | Mean fitness (Test): 261338.44
Generation 1800 | Best fitness (Train): 276706.66 | Best fitness in generation (Train): 276706.66 | Mean fitness (Train): 278642.72 | Mean fitness (Test): 254722.14
Generation 1900 | Best fitness (Train): 270838.50 | Best fitness in generation (Train): 271376.00 | Mean fitness (Train): 272658.97 | Mean fitness (Test): 249107.95
Generation 2000 | Best fitness (Train): 264934.19 | Best fitness in generation (Train): 264934.19 | Mean fitness (Train): 266844.59 | Mean fitness (Test): 244090.61
Generation 2100 | Best fitness (Train): 259736.95 | Best fitness in generation (Train): 259736.95 | Mean fitness (Train): 261457.84 | Mean fitness (Test): 238772.28
Generation 2200 | Best fitness (Train): 254887.16 | Best fitness in generation (Train): 255491.97 | Mean fitness (Train): 256745.55 | Mean fitness (Test): 234638.64
Generation 2300 | Best fitness (Train): 250855.39 | Best fitness in generation (Train): 251191.98 | Mean fitness (Train): 252470.47 | Mean fitness (Test): 230643.09
Generation 2400 | Best fitness (Train): 246964.19 | Best fitness in generation (Train): 246997.45 | Mean fitness (Train): 248471.56 | Mean fitness (Test): 226775.70
Generation 2500 | Best fitness (Train): 243844.00 | Best fitness in generation (Train): 244190.14 | Mean fitness (Train): 245410.92 | Mean fitness (Test): 224445.30
Generation 2600 | Best fitness (Train): 240988.28 | Best fitness in generation (Train): 241100.94 | Mean fitness (Train): 242395.22 | Mean fitness (Test): 221901.42
Generation 2700 | Best fitness (Train): 237320.61 | Best fitness in generation (Train): 237320.61 | Mean fitness (Train): 239069.09 | Mean fitness (Test): 218852.03
Generation 2800 | Best fitness (Train): 235363.84 | Best fitness in generation (Train): 235584.25 | Mean fitness (Train): 236956.44 | Mean fitness (Test): 217315.44
Generation 2900 | Best fitness (Train): 233118.20 | Best fitness in generation (Train): 233118.20 | Mean fitness (Train): 234802.86 | Mean fitness (Test): 215674.38
Generation 3000 | Best fitness (Train): 230406.72 | Best fitness in generation (Train): 231077.12 | Mean fitness (Train): 232374.81 | Mean fitness (Test): 214013.05
Generation 3100 | Best fitness (Train): 227746.94 | Best fitness in generation (Train): 227802.22 | Mean fitness (Train): 229312.56 | Mean fitness (Test): 211109.47
Generation 3200 | Best fitness (Train): 226102.33 | Best fitness in generation (Train): 226176.56 | Mean fitness (Train): 227482.08 | Mean fitness (Test): 209785.12
Generation 3300 | Best fitness (Train): 224493.03 | Best fitness in generation (Train): 224493.03 | Mean fitness (Train): 226027.44 | Mean fitness (Test): 208741.22
Generation 3400 | Best fitness (Train): 222317.42 | Best fitness in generation (Train): 222490.55 | Mean fitness (Train): 223934.16 | Mean fitness (Test): 207102.45
Generation 3500 | Best fitness (Train): 220716.80 | Best fitness in generation (Train): 221193.45 | Mean fitness (Train): 222368.47 | Mean fitness (Test): 205904.69
Generation 3600 | Best fitness (Train): 218681.08 | Best fitness in generation (Train): 219043.36 | Mean fitness (Train): 220240.52 | Mean fitness (Test): 204558.94
Generation 3700 | Best fitness (Train): 217369.88 | Best fitness in generation (Train): 217388.42 | Mean fitness (Train): 218840.08 | Mean fitness (Test): 203507.89
Generation 3800 | Best fitness (Train): 216011.44 | Best fitness in generation (Train): 216232.84 | Mean fitness (Train): 217720.11 | Mean fitness (Test): 202662.41
Generation 3900 | Best fitness (Train): 214676.34 | Best fitness in generation (Train): 214905.94 | Mean fitness (Train): 216123.62 | Mean fitness (Test): 201363.61
Generation 4000 | Best fitness (Train): 213465.67 | Best fitness in generation (Train): 213697.44 | Mean fitness (Train): 214758.28 | Mean fitness (Test): 200436.27
running the experiment ... [../../results/BBOBProblem/bueche_rastrigin/PGPE_500_10000/4]
Generation 100 | Best fitness (Train): 10302229.00 | Best fitness in generation (Train): 10302229.00 | Mean fitness (Train): 10348981.00 | Mean fitness (Test): 10297558.00
Generation 200 | Best fitness (Train): 7074609.00 | Best fitness in generation (Train): 7074609.00 | Mean fitness (Train): 7109974.00 | Mean fitness (Test): 7068031.50
Generation 300 | Best fitness (Train): 4666141.00 | Best fitness in generation (Train): 4666141.00 | Mean fitness (Train): 4690766.00 | Mean fitness (Test): 4660071.00
Generation 400 | Best fitness (Train): 2943138.25 | Best fitness in generation (Train): 2943138.25 | Mean fitness (Train): 2962858.75 | Mean fitness (Test): 2938734.00
Generation 500 | Best fitness (Train): 1783532.25 | Best fitness in generation (Train): 1783532.25 | Mean fitness (Train): 1793687.88 | Mean fitness (Test): 1775390.88
Generation 600 | Best fitness (Train): 1050734.38 | Best fitness in generation (Train): 1050734.38 | Mean fitness (Train): 1057274.12 | Mean fitness (Test): 1041666.06
Generation 700 | Best fitness (Train): 654111.56 | Best fitness in generation (Train): 654111.56 | Mean fitness (Train): 657668.06 | Mean fitness (Test): 642348.94
Generation 800 | Best fitness (Train): 471292.94 | Best fitness in generation (Train): 471292.94 | Mean fitness (Train): 473885.88 | Mean fitness (Test): 456742.81
Generation 900 | Best fitness (Train): 398630.12 | Best fitness in generation (Train): 398835.09 | Mean fitness (Train): 400481.50 | Mean fitness (Test): 378944.22
Generation 1000 | Best fitness (Train): 367020.25 | Best fitness in generation (Train): 367020.25 | Mean fitness (Train): 368794.53 | Mean fitness (Test): 344848.59
Generation 1100 | Best fitness (Train): 346406.03 | Best fitness in generation (Train): 346710.00 | Mean fitness (Train): 348392.38 | Mean fitness (Test): 323514.91
Generation 1200 | Best fitness (Train): 330426.62 | Best fitness in generation (Train): 330426.62 | Mean fitness (Train): 332236.19 | Mean fitness (Test): 306369.22
Generation 1300 | Best fitness (Train): 317438.47 | Best fitness in generation (Train): 317438.47 | Mean fitness (Train): 319138.41 | Mean fitness (Test): 293970.19
Generation 1400 | Best fitness (Train): 306374.91 | Best fitness in generation (Train): 306374.91 | Mean fitness (Train): 308059.59 | Mean fitness (Test): 282648.78
Generation 1500 | Best fitness (Train): 296456.16 | Best fitness in generation (Train): 296517.34 | Mean fitness (Train): 298170.97 | Mean fitness (Test): 273521.94
Generation 1600 | Best fitness (Train): 287867.12 | Best fitness in generation (Train): 287867.12 | Mean fitness (Train): 289371.19 | Mean fitness (Test): 264940.25
Generation 1700 | Best fitness (Train): 280097.72 | Best fitness in generation (Train): 280147.34 | Mean fitness (Train): 281957.31 | Mean fitness (Test): 257406.75
Generation 1800 | Best fitness (Train): 273488.06 | Best fitness in generation (Train): 273488.06 | Mean fitness (Train): 275171.59 | Mean fitness (Test): 251009.22
Generation 1900 | Best fitness (Train): 266314.34 | Best fitness in generation (Train): 266314.34 | Mean fitness (Train): 268411.94 | Mean fitness (Test): 244765.89
Generation 2000 | Best fitness (Train): 262273.50 | Best fitness in generation (Train): 262347.34 | Mean fitness (Train): 263859.94 | Mean fitness (Test): 240706.89
Generation 2100 | Best fitness (Train): 257001.12 | Best fitness in generation (Train): 257577.66 | Mean fitness (Train): 258998.09 | Mean fitness (Test): 236222.55
Generation 2200 | Best fitness (Train): 252919.09 | Best fitness in generation (Train): 253178.02 | Mean fitness (Train): 254648.36 | Mean fitness (Test): 232448.67
Generation 2300 | Best fitness (Train): 248124.25 | Best fitness in generation (Train): 248668.28 | Mean fitness (Train): 250237.27 | Mean fitness (Test): 228063.53
Generation 2400 | Best fitness (Train): 244753.27 | Best fitness in generation (Train): 244936.69 | Mean fitness (Train): 246627.64 | Mean fitness (Test): 224979.03
Generation 2500 | Best fitness (Train): 241618.64 | Best fitness in generation (Train): 242047.36 | Mean fitness (Train): 243367.17 | Mean fitness (Test): 222351.70
Generation 2600 | Best fitness (Train): 238035.12 | Best fitness in generation (Train): 238472.95 | Mean fitness (Train): 239855.30 | Mean fitness (Test): 219356.88
Generation 2700 | Best fitness (Train): 235804.14 | Best fitness in generation (Train): 236008.41 | Mean fitness (Train): 237509.03 | Mean fitness (Test): 217434.62
Generation 2800 | Best fitness (Train): 232896.61 | Best fitness in generation (Train): 233233.89 | Mean fitness (Train): 234645.12 | Mean fitness (Test): 215308.84
Generation 2900 | Best fitness (Train): 230676.31 | Best fitness in generation (Train): 230983.23 | Mean fitness (Train): 232226.38 | Mean fitness (Test): 213267.91
Generation 3000 | Best fitness (Train): 228311.22 | Best fitness in generation (Train): 228311.22 | Mean fitness (Train): 229982.47 | Mean fitness (Test): 211009.23
Generation 3100 | Best fitness (Train): 226213.88 | Best fitness in generation (Train): 226364.88 | Mean fitness (Train): 227864.69 | Mean fitness (Test): 210049.17
Generation 3200 | Best fitness (Train): 224124.48 | Best fitness in generation (Train): 224145.11 | Mean fitness (Train): 225629.42 | Mean fitness (Test): 208030.55
Generation 3300 | Best fitness (Train): 222557.11 | Best fitness in generation (Train): 222937.62 | Mean fitness (Train): 224246.70 | Mean fitness (Test): 207156.44
Generation 3400 | Best fitness (Train): 220504.73 | Best fitness in generation (Train): 220866.12 | Mean fitness (Train): 221856.36 | Mean fitness (Test): 205410.36
Generation 3500 | Best fitness (Train): 218814.83 | Best fitness in generation (Train): 219013.34 | Mean fitness (Train): 220161.30 | Mean fitness (Test): 204250.77
Generation 3600 | Best fitness (Train): 216966.98 | Best fitness in generation (Train): 217139.75 | Mean fitness (Train): 218346.66 | Mean fitness (Test): 202350.61
Generation 3700 | Best fitness (Train): 215449.09 | Best fitness in generation (Train): 215530.36 | Mean fitness (Train): 216989.34 | Mean fitness (Test): 201632.95
Generation 3800 | Best fitness (Train): 214160.73 | Best fitness in generation (Train): 214552.91 | Mean fitness (Train): 215581.19 | Mean fitness (Test): 200811.91
Generation 3900 | Best fitness (Train): 211791.78 | Best fitness in generation (Train): 212382.44 | Mean fitness (Train): 213482.78 | Mean fitness (Test): 198917.09
Generation 4000 | Best fitness (Train): 210335.14 | Best fitness in generation (Train): 210554.12 | Mean fitness (Train): 211670.12 | Mean fitness (Test): 197366.53
Running ES algorithms:   0%|                                                                                                                                             | 0/7 [00:00<?, ?it/s][A
running the experiment ... [../../results/BBOBProblem/bueche_rastrigin/Open_ES_500_10000/0]
Generation 100 | Best fitness (Train): 11719320.00 | Best fitness in generation (Train): 11719320.00 | Mean fitness (Train): 11739560.00 | Mean fitness (Test): 11716701.00
Generation 200 | Best fitness (Train): 9907278.00 | Best fitness in generation (Train): 9907278.00 | Mean fitness (Train): 9927113.00 | Mean fitness (Test): 9906056.00
Generation 300 | Best fitness (Train): 8408875.00 | Best fitness in generation (Train): 8408875.00 | Mean fitness (Train): 8423178.00 | Mean fitness (Test): 8404890.00
Generation 400 | Best fitness (Train): 7148284.00 | Best fitness in generation (Train): 7148284.00 | Mean fitness (Train): 7158949.00 | Mean fitness (Test): 7144303.50
Generation 500 | Best fitness (Train): 6052340.00 | Best fitness in generation (Train): 6052340.00 | Mean fitness (Train): 6064418.00 | Mean fitness (Test): 6050975.00
Generation 600 | Best fitness (Train): 5097915.50 | Best fitness in generation (Train): 5097915.50 | Mean fitness (Train): 5110214.00 | Mean fitness (Test): 5098199.00
Generation 700 | Best fitness (Train): 4318129.50 | Best fitness in generation (Train): 4318129.50 | Mean fitness (Train): 4326131.00 | Mean fitness (Test): 4315529.00
Generation 800 | Best fitness (Train): 3669927.75 | Best fitness in generation (Train): 3669927.75 | Mean fitness (Train): 3677118.50 | Mean fitness (Test): 3668222.75
Generation 900 | Best fitness (Train): 3120764.50 | Best fitness in generation (Train): 3120764.50 | Mean fitness (Train): 3125668.50 | Mean fitness (Test): 3117624.50
Generation 1000 | Best fitness (Train): 2655438.75 | Best fitness in generation (Train): 2655438.75 | Mean fitness (Train): 2661214.75 | Mean fitness (Test): 2653673.00
Generation 1100 | Best fitness (Train): 2261918.00 | Best fitness in generation (Train): 2261918.00 | Mean fitness (Train): 2266377.75 | Mean fitness (Test): 2259559.75
Generation 1200 | Best fitness (Train): 1939991.00 | Best fitness in generation (Train): 1939991.00 | Mean fitness (Train): 1943881.12 | Mean fitness (Test): 1937281.38
Generation 1300 | Best fitness (Train): 1676386.12 | Best fitness in generation (Train): 1676386.12 | Mean fitness (Train): 1679243.75 | Mean fitness (Test): 1673556.25
Generation 1400 | Best fitness (Train): 1464865.88 | Best fitness in generation (Train): 1464865.88 | Mean fitness (Train): 1467353.62 | Mean fitness (Test): 1462248.25
Generation 1500 | Best fitness (Train): 1286083.25 | Best fitness in generation (Train): 1286083.25 | Mean fitness (Train): 1288712.12 | Mean fitness (Test): 1283386.75
Generation 1600 | Best fitness (Train): 1142905.25 | Best fitness in generation (Train): 1142905.25 | Mean fitness (Train): 1145237.50 | Mean fitness (Test): 1140358.25
Generation 1700 | Best fitness (Train): 1025894.00 | Best fitness in generation (Train): 1025894.00 | Mean fitness (Train): 1027748.81 | Mean fitness (Test): 1022366.88
Generation 1800 | Best fitness (Train): 932267.94 | Best fitness in generation (Train): 932267.94 | Mean fitness (Train): 933667.12 | Mean fitness (Test): 928488.00
Generation 1900 | Best fitness (Train): 855735.94 | Best fitness in generation (Train): 855735.94 | Mean fitness (Train): 856989.06 | Mean fitness (Test): 851894.88
Generation 2000 | Best fitness (Train): 797361.31 | Best fitness in generation (Train): 797361.31 | Mean fitness (Train): 798616.44 | Mean fitness (Test): 793181.12
Generation 2100 | Best fitness (Train): 754175.56 | Best fitness in generation (Train): 754175.56 | Mean fitness (Train): 755270.38 | Mean fitness (Test): 749954.69
Generation 2200 | Best fitness (Train): 718570.19 | Best fitness in generation (Train): 718570.19 | Mean fitness (Train): 719409.88 | Mean fitness (Test): 713775.69
Generation 2300 | Best fitness (Train): 688742.44 | Best fitness in generation (Train): 688742.44 | Mean fitness (Train): 689503.88 | Mean fitness (Test): 684106.12
Generation 2400 | Best fitness (Train): 665962.00 | Best fitness in generation (Train): 665983.25 | Mean fitness (Train): 666645.75 | Mean fitness (Test): 661442.50
Generation 2500 | Best fitness (Train): 649153.38 | Best fitness in generation (Train): 649153.38 | Mean fitness (Train): 649827.50 | Mean fitness (Test): 644538.75
Generation 2600 | Best fitness (Train): 637942.88 | Best fitness in generation (Train): 637942.88 | Mean fitness (Train): 638607.00 | Mean fitness (Test): 633104.88
Generation 2700 | Best fitness (Train): 629204.56 | Best fitness in generation (Train): 629211.38 | Mean fitness (Train): 629829.62 | Mean fitness (Test): 624671.62
Generation 2800 | Best fitness (Train): 622793.12 | Best fitness in generation (Train): 622793.12 | Mean fitness (Train): 623361.38 | Mean fitness (Test): 617989.06
Generation 2900 | Best fitness (Train): 618476.12 | Best fitness in generation (Train): 618476.12 | Mean fitness (Train): 619015.06 | Mean fitness (Test): 613693.25
Generation 3000 | Best fitness (Train): 615008.12 | Best fitness in generation (Train): 615076.38 | Mean fitness (Train): 615562.69 | Mean fitness (Test): 610320.75
Generation 3100 | Best fitness (Train): 613217.19 | Best fitness in generation (Train): 613258.69 | Mean fitness (Train): 613691.56 | Mean fitness (Test): 608604.94
Generation 3200 | Best fitness (Train): 611470.50 | Best fitness in generation (Train): 611512.00 | Mean fitness (Train): 611989.94 | Mean fitness (Test): 607162.12
Generation 3300 | Best fitness (Train): 610064.00 | Best fitness in generation (Train): 610214.94 | Mean fitness (Train): 610623.62 | Mean fitness (Test): 606011.44
Generation 3400 | Best fitness (Train): 609288.00 | Best fitness in generation (Train): 609360.38 | Mean fitness (Train): 609721.69 | Mean fitness (Test): 605373.06
Generation 3500 | Best fitness (Train): 608424.81 | Best fitness in generation (Train): 608424.81 | Mean fitness (Train): 608893.38 | Mean fitness (Test): 604770.06
Generation 3600 | Best fitness (Train): 607779.38 | Best fitness in generation (Train): 607820.00 | Mean fitness (Train): 608212.81 | Mean fitness (Test): 604318.38
Generation 3700 | Best fitness (Train): 607097.56 | Best fitness in generation (Train): 607181.19 | Mean fitness (Train): 607578.62 | Mean fitness (Test): 603934.94
Generation 3800 | Best fitness (Train): 606691.56 | Best fitness in generation (Train): 606726.56 | Mean fitness (Train): 607102.38 | Mean fitness (Test): 603682.75
Generation 3900 | Best fitness (Train): 606240.50 | Best fitness in generation (Train): 606319.06 | Mean fitness (Train): 606651.06 | Mean fitness (Test): 603421.25
Generation 4000 | Best fitness (Train): 605830.06 | Best fitness in generation (Train): 605912.75 | Mean fitness (Train): 606217.31 | Mean fitness (Test): 603196.25
running the experiment ... [../../results/BBOBProblem/bueche_rastrigin/Open_ES_500_10000/1]
Generation 100 | Best fitness (Train): 12349456.00 | Best fitness in generation (Train): 12349456.00 | Mean fitness (Train): 12374162.00 | Mean fitness (Test): 12349412.00
Generation 200 | Best fitness (Train): 10480001.00 | Best fitness in generation (Train): 10480001.00 | Mean fitness (Train): 10499330.00 | Mean fitness (Test): 10477465.00
Generation 300 | Best fitness (Train): 8912674.00 | Best fitness in generation (Train): 8912674.00 | Mean fitness (Train): 8928445.00 | Mean fitness (Test): 8909918.00
Generation 400 | Best fitness (Train): 7574805.00 | Best fitness in generation (Train): 7574805.00 | Mean fitness (Train): 7588846.00 | Mean fitness (Test): 7572417.50
Generation 500 | Best fitness (Train): 6421000.50 | Best fitness in generation (Train): 6421000.50 | Mean fitness (Train): 6433985.00 | Mean fitness (Test): 6420092.50
Generation 600 | Best fitness (Train): 5453222.00 | Best fitness in generation (Train): 5453222.00 | Mean fitness (Train): 5464336.50 | Mean fitness (Test): 5452133.00
Generation 700 | Best fitness (Train): 4620517.00 | Best fitness in generation (Train): 4620517.00 | Mean fitness (Train): 4629238.00 | Mean fitness (Test): 4617629.00
Generation 800 | Best fitness (Train): 3919629.50 | Best fitness in generation (Train): 3919629.50 | Mean fitness (Train): 3926220.00 | Mean fitness (Test): 3916746.50
Generation 900 | Best fitness (Train): 3340175.25 | Best fitness in generation (Train): 3340175.25 | Mean fitness (Train): 3346101.00 | Mean fitness (Test): 3337298.25
Generation 1000 | Best fitness (Train): 2856617.00 | Best fitness in generation (Train): 2856617.00 | Mean fitness (Train): 2862055.50 | Mean fitness (Test): 2854366.75
Generation 1100 | Best fitness (Train): 2454205.25 | Best fitness in generation (Train): 2454205.25 | Mean fitness (Train): 2457918.75 | Mean fitness (Test): 2451283.00
Generation 1200 | Best fitness (Train): 2105627.25 | Best fitness in generation (Train): 2105627.25 | Mean fitness (Train): 2109272.75 | Mean fitness (Test): 2103384.00
Generation 1300 | Best fitness (Train): 1825006.50 | Best fitness in generation (Train): 1825006.50 | Mean fitness (Train): 1827935.62 | Mean fitness (Test): 1821941.25
Generation 1400 | Best fitness (Train): 1587482.50 | Best fitness in generation (Train): 1587482.50 | Mean fitness (Train): 1589972.62 | Mean fitness (Test): 1584504.38
Generation 1500 | Best fitness (Train): 1388974.25 | Best fitness in generation (Train): 1388974.25 | Mean fitness (Train): 1391450.75 | Mean fitness (Test): 1386028.38
Generation 1600 | Best fitness (Train): 1230059.38 | Best fitness in generation (Train): 1230059.38 | Mean fitness (Train): 1232085.88 | Mean fitness (Test): 1226647.62
Generation 1700 | Best fitness (Train): 1100940.12 | Best fitness in generation (Train): 1100940.12 | Mean fitness (Train): 1103289.50 | Mean fitness (Test): 1098064.88
Generation 1800 | Best fitness (Train): 998099.62 | Best fitness in generation (Train): 998099.62 | Mean fitness (Train): 999670.81 | Mean fitness (Test): 994495.19
Generation 1900 | Best fitness (Train): 911798.44 | Best fitness in generation (Train): 911798.44 | Mean fitness (Train): 913128.56 | Mean fitness (Test): 908172.88
Generation 2000 | Best fitness (Train): 844036.75 | Best fitness in generation (Train): 844036.75 | Mean fitness (Train): 845219.88 | Mean fitness (Test): 839881.12
Generation 2100 | Best fitness (Train): 793690.00 | Best fitness in generation (Train): 793690.00 | Mean fitness (Train): 794809.81 | Mean fitness (Test): 789805.44
Generation 2200 | Best fitness (Train): 753548.25 | Best fitness in generation (Train): 753548.25 | Mean fitness (Train): 754696.38 | Mean fitness (Test): 749440.94
Generation 2300 | Best fitness (Train): 721782.56 | Best fitness in generation (Train): 721782.56 | Mean fitness (Train): 722621.44 | Mean fitness (Test): 717483.00
Generation 2400 | Best fitness (Train): 697188.50 | Best fitness in generation (Train): 697188.50 | Mean fitness (Train): 698003.94 | Mean fitness (Test): 692721.56
Generation 2500 | Best fitness (Train): 677768.56 | Best fitness in generation (Train): 677768.56 | Mean fitness (Train): 678503.19 | Mean fitness (Test): 673248.06
Generation 2600 | Best fitness (Train): 663806.75 | Best fitness in generation (Train): 663806.75 | Mean fitness (Train): 664610.75 | Mean fitness (Test): 658891.81
Generation 2700 | Best fitness (Train): 653167.69 | Best fitness in generation (Train): 653167.69 | Mean fitness (Train): 653762.94 | Mean fitness (Test): 648158.25
Generation 2800 | Best fitness (Train): 645874.62 | Best fitness in generation (Train): 645874.62 | Mean fitness (Train): 646467.88 | Mean fitness (Test): 640931.25
Generation 2900 | Best fitness (Train): 641343.25 | Best fitness in generation (Train): 641343.25 | Mean fitness (Train): 642006.81 | Mean fitness (Test): 636516.75
Generation 3000 | Best fitness (Train): 637890.31 | Best fitness in generation (Train): 638040.62 | Mean fitness (Train): 638510.62 | Mean fitness (Test): 633011.62
Generation 3100 | Best fitness (Train): 635224.19 | Best fitness in generation (Train): 635224.19 | Mean fitness (Train): 635815.38 | Mean fitness (Test): 630527.94
Generation 3200 | Best fitness (Train): 632603.12 | Best fitness in generation (Train): 632603.12 | Mean fitness (Train): 633184.81 | Mean fitness (Test): 628134.25
Generation 3300 | Best fitness (Train): 630685.62 | Best fitness in generation (Train): 630818.56 | Mean fitness (Train): 631247.50 | Mean fitness (Test): 626383.06
Generation 3400 | Best fitness (Train): 629410.62 | Best fitness in generation (Train): 629486.75 | Mean fitness (Train): 629938.69 | Mean fitness (Test): 625342.69
Generation 3500 | Best fitness (Train): 628105.88 | Best fitness in generation (Train): 628128.75 | Mean fitness (Train): 628597.25 | Mean fitness (Test): 624206.88
Generation 3600 | Best fitness (Train): 626914.50 | Best fitness in generation (Train): 627016.12 | Mean fitness (Train): 627400.88 | Mean fitness (Test): 623244.38
Generation 3700 | Best fitness (Train): 626175.62 | Best fitness in generation (Train): 626256.38 | Mean fitness (Train): 626674.31 | Mean fitness (Test): 622762.56
Generation 3800 | Best fitness (Train): 625547.69 | Best fitness in generation (Train): 625639.06 | Mean fitness (Train): 626027.50 | Mean fitness (Test): 622333.69
Generation 3900 | Best fitness (Train): 625069.44 | Best fitness in generation (Train): 625197.88 | Mean fitness (Train): 625508.25 | Mean fitness (Test): 622039.62
Generation 4000 | Best fitness (Train): 624653.94 | Best fitness in generation (Train): 624733.38 | Mean fitness (Train): 625040.06 | Mean fitness (Test): 621789.69
running the experiment ... [../../results/BBOBProblem/bueche_rastrigin/Open_ES_500_10000/2]
Generation 100 | Best fitness (Train): 12918799.00 | Best fitness in generation (Train): 12918799.00 | Mean fitness (Train): 12940224.00 | Mean fitness (Test): 12915826.00
Generation 200 | Best fitness (Train): 11018645.00 | Best fitness in generation (Train): 11018645.00 | Mean fitness (Train): 11037593.00 | Mean fitness (Test): 11015464.00
Generation 300 | Best fitness (Train): 9390631.00 | Best fitness in generation (Train): 9390631.00 | Mean fitness (Train): 9409119.00 | Mean fitness (Test): 9390457.00
Generation 400 | Best fitness (Train): 8007009.50 | Best fitness in generation (Train): 8007009.50 | Mean fitness (Train): 8021848.50 | Mean fitness (Test): 8005854.00
Generation 500 | Best fitness (Train): 6814015.50 | Best fitness in generation (Train): 6814015.50 | Mean fitness (Train): 6826074.50 | Mean fitness (Test): 6811670.00
Generation 600 | Best fitness (Train): 5795979.50 | Best fitness in generation (Train): 5795979.50 | Mean fitness (Train): 5807633.00 | Mean fitness (Test): 5793900.50
Generation 700 | Best fitness (Train): 4946644.00 | Best fitness in generation (Train): 4946644.00 | Mean fitness (Train): 4954274.00 | Mean fitness (Test): 4943266.50
Generation 800 | Best fitness (Train): 4227016.50 | Best fitness in generation (Train): 4227016.50 | Mean fitness (Train): 4235398.00 | Mean fitness (Test): 4225602.00
Generation 900 | Best fitness (Train): 3602616.25 | Best fitness in generation (Train): 3602616.25 | Mean fitness (Train): 3608746.00 | Mean fitness (Test): 3600214.50
Generation 1000 | Best fitness (Train): 3072577.50 | Best fitness in generation (Train): 3072577.50 | Mean fitness (Train): 3078375.50 | Mean fitness (Test): 3070556.25
Generation 1100 | Best fitness (Train): 2632750.00 | Best fitness in generation (Train): 2632750.00 | Mean fitness (Train): 2637386.50 | Mean fitness (Test): 2630002.00
Generation 1200 | Best fitness (Train): 2266971.50 | Best fitness in generation (Train): 2266971.50 | Mean fitness (Train): 2271310.25 | Mean fitness (Test): 2264545.50
Generation 1300 | Best fitness (Train): 1971543.62 | Best fitness in generation (Train): 1971543.62 | Mean fitness (Train): 1974967.88 | Mean fitness (Test): 1968821.75
Generation 1400 | Best fitness (Train): 1717963.62 | Best fitness in generation (Train): 1717963.62 | Mean fitness (Train): 1721400.12 | Mean fitness (Test): 1715542.75
Generation 1500 | Best fitness (Train): 1507028.00 | Best fitness in generation (Train): 1507028.00 | Mean fitness (Train): 1509857.62 | Mean fitness (Test): 1504333.50
Generation 1600 | Best fitness (Train): 1327275.12 | Best fitness in generation (Train): 1327275.12 | Mean fitness (Train): 1329693.38 | Mean fitness (Test): 1324385.62
Generation 1700 | Best fitness (Train): 1186909.75 | Best fitness in generation (Train): 1186909.75 | Mean fitness (Train): 1188810.50 | Mean fitness (Test): 1183810.38
Generation 1800 | Best fitness (Train): 1073655.50 | Best fitness in generation (Train): 1073655.50 | Mean fitness (Train): 1075336.25 | Mean fitness (Test): 1070812.25
Generation 1900 | Best fitness (Train): 983782.69 | Best fitness in generation (Train): 983782.69 | Mean fitness (Train): 985406.62 | Mean fitness (Test): 980983.06
Generation 2000 | Best fitness (Train): 907929.62 | Best fitness in generation (Train): 907929.62 | Mean fitness (Train): 909119.00 | Mean fitness (Test): 904174.12
Generation 2100 | Best fitness (Train): 843520.00 | Best fitness in generation (Train): 843520.00 | Mean fitness (Train): 844747.69 | Mean fitness (Test): 839577.31
Generation 2200 | Best fitness (Train): 793862.00 | Best fitness in generation (Train): 793862.00 | Mean fitness (Train): 794843.06 | Mean fitness (Test): 789640.88
Generation 2300 | Best fitness (Train): 755941.81 | Best fitness in generation (Train): 755941.81 | Mean fitness (Train): 756971.69 | Mean fitness (Test): 752140.94
Generation 2400 | Best fitness (Train): 727482.62 | Best fitness in generation (Train): 727482.62 | Mean fitness (Train): 728339.38 | Mean fitness (Test): 723334.56
Generation 2500 | Best fitness (Train): 705523.88 | Best fitness in generation (Train): 705583.25 | Mean fitness (Train): 706233.56 | Mean fitness (Test): 701086.88
Generation 2600 | Best fitness (Train): 687240.88 | Best fitness in generation (Train): 687240.88 | Mean fitness (Train): 687992.94 | Mean fitness (Test): 682663.31
Generation 2700 | Best fitness (Train): 673489.69 | Best fitness in generation (Train): 673489.69 | Mean fitness (Train): 674339.31 | Mean fitness (Test): 669073.62
Generation 2800 | Best fitness (Train): 664765.50 | Best fitness in generation (Train): 664765.50 | Mean fitness (Train): 665296.44 | Mean fitness (Test): 659943.06
Generation 2900 | Best fitness (Train): 658080.25 | Best fitness in generation (Train): 658080.25 | Mean fitness (Train): 658748.06 | Mean fitness (Test): 653414.69
Generation 3000 | Best fitness (Train): 652758.12 | Best fitness in generation (Train): 652854.31 | Mean fitness (Train): 653332.25 | Mean fitness (Test): 648006.25
Generation 3100 | Best fitness (Train): 648818.62 | Best fitness in generation (Train): 648818.62 | Mean fitness (Train): 649311.25 | Mean fitness (Test): 644187.00
Generation 3200 | Best fitness (Train): 645950.88 | Best fitness in generation (Train): 645950.88 | Mean fitness (Train): 646510.00 | Mean fitness (Test): 641644.69
Generation 3300 | Best fitness (Train): 644158.56 | Best fitness in generation (Train): 644158.56 | Mean fitness (Train): 644663.12 | Mean fitness (Test): 639893.06
Generation 3400 | Best fitness (Train): 642673.81 | Best fitness in generation (Train): 642673.81 | Mean fitness (Train): 643200.44 | Mean fitness (Test): 638628.75
Generation 3500 | Best fitness (Train): 641761.06 | Best fitness in generation (Train): 641813.12 | Mean fitness (Train): 642213.00 | Mean fitness (Test): 637869.50
Generation 3600 | Best fitness (Train): 640673.56 | Best fitness in generation (Train): 640797.31 | Mean fitness (Train): 641200.62 | Mean fitness (Test): 637029.69
Generation 3700 | Best fitness (Train): 639874.88 | Best fitness in generation (Train): 639881.88 | Mean fitness (Train): 640296.94 | Mean fitness (Test): 636411.56
Generation 3800 | Best fitness (Train): 639240.75 | Best fitness in generation (Train): 639344.50 | Mean fitness (Train): 639715.00 | Mean fitness (Test): 636046.25
Generation 3900 | Best fitness (Train): 638753.75 | Best fitness in generation (Train): 638860.50 | Mean fitness (Train): 639218.44 | Mean fitness (Test): 635768.62
Generation 4000 | Best fitness (Train): 638307.25 | Best fitness in generation (Train): 638377.31 | Mean fitness (Train): 638681.31 | Mean fitness (Test): 635442.94
running the experiment ... [../../results/BBOBProblem/bueche_rastrigin/Open_ES_500_10000/3]
Generation 100 | Best fitness (Train): 12210473.00 | Best fitness in generation (Train): 12210473.00 | Mean fitness (Train): 12232623.00 | Mean fitness (Test): 12208574.00
Generation 200 | Best fitness (Train): 10363765.00 | Best fitness in generation (Train): 10363765.00 | Mean fitness (Train): 10382642.00 | Mean fitness (Test): 10361383.00
Generation 300 | Best fitness (Train): 8812838.00 | Best fitness in generation (Train): 8812838.00 | Mean fitness (Train): 8829404.00 | Mean fitness (Test): 8811002.00
Generation 400 | Best fitness (Train): 7494772.50 | Best fitness in generation (Train): 7494772.50 | Mean fitness (Train): 7510219.00 | Mean fitness (Test): 7494298.50
Generation 500 | Best fitness (Train): 6352874.00 | Best fitness in generation (Train): 6352874.00 | Mean fitness (Train): 6364879.00 | Mean fitness (Test): 6351120.00
Generation 600 | Best fitness (Train): 5366710.00 | Best fitness in generation (Train): 5366710.00 | Mean fitness (Train): 5377964.00 | Mean fitness (Test): 5365422.50
Generation 700 | Best fitness (Train): 4545896.50 | Best fitness in generation (Train): 4545896.50 | Mean fitness (Train): 4553754.00 | Mean fitness (Test): 4543580.50
Generation 800 | Best fitness (Train): 3868074.75 | Best fitness in generation (Train): 3868074.75 | Mean fitness (Train): 3876463.75 | Mean fitness (Test): 3867100.75
Generation 900 | Best fitness (Train): 3289977.75 | Best fitness in generation (Train): 3289977.75 | Mean fitness (Train): 3297044.50 | Mean fitness (Test): 3288579.00
Generation 1000 | Best fitness (Train): 2800647.50 | Best fitness in generation (Train): 2800647.50 | Mean fitness (Train): 2807304.25 | Mean fitness (Test): 2799764.25
Generation 1100 | Best fitness (Train): 2393250.75 | Best fitness in generation (Train): 2393250.75 | Mean fitness (Train): 2397645.25 | Mean fitness (Test): 2390375.25
Generation 1200 | Best fitness (Train): 2059293.12 | Best fitness in generation (Train): 2059293.12 | Mean fitness (Train): 2062797.88 | Mean fitness (Test): 2056703.00
Generation 1300 | Best fitness (Train): 1786047.50 | Best fitness in generation (Train): 1786047.50 | Mean fitness (Train): 1789281.62 | Mean fitness (Test): 1783970.38
Generation 1400 | Best fitness (Train): 1555914.88 | Best fitness in generation (Train): 1555914.88 | Mean fitness (Train): 1558896.25 | Mean fitness (Test): 1553461.88
Generation 1500 | Best fitness (Train): 1360083.38 | Best fitness in generation (Train): 1360083.38 | Mean fitness (Train): 1362161.38 | Mean fitness (Test): 1356471.75
Generation 1600 | Best fitness (Train): 1203878.62 | Best fitness in generation (Train): 1203878.62 | Mean fitness (Train): 1205987.00 | Mean fitness (Test): 1200912.50
Generation 1700 | Best fitness (Train): 1078240.12 | Best fitness in generation (Train): 1078240.12 | Mean fitness (Train): 1079911.50 | Mean fitness (Test): 1075268.00
Generation 1800 | Best fitness (Train): 981011.62 | Best fitness in generation (Train): 981011.62 | Mean fitness (Train): 982650.00 | Mean fitness (Test): 978085.19
Generation 1900 | Best fitness (Train): 900397.25 | Best fitness in generation (Train): 900397.25 | Mean fitness (Train): 902181.81 | Mean fitness (Test): 896966.31
Generation 2000 | Best fitness (Train): 836147.38 | Best fitness in generation (Train): 836147.38 | Mean fitness (Train): 837441.38 | Mean fitness (Test): 832574.06
Generation 2100 | Best fitness (Train): 782805.19 | Best fitness in generation (Train): 782805.19 | Mean fitness (Train): 783975.88 | Mean fitness (Test): 778650.69
Generation 2200 | Best fitness (Train): 741674.81 | Best fitness in generation (Train): 741674.81 | Mean fitness (Train): 742695.50 | Mean fitness (Test): 737325.25
Generation 2300 | Best fitness (Train): 713709.50 | Best fitness in generation (Train): 713709.50 | Mean fitness (Train): 714612.88 | Mean fitness (Test): 709584.94
Generation 2400 | Best fitness (Train): 692568.94 | Best fitness in generation (Train): 692568.94 | Mean fitness (Train): 693375.19 | Mean fitness (Test): 688248.38
Generation 2500 | Best fitness (Train): 674915.12 | Best fitness in generation (Train): 674915.12 | Mean fitness (Train): 675797.12 | Mean fitness (Test): 670573.75
Generation 2600 | Best fitness (Train): 661706.75 | Best fitness in generation (Train): 661706.75 | Mean fitness (Train): 662428.75 | Mean fitness (Test): 657154.94
Generation 2700 | Best fitness (Train): 652123.38 | Best fitness in generation (Train): 652123.38 | Mean fitness (Train): 652736.81 | Mean fitness (Test): 647411.62
Generation 2800 | Best fitness (Train): 645525.06 | Best fitness in generation (Train): 645525.06 | Mean fitness (Train): 646152.75 | Mean fitness (Test): 640876.88
Generation 2900 | Best fitness (Train): 640907.81 | Best fitness in generation (Train): 641026.81 | Mean fitness (Train): 641567.00 | Mean fitness (Test): 636366.38
Generation 3000 | Best fitness (Train): 637036.38 | Best fitness in generation (Train): 637036.38 | Mean fitness (Train): 637539.12 | Mean fitness (Test): 632489.56
Generation 3100 | Best fitness (Train): 634485.00 | Best fitness in generation (Train): 634573.38 | Mean fitness (Train): 635105.44 | Mean fitness (Test): 630194.69
Generation 3200 | Best fitness (Train): 632726.56 | Best fitness in generation (Train): 632780.00 | Mean fitness (Train): 633266.69 | Mean fitness (Test): 628517.62
Generation 3300 | Best fitness (Train): 631348.75 | Best fitness in generation (Train): 631385.50 | Mean fitness (Train): 631827.38 | Mean fitness (Test): 627229.81
Generation 3400 | Best fitness (Train): 630381.94 | Best fitness in generation (Train): 630576.81 | Mean fitness (Train): 630971.19 | Mean fitness (Test): 626643.06
Generation 3500 | Best fitness (Train): 629788.38 | Best fitness in generation (Train): 629907.81 | Mean fitness (Train): 630269.50 | Mean fitness (Test): 626128.12
Generation 3600 | Best fitness (Train): 629117.94 | Best fitness in generation (Train): 629230.00 | Mean fitness (Train): 629571.88 | Mean fitness (Test): 625699.12
Generation 3700 | Best fitness (Train): 628495.00 | Best fitness in generation (Train): 628660.00 | Mean fitness (Train): 628962.00 | Mean fitness (Test): 625301.25
Generation 3800 | Best fitness (Train): 627937.81 | Best fitness in generation (Train): 628038.00 | Mean fitness (Train): 628395.06 | Mean fitness (Test): 624960.62
Generation 3900 | Best fitness (Train): 627468.00 | Best fitness in generation (Train): 627471.06 | Mean fitness (Train): 627869.69 | Mean fitness (Test): 624597.94
Generation 4000 | Best fitness (Train): 626945.62 | Best fitness in generation (Train): 627030.38 | Mean fitness (Train): 627358.44 | Mean fitness (Test): 624307.56
running the experiment ... [../../results/BBOBProblem/bueche_rastrigin/Open_ES_500_10000/4]
Generation 100 | Best fitness (Train): 12275592.00 | Best fitness in generation (Train): 12275592.00 | Mean fitness (Train): 12300207.00 | Mean fitness (Test): 12276461.00
Generation 200 | Best fitness (Train): 10411985.00 | Best fitness in generation (Train): 10411985.00 | Mean fitness (Train): 10436040.00 | Mean fitness (Test): 10413058.00
Generation 300 | Best fitness (Train): 8831275.00 | Best fitness in generation (Train): 8831275.00 | Mean fitness (Train): 8849769.00 | Mean fitness (Test): 8830970.00
Generation 400 | Best fitness (Train): 7499256.50 | Best fitness in generation (Train): 7499256.50 | Mean fitness (Train): 7512420.50 | Mean fitness (Test): 7496559.50
Generation 500 | Best fitness (Train): 6358870.50 | Best fitness in generation (Train): 6358870.50 | Mean fitness (Train): 6372650.50 | Mean fitness (Test): 6358491.50
Generation 600 | Best fitness (Train): 5402828.50 | Best fitness in generation (Train): 5402828.50 | Mean fitness (Train): 5414298.00 | Mean fitness (Test): 5402395.00
Generation 700 | Best fitness (Train): 4576664.50 | Best fitness in generation (Train): 4576664.50 | Mean fitness (Train): 4584540.50 | Mean fitness (Test): 4573358.00
Generation 800 | Best fitness (Train): 3889094.25 | Best fitness in generation (Train): 3889094.25 | Mean fitness (Train): 3895416.00 | Mean fitness (Test): 3885659.75
Generation 900 | Best fitness (Train): 3308523.75 | Best fitness in generation (Train): 3308523.75 | Mean fitness (Train): 3315541.50 | Mean fitness (Test): 3306722.75
Generation 1000 | Best fitness (Train): 2820050.25 | Best fitness in generation (Train): 2820050.25 | Mean fitness (Train): 2827019.50 | Mean fitness (Test): 2819155.50
Generation 1100 | Best fitness (Train): 2407573.25 | Best fitness in generation (Train): 2407573.25 | Mean fitness (Train): 2411920.50 | Mean fitness (Test): 2404571.00
Generation 1200 | Best fitness (Train): 2075505.38 | Best fitness in generation (Train): 2075505.38 | Mean fitness (Train): 2079645.88 | Mean fitness (Test): 2072840.38
Generation 1300 | Best fitness (Train): 1797522.12 | Best fitness in generation (Train): 1797522.12 | Mean fitness (Train): 1801286.88 | Mean fitness (Test): 1795395.25
Generation 1400 | Best fitness (Train): 1564132.88 | Best fitness in generation (Train): 1564132.88 | Mean fitness (Train): 1566685.25 | Mean fitness (Test): 1560673.12
Generation 1500 | Best fitness (Train): 1368565.75 | Best fitness in generation (Train): 1368565.75 | Mean fitness (Train): 1370917.00 | Mean fitness (Test): 1365769.50
Generation 1600 | Best fitness (Train): 1213892.25 | Best fitness in generation (Train): 1213892.25 | Mean fitness (Train): 1215421.25 | Mean fitness (Test): 1209840.62
Generation 1700 | Best fitness (Train): 1090016.50 | Best fitness in generation (Train): 1090016.50 | Mean fitness (Train): 1091702.12 | Mean fitness (Test): 1086717.25
Generation 1800 | Best fitness (Train): 989456.81 | Best fitness in generation (Train): 989456.81 | Mean fitness (Train): 991102.25 | Mean fitness (Test): 986343.81
Generation 1900 | Best fitness (Train): 906249.00 | Best fitness in generation (Train): 906249.00 | Mean fitness (Train): 907513.88 | Mean fitness (Test): 902347.75
Generation 2000 | Best fitness (Train): 839299.38 | Best fitness in generation (Train): 839299.38 | Mean fitness (Train): 840419.94 | Mean fitness (Test): 835501.69
Generation 2100 | Best fitness (Train): 785657.06 | Best fitness in generation (Train): 785657.06 | Mean fitness (Train): 786698.12 | Mean fitness (Test): 781648.25
Generation 2200 | Best fitness (Train): 744972.31 | Best fitness in generation (Train): 744972.31 | Mean fitness (Train): 745914.56 | Mean fitness (Test): 740886.38
Generation 2300 | Best fitness (Train): 713622.44 | Best fitness in generation (Train): 713622.44 | Mean fitness (Train): 714749.50 | Mean fitness (Test): 709659.44
Generation 2400 | Best fitness (Train): 689901.62 | Best fitness in generation (Train): 689901.62 | Mean fitness (Train): 690704.94 | Mean fitness (Test): 685475.12
Generation 2500 | Best fitness (Train): 671726.31 | Best fitness in generation (Train): 671726.31 | Mean fitness (Train): 672492.12 | Mean fitness (Test): 666925.12
Generation 2600 | Best fitness (Train): 658039.00 | Best fitness in generation (Train): 658039.00 | Mean fitness (Train): 658615.12 | Mean fitness (Test): 653220.94
Generation 2700 | Best fitness (Train): 649625.44 | Best fitness in generation (Train): 649625.44 | Mean fitness (Train): 650262.44 | Mean fitness (Test): 644848.88
Generation 2800 | Best fitness (Train): 642563.00 | Best fitness in generation (Train): 642563.00 | Mean fitness (Train): 643206.56 | Mean fitness (Test): 637661.69
Generation 2900 | Best fitness (Train): 637138.88 | Best fitness in generation (Train): 637171.12 | Mean fitness (Train): 637699.88 | Mean fitness (Test): 632315.25
Generation 3000 | Best fitness (Train): 633828.50 | Best fitness in generation (Train): 633830.25 | Mean fitness (Train): 634378.31 | Mean fitness (Test): 629159.69
Generation 3100 | Best fitness (Train): 631172.06 | Best fitness in generation (Train): 631172.06 | Mean fitness (Train): 631667.00 | Mean fitness (Test): 626706.94
Generation 3200 | Best fitness (Train): 628932.94 | Best fitness in generation (Train): 628970.50 | Mean fitness (Train): 629395.38 | Mean fitness (Test): 624576.06
Generation 3300 | Best fitness (Train): 627185.81 | Best fitness in generation (Train): 627265.25 | Mean fitness (Train): 627735.25 | Mean fitness (Test): 623042.88
Generation 3400 | Best fitness (Train): 626131.69 | Best fitness in generation (Train): 626164.81 | Mean fitness (Train): 626546.31 | Mean fitness (Test): 622123.50
Generation 3500 | Best fitness (Train): 624962.94 | Best fitness in generation (Train): 625073.88 | Mean fitness (Train): 625444.69 | Mean fitness (Test): 621199.62
Generation 3600 | Best fitness (Train): 623850.69 | Best fitness in generation (Train): 623920.88 | Mean fitness (Train): 624325.38 | Mean fitness (Test): 620319.50
Generation 3700 | Best fitness (Train): 622908.94 | Best fitness in generation (Train): 622978.44 | Mean fitness (Train): 623393.31 | Mean fitness (Test): 619620.12
Generation 3800 | Best fitness (Train): 621942.06 | Best fitness in generation (Train): 621942.06 | Mean fitness (Train): 622375.31 | Mean fitness (Test): 618823.56
Generation 3900 | Best fitness (Train): 621352.94 | Best fitness in generation (Train): 621406.19 | Mean fitness (Train): 621743.25 | Mean fitness (Test): 618411.56
Generation 4000 | Best fitness (Train): 620806.62 | Best fitness in generation (Train): 620909.44 | Mean fitness (Train): 621201.25 | Mean fitness (Test): 618084.62
Running ES algorithms:  14%|███████████████████                                                                                                                  | 1/7 [00:44<04:26, 44.34s/it][A
running the experiment ... [../../results/BBOBProblem/bueche_rastrigin/SNES_500_10000/0]
Generation 100 | Best fitness (Train): 11457630.00 | Best fitness in generation (Train): 11457630.00 | Mean fitness (Train): 11498231.00 | Mean fitness (Test): 11461199.00
Generation 200 | Best fitness (Train): 9445454.00 | Best fitness in generation (Train): 9445454.00 | Mean fitness (Train): 9486070.00 | Mean fitness (Test): 9451061.00
Generation 300 | Best fitness (Train): 7771553.00 | Best fitness in generation (Train): 7771553.00 | Mean fitness (Train): 7817468.00 | Mean fitness (Test): 7786355.00
Generation 400 | Best fitness (Train): 6352993.00 | Best fitness in generation (Train): 6352993.00 | Mean fitness (Train): 6380830.00 | Mean fitness (Test): 6353009.50
Generation 500 | Best fitness (Train): 5130903.00 | Best fitness in generation (Train): 5130903.00 | Mean fitness (Train): 5156319.00 | Mean fitness (Test): 5132329.50
Generation 600 | Best fitness (Train): 4097322.50 | Best fitness in generation (Train): 4097322.50 | Mean fitness (Train): 4120138.25 | Mean fitness (Test): 4094791.00
Generation 700 | Best fitness (Train): 3263350.75 | Best fitness in generation (Train): 3263350.75 | Mean fitness (Train): 3278691.75 | Mean fitness (Test): 3259385.00
Generation 800 | Best fitness (Train): 2553300.00 | Best fitness in generation (Train): 2553300.00 | Mean fitness (Train): 2569244.75 | Mean fitness (Test): 2549329.50
Generation 900 | Best fitness (Train): 1983921.12 | Best fitness in generation (Train): 1983921.12 | Mean fitness (Train): 1996054.88 | Mean fitness (Test): 1976606.50
Generation 1000 | Best fitness (Train): 1545441.75 | Best fitness in generation (Train): 1545441.75 | Mean fitness (Train): 1554072.00 | Mean fitness (Test): 1535482.00
Generation 1100 | Best fitness (Train): 1195841.12 | Best fitness in generation (Train): 1195841.12 | Mean fitness (Train): 1204471.38 | Mean fitness (Test): 1185379.75
Generation 1200 | Best fitness (Train): 933006.00 | Best fitness in generation (Train): 933006.00 | Mean fitness (Train): 938470.00 | Mean fitness (Test): 918496.38
Generation 1300 | Best fitness (Train): 739951.38 | Best fitness in generation (Train): 739951.38 | Mean fitness (Train): 745380.12 | Mean fitness (Test): 725828.50
Generation 1400 | Best fitness (Train): 603389.31 | Best fitness in generation (Train): 603389.31 | Mean fitness (Train): 607403.69 | Mean fitness (Test): 586863.19
Generation 1500 | Best fitness (Train): 513299.09 | Best fitness in generation (Train): 513299.09 | Mean fitness (Train): 515921.34 | Mean fitness (Test): 492301.34
Generation 1600 | Best fitness (Train): 458188.06 | Best fitness in generation (Train): 458188.06 | Mean fitness (Train): 460923.34 | Mean fitness (Test): 435685.91
Generation 1700 | Best fitness (Train): 422706.28 | Best fitness in generation (Train): 422727.16 | Mean fitness (Train): 425224.53 | Mean fitness (Test): 398743.94
Generation 1800 | Best fitness (Train): 400330.19 | Best fitness in generation (Train): 400330.19 | Mean fitness (Train): 402326.62 | Mean fitness (Test): 373888.03
Generation 1900 | Best fitness (Train): 385722.78 | Best fitness in generation (Train): 385722.78 | Mean fitness (Train): 387716.00 | Mean fitness (Test): 358191.19
Generation 2000 | Best fitness (Train): 375215.44 | Best fitness in generation (Train): 375773.38 | Mean fitness (Train): 377332.72 | Mean fitness (Test): 347126.50
Generation 2100 | Best fitness (Train): 366830.53 | Best fitness in generation (Train): 367165.53 | Mean fitness (Train): 368869.59 | Mean fitness (Test): 338426.28
Generation 2200 | Best fitness (Train): 358887.56 | Best fitness in generation (Train): 359541.41 | Mean fitness (Train): 361383.91 | Mean fitness (Test): 330107.47
Generation 2300 | Best fitness (Train): 352613.03 | Best fitness in generation (Train): 352798.31 | Mean fitness (Train): 354575.44 | Mean fitness (Test): 323130.84
Generation 2400 | Best fitness (Train): 346632.25 | Best fitness in generation (Train): 346632.25 | Mean fitness (Train): 348892.69 | Mean fitness (Test): 317580.31
Generation 2500 | Best fitness (Train): 341647.84 | Best fitness in generation (Train): 341781.53 | Mean fitness (Train): 343404.06 | Mean fitness (Test): 312450.25
Generation 2600 | Best fitness (Train): 336360.38 | Best fitness in generation (Train): 336484.72 | Mean fitness (Train): 338253.81 | Mean fitness (Test): 307310.34
Generation 2700 | Best fitness (Train): 331602.09 | Best fitness in generation (Train): 331664.81 | Mean fitness (Train): 333281.03 | Mean fitness (Test): 302421.34
Generation 2800 | Best fitness (Train): 327013.34 | Best fitness in generation (Train): 327458.41 | Mean fitness (Train): 328830.50 | Mean fitness (Test): 297970.34
Generation 2900 | Best fitness (Train): 323029.94 | Best fitness in generation (Train): 323359.28 | Mean fitness (Train): 324887.84 | Mean fitness (Test): 293925.16
Generation 3000 | Best fitness (Train): 319522.16 | Best fitness in generation (Train): 319522.16 | Mean fitness (Train): 321266.00 | Mean fitness (Test): 290872.59
Generation 3100 | Best fitness (Train): 315737.66 | Best fitness in generation (Train): 315861.16 | Mean fitness (Train): 317735.69 | Mean fitness (Test): 287513.44
Generation 3200 | Best fitness (Train): 312868.84 | Best fitness in generation (Train): 313005.50 | Mean fitness (Train): 314544.56 | Mean fitness (Test): 284430.25
Generation 3300 | Best fitness (Train): 309439.56 | Best fitness in generation (Train): 309439.56 | Mean fitness (Train): 311523.84 | Mean fitness (Test): 282040.75
Generation 3400 | Best fitness (Train): 306540.72 | Best fitness in generation (Train): 307141.88 | Mean fitness (Train): 308339.97 | Mean fitness (Test): 279000.44
Generation 3500 | Best fitness (Train): 303982.00 | Best fitness in generation (Train): 304216.38 | Mean fitness (Train): 305706.31 | Mean fitness (Test): 276912.56
Generation 3600 | Best fitness (Train): 301443.41 | Best fitness in generation (Train): 301769.44 | Mean fitness (Train): 303140.31 | Mean fitness (Test): 274338.22
Generation 3700 | Best fitness (Train): 299174.62 | Best fitness in generation (Train): 299357.72 | Mean fitness (Train): 300762.56 | Mean fitness (Test): 272485.44
Generation 3800 | Best fitness (Train): 297186.06 | Best fitness in generation (Train): 297254.72 | Mean fitness (Train): 298751.72 | Mean fitness (Test): 270827.44
Generation 3900 | Best fitness (Train): 294910.97 | Best fitness in generation (Train): 295084.81 | Mean fitness (Train): 296654.69 | Mean fitness (Test): 268910.00
Generation 4000 | Best fitness (Train): 292952.03 | Best fitness in generation (Train): 292988.62 | Mean fitness (Train): 294481.84 | Mean fitness (Test): 267472.19
running the experiment ... [../../results/BBOBProblem/bueche_rastrigin/SNES_500_10000/1]
Generation 100 | Best fitness (Train): 12120005.00 | Best fitness in generation (Train): 12120005.00 | Mean fitness (Train): 12176184.00 | Mean fitness (Test): 12136013.00
Generation 200 | Best fitness (Train): 10061504.00 | Best fitness in generation (Train): 10061504.00 | Mean fitness (Train): 10099963.00 | Mean fitness (Test): 10062971.00
Generation 300 | Best fitness (Train): 8316148.00 | Best fitness in generation (Train): 8316148.00 | Mean fitness (Train): 8346309.00 | Mean fitness (Test): 8316711.00
Generation 400 | Best fitness (Train): 6796839.50 | Best fitness in generation (Train): 6796839.50 | Mean fitness (Train): 6832516.50 | Mean fitness (Test): 6804043.00
Generation 500 | Best fitness (Train): 5520446.00 | Best fitness in generation (Train): 5520446.00 | Mean fitness (Train): 5550318.00 | Mean fitness (Test): 5523114.50
Generation 600 | Best fitness (Train): 4428287.00 | Best fitness in generation (Train): 4428287.00 | Mean fitness (Train): 4447424.50 | Mean fitness (Test): 4421573.50
Generation 700 | Best fitness (Train): 3534670.25 | Best fitness in generation (Train): 3534670.25 | Mean fitness (Train): 3550617.00 | Mean fitness (Test): 3527775.00
Generation 800 | Best fitness (Train): 2786471.75 | Best fitness in generation (Train): 2786471.75 | Mean fitness (Train): 2805823.00 | Mean fitness (Test): 2787526.00
Generation 900 | Best fitness (Train): 2184105.75 | Best fitness in generation (Train): 2184105.75 | Mean fitness (Train): 2194549.75 | Mean fitness (Test): 2175557.25
Generation 1000 | Best fitness (Train): 1687794.75 | Best fitness in generation (Train): 1687794.75 | Mean fitness (Train): 1698694.75 | Mean fitness (Test): 1679792.12
Generation 1100 | Best fitness (Train): 1303797.50 | Best fitness in generation (Train): 1303797.50 | Mean fitness (Train): 1311466.25 | Mean fitness (Test): 1292560.62
Generation 1200 | Best fitness (Train): 1010505.06 | Best fitness in generation (Train): 1010505.06 | Mean fitness (Train): 1019444.00 | Mean fitness (Test): 1000005.81
Generation 1300 | Best fitness (Train): 798508.19 | Best fitness in generation (Train): 798508.19 | Mean fitness (Train): 803415.38 | Mean fitness (Test): 783541.50
Generation 1400 | Best fitness (Train): 643395.62 | Best fitness in generation (Train): 643395.62 | Mean fitness (Train): 647844.88 | Mean fitness (Test): 626923.69
Generation 1500 | Best fitness (Train): 537654.31 | Best fitness in generation (Train): 537713.56 | Mean fitness (Train): 540314.25 | Mean fitness (Test): 517798.19
Generation 1600 | Best fitness (Train): 471480.09 | Best fitness in generation (Train): 471480.09 | Mean fitness (Train): 473943.78 | Mean fitness (Test): 449265.66
Generation 1700 | Best fitness (Train): 428653.41 | Best fitness in generation (Train): 428653.41 | Mean fitness (Train): 430765.53 | Mean fitness (Test): 403619.81
Generation 1800 | Best fitness (Train): 404243.41 | Best fitness in generation (Train): 404398.50 | Mean fitness (Train): 406010.91 | Mean fitness (Test): 378339.81
Generation 1900 | Best fitness (Train): 387766.81 | Best fitness in generation (Train): 387766.81 | Mean fitness (Train): 389741.03 | Mean fitness (Test): 360351.25
Generation 2000 | Best fitness (Train): 376522.34 | Best fitness in generation (Train): 376814.81 | Mean fitness (Train): 378394.50 | Mean fitness (Test): 348096.28
Generation 2100 | Best fitness (Train): 367738.06 | Best fitness in generation (Train): 367812.59 | Mean fitness (Train): 369501.50 | Mean fitness (Test): 338676.22
Generation 2200 | Best fitness (Train): 359585.50 | Best fitness in generation (Train): 359731.81 | Mean fitness (Train): 361627.84 | Mean fitness (Test): 329926.25
Generation 2300 | Best fitness (Train): 353264.41 | Best fitness in generation (Train): 353329.25 | Mean fitness (Train): 354978.47 | Mean fitness (Test): 323824.28
Generation 2400 | Best fitness (Train): 346507.88 | Best fitness in generation (Train): 346507.88 | Mean fitness (Train): 348770.56 | Mean fitness (Test): 316669.84
Generation 2500 | Best fitness (Train): 341617.00 | Best fitness in generation (Train): 341617.00 | Mean fitness (Train): 343148.12 | Mean fitness (Test): 311405.78
Generation 2600 | Best fitness (Train): 335853.28 | Best fitness in generation (Train): 336381.94 | Mean fitness (Train): 337802.62 | Mean fitness (Test): 306191.22
Generation 2700 | Best fitness (Train): 331214.94 | Best fitness in generation (Train): 331214.94 | Mean fitness (Train): 332881.28 | Mean fitness (Test): 301897.44
Generation 2800 | Best fitness (Train): 326452.62 | Best fitness in generation (Train): 326478.56 | Mean fitness (Train): 328284.47 | Mean fitness (Test): 297244.44
Generation 2900 | Best fitness (Train): 321934.69 | Best fitness in generation (Train): 321934.69 | Mean fitness (Train): 323782.34 | Mean fitness (Test): 292860.34
Generation 3000 | Best fitness (Train): 318184.47 | Best fitness in generation (Train): 318184.47 | Mean fitness (Train): 319903.19 | Mean fitness (Test): 289206.97
Generation 3100 | Best fitness (Train): 314736.75 | Best fitness in generation (Train): 314736.75 | Mean fitness (Train): 316327.72 | Mean fitness (Test): 286027.25
Generation 3200 | Best fitness (Train): 310840.25 | Best fitness in generation (Train): 310840.25 | Mean fitness (Train): 312813.59 | Mean fitness (Test): 282704.72
Generation 3300 | Best fitness (Train): 308077.78 | Best fitness in generation (Train): 308288.25 | Mean fitness (Train): 309774.16 | Mean fitness (Test): 280214.47
Generation 3400 | Best fitness (Train): 305298.81 | Best fitness in generation (Train): 305298.81 | Mean fitness (Train): 306871.72 | Mean fitness (Test): 277482.69
Generation 3500 | Best fitness (Train): 302303.31 | Best fitness in generation (Train): 302359.03 | Mean fitness (Train): 303879.50 | Mean fitness (Test): 274691.75
Generation 3600 | Best fitness (Train): 299590.09 | Best fitness in generation (Train): 299590.09 | Mean fitness (Train): 301108.12 | Mean fitness (Test): 271952.97
Generation 3700 | Best fitness (Train): 296840.12 | Best fitness in generation (Train): 297341.62 | Mean fitness (Train): 298713.06 | Mean fitness (Test): 270148.44
Generation 3800 | Best fitness (Train): 294630.72 | Best fitness in generation (Train): 295044.09 | Mean fitness (Train): 296297.75 | Mean fitness (Test): 268067.03
Generation 3900 | Best fitness (Train): 292611.84 | Best fitness in generation (Train): 292816.12 | Mean fitness (Train): 294283.91 | Mean fitness (Test): 266475.09
Generation 4000 | Best fitness (Train): 290639.12 | Best fitness in generation (Train): 290943.94 | Mean fitness (Train): 292117.38 | Mean fitness (Test): 264411.94
running the experiment ... [../../results/BBOBProblem/bueche_rastrigin/SNES_500_10000/2]
Generation 100 | Best fitness (Train): 12689934.00 | Best fitness in generation (Train): 12689934.00 | Mean fitness (Train): 12736128.00 | Mean fitness (Test): 12700214.00
Generation 200 | Best fitness (Train): 10583061.00 | Best fitness in generation (Train): 10583061.00 | Mean fitness (Train): 10627531.00 | Mean fitness (Test): 10591566.00
Generation 300 | Best fitness (Train): 8762186.00 | Best fitness in generation (Train): 8762186.00 | Mean fitness (Train): 8805116.00 | Mean fitness (Test): 8773787.00
Generation 400 | Best fitness (Train): 7208620.00 | Best fitness in generation (Train): 7208620.00 | Mean fitness (Train): 7235257.50 | Mean fitness (Test): 7205533.50
Generation 500 | Best fitness (Train): 5875545.00 | Best fitness in generation (Train): 5875545.00 | Mean fitness (Train): 5901725.50 | Mean fitness (Test): 5873690.00
Generation 600 | Best fitness (Train): 4743883.00 | Best fitness in generation (Train): 4743883.00 | Mean fitness (Train): 4765762.00 | Mean fitness (Test): 4741287.00
Generation 700 | Best fitness (Train): 3786966.75 | Best fitness in generation (Train): 3786966.75 | Mean fitness (Train): 3805549.00 | Mean fitness (Test): 3783327.50
Generation 800 | Best fitness (Train): 3000870.00 | Best fitness in generation (Train): 3000870.00 | Mean fitness (Train): 3014893.25 | Mean fitness (Test): 2993632.00
Generation 900 | Best fitness (Train): 2350603.50 | Best fitness in generation (Train): 2350603.50 | Mean fitness (Train): 2365986.50 | Mean fitness (Test): 2345514.50
Generation 1000 | Best fitness (Train): 1831052.38 | Best fitness in generation (Train): 1831052.38 | Mean fitness (Train): 1844023.12 | Mean fitness (Test): 1824862.12
Generation 1100 | Best fitness (Train): 1417787.00 | Best fitness in generation (Train): 1417787.00 | Mean fitness (Train): 1426571.12 | Mean fitness (Test): 1407999.00
Generation 1200 | Best fitness (Train): 1099626.75 | Best fitness in generation (Train): 1099626.75 | Mean fitness (Train): 1106461.88 | Mean fitness (Test): 1087171.62
Generation 1300 | Best fitness (Train): 859650.38 | Best fitness in generation (Train): 859650.38 | Mean fitness (Train): 865300.25 | Mean fitness (Test): 844985.12
Generation 1400 | Best fitness (Train): 686218.00 | Best fitness in generation (Train): 686218.00 | Mean fitness (Train): 689941.69 | Mean fitness (Test): 668874.62
Generation 1500 | Best fitness (Train): 563715.69 | Best fitness in generation (Train): 563715.69 | Mean fitness (Train): 567920.62 | Mean fitness (Test): 545978.00
Generation 1600 | Best fitness (Train): 489178.53 | Best fitness in generation (Train): 489178.53 | Mean fitness (Train): 491738.97 | Mean fitness (Test): 467967.19
Generation 1700 | Best fitness (Train): 440347.66 | Best fitness in generation (Train): 440347.66 | Mean fitness (Train): 443476.12 | Mean fitness (Test): 418261.28
Generation 1800 | Best fitness (Train): 410915.06 | Best fitness in generation (Train): 410915.06 | Mean fitness (Train): 412944.38 | Mean fitness (Test): 385168.50
Generation 1900 | Best fitness (Train): 391565.97 | Best fitness in generation (Train): 392186.47 | Mean fitness (Train): 393773.31 | Mean fitness (Test): 364261.28
Generation 2000 | Best fitness (Train): 378532.47 | Best fitness in generation (Train): 378532.47 | Mean fitness (Train): 380653.56 | Mean fitness (Test): 350814.47
Generation 2100 | Best fitness (Train): 368696.94 | Best fitness in generation (Train): 368696.94 | Mean fitness (Train): 370888.47 | Mean fitness (Test): 340320.41
Generation 2200 | Best fitness (Train): 360566.00 | Best fitness in generation (Train): 360596.53 | Mean fitness (Train): 362527.97 | Mean fitness (Test): 331360.56
Generation 2300 | Best fitness (Train): 353476.66 | Best fitness in generation (Train): 353476.66 | Mean fitness (Train): 355786.31 | Mean fitness (Test): 324843.50
Generation 2400 | Best fitness (Train): 347621.22 | Best fitness in generation (Train): 347898.59 | Mean fitness (Train): 349632.53 | Mean fitness (Test): 318431.19
Generation 2500 | Best fitness (Train): 342124.00 | Best fitness in generation (Train): 342124.00 | Mean fitness (Train): 344019.41 | Mean fitness (Test): 313085.41
Generation 2600 | Best fitness (Train): 336331.38 | Best fitness in generation (Train): 336331.38 | Mean fitness (Train): 338330.06 | Mean fitness (Test): 307347.84
Generation 2700 | Best fitness (Train): 331335.16 | Best fitness in generation (Train): 331470.66 | Mean fitness (Train): 333324.06 | Mean fitness (Test): 302299.09
Generation 2800 | Best fitness (Train): 326735.62 | Best fitness in generation (Train): 326735.62 | Mean fitness (Train): 328805.81 | Mean fitness (Test): 297320.81
Generation 2900 | Best fitness (Train): 323135.34 | Best fitness in generation (Train): 323269.56 | Mean fitness (Train): 324959.22 | Mean fitness (Test): 294161.12
Generation 3000 | Best fitness (Train): 319262.28 | Best fitness in generation (Train): 319442.16 | Mean fitness (Train): 321027.84 | Mean fitness (Test): 290133.19
Generation 3100 | Best fitness (Train): 315572.19 | Best fitness in generation (Train): 315680.81 | Mean fitness (Train): 317109.72 | Mean fitness (Test): 286432.53
Generation 3200 | Best fitness (Train): 311882.66 | Best fitness in generation (Train): 312017.53 | Mean fitness (Train): 313695.69 | Mean fitness (Test): 283474.81
Generation 3300 | Best fitness (Train): 308730.59 | Best fitness in generation (Train): 309114.56 | Mean fitness (Train): 310522.75 | Mean fitness (Test): 280341.19
Generation 3400 | Best fitness (Train): 306039.09 | Best fitness in generation (Train): 306039.09 | Mean fitness (Train): 307526.09 | Mean fitness (Test): 277751.62
Generation 3500 | Best fitness (Train): 303080.88 | Best fitness in generation (Train): 303218.97 | Mean fitness (Train): 304955.69 | Mean fitness (Test): 276005.06
Generation 3600 | Best fitness (Train): 300493.59 | Best fitness in generation (Train): 300493.59 | Mean fitness (Train): 302019.75 | Mean fitness (Test): 272803.81
Generation 3700 | Best fitness (Train): 297920.91 | Best fitness in generation (Train): 298098.50 | Mean fitness (Train): 299706.91 | Mean fitness (Test): 270785.53
Generation 3800 | Best fitness (Train): 295721.56 | Best fitness in generation (Train): 295983.19 | Mean fitness (Train): 297488.91 | Mean fitness (Test): 269362.56
Generation 3900 | Best fitness (Train): 293604.25 | Best fitness in generation (Train): 293604.25 | Mean fitness (Train): 295197.78 | Mean fitness (Test): 267121.66
Generation 4000 | Best fitness (Train): 291814.31 | Best fitness in generation (Train): 291958.91 | Mean fitness (Train): 293260.59 | Mean fitness (Test): 265740.59
running the experiment ... [../../results/BBOBProblem/bueche_rastrigin/SNES_500_10000/3]
Generation 100 | Best fitness (Train): 11987946.00 | Best fitness in generation (Train): 11987946.00 | Mean fitness (Train): 12032926.00 | Mean fitness (Test): 11995747.00
Generation 200 | Best fitness (Train): 9952511.00 | Best fitness in generation (Train): 9952511.00 | Mean fitness (Train): 9995072.00 | Mean fitness (Test): 9959072.00
Generation 300 | Best fitness (Train): 8223990.50 | Best fitness in generation (Train): 8223990.50 | Mean fitness (Train): 8258215.50 | Mean fitness (Test): 8227872.50
Generation 400 | Best fitness (Train): 6722744.50 | Best fitness in generation (Train): 6722744.50 | Mean fitness (Train): 6754602.00 | Mean fitness (Test): 6726676.00
Generation 500 | Best fitness (Train): 5445389.00 | Best fitness in generation (Train): 5445389.00 | Mean fitness (Train): 5469127.00 | Mean fitness (Test): 5443666.50
Generation 600 | Best fitness (Train): 4353048.00 | Best fitness in generation (Train): 4353048.00 | Mean fitness (Train): 4372099.50 | Mean fitness (Test): 4345083.00
Generation 700 | Best fitness (Train): 3470390.75 | Best fitness in generation (Train): 3470390.75 | Mean fitness (Train): 3488876.75 | Mean fitness (Test): 3467357.75
Generation 800 | Best fitness (Train): 2734324.25 | Best fitness in generation (Train): 2734324.25 | Mean fitness (Train): 2747428.75 | Mean fitness (Test): 2729417.00
Generation 900 | Best fitness (Train): 2123107.25 | Best fitness in generation (Train): 2123107.25 | Mean fitness (Train): 2135050.50 | Mean fitness (Test): 2112810.25
Generation 1000 | Best fitness (Train): 1647132.25 | Best fitness in generation (Train): 1647132.25 | Mean fitness (Train): 1658423.25 | Mean fitness (Test): 1639970.75
Generation 1100 | Best fitness (Train): 1274290.38 | Best fitness in generation (Train): 1274290.38 | Mean fitness (Train): 1281836.38 | Mean fitness (Test): 1261921.25
Generation 1200 | Best fitness (Train): 990197.00 | Best fitness in generation (Train): 990197.00 | Mean fitness (Train): 997400.50 | Mean fitness (Test): 978263.44
Generation 1300 | Best fitness (Train): 783375.00 | Best fitness in generation (Train): 783375.00 | Mean fitness (Train): 788584.12 | Mean fitness (Test): 769261.94
Generation 1400 | Best fitness (Train): 636835.50 | Best fitness in generation (Train): 636835.50 | Mean fitness (Train): 640361.19 | Mean fitness (Test): 619169.81
Generation 1500 | Best fitness (Train): 537667.38 | Best fitness in generation (Train): 538174.25 | Mean fitness (Train): 540600.75 | Mean fitness (Test): 517828.06
Generation 1600 | Best fitness (Train): 475027.25 | Best fitness in generation (Train): 475027.25 | Mean fitness (Train): 477081.75 | Mean fitness (Test): 451744.97
Generation 1700 | Best fitness (Train): 434556.84 | Best fitness in generation (Train): 434556.84 | Mean fitness (Train): 436835.88 | Mean fitness (Test): 410338.91
Generation 1800 | Best fitness (Train): 410591.09 | Best fitness in generation (Train): 410613.00 | Mean fitness (Train): 412575.47 | Mean fitness (Test): 383425.41
Generation 1900 | Best fitness (Train): 395162.12 | Best fitness in generation (Train): 395303.19 | Mean fitness (Train): 397200.47 | Mean fitness (Test): 368022.59
Generation 2000 | Best fitness (Train): 384013.62 | Best fitness in generation (Train): 384013.62 | Mean fitness (Train): 385910.19 | Mean fitness (Test): 355290.12
Generation 2100 | Best fitness (Train): 375237.12 | Best fitness in generation (Train): 375237.12 | Mean fitness (Train): 377206.81 | Mean fitness (Test): 346358.31
Generation 2200 | Best fitness (Train): 367548.50 | Best fitness in generation (Train): 367836.47 | Mean fitness (Train): 369509.66 | Mean fitness (Test): 338522.56
Generation 2300 | Best fitness (Train): 360545.53 | Best fitness in generation (Train): 360548.34 | Mean fitness (Train): 362356.00 | Mean fitness (Test): 330876.78
Generation 2400 | Best fitness (Train): 354600.34 | Best fitness in generation (Train): 354808.03 | Mean fitness (Train): 356317.31 | Mean fitness (Test): 324957.44
Generation 2500 | Best fitness (Train): 349110.47 | Best fitness in generation (Train): 349186.41 | Mean fitness (Train): 350761.44 | Mean fitness (Test): 319270.81
Generation 2600 | Best fitness (Train): 343935.09 | Best fitness in generation (Train): 344082.88 | Mean fitness (Train): 345697.94 | Mean fitness (Test): 314527.47
Generation 2700 | Best fitness (Train): 338491.03 | Best fitness in generation (Train): 338833.97 | Mean fitness (Train): 340497.03 | Mean fitness (Test): 309403.84
Generation 2800 | Best fitness (Train): 334403.78 | Best fitness in generation (Train): 334564.34 | Mean fitness (Train): 336209.28 | Mean fitness (Test): 305710.88
Generation 2900 | Best fitness (Train): 329941.03 | Best fitness in generation (Train): 330040.59 | Mean fitness (Train): 331783.81 | Mean fitness (Test): 301615.25
Generation 3000 | Best fitness (Train): 325587.69 | Best fitness in generation (Train): 325762.19 | Mean fitness (Train): 327390.88 | Mean fitness (Test): 297183.22
Generation 3100 | Best fitness (Train): 321947.47 | Best fitness in generation (Train): 322039.94 | Mean fitness (Train): 323454.66 | Mean fitness (Test): 293023.28
Generation 3200 | Best fitness (Train): 318544.09 | Best fitness in generation (Train): 318710.16 | Mean fitness (Train): 320078.09 | Mean fitness (Test): 290483.41
Generation 3300 | Best fitness (Train): 314772.44 | Best fitness in generation (Train): 315019.97 | Mean fitness (Train): 316607.84 | Mean fitness (Test): 286937.03
Generation 3400 | Best fitness (Train): 311818.81 | Best fitness in generation (Train): 312344.66 | Mean fitness (Train): 313684.97 | Mean fitness (Test): 284141.53
Generation 3500 | Best fitness (Train): 309364.75 | Best fitness in generation (Train): 309560.28 | Mean fitness (Train): 310862.97 | Mean fitness (Test): 281805.75
Generation 3600 | Best fitness (Train): 306626.25 | Best fitness in generation (Train): 306886.53 | Mean fitness (Train): 308123.22 | Mean fitness (Test): 279382.72
Generation 3700 | Best fitness (Train): 304226.00 | Best fitness in generation (Train): 304507.84 | Mean fitness (Train): 305768.53 | Mean fitness (Test): 277247.50
Generation 3800 | Best fitness (Train): 301729.44 | Best fitness in generation (Train): 302174.38 | Mean fitness (Train): 303489.56 | Mean fitness (Test): 275578.25
Generation 3900 | Best fitness (Train): 299696.62 | Best fitness in generation (Train): 300190.16 | Mean fitness (Train): 301491.34 | Mean fitness (Test): 273799.28
Generation 4000 | Best fitness (Train): 297999.62 | Best fitness in generation (Train): 298400.75 | Mean fitness (Train): 299620.75 | Mean fitness (Test): 272440.31
running the experiment ... [../../results/BBOBProblem/bueche_rastrigin/SNES_500_10000/4]
Generation 100 | Best fitness (Train): 12065512.00 | Best fitness in generation (Train): 12065512.00 | Mean fitness (Train): 12116836.00 | Mean fitness (Test): 12078897.00
Generation 200 | Best fitness (Train): 10001910.00 | Best fitness in generation (Train): 10001910.00 | Mean fitness (Train): 10051222.00 | Mean fitness (Test): 10015118.00
Generation 300 | Best fitness (Train): 8250455.00 | Best fitness in generation (Train): 8250455.00 | Mean fitness (Train): 8287786.50 | Mean fitness (Test): 8255103.50
Generation 400 | Best fitness (Train): 6751249.50 | Best fitness in generation (Train): 6751249.50 | Mean fitness (Train): 6781768.00 | Mean fitness (Test): 6753329.50
Generation 500 | Best fitness (Train): 5477823.50 | Best fitness in generation (Train): 5477823.50 | Mean fitness (Train): 5500820.00 | Mean fitness (Test): 5474740.00
Generation 600 | Best fitness (Train): 4394342.50 | Best fitness in generation (Train): 4394342.50 | Mean fitness (Train): 4423155.00 | Mean fitness (Test): 4398092.00
Generation 700 | Best fitness (Train): 3497745.75 | Best fitness in generation (Train): 3497745.75 | Mean fitness (Train): 3515585.25 | Mean fitness (Test): 3492894.00
Generation 800 | Best fitness (Train): 2760237.00 | Best fitness in generation (Train): 2760237.00 | Mean fitness (Train): 2772679.75 | Mean fitness (Test): 2753270.75
Generation 900 | Best fitness (Train): 2153671.25 | Best fitness in generation (Train): 2153671.25 | Mean fitness (Train): 2166173.50 | Mean fitness (Test): 2147301.00
Generation 1000 | Best fitness (Train): 1672554.25 | Best fitness in generation (Train): 1672554.25 | Mean fitness (Train): 1683301.00 | Mean fitness (Test): 1665047.50
Generation 1100 | Best fitness (Train): 1295199.62 | Best fitness in generation (Train): 1295199.62 | Mean fitness (Train): 1303686.00 | Mean fitness (Test): 1284599.88
Generation 1200 | Best fitness (Train): 1003774.50 | Best fitness in generation (Train): 1003964.25 | Mean fitness (Train): 1009917.38 | Mean fitness (Test): 990718.44
Generation 1300 | Best fitness (Train): 789476.56 | Best fitness in generation (Train): 789476.56 | Mean fitness (Train): 794352.56 | Mean fitness (Test): 774704.88
Generation 1400 | Best fitness (Train): 634083.31 | Best fitness in generation (Train): 634083.31 | Mean fitness (Train): 638274.94 | Mean fitness (Test): 617479.69
Generation 1500 | Best fitness (Train): 532119.62 | Best fitness in generation (Train): 532119.62 | Mean fitness (Train): 535324.31 | Mean fitness (Test): 513083.94
Generation 1600 | Best fitness (Train): 465459.00 | Best fitness in generation (Train): 465459.00 | Mean fitness (Train): 467858.31 | Mean fitness (Test): 444210.91
Generation 1700 | Best fitness (Train): 423567.03 | Best fitness in generation (Train): 423567.03 | Mean fitness (Train): 426007.91 | Mean fitness (Test): 399098.59
Generation 1800 | Best fitness (Train): 399472.53 | Best fitness in generation (Train): 399472.53 | Mean fitness (Train): 401335.28 | Mean fitness (Test): 373090.62
Generation 1900 | Best fitness (Train): 382682.03 | Best fitness in generation (Train): 383154.66 | Mean fitness (Train): 384933.88 | Mean fitness (Test): 355426.78
Generation 2000 | Best fitness (Train): 371885.22 | Best fitness in generation (Train): 372157.72 | Mean fitness (Train): 373917.06 | Mean fitness (Test): 343697.81
Generation 2100 | Best fitness (Train): 363147.62 | Best fitness in generation (Train): 363147.62 | Mean fitness (Train): 365037.91 | Mean fitness (Test): 334230.44
Generation 2200 | Best fitness (Train): 355669.81 | Best fitness in generation (Train): 355830.34 | Mean fitness (Train): 357885.88 | Mean fitness (Test): 326386.38
Generation 2300 | Best fitness (Train): 349231.22 | Best fitness in generation (Train): 349489.22 | Mean fitness (Train): 351037.41 | Mean fitness (Test): 319484.25
Generation 2400 | Best fitness (Train): 343162.12 | Best fitness in generation (Train): 343324.28 | Mean fitness (Train): 345153.91 | Mean fitness (Test): 313654.94
Generation 2500 | Best fitness (Train): 338155.72 | Best fitness in generation (Train): 338155.72 | Mean fitness (Train): 339753.62 | Mean fitness (Test): 308369.28
Generation 2600 | Best fitness (Train): 332757.34 | Best fitness in generation (Train): 332998.38 | Mean fitness (Train): 334660.16 | Mean fitness (Test): 303701.56
Generation 2700 | Best fitness (Train): 328377.16 | Best fitness in generation (Train): 328558.75 | Mean fitness (Train): 329882.97 | Mean fitness (Test): 298546.72
Generation 2800 | Best fitness (Train): 323560.38 | Best fitness in generation (Train): 323560.38 | Mean fitness (Train): 325617.88 | Mean fitness (Test): 294798.59
Generation 2900 | Best fitness (Train): 319762.31 | Best fitness in generation (Train): 319998.41 | Mean fitness (Train): 321593.50 | Mean fitness (Test): 290577.97
Generation 3000 | Best fitness (Train): 315877.91 | Best fitness in generation (Train): 316038.06 | Mean fitness (Train): 317623.38 | Mean fitness (Test): 286901.34
Generation 3100 | Best fitness (Train): 312069.50 | Best fitness in generation (Train): 312301.06 | Mean fitness (Train): 313941.31 | Mean fitness (Test): 283390.34
Generation 3200 | Best fitness (Train): 309210.88 | Best fitness in generation (Train): 309340.69 | Mean fitness (Train): 310795.16 | Mean fitness (Test): 280908.41
Generation 3300 | Best fitness (Train): 305853.03 | Best fitness in generation (Train): 305853.03 | Mean fitness (Train): 307634.19 | Mean fitness (Test): 277748.25
Generation 3400 | Best fitness (Train): 302872.72 | Best fitness in generation (Train): 302872.72 | Mean fitness (Train): 304484.59 | Mean fitness (Test): 274385.34
Generation 3500 | Best fitness (Train): 300460.94 | Best fitness in generation (Train): 300692.66 | Mean fitness (Train): 302079.88 | Mean fitness (Test): 272902.06
Generation 3600 | Best fitness (Train): 297722.09 | Best fitness in generation (Train): 297770.06 | Mean fitness (Train): 299399.94 | Mean fitness (Test): 270761.72
Generation 3700 | Best fitness (Train): 295413.44 | Best fitness in generation (Train): 295463.88 | Mean fitness (Train): 296984.16 | Mean fitness (Test): 268602.34
Generation 3800 | Best fitness (Train): 293062.56 | Best fitness in generation (Train): 293062.56 | Mean fitness (Train): 294767.19 | Mean fitness (Test): 266227.19
Generation 3900 | Best fitness (Train): 290851.47 | Best fitness in generation (Train): 291139.88 | Mean fitness (Train): 292497.34 | Mean fitness (Test): 264651.97
Generation 4000 | Best fitness (Train): 288815.78 | Best fitness in generation (Train): 289427.22 | Mean fitness (Train): 290619.16 | Mean fitness (Test): 263231.75
Running ES algorithms:  29%|██████████████████████████████████████                                                                                               | 2/7 [01:26<03:34, 42.98s/it][A
running the experiment ... [../../results/BBOBProblem/bueche_rastrigin/Sep_CMA_ES_500_10000/0]
Running ES algorithms:  43%|█████████████████████████████████████████████████████████                                                                            | 3/7 [02:06<02:46, 41.72s/it][A[2025-12-03T14:19:31.399] error: Detected 1 oom_kill event in StepId=8587333.0. Some of the step tasks have been OOM Killed.
srun: error: ise-cpu256-08: task 0: Out Of Memory
