Sun 09 Nov 2025 00:24:22 IST

SLURM_JOBID:		 8041821
SLURM_JOB_NODELIST:	 ise-3090-02 

configuration parmas running: problem_type=brax es_algorithms=DES
Loading Problems ..:   0%|                                                              | 0/12 [00:00<?, ?it/s]/home/ronedr/.conda/envs/ronedr_es_env/lib/python3.10/site-packages/brax/io/mjcf.py:480: UserWarning: Brax System, piplines and environments are not actively being maintained. Please see MJX for a well maintained JAX-based physics engine: https://github.com/google-deepmind/mujoco/tree/main/mjx. For a host of environments that use MJX, see: https://github.com/google-deepmind/mujoco_playground.
  warnings.warn(
E1109 00:24:47.523497 2562751 hlo_lexer.cc:443] Failed to parse int literal: 1986902096214075708017
Successfully loaded: ant

running the experiment ... [../../results/BraxProblem/ant/DiscoveredES/0]
Generation 010 | Best fitness (Train): -5.99 | Best fitness in generation (Train): -7.06 | Mean fitness (Train): -53.86 | Mean fitness (Test): -33.96
Generation 020 | Best fitness (Train): -3.17 | Best fitness in generation (Train): -7.56 | Mean fitness (Train): -58.84 | Mean fitness (Test): -103.81
Generation 030 | Best fitness (Train): 1.65 | Best fitness in generation (Train): -10.49 | Mean fitness (Train): -51.49 | Mean fitness (Test): -60.46
Generation 040 | Best fitness (Train): 1.65 | Best fitness in generation (Train): -6.31 | Mean fitness (Train): -47.26 | Mean fitness (Test): -28.93
Generation 050 | Best fitness (Train): 1.65 | Best fitness in generation (Train): -6.13 | Mean fitness (Train): -43.94 | Mean fitness (Test): -13.00
Generation 060 | Best fitness (Train): 1.65 | Best fitness in generation (Train): -6.00 | Mean fitness (Train): -48.18 | Mean fitness (Test): -64.38
Generation 070 | Best fitness (Train): 1.94 | Best fitness in generation (Train): 1.94 | Mean fitness (Train): -41.99 | Mean fitness (Test): -15.67
Generation 080 | Best fitness (Train): 1.94 | Best fitness in generation (Train): -4.84 | Mean fitness (Train): -43.80 | Mean fitness (Test): -13.52
Generation 090 | Best fitness (Train): 1.94 | Best fitness in generation (Train): -6.93 | Mean fitness (Train): -45.19 | Mean fitness (Test): -12.87
Generation 100 | Best fitness (Train): 1.94 | Best fitness in generation (Train): -6.91 | Mean fitness (Train): -40.17 | Mean fitness (Test): -50.31
Generation 110 | Best fitness (Train): 1.94 | Best fitness in generation (Train): -6.32 | Mean fitness (Train): -45.26 | Mean fitness (Test): -54.63
Generation 120 | Best fitness (Train): 1.94 | Best fitness in generation (Train): -4.48 | Mean fitness (Train): -11.87 | Mean fitness (Test): -6.15
Generation 130 | Best fitness (Train): 1.94 | Best fitness in generation (Train): -6.04 | Mean fitness (Train): -36.13 | Mean fitness (Test): -14.61
Generation 140 | Best fitness (Train): 1.94 | Best fitness in generation (Train): -6.35 | Mean fitness (Train): -27.17 | Mean fitness (Test): -19.30
Generation 150 | Best fitness (Train): 1.94 | Best fitness in generation (Train): -7.30 | Mean fitness (Train): -20.85 | Mean fitness (Test): -12.68
Generation 160 | Best fitness (Train): 1.94 | Best fitness in generation (Train): -5.48 | Mean fitness (Train): -22.25 | Mean fitness (Test): -14.62
Generation 170 | Best fitness (Train): 1.94 | Best fitness in generation (Train): -5.25 | Mean fitness (Train): -15.02 | Mean fitness (Test): -11.77
Generation 180 | Best fitness (Train): 1.94 | Best fitness in generation (Train): -4.20 | Mean fitness (Train): -28.01 | Mean fitness (Test): -53.56
Generation 190 | Best fitness (Train): 1.94 | Best fitness in generation (Train): -5.54 | Mean fitness (Train): -31.40 | Mean fitness (Test): -16.04
Generation 200 | Best fitness (Train): 1.94 | Best fitness in generation (Train): -4.60 | Mean fitness (Train): -16.31 | Mean fitness (Test): -9.27
Generation 210 | Best fitness (Train): 1.94 | Best fitness in generation (Train): -4.97 | Mean fitness (Train): -10.63 | Mean fitness (Test): -7.82
Generation 220 | Best fitness (Train): 1.94 | Best fitness in generation (Train): -7.13 | Mean fitness (Train): -27.19 | Mean fitness (Test): -11.61
Generation 230 | Best fitness (Train): 1.94 | Best fitness in generation (Train): -5.63 | Mean fitness (Train): -29.71 | Mean fitness (Test): -14.07
Generation 240 | Best fitness (Train): 1.94 | Best fitness in generation (Train): -6.45 | Mean fitness (Train): -32.39 | Mean fitness (Test): -8.19
Generation 250 | Best fitness (Train): 1.94 | Best fitness in generation (Train): -8.37 | Mean fitness (Train): -12.64 | Mean fitness (Test): -10.61
Generation 260 | Best fitness (Train): 1.94 | Best fitness in generation (Train): -6.26 | Mean fitness (Train): -30.97 | Mean fitness (Test): -13.79
Generation 270 | Best fitness (Train): 1.94 | Best fitness in generation (Train): -4.21 | Mean fitness (Train): -22.16 | Mean fitness (Test): -15.07
Generation 280 | Best fitness (Train): 1.94 | Best fitness in generation (Train): -5.00 | Mean fitness (Train): -29.63 | Mean fitness (Test): -8.49
Generation 290 | Best fitness (Train): 1.94 | Best fitness in generation (Train): -6.50 | Mean fitness (Train): -26.01 | Mean fitness (Test): -12.16
Generation 300 | Best fitness (Train): 1.94 | Best fitness in generation (Train): -4.09 | Mean fitness (Train): -9.41 | Mean fitness (Test): -7.56
Generation 310 | Best fitness (Train): 1.94 | Best fitness in generation (Train): -9.23 | Mean fitness (Train): -20.84 | Mean fitness (Test): -11.94
Generation 320 | Best fitness (Train): 1.94 | Best fitness in generation (Train): -5.01 | Mean fitness (Train): -14.04 | Mean fitness (Test): -13.40
Generation 330 | Best fitness (Train): 1.94 | Best fitness in generation (Train): -5.16 | Mean fitness (Train): -15.82 | Mean fitness (Test): -9.31
Generation 340 | Best fitness (Train): 1.94 | Best fitness in generation (Train): -7.66 | Mean fitness (Train): -26.40 | Mean fitness (Test): -15.50
Generation 350 | Best fitness (Train): 1.94 | Best fitness in generation (Train): -3.21 | Mean fitness (Train): -39.79 | Mean fitness (Test): -15.65
Generation 360 | Best fitness (Train): 1.94 | Best fitness in generation (Train): -5.85 | Mean fitness (Train): -20.48 | Mean fitness (Test): -61.64
Generation 370 | Best fitness (Train): 1.94 | Best fitness in generation (Train): -5.77 | Mean fitness (Train): -24.40 | Mean fitness (Test): -9.20
Generation 380 | Best fitness (Train): 1.94 | Best fitness in generation (Train): -4.48 | Mean fitness (Train): -14.50 | Mean fitness (Test): -7.65
Generation 390 | Best fitness (Train): 1.94 | Best fitness in generation (Train): -6.83 | Mean fitness (Train): -32.02 | Mean fitness (Test): -11.71
Generation 400 | Best fitness (Train): 1.94 | Best fitness in generation (Train): -4.31 | Mean fitness (Train): -29.45 | Mean fitness (Test): -101.55
Generation 410 | Best fitness (Train): 1.94 | Best fitness in generation (Train): -5.61 | Mean fitness (Train): -24.80 | Mean fitness (Test): -13.43
Generation 420 | Best fitness (Train): 1.94 | Best fitness in generation (Train): -7.95 | Mean fitness (Train): -20.78 | Mean fitness (Test): -15.24
Generation 430 | Best fitness (Train): 1.94 | Best fitness in generation (Train): -6.00 | Mean fitness (Train): -26.22 | Mean fitness (Test): -7.06
Generation 440 | Best fitness (Train): 1.94 | Best fitness in generation (Train): -5.10 | Mean fitness (Train): -9.76 | Mean fitness (Test): -11.23
Generation 450 | Best fitness (Train): 1.94 | Best fitness in generation (Train): -5.48 | Mean fitness (Train): -18.61 | Mean fitness (Test): -6.86
Generation 460 | Best fitness (Train): 1.94 | Best fitness in generation (Train): -7.60 | Mean fitness (Train): -16.18 | Mean fitness (Test): -16.18
Generation 470 | Best fitness (Train): 1.94 | Best fitness in generation (Train): -6.19 | Mean fitness (Train): -21.52 | Mean fitness (Test): -9.57
Generation 480 | Best fitness (Train): 1.94 | Best fitness in generation (Train): -5.77 | Mean fitness (Train): -11.46 | Mean fitness (Test): -8.32
Generation 490 | Best fitness (Train): 1.94 | Best fitness in generation (Train): -5.36 | Mean fitness (Train): -15.88 | Mean fitness (Test): -9.46
Generation 500 | Best fitness (Train): 1.94 | Best fitness in generation (Train): -5.58 | Mean fitness (Train): -20.53 | Mean fitness (Test): -7.83
Generation 510 | Best fitness (Train): 1.94 | Best fitness in generation (Train): -4.52 | Mean fitness (Train): -22.22 | Mean fitness (Test): -9.77
Generation 520 | Best fitness (Train): 1.94 | Best fitness in generation (Train): -5.15 | Mean fitness (Train): -24.26 | Mean fitness (Test): -8.45
Generation 530 | Best fitness (Train): 1.94 | Best fitness in generation (Train): -5.31 | Mean fitness (Train): -12.77 | Mean fitness (Test): -7.30
Generation 540 | Best fitness (Train): 1.94 | Best fitness in generation (Train): -7.78 | Mean fitness (Train): -23.87 | Mean fitness (Test): -8.79
Generation 550 | Best fitness (Train): 1.94 | Best fitness in generation (Train): -4.55 | Mean fitness (Train): -21.86 | Mean fitness (Test): -5.10
Generation 560 | Best fitness (Train): 1.94 | Best fitness in generation (Train): -4.86 | Mean fitness (Train): -11.39 | Mean fitness (Test): -7.44
Generation 570 | Best fitness (Train): 1.94 | Best fitness in generation (Train): -3.76 | Mean fitness (Train): -13.70 | Mean fitness (Test): -6.89
Generation 580 | Best fitness (Train): 1.94 | Best fitness in generation (Train): -5.65 | Mean fitness (Train): -13.57 | Mean fitness (Test): -13.55
Generation 590 | Best fitness (Train): 1.94 | Best fitness in generation (Train): -5.70 | Mean fitness (Train): -12.54 | Mean fitness (Test): -6.78
Generation 600 | Best fitness (Train): 1.94 | Best fitness in generation (Train): -5.45 | Mean fitness (Train): -46.87 | Mean fitness (Test): -28.59
Generation 610 | Best fitness (Train): 1.94 | Best fitness in generation (Train): -3.76 | Mean fitness (Train): -22.02 | Mean fitness (Test): -4.94
Generation 620 | Best fitness (Train): 1.94 | Best fitness in generation (Train): -5.26 | Mean fitness (Train): -16.57 | Mean fitness (Test): -10.11
Generation 630 | Best fitness (Train): 1.94 | Best fitness in generation (Train): -4.81 | Mean fitness (Train): -13.77 | Mean fitness (Test): -4.61
Generation 640 | Best fitness (Train): 1.94 | Best fitness in generation (Train): -6.43 | Mean fitness (Train): -13.77 | Mean fitness (Test): -7.36
Generation 650 | Best fitness (Train): 1.94 | Best fitness in generation (Train): -6.63 | Mean fitness (Train): -11.31 | Mean fitness (Test): -6.69
Generation 660 | Best fitness (Train): 1.94 | Best fitness in generation (Train): -5.02 | Mean fitness (Train): -14.33 | Mean fitness (Test): -21.88
Generation 670 | Best fitness (Train): 1.94 | Best fitness in generation (Train): -4.53 | Mean fitness (Train): -23.64 | Mean fitness (Test): -13.28
Generation 680 | Best fitness (Train): 1.94 | Best fitness in generation (Train): -4.94 | Mean fitness (Train): -43.07 | Mean fitness (Test): -48.09
Generation 690 | Best fitness (Train): 1.94 | Best fitness in generation (Train): -5.99 | Mean fitness (Train): -36.56 | Mean fitness (Test): -9.37
Generation 700 | Best fitness (Train): 1.94 | Best fitness in generation (Train): -5.22 | Mean fitness (Train): -11.61 | Mean fitness (Test): -11.30
Generation 710 | Best fitness (Train): 1.94 | Best fitness in generation (Train): -6.82 | Mean fitness (Train): -13.21 | Mean fitness (Test): -9.50
Generation 720 | Best fitness (Train): 1.94 | Best fitness in generation (Train): -6.40 | Mean fitness (Train): -27.05 | Mean fitness (Test): -20.00
Generation 730 | Best fitness (Train): 1.94 | Best fitness in generation (Train): -5.57 | Mean fitness (Train): -13.78 | Mean fitness (Test): -6.45
Generation 740 | Best fitness (Train): 1.94 | Best fitness in generation (Train): -5.03 | Mean fitness (Train): -19.09 | Mean fitness (Test): -6.60
Generation 750 | Best fitness (Train): 1.94 | Best fitness in generation (Train): -4.68 | Mean fitness (Train): -29.30 | Mean fitness (Test): -5.94
Generation 760 | Best fitness (Train): 1.94 | Best fitness in generation (Train): -4.46 | Mean fitness (Train): -29.10 | Mean fitness (Test): -10.71
Generation 770 | Best fitness (Train): 1.94 | Best fitness in generation (Train): -6.49 | Mean fitness (Train): -9.92 | Mean fitness (Test): -8.93
Generation 780 | Best fitness (Train): 1.94 | Best fitness in generation (Train): -5.20 | Mean fitness (Train): -12.37 | Mean fitness (Test): -10.04
Generation 790 | Best fitness (Train): 1.94 | Best fitness in generation (Train): -3.42 | Mean fitness (Train): -10.87 | Mean fitness (Test): -8.02
Generation 800 | Best fitness (Train): 1.94 | Best fitness in generation (Train): -7.15 | Mean fitness (Train): -52.91 | Mean fitness (Test): -9.54
Generation 810 | Best fitness (Train): 1.94 | Best fitness in generation (Train): -6.02 | Mean fitness (Train): -10.68 | Mean fitness (Test): -8.03
Generation 820 | Best fitness (Train): 1.94 | Best fitness in generation (Train): -4.37 | Mean fitness (Train): -13.44 | Mean fitness (Test): -6.01
Generation 830 | Best fitness (Train): 1.94 | Best fitness in generation (Train): -5.16 | Mean fitness (Train): -12.85 | Mean fitness (Test): -10.31
Generation 840 | Best fitness (Train): 1.94 | Best fitness in generation (Train): -4.78 | Mean fitness (Train): -14.26 | Mean fitness (Test): -12.88
Generation 850 | Best fitness (Train): 1.94 | Best fitness in generation (Train): -8.00 | Mean fitness (Train): -18.67 | Mean fitness (Test): -13.60
Generation 860 | Best fitness (Train): 1.94 | Best fitness in generation (Train): -5.96 | Mean fitness (Train): -13.39 | Mean fitness (Test): -7.38
Generation 870 | Best fitness (Train): 1.94 | Best fitness in generation (Train): -5.29 | Mean fitness (Train): -39.15 | Mean fitness (Test): -129.13
Generation 880 | Best fitness (Train): 1.94 | Best fitness in generation (Train): -3.73 | Mean fitness (Train): -45.98 | Mean fitness (Test): -14.06
Generation 890 | Best fitness (Train): 1.94 | Best fitness in generation (Train): -5.54 | Mean fitness (Train): -22.76 | Mean fitness (Test): -7.87
Generation 900 | Best fitness (Train): 1.94 | Best fitness in generation (Train): -4.86 | Mean fitness (Train): -9.06 | Mean fitness (Test): -9.08
Generation 910 | Best fitness (Train): 1.94 | Best fitness in generation (Train): -4.45 | Mean fitness (Train): -10.55 | Mean fitness (Test): -6.03
Generation 920 | Best fitness (Train): 1.94 | Best fitness in generation (Train): -5.37 | Mean fitness (Train): -14.33 | Mean fitness (Test): -6.72
Generation 930 | Best fitness (Train): 1.94 | Best fitness in generation (Train): -5.76 | Mean fitness (Train): -13.21 | Mean fitness (Test): -9.61
Generation 940 | Best fitness (Train): 1.94 | Best fitness in generation (Train): -6.20 | Mean fitness (Train): -34.21 | Mean fitness (Test): -14.50
Generation 950 | Best fitness (Train): 1.94 | Best fitness in generation (Train): -4.02 | Mean fitness (Train): -9.65 | Mean fitness (Test): -6.51
Generation 960 | Best fitness (Train): 1.94 | Best fitness in generation (Train): -4.85 | Mean fitness (Train): -13.21 | Mean fitness (Test): -8.69
Generation 970 | Best fitness (Train): 1.94 | Best fitness in generation (Train): -4.61 | Mean fitness (Train): -16.50 | Mean fitness (Test): -16.20
Generation 980 | Best fitness (Train): 1.94 | Best fitness in generation (Train): -5.14 | Mean fitness (Train): -12.36 | Mean fitness (Test): -13.67
Generation 990 | Best fitness (Train): 1.94 | Best fitness in generation (Train): -6.29 | Mean fitness (Train): -17.32 | Mean fitness (Test): -9.51
Generation 1000 | Best fitness (Train): 1.94 | Best fitness in generation (Train): -5.23 | Mean fitness (Train): -13.18 | Mean fitness (Test): -13.16
running the experiment ... [../../results/BraxProblem/ant/DiscoveredES/1]
Generation 010 | Best fitness (Train): -4.11 | Best fitness in generation (Train): -4.11 | Mean fitness (Train): -52.81 | Mean fitness (Test): -34.13
Generation 020 | Best fitness (Train): -4.11 | Best fitness in generation (Train): -6.71 | Mean fitness (Train): -52.30 | Mean fitness (Test): -15.15
Generation 030 | Best fitness (Train): -4.11 | Best fitness in generation (Train): -6.99 | Mean fitness (Train): -47.71 | Mean fitness (Test): -59.29
Generation 040 | Best fitness (Train): -4.11 | Best fitness in generation (Train): -5.50 | Mean fitness (Train): -57.00 | Mean fitness (Test): -18.80
Generation 050 | Best fitness (Train): 2.37 | Best fitness in generation (Train): -6.28 | Mean fitness (Train): -43.79 | Mean fitness (Test): -9.36
Generation 060 | Best fitness (Train): 2.37 | Best fitness in generation (Train): -10.28 | Mean fitness (Train): -56.53 | Mean fitness (Test): -55.00
Generation 070 | Best fitness (Train): 2.37 | Best fitness in generation (Train): -9.43 | Mean fitness (Train): -43.87 | Mean fitness (Test): -14.82
Generation 080 | Best fitness (Train): 2.37 | Best fitness in generation (Train): -6.77 | Mean fitness (Train): -42.32 | Mean fitness (Test): -7.73
Generation 090 | Best fitness (Train): 2.37 | Best fitness in generation (Train): -8.15 | Mean fitness (Train): -39.11 | Mean fitness (Test): -9.00
Generation 100 | Best fitness (Train): 2.37 | Best fitness in generation (Train): -5.67 | Mean fitness (Train): -30.94 | Mean fitness (Test): -12.50
Generation 110 | Best fitness (Train): 2.37 | Best fitness in generation (Train): -6.39 | Mean fitness (Train): -31.76 | Mean fitness (Test): -9.77
Generation 120 | Best fitness (Train): 2.37 | Best fitness in generation (Train): -8.58 | Mean fitness (Train): -20.14 | Mean fitness (Test): -11.24
Generation 130 | Best fitness (Train): 2.37 | Best fitness in generation (Train): -5.77 | Mean fitness (Train): -27.17 | Mean fitness (Test): -14.64
Generation 140 | Best fitness (Train): 2.37 | Best fitness in generation (Train): -8.83 | Mean fitness (Train): -33.92 | Mean fitness (Test): -56.14
Generation 150 | Best fitness (Train): 2.37 | Best fitness in generation (Train): -6.48 | Mean fitness (Train): -12.27 | Mean fitness (Test): -8.59
Generation 160 | Best fitness (Train): 2.37 | Best fitness in generation (Train): -4.96 | Mean fitness (Train): -19.89 | Mean fitness (Test): -14.06
Generation 170 | Best fitness (Train): 2.37 | Best fitness in generation (Train): -5.59 | Mean fitness (Train): -38.84 | Mean fitness (Test): -20.04
Generation 180 | Best fitness (Train): 2.37 | Best fitness in generation (Train): -5.30 | Mean fitness (Train): -27.40 | Mean fitness (Test): -32.26
Generation 190 | Best fitness (Train): 2.37 | Best fitness in generation (Train): -6.41 | Mean fitness (Train): -17.82 | Mean fitness (Test): -10.15
Generation 200 | Best fitness (Train): 2.37 | Best fitness in generation (Train): -6.38 | Mean fitness (Train): -27.94 | Mean fitness (Test): -22.35
Generation 210 | Best fitness (Train): 2.37 | Best fitness in generation (Train): -7.86 | Mean fitness (Train): -37.13 | Mean fitness (Test): -15.34
Generation 220 | Best fitness (Train): 2.37 | Best fitness in generation (Train): -5.62 | Mean fitness (Train): -20.42 | Mean fitness (Test): -7.87
Generation 230 | Best fitness (Train): 2.37 | Best fitness in generation (Train): -9.49 | Mean fitness (Train): -37.23 | Mean fitness (Test): -66.14
Generation 240 | Best fitness (Train): 2.37 | Best fitness in generation (Train): -5.74 | Mean fitness (Train): -14.97 | Mean fitness (Test): -12.59
Generation 250 | Best fitness (Train): 2.37 | Best fitness in generation (Train): -6.02 | Mean fitness (Train): -25.40 | Mean fitness (Test): -11.60
Generation 260 | Best fitness (Train): 2.37 | Best fitness in generation (Train): -6.27 | Mean fitness (Train): -24.22 | Mean fitness (Test): -7.28
Generation 270 | Best fitness (Train): 2.37 | Best fitness in generation (Train): -6.13 | Mean fitness (Train): -24.17 | Mean fitness (Test): -7.89
Generation 280 | Best fitness (Train): 2.37 | Best fitness in generation (Train): -4.44 | Mean fitness (Train): -21.75 | Mean fitness (Test): -8.46
Generation 290 | Best fitness (Train): 2.37 | Best fitness in generation (Train): -9.26 | Mean fitness (Train): -19.82 | Mean fitness (Test): -13.74
Generation 300 | Best fitness (Train): 2.37 | Best fitness in generation (Train): -5.17 | Mean fitness (Train): -16.34 | Mean fitness (Test): -10.19
Generation 310 | Best fitness (Train): 2.37 | Best fitness in generation (Train): -5.02 | Mean fitness (Train): -17.37 | Mean fitness (Test): -8.80
Generation 320 | Best fitness (Train): 2.37 | Best fitness in generation (Train): -7.72 | Mean fitness (Train): -13.42 | Mean fitness (Test): -12.93
Generation 330 | Best fitness (Train): 2.37 | Best fitness in generation (Train): -7.47 | Mean fitness (Train): -19.64 | Mean fitness (Test): -12.40
Generation 340 | Best fitness (Train): 2.37 | Best fitness in generation (Train): -6.34 | Mean fitness (Train): -21.08 | Mean fitness (Test): -11.77
Generation 350 | Best fitness (Train): 2.37 | Best fitness in generation (Train): -5.81 | Mean fitness (Train): -12.00 | Mean fitness (Test): -11.59
Generation 360 | Best fitness (Train): 2.37 | Best fitness in generation (Train): -3.79 | Mean fitness (Train): -17.67 | Mean fitness (Test): -7.19
Generation 370 | Best fitness (Train): 2.37 | Best fitness in generation (Train): -2.06 | Mean fitness (Train): -17.36 | Mean fitness (Test): -6.42
Generation 380 | Best fitness (Train): 2.37 | Best fitness in generation (Train): -6.64 | Mean fitness (Train): -16.41 | Mean fitness (Test): -10.22
Generation 390 | Best fitness (Train): 2.37 | Best fitness in generation (Train): -5.63 | Mean fitness (Train): -34.02 | Mean fitness (Test): -6.69
Generation 400 | Best fitness (Train): 2.37 | Best fitness in generation (Train): -4.55 | Mean fitness (Train): -21.29 | Mean fitness (Test): -11.72
Generation 410 | Best fitness (Train): 2.37 | Best fitness in generation (Train): -2.83 | Mean fitness (Train): -16.53 | Mean fitness (Test): -6.98
Generation 420 | Best fitness (Train): 2.37 | Best fitness in generation (Train): -4.75 | Mean fitness (Train): -35.29 | Mean fitness (Test): -8.34
Generation 430 | Best fitness (Train): 2.37 | Best fitness in generation (Train): -3.32 | Mean fitness (Train): -12.02 | Mean fitness (Test): -11.06
Generation 440 | Best fitness (Train): 2.37 | Best fitness in generation (Train): -5.60 | Mean fitness (Train): -13.84 | Mean fitness (Test): -14.36
Generation 450 | Best fitness (Train): 2.37 | Best fitness in generation (Train): -4.96 | Mean fitness (Train): -13.30 | Mean fitness (Test): -11.48
Generation 460 | Best fitness (Train): 2.37 | Best fitness in generation (Train): -5.32 | Mean fitness (Train): -16.33 | Mean fitness (Test): -6.11
Generation 470 | Best fitness (Train): 2.37 | Best fitness in generation (Train): -4.90 | Mean fitness (Train): -19.55 | Mean fitness (Test): -13.16
Generation 480 | Best fitness (Train): 2.37 | Best fitness in generation (Train): -4.53 | Mean fitness (Train): -19.74 | Mean fitness (Test): -10.03
Generation 490 | Best fitness (Train): 2.37 | Best fitness in generation (Train): -5.39 | Mean fitness (Train): -15.93 | Mean fitness (Test): -13.44
Generation 500 | Best fitness (Train): 2.37 | Best fitness in generation (Train): -3.65 | Mean fitness (Train): -10.88 | Mean fitness (Test): -8.75
Generation 510 | Best fitness (Train): 2.37 | Best fitness in generation (Train): -4.68 | Mean fitness (Train): -11.10 | Mean fitness (Test): -9.42
Generation 520 | Best fitness (Train): 2.37 | Best fitness in generation (Train): -6.29 | Mean fitness (Train): -15.90 | Mean fitness (Test): -13.25
Generation 530 | Best fitness (Train): 2.37 | Best fitness in generation (Train): -4.56 | Mean fitness (Train): -17.36 | Mean fitness (Test): -6.26
Generation 540 | Best fitness (Train): 2.37 | Best fitness in generation (Train): -4.99 | Mean fitness (Train): -20.91 | Mean fitness (Test): -14.57
Generation 550 | Best fitness (Train): 2.37 | Best fitness in generation (Train): -6.32 | Mean fitness (Train): -31.71 | Mean fitness (Test): -8.52
Generation 560 | Best fitness (Train): 2.37 | Best fitness in generation (Train): -6.13 | Mean fitness (Train): -16.81 | Mean fitness (Test): -12.66
Generation 570 | Best fitness (Train): 2.37 | Best fitness in generation (Train): -6.43 | Mean fitness (Train): -11.86 | Mean fitness (Test): -7.87
Generation 580 | Best fitness (Train): 2.37 | Best fitness in generation (Train): -6.18 | Mean fitness (Train): -30.61 | Mean fitness (Test): -12.23
Generation 590 | Best fitness (Train): 2.37 | Best fitness in generation (Train): -5.64 | Mean fitness (Train): -25.65 | Mean fitness (Test): -121.15
Generation 600 | Best fitness (Train): 2.37 | Best fitness in generation (Train): -3.67 | Mean fitness (Train): -11.56 | Mean fitness (Test): -7.16
Generation 610 | Best fitness (Train): 2.37 | Best fitness in generation (Train): -5.56 | Mean fitness (Train): -34.23 | Mean fitness (Test): -6.28
Generation 620 | Best fitness (Train): 2.37 | Best fitness in generation (Train): -3.81 | Mean fitness (Train): -13.10 | Mean fitness (Test): -6.06
Generation 630 | Best fitness (Train): 2.37 | Best fitness in generation (Train): -4.81 | Mean fitness (Train): -20.43 | Mean fitness (Test): -16.42
Generation 640 | Best fitness (Train): 2.37 | Best fitness in generation (Train): -7.08 | Mean fitness (Train): -9.80 | Mean fitness (Test): -8.79
Generation 650 | Best fitness (Train): 2.37 | Best fitness in generation (Train): -5.36 | Mean fitness (Train): -15.79 | Mean fitness (Test): -11.28
Generation 660 | Best fitness (Train): 2.37 | Best fitness in generation (Train): -4.59 | Mean fitness (Train): -10.36 | Mean fitness (Test): -11.43
Generation 670 | Best fitness (Train): 2.37 | Best fitness in generation (Train): -4.93 | Mean fitness (Train): -31.79 | Mean fitness (Test): -5.40
Generation 680 | Best fitness (Train): 2.37 | Best fitness in generation (Train): -6.22 | Mean fitness (Train): -20.66 | Mean fitness (Test): -23.42
Generation 690 | Best fitness (Train): 2.37 | Best fitness in generation (Train): -6.23 | Mean fitness (Train): -14.83 | Mean fitness (Test): -11.81
Generation 700 | Best fitness (Train): 2.37 | Best fitness in generation (Train): -6.36 | Mean fitness (Train): -14.73 | Mean fitness (Test): -9.66
Generation 710 | Best fitness (Train): 2.37 | Best fitness in generation (Train): -5.10 | Mean fitness (Train): -16.00 | Mean fitness (Test): -5.52
Generation 720 | Best fitness (Train): 2.37 | Best fitness in generation (Train): -4.50 | Mean fitness (Train): -24.70 | Mean fitness (Test): -6.74
Generation 730 | Best fitness (Train): 2.37 | Best fitness in generation (Train): -5.06 | Mean fitness (Train): -11.52 | Mean fitness (Test): -6.63
Generation 740 | Best fitness (Train): 2.37 | Best fitness in generation (Train): -5.96 | Mean fitness (Train): -28.54 | Mean fitness (Test): -60.66
Generation 750 | Best fitness (Train): 2.37 | Best fitness in generation (Train): -4.78 | Mean fitness (Train): -10.03 | Mean fitness (Test): -10.65
Generation 760 | Best fitness (Train): 2.37 | Best fitness in generation (Train): -4.89 | Mean fitness (Train): -21.14 | Mean fitness (Test): -10.16
Generation 770 | Best fitness (Train): 2.37 | Best fitness in generation (Train): -5.48 | Mean fitness (Train): -11.91 | Mean fitness (Test): -7.94
Generation 780 | Best fitness (Train): 2.37 | Best fitness in generation (Train): -6.62 | Mean fitness (Train): -26.66 | Mean fitness (Test): -20.74
Generation 790 | Best fitness (Train): 2.37 | Best fitness in generation (Train): -6.11 | Mean fitness (Train): -10.88 | Mean fitness (Test): -10.24
Generation 800 | Best fitness (Train): 2.37 | Best fitness in generation (Train): -5.58 | Mean fitness (Train): -12.28 | Mean fitness (Test): -8.66
Generation 810 | Best fitness (Train): 2.37 | Best fitness in generation (Train): -5.50 | Mean fitness (Train): -19.67 | Mean fitness (Test): -11.32
Generation 820 | Best fitness (Train): 2.37 | Best fitness in generation (Train): -5.34 | Mean fitness (Train): -25.03 | Mean fitness (Test): -6.02
Generation 830 | Best fitness (Train): 2.37 | Best fitness in generation (Train): -5.24 | Mean fitness (Train): -27.04 | Mean fitness (Test): -10.32
Generation 840 | Best fitness (Train): 2.37 | Best fitness in generation (Train): -5.66 | Mean fitness (Train): -12.99 | Mean fitness (Test): -16.84
Generation 850 | Best fitness (Train): 2.37 | Best fitness in generation (Train): -6.05 | Mean fitness (Train): -21.52 | Mean fitness (Test): -9.81
Generation 860 | Best fitness (Train): 2.37 | Best fitness in generation (Train): -5.50 | Mean fitness (Train): -11.99 | Mean fitness (Test): -11.40
Generation 870 | Best fitness (Train): 2.37 | Best fitness in generation (Train): -7.19 | Mean fitness (Train): -32.68 | Mean fitness (Test): -40.43
Generation 880 | Best fitness (Train): 2.37 | Best fitness in generation (Train): -4.40 | Mean fitness (Train): -16.71 | Mean fitness (Test): -7.22
Generation 890 | Best fitness (Train): 2.37 | Best fitness in generation (Train): -5.85 | Mean fitness (Train): -17.77 | Mean fitness (Test): -11.94
Generation 900 | Best fitness (Train): 2.37 | Best fitness in generation (Train): -4.38 | Mean fitness (Train): -14.50 | Mean fitness (Test): -12.21
Generation 910 | Best fitness (Train): 2.37 | Best fitness in generation (Train): -4.93 | Mean fitness (Train): -30.21 | Mean fitness (Test): -24.14
Generation 920 | Best fitness (Train): 2.37 | Best fitness in generation (Train): -3.83 | Mean fitness (Train): -20.97 | Mean fitness (Test): -38.69
Generation 930 | Best fitness (Train): 2.37 | Best fitness in generation (Train): -5.18 | Mean fitness (Train): -11.16 | Mean fitness (Test): -9.48
Generation 940 | Best fitness (Train): 2.37 | Best fitness in generation (Train): -4.85 | Mean fitness (Train): -13.47 | Mean fitness (Test): -7.46
Generation 950 | Best fitness (Train): 2.37 | Best fitness in generation (Train): -5.61 | Mean fitness (Train): -8.76 | Mean fitness (Test): -7.00
Generation 960 | Best fitness (Train): 2.37 | Best fitness in generation (Train): -6.23 | Mean fitness (Train): -13.07 | Mean fitness (Test): -8.56
Generation 970 | Best fitness (Train): 2.37 | Best fitness in generation (Train): -7.33 | Mean fitness (Train): -33.05 | Mean fitness (Test): -5.77
Generation 980 | Best fitness (Train): 2.37 | Best fitness in generation (Train): -6.05 | Mean fitness (Train): -9.74 | Mean fitness (Test): -7.62
Generation 990 | Best fitness (Train): 2.37 | Best fitness in generation (Train): -9.18 | Mean fitness (Train): -32.68 | Mean fitness (Test): -10.67
Generation 1000 | Best fitness (Train): 2.37 | Best fitness in generation (Train): -3.52 | Mean fitness (Train): -9.37 | Mean fitness (Test): -4.99
running the experiment ... [../../results/BraxProblem/ant/DiscoveredES/2]
Generation 010 | Best fitness (Train): -2.11 | Best fitness in generation (Train): -7.36 | Mean fitness (Train): -60.28 | Mean fitness (Test): -26.04
Generation 020 | Best fitness (Train): 10.43 | Best fitness in generation (Train): -4.93 | Mean fitness (Train): -53.61 | Mean fitness (Test): -23.14
Generation 030 | Best fitness (Train): 10.43 | Best fitness in generation (Train): -7.24 | Mean fitness (Train): -48.39 | Mean fitness (Test): -15.03
Generation 040 | Best fitness (Train): 10.43 | Best fitness in generation (Train): -9.08 | Mean fitness (Train): -48.41 | Mean fitness (Test): -10.42
Generation 050 | Best fitness (Train): 10.43 | Best fitness in generation (Train): -5.94 | Mean fitness (Train): -42.31 | Mean fitness (Test): -22.13
Generation 060 | Best fitness (Train): 10.43 | Best fitness in generation (Train): -6.13 | Mean fitness (Train): -46.57 | Mean fitness (Test): -29.37
Generation 070 | Best fitness (Train): 10.43 | Best fitness in generation (Train): -5.60 | Mean fitness (Train): -46.24 | Mean fitness (Test): -6.97
Generation 080 | Best fitness (Train): 10.43 | Best fitness in generation (Train): -5.28 | Mean fitness (Train): -48.07 | Mean fitness (Test): -15.11
Generation 090 | Best fitness (Train): 10.43 | Best fitness in generation (Train): -8.14 | Mean fitness (Train): -36.21 | Mean fitness (Test): -11.70
Generation 100 | Best fitness (Train): 10.43 | Best fitness in generation (Train): -7.43 | Mean fitness (Train): -33.48 | Mean fitness (Test): -9.84
Generation 110 | Best fitness (Train): 10.43 | Best fitness in generation (Train): -7.51 | Mean fitness (Train): -29.28 | Mean fitness (Test): -17.00
Generation 120 | Best fitness (Train): 10.43 | Best fitness in generation (Train): -4.42 | Mean fitness (Train): -14.78 | Mean fitness (Test): -7.65
Generation 130 | Best fitness (Train): 10.43 | Best fitness in generation (Train): -6.33 | Mean fitness (Train): -27.64 | Mean fitness (Test): -23.27
Generation 140 | Best fitness (Train): 10.43 | Best fitness in generation (Train): -7.31 | Mean fitness (Train): -22.88 | Mean fitness (Test): -9.53
Generation 150 | Best fitness (Train): 10.43 | Best fitness in generation (Train): -8.90 | Mean fitness (Train): -31.14 | Mean fitness (Test): -52.38
Generation 160 | Best fitness (Train): 10.43 | Best fitness in generation (Train): -5.20 | Mean fitness (Train): -32.06 | Mean fitness (Test): -123.96
Generation 170 | Best fitness (Train): 10.43 | Best fitness in generation (Train): -6.57 | Mean fitness (Train): -37.85 | Mean fitness (Test): -13.49
Generation 180 | Best fitness (Train): 10.43 | Best fitness in generation (Train): -7.95 | Mean fitness (Train): -28.13 | Mean fitness (Test): -11.51
Generation 190 | Best fitness (Train): 10.43 | Best fitness in generation (Train): -4.47 | Mean fitness (Train): -27.68 | Mean fitness (Test): -11.04
Generation 200 | Best fitness (Train): 10.43 | Best fitness in generation (Train): -5.85 | Mean fitness (Train): -24.21 | Mean fitness (Test): -10.08
Generation 210 | Best fitness (Train): 10.43 | Best fitness in generation (Train): -7.65 | Mean fitness (Train): -35.99 | Mean fitness (Test): -27.00
Generation 220 | Best fitness (Train): 10.43 | Best fitness in generation (Train): -6.68 | Mean fitness (Train): -17.41 | Mean fitness (Test): -8.36
Generation 230 | Best fitness (Train): 10.43 | Best fitness in generation (Train): -5.72 | Mean fitness (Train): -14.80 | Mean fitness (Test): -11.59
Generation 240 | Best fitness (Train): 10.43 | Best fitness in generation (Train): -9.02 | Mean fitness (Train): -41.56 | Mean fitness (Test): -15.89
Generation 250 | Best fitness (Train): 10.43 | Best fitness in generation (Train): -2.93 | Mean fitness (Train): -15.52 | Mean fitness (Test): -12.99
Generation 260 | Best fitness (Train): 10.43 | Best fitness in generation (Train): -5.39 | Mean fitness (Train): -36.55 | Mean fitness (Test): -33.58
Generation 270 | Best fitness (Train): 10.43 | Best fitness in generation (Train): -8.00 | Mean fitness (Train): -20.75 | Mean fitness (Test): -14.73
Generation 280 | Best fitness (Train): 10.43 | Best fitness in generation (Train): -4.79 | Mean fitness (Train): -32.99 | Mean fitness (Test): -62.51
Generation 290 | Best fitness (Train): 10.43 | Best fitness in generation (Train): -7.25 | Mean fitness (Train): -29.02 | Mean fitness (Test): -11.21
Generation 300 | Best fitness (Train): 10.43 | Best fitness in generation (Train): -6.63 | Mean fitness (Train): -38.86 | Mean fitness (Test): -42.52
Generation 310 | Best fitness (Train): 10.43 | Best fitness in generation (Train): -7.73 | Mean fitness (Train): -19.16 | Mean fitness (Test): -13.95
Generation 320 | Best fitness (Train): 10.43 | Best fitness in generation (Train): -6.02 | Mean fitness (Train): -35.49 | Mean fitness (Test): -52.06
Generation 330 | Best fitness (Train): 10.43 | Best fitness in generation (Train): -5.40 | Mean fitness (Train): -20.66 | Mean fitness (Test): -12.28
Generation 340 | Best fitness (Train): 10.43 | Best fitness in generation (Train): -7.31 | Mean fitness (Train): -16.21 | Mean fitness (Test): -9.94
Generation 350 | Best fitness (Train): 10.43 | Best fitness in generation (Train): -6.37 | Mean fitness (Train): -26.03 | Mean fitness (Test): -19.17
Generation 360 | Best fitness (Train): 10.43 | Best fitness in generation (Train): -5.64 | Mean fitness (Train): -16.77 | Mean fitness (Test): -8.08
Generation 370 | Best fitness (Train): 10.43 | Best fitness in generation (Train): -5.09 | Mean fitness (Train): -31.82 | Mean fitness (Test): -38.05
Generation 380 | Best fitness (Train): 10.43 | Best fitness in generation (Train): -4.92 | Mean fitness (Train): -18.41 | Mean fitness (Test): -13.73
Generation 390 | Best fitness (Train): 10.43 | Best fitness in generation (Train): -5.38 | Mean fitness (Train): -24.41 | Mean fitness (Test): -66.48
Generation 400 | Best fitness (Train): 10.43 | Best fitness in generation (Train): -5.75 | Mean fitness (Train): -35.70 | Mean fitness (Test): -10.60
Generation 410 | Best fitness (Train): 10.43 | Best fitness in generation (Train): -7.77 | Mean fitness (Train): -39.41 | Mean fitness (Test): -44.48
Generation 420 | Best fitness (Train): 10.43 | Best fitness in generation (Train): -3.89 | Mean fitness (Train): -17.70 | Mean fitness (Test): -10.89
Generation 430 | Best fitness (Train): 10.43 | Best fitness in generation (Train): -4.15 | Mean fitness (Train): -27.65 | Mean fitness (Test): -11.15
Generation 440 | Best fitness (Train): 10.43 | Best fitness in generation (Train): -5.61 | Mean fitness (Train): -18.53 | Mean fitness (Test): -8.19
Generation 450 | Best fitness (Train): 10.43 | Best fitness in generation (Train): -4.06 | Mean fitness (Train): -22.03 | Mean fitness (Test): -4.80
Generation 460 | Best fitness (Train): 10.43 | Best fitness in generation (Train): -4.09 | Mean fitness (Train): -18.33 | Mean fitness (Test): -7.21
Generation 470 | Best fitness (Train): 10.43 | Best fitness in generation (Train): -3.76 | Mean fitness (Train): -32.03 | Mean fitness (Test): -11.27
Generation 480 | Best fitness (Train): 10.43 | Best fitness in generation (Train): -6.39 | Mean fitness (Train): -21.41 | Mean fitness (Test): -6.36
Generation 490 | Best fitness (Train): 10.43 | Best fitness in generation (Train): -4.26 | Mean fitness (Train): -13.33 | Mean fitness (Test): -6.30
Generation 500 | Best fitness (Train): 10.43 | Best fitness in generation (Train): -4.98 | Mean fitness (Train): -25.91 | Mean fitness (Test): -31.88
Generation 510 | Best fitness (Train): 10.43 | Best fitness in generation (Train): -5.28 | Mean fitness (Train): -23.68 | Mean fitness (Test): -11.64
Generation 520 | Best fitness (Train): 10.43 | Best fitness in generation (Train): -4.69 | Mean fitness (Train): -16.05 | Mean fitness (Test): -15.81
Generation 530 | Best fitness (Train): 10.43 | Best fitness in generation (Train): -3.72 | Mean fitness (Train): -14.75 | Mean fitness (Test): -6.22
Generation 540 | Best fitness (Train): 10.43 | Best fitness in generation (Train): -6.04 | Mean fitness (Train): -10.99 | Mean fitness (Test): -12.41
Generation 550 | Best fitness (Train): 10.43 | Best fitness in generation (Train): -4.26 | Mean fitness (Train): -23.47 | Mean fitness (Test): -8.28
Generation 560 | Best fitness (Train): 10.43 | Best fitness in generation (Train): -6.09 | Mean fitness (Train): -46.12 | Mean fitness (Test): -44.62
Generation 570 | Best fitness (Train): 10.43 | Best fitness in generation (Train): -4.70 | Mean fitness (Train): -19.23 | Mean fitness (Test): -6.35
Generation 580 | Best fitness (Train): 10.43 | Best fitness in generation (Train): -5.66 | Mean fitness (Train): -25.80 | Mean fitness (Test): -7.12
Generation 590 | Best fitness (Train): 10.43 | Best fitness in generation (Train): -4.76 | Mean fitness (Train): -14.21 | Mean fitness (Test): -6.55
Generation 600 | Best fitness (Train): 10.43 | Best fitness in generation (Train): -5.67 | Mean fitness (Train): -29.68 | Mean fitness (Test): -14.61
Generation 610 | Best fitness (Train): 10.43 | Best fitness in generation (Train): -5.24 | Mean fitness (Train): -10.12 | Mean fitness (Test): -9.69
Generation 620 | Best fitness (Train): 10.43 | Best fitness in generation (Train): -7.86 | Mean fitness (Train): -25.96 | Mean fitness (Test): -12.73
Generation 630 | Best fitness (Train): 10.43 | Best fitness in generation (Train): -4.31 | Mean fitness (Train): -15.83 | Mean fitness (Test): -4.84
Generation 640 | Best fitness (Train): 10.43 | Best fitness in generation (Train): -5.12 | Mean fitness (Train): -15.95 | Mean fitness (Test): -5.78
Generation 650 | Best fitness (Train): 10.43 | Best fitness in generation (Train): -3.89 | Mean fitness (Train): -20.99 | Mean fitness (Test): -9.83
Generation 660 | Best fitness (Train): 10.43 | Best fitness in generation (Train): -4.75 | Mean fitness (Train): -23.18 | Mean fitness (Test): -9.01
Generation 670 | Best fitness (Train): 10.43 | Best fitness in generation (Train): -4.54 | Mean fitness (Train): -27.13 | Mean fitness (Test): -9.24
Generation 680 | Best fitness (Train): 10.43 | Best fitness in generation (Train): -4.07 | Mean fitness (Train): -28.40 | Mean fitness (Test): -5.94
Generation 690 | Best fitness (Train): 10.43 | Best fitness in generation (Train): -2.12 | Mean fitness (Train): -10.10 | Mean fitness (Test): -8.40
Generation 700 | Best fitness (Train): 10.43 | Best fitness in generation (Train): -5.40 | Mean fitness (Train): -20.03 | Mean fitness (Test): -10.13
Generation 710 | Best fitness (Train): 10.43 | Best fitness in generation (Train): -3.97 | Mean fitness (Train): -17.80 | Mean fitness (Test): -5.11
Generation 720 | Best fitness (Train): 10.43 | Best fitness in generation (Train): -5.09 | Mean fitness (Train): -12.29 | Mean fitness (Test): -6.46
Generation 730 | Best fitness (Train): 10.43 | Best fitness in generation (Train): -3.88 | Mean fitness (Train): -16.89 | Mean fitness (Test): -44.25
Generation 740 | Best fitness (Train): 10.43 | Best fitness in generation (Train): -4.74 | Mean fitness (Train): -11.47 | Mean fitness (Test): -9.63
Generation 750 | Best fitness (Train): 10.43 | Best fitness in generation (Train): -3.37 | Mean fitness (Train): -31.79 | Mean fitness (Test): -16.02
Generation 760 | Best fitness (Train): 10.43 | Best fitness in generation (Train): -3.82 | Mean fitness (Train): -17.49 | Mean fitness (Test): -13.26
Generation 770 | Best fitness (Train): 10.43 | Best fitness in generation (Train): -5.37 | Mean fitness (Train): -11.61 | Mean fitness (Test): -6.50
Generation 780 | Best fitness (Train): 10.43 | Best fitness in generation (Train): -4.56 | Mean fitness (Train): -19.49 | Mean fitness (Test): -14.25
Generation 790 | Best fitness (Train): 10.43 | Best fitness in generation (Train): -4.90 | Mean fitness (Train): -13.87 | Mean fitness (Test): -7.61
Generation 800 | Best fitness (Train): 10.43 | Best fitness in generation (Train): -5.30 | Mean fitness (Train): -12.77 | Mean fitness (Test): -5.56
Generation 810 | Best fitness (Train): 10.43 | Best fitness in generation (Train): -5.92 | Mean fitness (Train): -10.48 | Mean fitness (Test): -9.21
Generation 820 | Best fitness (Train): 10.43 | Best fitness in generation (Train): -5.31 | Mean fitness (Train): -13.89 | Mean fitness (Test): -6.51
Generation 830 | Best fitness (Train): 10.43 | Best fitness in generation (Train): -4.70 | Mean fitness (Train): -21.00 | Mean fitness (Test): -5.58
Generation 840 | Best fitness (Train): 10.43 | Best fitness in generation (Train): -5.69 | Mean fitness (Train): -13.36 | Mean fitness (Test): -6.49
Generation 850 | Best fitness (Train): 10.43 | Best fitness in generation (Train): -5.59 | Mean fitness (Train): -15.40 | Mean fitness (Test): -12.90
Generation 860 | Best fitness (Train): 10.43 | Best fitness in generation (Train): -5.95 | Mean fitness (Train): -19.59 | Mean fitness (Test): -8.39
Generation 870 | Best fitness (Train): 10.43 | Best fitness in generation (Train): -6.09 | Mean fitness (Train): -11.01 | Mean fitness (Test): -8.03
Generation 880 | Best fitness (Train): 10.43 | Best fitness in generation (Train): -4.83 | Mean fitness (Train): -9.86 | Mean fitness (Test): -9.06
Generation 890 | Best fitness (Train): 10.43 | Best fitness in generation (Train): -6.12 | Mean fitness (Train): -13.39 | Mean fitness (Test): -6.70
Generation 900 | Best fitness (Train): 10.43 | Best fitness in generation (Train): -4.90 | Mean fitness (Train): -18.57 | Mean fitness (Test): -8.38
Generation 910 | Best fitness (Train): 10.43 | Best fitness in generation (Train): -5.03 | Mean fitness (Train): -26.86 | Mean fitness (Test): -14.19
Generation 920 | Best fitness (Train): 10.43 | Best fitness in generation (Train): -5.75 | Mean fitness (Train): -8.52 | Mean fitness (Test): -7.27
Generation 930 | Best fitness (Train): 10.43 | Best fitness in generation (Train): -6.34 | Mean fitness (Train): -26.11 | Mean fitness (Test): -17.37
Generation 940 | Best fitness (Train): 10.43 | Best fitness in generation (Train): -5.46 | Mean fitness (Train): -20.49 | Mean fitness (Test): -6.38
Generation 950 | Best fitness (Train): 10.43 | Best fitness in generation (Train): -7.11 | Mean fitness (Train): -40.23 | Mean fitness (Test): -65.86
Generation 960 | Best fitness (Train): 10.43 | Best fitness in generation (Train): -6.57 | Mean fitness (Train): -13.35 | Mean fitness (Test): -9.20
Generation 970 | Best fitness (Train): 10.43 | Best fitness in generation (Train): -6.29 | Mean fitness (Train): -39.70 | Mean fitness (Test): -150.30
Generation 980 | Best fitness (Train): 10.43 | Best fitness in generation (Train): -5.78 | Mean fitness (Train): -38.20 | Mean fitness (Test): -23.45
Generation 990 | Best fitness (Train): 10.43 | Best fitness in generation (Train): -6.43 | Mean fitness (Train): -21.22 | Mean fitness (Test): -9.20
Generation 1000 | Best fitness (Train): 10.43 | Best fitness in generation (Train): -3.44 | Mean fitness (Train): -19.64 | Mean fitness (Test): -5.31
running the experiment ... [../../results/BraxProblem/ant/DiscoveredES/3]
Generation 010 | Best fitness (Train): -5.73 | Best fitness in generation (Train): -6.67 | Mean fitness (Train): -54.69 | Mean fitness (Test): -30.49
Generation 020 | Best fitness (Train): -3.21 | Best fitness in generation (Train): -4.50 | Mean fitness (Train): -54.39 | Mean fitness (Test): -15.47
Generation 030 | Best fitness (Train): -3.21 | Best fitness in generation (Train): -8.66 | Mean fitness (Train): -64.14 | Mean fitness (Test): -15.53
Generation 040 | Best fitness (Train): -3.21 | Best fitness in generation (Train): -4.40 | Mean fitness (Train): -52.58 | Mean fitness (Test): -16.13
Generation 050 | Best fitness (Train): -3.21 | Best fitness in generation (Train): -5.55 | Mean fitness (Train): -59.18 | Mean fitness (Test): -109.60
Generation 060 | Best fitness (Train): -3.21 | Best fitness in generation (Train): -5.95 | Mean fitness (Train): -45.27 | Mean fitness (Test): -11.32
Generation 070 | Best fitness (Train): -2.59 | Best fitness in generation (Train): -5.56 | Mean fitness (Train): -38.18 | Mean fitness (Test): -105.29
Generation 080 | Best fitness (Train): -2.59 | Best fitness in generation (Train): -6.51 | Mean fitness (Train): -48.69 | Mean fitness (Test): -17.97
Generation 090 | Best fitness (Train): 0.26 | Best fitness in generation (Train): 0.26 | Mean fitness (Train): -44.88 | Mean fitness (Test): -53.76
Generation 100 | Best fitness (Train): 0.26 | Best fitness in generation (Train): -5.22 | Mean fitness (Train): -27.22 | Mean fitness (Test): -10.36
Generation 110 | Best fitness (Train): 0.26 | Best fitness in generation (Train): -6.10 | Mean fitness (Train): -20.86 | Mean fitness (Test): -9.34
Generation 120 | Best fitness (Train): 0.26 | Best fitness in generation (Train): -6.01 | Mean fitness (Train): -32.30 | Mean fitness (Test): -8.56
Generation 130 | Best fitness (Train): 0.26 | Best fitness in generation (Train): -6.78 | Mean fitness (Train): -29.75 | Mean fitness (Test): -49.25
Generation 140 | Best fitness (Train): 0.26 | Best fitness in generation (Train): -6.55 | Mean fitness (Train): -22.83 | Mean fitness (Test): -12.65
Generation 150 | Best fitness (Train): 0.26 | Best fitness in generation (Train): -5.35 | Mean fitness (Train): -24.85 | Mean fitness (Test): -15.58
Generation 160 | Best fitness (Train): 0.26 | Best fitness in generation (Train): -6.19 | Mean fitness (Train): -15.54 | Mean fitness (Test): -10.74
Generation 170 | Best fitness (Train): 0.26 | Best fitness in generation (Train): -6.81 | Mean fitness (Train): -17.52 | Mean fitness (Test): -13.00
Generation 180 | Best fitness (Train): 0.26 | Best fitness in generation (Train): -3.43 | Mean fitness (Train): -13.18 | Mean fitness (Test): -7.51
Generation 190 | Best fitness (Train): 0.26 | Best fitness in generation (Train): -7.09 | Mean fitness (Train): -37.39 | Mean fitness (Test): -22.89
Generation 200 | Best fitness (Train): 0.26 | Best fitness in generation (Train): -5.78 | Mean fitness (Train): -29.37 | Mean fitness (Test): -13.93
Generation 210 | Best fitness (Train): 0.26 | Best fitness in generation (Train): -3.11 | Mean fitness (Train): -28.05 | Mean fitness (Test): -56.62
Generation 220 | Best fitness (Train): 0.26 | Best fitness in generation (Train): -5.81 | Mean fitness (Train): -40.67 | Mean fitness (Test): -23.70
Generation 230 | Best fitness (Train): 0.26 | Best fitness in generation (Train): -5.06 | Mean fitness (Train): -12.60 | Mean fitness (Test): -7.49
Generation 240 | Best fitness (Train): 0.26 | Best fitness in generation (Train): -6.80 | Mean fitness (Train): -17.67 | Mean fitness (Test): -10.73
Generation 250 | Best fitness (Train): 0.26 | Best fitness in generation (Train): -5.57 | Mean fitness (Train): -17.60 | Mean fitness (Test): -7.90
Generation 260 | Best fitness (Train): 0.26 | Best fitness in generation (Train): -9.15 | Mean fitness (Train): -45.36 | Mean fitness (Test): -38.98
Generation 270 | Best fitness (Train): 0.26 | Best fitness in generation (Train): -4.50 | Mean fitness (Train): -19.24 | Mean fitness (Test): -13.30
Generation 280 | Best fitness (Train): 0.26 | Best fitness in generation (Train): -6.75 | Mean fitness (Train): -22.80 | Mean fitness (Test): -11.75
Generation 290 | Best fitness (Train): 0.26 | Best fitness in generation (Train): -7.06 | Mean fitness (Train): -35.63 | Mean fitness (Test): -61.54
Generation 300 | Best fitness (Train): 0.26 | Best fitness in generation (Train): -6.36 | Mean fitness (Train): -36.81 | Mean fitness (Test): -87.52
Generation 310 | Best fitness (Train): 0.26 | Best fitness in generation (Train): -4.28 | Mean fitness (Train): -16.13 | Mean fitness (Test): -14.00
Generation 320 | Best fitness (Train): 0.26 | Best fitness in generation (Train): -5.66 | Mean fitness (Train): -12.83 | Mean fitness (Test): -8.67
Generation 330 | Best fitness (Train): 0.26 | Best fitness in generation (Train): -5.27 | Mean fitness (Train): -35.23 | Mean fitness (Test): -30.36
Generation 340 | Best fitness (Train): 0.26 | Best fitness in generation (Train): -4.92 | Mean fitness (Train): -18.38 | Mean fitness (Test): -9.12
Generation 350 | Best fitness (Train): 0.26 | Best fitness in generation (Train): -6.09 | Mean fitness (Train): -24.52 | Mean fitness (Test): -10.42
Generation 360 | Best fitness (Train): 3.33 | Best fitness in generation (Train): -4.89 | Mean fitness (Train): -23.56 | Mean fitness (Test): -7.62
Generation 370 | Best fitness (Train): 3.33 | Best fitness in generation (Train): -5.18 | Mean fitness (Train): -29.63 | Mean fitness (Test): -91.82
Generation 380 | Best fitness (Train): 3.33 | Best fitness in generation (Train): -5.24 | Mean fitness (Train): -26.31 | Mean fitness (Test): -13.75
Generation 390 | Best fitness (Train): 3.33 | Best fitness in generation (Train): -4.55 | Mean fitness (Train): -9.98 | Mean fitness (Test): -5.34
Generation 400 | Best fitness (Train): 3.33 | Best fitness in generation (Train): -5.04 | Mean fitness (Train): -13.42 | Mean fitness (Test): -8.82
Generation 410 | Best fitness (Train): 3.33 | Best fitness in generation (Train): -4.90 | Mean fitness (Train): -21.97 | Mean fitness (Test): -7.20
Generation 420 | Best fitness (Train): 3.33 | Best fitness in generation (Train): -4.84 | Mean fitness (Train): -17.83 | Mean fitness (Test): -9.12
Generation 430 | Best fitness (Train): 3.33 | Best fitness in generation (Train): -4.01 | Mean fitness (Train): -21.06 | Mean fitness (Test): -14.70
Generation 440 | Best fitness (Train): 3.33 | Best fitness in generation (Train): -6.53 | Mean fitness (Train): -25.79 | Mean fitness (Test): -10.65
Generation 450 | Best fitness (Train): 3.33 | Best fitness in generation (Train): -5.54 | Mean fitness (Train): -29.74 | Mean fitness (Test): -54.28
Generation 460 | Best fitness (Train): 3.33 | Best fitness in generation (Train): -6.62 | Mean fitness (Train): -19.04 | Mean fitness (Test): -8.67
Generation 470 | Best fitness (Train): 3.33 | Best fitness in generation (Train): -4.92 | Mean fitness (Train): -22.50 | Mean fitness (Test): -6.68
Generation 480 | Best fitness (Train): 3.33 | Best fitness in generation (Train): -3.03 | Mean fitness (Train): -27.50 | Mean fitness (Test): -12.90
Generation 490 | Best fitness (Train): 3.33 | Best fitness in generation (Train): -5.10 | Mean fitness (Train): -17.02 | Mean fitness (Test): -7.71
Generation 500 | Best fitness (Train): 3.33 | Best fitness in generation (Train): -5.11 | Mean fitness (Train): -13.04 | Mean fitness (Test): -6.12
Generation 510 | Best fitness (Train): 3.33 | Best fitness in generation (Train): -4.37 | Mean fitness (Train): -17.85 | Mean fitness (Test): -10.61
Generation 520 | Best fitness (Train): 3.33 | Best fitness in generation (Train): -4.47 | Mean fitness (Train): -12.55 | Mean fitness (Test): -5.10
Generation 530 | Best fitness (Train): 3.33 | Best fitness in generation (Train): -6.59 | Mean fitness (Train): -38.27 | Mean fitness (Test): -9.23
Generation 540 | Best fitness (Train): 3.33 | Best fitness in generation (Train): -6.24 | Mean fitness (Train): -16.32 | Mean fitness (Test): -8.57
Generation 550 | Best fitness (Train): 3.33 | Best fitness in generation (Train): -6.45 | Mean fitness (Train): -26.78 | Mean fitness (Test): -55.92
Generation 560 | Best fitness (Train): 3.33 | Best fitness in generation (Train): -5.44 | Mean fitness (Train): -24.81 | Mean fitness (Test): -27.46
Generation 570 | Best fitness (Train): 3.33 | Best fitness in generation (Train): -6.66 | Mean fitness (Train): -17.70 | Mean fitness (Test): -22.27
Generation 580 | Best fitness (Train): 3.33 | Best fitness in generation (Train): -7.25 | Mean fitness (Train): -14.58 | Mean fitness (Test): -12.77
Generation 590 | Best fitness (Train): 3.33 | Best fitness in generation (Train): -7.12 | Mean fitness (Train): -24.57 | Mean fitness (Test): -18.50
Generation 600 | Best fitness (Train): 3.33 | Best fitness in generation (Train): -5.67 | Mean fitness (Train): -14.19 | Mean fitness (Test): -9.30
Generation 610 | Best fitness (Train): 3.33 | Best fitness in generation (Train): -5.44 | Mean fitness (Train): -11.65 | Mean fitness (Test): -8.67
Generation 620 | Best fitness (Train): 3.33 | Best fitness in generation (Train): -6.38 | Mean fitness (Train): -54.04 | Mean fitness (Test): -13.25
Generation 630 | Best fitness (Train): 3.33 | Best fitness in generation (Train): -5.98 | Mean fitness (Train): -24.08 | Mean fitness (Test): -20.18
Generation 640 | Best fitness (Train): 3.33 | Best fitness in generation (Train): -6.14 | Mean fitness (Train): -11.38 | Mean fitness (Test): -7.83
Generation 650 | Best fitness (Train): 3.33 | Best fitness in generation (Train): -4.54 | Mean fitness (Train): -16.15 | Mean fitness (Test): -5.78
Generation 660 | Best fitness (Train): 3.33 | Best fitness in generation (Train): -3.76 | Mean fitness (Train): -24.81 | Mean fitness (Test): -5.52
Generation 670 | Best fitness (Train): 3.33 | Best fitness in generation (Train): -6.24 | Mean fitness (Train): -27.51 | Mean fitness (Test): -8.94
Generation 680 | Best fitness (Train): 3.33 | Best fitness in generation (Train): -5.56 | Mean fitness (Train): -15.14 | Mean fitness (Test): -6.16
Generation 690 | Best fitness (Train): 3.33 | Best fitness in generation (Train): -3.25 | Mean fitness (Train): -16.98 | Mean fitness (Test): -11.73
Generation 700 | Best fitness (Train): 3.33 | Best fitness in generation (Train): -4.38 | Mean fitness (Train): -12.54 | Mean fitness (Test): -9.63
Generation 710 | Best fitness (Train): 3.33 | Best fitness in generation (Train): -5.68 | Mean fitness (Train): -18.97 | Mean fitness (Test): -7.39
Generation 720 | Best fitness (Train): 3.33 | Best fitness in generation (Train): -5.91 | Mean fitness (Train): -11.31 | Mean fitness (Test): -6.61
Generation 730 | Best fitness (Train): 3.33 | Best fitness in generation (Train): -4.59 | Mean fitness (Train): -13.40 | Mean fitness (Test): -12.52
Generation 740 | Best fitness (Train): 3.33 | Best fitness in generation (Train): -3.49 | Mean fitness (Train): -32.08 | Mean fitness (Test): -8.60
Generation 750 | Best fitness (Train): 3.33 | Best fitness in generation (Train): -4.25 | Mean fitness (Train): -14.89 | Mean fitness (Test): -6.49
Generation 760 | Best fitness (Train): 3.33 | Best fitness in generation (Train): -5.82 | Mean fitness (Train): -29.44 | Mean fitness (Test): -7.42
Generation 770 | Best fitness (Train): 3.33 | Best fitness in generation (Train): -3.81 | Mean fitness (Train): -10.89 | Mean fitness (Test): -7.45
Generation 780 | Best fitness (Train): 3.33 | Best fitness in generation (Train): -5.71 | Mean fitness (Train): -21.62 | Mean fitness (Test): -10.42
Generation 790 | Best fitness (Train): 3.33 | Best fitness in generation (Train): -5.10 | Mean fitness (Train): -18.00 | Mean fitness (Test): -13.18
Generation 800 | Best fitness (Train): 3.33 | Best fitness in generation (Train): -8.39 | Mean fitness (Train): -11.66 | Mean fitness (Test): -10.11
Generation 810 | Best fitness (Train): 3.33 | Best fitness in generation (Train): -6.58 | Mean fitness (Train): -11.21 | Mean fitness (Test): -7.97
Generation 820 | Best fitness (Train): 3.33 | Best fitness in generation (Train): -5.25 | Mean fitness (Train): -27.25 | Mean fitness (Test): -7.50
Generation 830 | Best fitness (Train): 3.33 | Best fitness in generation (Train): -5.46 | Mean fitness (Train): -14.12 | Mean fitness (Test): -12.04
Generation 840 | Best fitness (Train): 3.33 | Best fitness in generation (Train): -4.16 | Mean fitness (Train): -17.86 | Mean fitness (Test): -6.87
Generation 850 | Best fitness (Train): 3.33 | Best fitness in generation (Train): -4.02 | Mean fitness (Train): -15.19 | Mean fitness (Test): -5.36
Generation 860 | Best fitness (Train): 3.33 | Best fitness in generation (Train): -6.14 | Mean fitness (Train): -16.36 | Mean fitness (Test): -9.95
Generation 870 | Best fitness (Train): 3.33 | Best fitness in generation (Train): -5.56 | Mean fitness (Train): -10.37 | Mean fitness (Test): -7.82
Generation 880 | Best fitness (Train): 3.33 | Best fitness in generation (Train): -6.42 | Mean fitness (Train): -13.13 | Mean fitness (Test): -7.83
Generation 890 | Best fitness (Train): 3.33 | Best fitness in generation (Train): -4.33 | Mean fitness (Train): -14.60 | Mean fitness (Test): -5.39
Generation 900 | Best fitness (Train): 3.33 | Best fitness in generation (Train): -4.67 | Mean fitness (Train): -12.47 | Mean fitness (Test): -9.98
Generation 910 | Best fitness (Train): 3.33 | Best fitness in generation (Train): -4.58 | Mean fitness (Train): -10.20 | Mean fitness (Test): -9.81
Generation 920 | Best fitness (Train): 3.33 | Best fitness in generation (Train): -4.19 | Mean fitness (Train): -32.05 | Mean fitness (Test): -5.51
Generation 930 | Best fitness (Train): 3.33 | Best fitness in generation (Train): -5.60 | Mean fitness (Train): -20.14 | Mean fitness (Test): -6.81
Generation 940 | Best fitness (Train): 3.33 | Best fitness in generation (Train): -4.84 | Mean fitness (Train): -12.13 | Mean fitness (Test): -12.09
Generation 950 | Best fitness (Train): 3.33 | Best fitness in generation (Train): -5.75 | Mean fitness (Train): -10.05 | Mean fitness (Test): -8.77
Generation 960 | Best fitness (Train): 3.33 | Best fitness in generation (Train): -7.59 | Mean fitness (Train): -12.66 | Mean fitness (Test): -11.85
Generation 970 | Best fitness (Train): 3.33 | Best fitness in generation (Train): -7.71 | Mean fitness (Train): -11.05 | Mean fitness (Test): -7.61
Generation 980 | Best fitness (Train): 3.33 | Best fitness in generation (Train): -6.24 | Mean fitness (Train): -11.53 | Mean fitness (Test): -10.51
Generation 990 | Best fitness (Train): 3.33 | Best fitness in generation (Train): -4.92 | Mean fitness (Train): -16.03 | Mean fitness (Test): -5.61
Generation 1000 | Best fitness (Train): 3.33 | Best fitness in generation (Train): -5.60 | Mean fitness (Train): -11.40 | Mean fitness (Test): -8.80
running the experiment ... [../../results/BraxProblem/ant/DiscoveredES/4]
Generation 010 | Best fitness (Train): -5.09 | Best fitness in generation (Train): -6.47 | Mean fitness (Train): -54.36 | Mean fitness (Test): -1.36
Generation 020 | Best fitness (Train): -3.89 | Best fitness in generation (Train): -6.02 | Mean fitness (Train): -44.58 | Mean fitness (Test): -87.00
Generation 030 | Best fitness (Train): -3.89 | Best fitness in generation (Train): -8.04 | Mean fitness (Train): -51.22 | Mean fitness (Test): -10.98
Generation 040 | Best fitness (Train): -3.89 | Best fitness in generation (Train): -5.52 | Mean fitness (Train): -43.86 | Mean fitness (Test): -34.91
Generation 050 | Best fitness (Train): -3.89 | Best fitness in generation (Train): -4.87 | Mean fitness (Train): -50.30 | Mean fitness (Test): -10.37
Generation 060 | Best fitness (Train): -3.89 | Best fitness in generation (Train): -5.72 | Mean fitness (Train): -50.70 | Mean fitness (Test): -14.77
Generation 070 | Best fitness (Train): -3.89 | Best fitness in generation (Train): -7.97 | Mean fitness (Train): -32.76 | Mean fitness (Test): -11.23
Generation 080 | Best fitness (Train): -3.89 | Best fitness in generation (Train): -5.99 | Mean fitness (Train): -41.34 | Mean fitness (Test): -28.99
Generation 090 | Best fitness (Train): -3.89 | Best fitness in generation (Train): -6.83 | Mean fitness (Train): -37.90 | Mean fitness (Test): -25.09
Generation 100 | Best fitness (Train): 2.11 | Best fitness in generation (Train): -5.47 | Mean fitness (Train): -21.23 | Mean fitness (Test): -7.77
Generation 110 | Best fitness (Train): 2.11 | Best fitness in generation (Train): -5.08 | Mean fitness (Train): -24.11 | Mean fitness (Test): -8.07
Generation 120 | Best fitness (Train): 2.11 | Best fitness in generation (Train): -6.19 | Mean fitness (Train): -25.85 | Mean fitness (Test): -8.66
Generation 130 | Best fitness (Train): 2.11 | Best fitness in generation (Train): -7.60 | Mean fitness (Train): -25.48 | Mean fitness (Test): -13.20
Generation 140 | Best fitness (Train): 2.11 | Best fitness in generation (Train): -6.34 | Mean fitness (Train): -17.15 | Mean fitness (Test): -11.98
Generation 150 | Best fitness (Train): 2.11 | Best fitness in generation (Train): -5.37 | Mean fitness (Train): -33.65 | Mean fitness (Test): -27.80
Generation 160 | Best fitness (Train): 2.11 | Best fitness in generation (Train): -5.99 | Mean fitness (Train): -29.15 | Mean fitness (Test): -8.73
Generation 170 | Best fitness (Train): 2.11 | Best fitness in generation (Train): -6.45 | Mean fitness (Train): -17.22 | Mean fitness (Test): -10.26
Generation 180 | Best fitness (Train): 2.11 | Best fitness in generation (Train): -6.91 | Mean fitness (Train): -13.00 | Mean fitness (Test): -11.06
Generation 190 | Best fitness (Train): 2.11 | Best fitness in generation (Train): -4.89 | Mean fitness (Train): -23.69 | Mean fitness (Test): -24.45
Generation 200 | Best fitness (Train): 2.11 | Best fitness in generation (Train): -5.77 | Mean fitness (Train): -21.70 | Mean fitness (Test): -8.48
Generation 210 | Best fitness (Train): 2.11 | Best fitness in generation (Train): -5.01 | Mean fitness (Train): -12.23 | Mean fitness (Test): -8.93
Generation 220 | Best fitness (Train): 2.11 | Best fitness in generation (Train): -2.15 | Mean fitness (Train): -25.05 | Mean fitness (Test): -19.35
Generation 230 | Best fitness (Train): 2.11 | Best fitness in generation (Train): -6.02 | Mean fitness (Train): -21.39 | Mean fitness (Test): -12.63
Generation 240 | Best fitness (Train): 2.11 | Best fitness in generation (Train): -6.22 | Mean fitness (Train): -21.41 | Mean fitness (Test): -21.46
Generation 250 | Best fitness (Train): 2.11 | Best fitness in generation (Train): -3.48 | Mean fitness (Train): -17.03 | Mean fitness (Test): -5.30
Generation 260 | Best fitness (Train): 2.11 | Best fitness in generation (Train): -4.29 | Mean fitness (Train): -19.44 | Mean fitness (Test): -12.33
Generation 270 | Best fitness (Train): 2.11 | Best fitness in generation (Train): -4.98 | Mean fitness (Train): -35.32 | Mean fitness (Test): -12.05
Generation 280 | Best fitness (Train): 2.11 | Best fitness in generation (Train): -6.10 | Mean fitness (Train): -21.97 | Mean fitness (Test): -11.33
Generation 290 | Best fitness (Train): 2.11 | Best fitness in generation (Train): -3.51 | Mean fitness (Train): -19.88 | Mean fitness (Test): -5.37
Generation 300 | Best fitness (Train): 2.11 | Best fitness in generation (Train): -4.99 | Mean fitness (Train): -21.14 | Mean fitness (Test): -8.37
Generation 310 | Best fitness (Train): 2.11 | Best fitness in generation (Train): -4.47 | Mean fitness (Train): -29.13 | Mean fitness (Test): -14.79
Generation 320 | Best fitness (Train): 2.11 | Best fitness in generation (Train): -5.02 | Mean fitness (Train): -29.45 | Mean fitness (Test): -15.96
Generation 330 | Best fitness (Train): 2.11 | Best fitness in generation (Train): -6.96 | Mean fitness (Train): -20.29 | Mean fitness (Test): -14.78
Generation 340 | Best fitness (Train): 2.11 | Best fitness in generation (Train): -6.02 | Mean fitness (Train): -19.41 | Mean fitness (Test): -47.27
Generation 350 | Best fitness (Train): 2.11 | Best fitness in generation (Train): -5.44 | Mean fitness (Train): -38.09 | Mean fitness (Test): -46.00
Generation 360 | Best fitness (Train): 2.11 | Best fitness in generation (Train): -5.84 | Mean fitness (Train): -17.38 | Mean fitness (Test): -12.48
Generation 370 | Best fitness (Train): 2.11 | Best fitness in generation (Train): -5.65 | Mean fitness (Train): -25.81 | Mean fitness (Test): -8.98
Generation 380 | Best fitness (Train): 2.11 | Best fitness in generation (Train): -2.34 | Mean fitness (Train): -19.96 | Mean fitness (Test): -17.81
Generation 390 | Best fitness (Train): 2.11 | Best fitness in generation (Train): -4.92 | Mean fitness (Train): -19.77 | Mean fitness (Test): -7.58
Generation 400 | Best fitness (Train): 2.11 | Best fitness in generation (Train): -7.52 | Mean fitness (Train): -17.90 | Mean fitness (Test): -8.03
Generation 410 | Best fitness (Train): 2.11 | Best fitness in generation (Train): -4.37 | Mean fitness (Train): -33.76 | Mean fitness (Test): -155.79
Generation 420 | Best fitness (Train): 2.11 | Best fitness in generation (Train): -4.85 | Mean fitness (Train): -27.63 | Mean fitness (Test): -5.74
Generation 430 | Best fitness (Train): 2.11 | Best fitness in generation (Train): -5.65 | Mean fitness (Train): -15.54 | Mean fitness (Test): -12.07
Generation 440 | Best fitness (Train): 2.11 | Best fitness in generation (Train): -4.79 | Mean fitness (Train): -27.58 | Mean fitness (Test): -11.90
Generation 450 | Best fitness (Train): 2.11 | Best fitness in generation (Train): -2.92 | Mean fitness (Train): -14.73 | Mean fitness (Test): -9.04
Generation 460 | Best fitness (Train): 2.11 | Best fitness in generation (Train): -6.72 | Mean fitness (Train): -42.77 | Mean fitness (Test): -24.01
Generation 470 | Best fitness (Train): 2.11 | Best fitness in generation (Train): -5.37 | Mean fitness (Train): -24.63 | Mean fitness (Test): -9.99
Generation 480 | Best fitness (Train): 2.11 | Best fitness in generation (Train): -5.05 | Mean fitness (Train): -23.01 | Mean fitness (Test): -10.19
Generation 490 | Best fitness (Train): 2.11 | Best fitness in generation (Train): -5.16 | Mean fitness (Train): -17.27 | Mean fitness (Test): -6.44
Generation 500 | Best fitness (Train): 2.11 | Best fitness in generation (Train): -5.02 | Mean fitness (Train): -24.42 | Mean fitness (Test): -19.89
Generation 510 | Best fitness (Train): 2.11 | Best fitness in generation (Train): -5.68 | Mean fitness (Train): -12.28 | Mean fitness (Test): -10.89
Generation 520 | Best fitness (Train): 2.11 | Best fitness in generation (Train): -5.40 | Mean fitness (Train): -34.48 | Mean fitness (Test): -7.85
Generation 530 | Best fitness (Train): 2.11 | Best fitness in generation (Train): -6.05 | Mean fitness (Train): -52.32 | Mean fitness (Test): -7.70
Generation 540 | Best fitness (Train): 2.11 | Best fitness in generation (Train): -6.01 | Mean fitness (Train): -9.70 | Mean fitness (Test): -7.15
Generation 550 | Best fitness (Train): 2.11 | Best fitness in generation (Train): -5.70 | Mean fitness (Train): -19.82 | Mean fitness (Test): -6.61
Generation 560 | Best fitness (Train): 2.11 | Best fitness in generation (Train): -3.99 | Mean fitness (Train): -13.77 | Mean fitness (Test): -9.11
Generation 570 | Best fitness (Train): 2.11 | Best fitness in generation (Train): -6.25 | Mean fitness (Train): -11.07 | Mean fitness (Test): -11.68
Generation 580 | Best fitness (Train): 2.11 | Best fitness in generation (Train): -4.66 | Mean fitness (Train): -31.15 | Mean fitness (Test): -35.11
Generation 590 | Best fitness (Train): 2.11 | Best fitness in generation (Train): -5.20 | Mean fitness (Train): -30.75 | Mean fitness (Test): -13.20
Generation 600 | Best fitness (Train): 2.11 | Best fitness in generation (Train): -5.09 | Mean fitness (Train): -17.49 | Mean fitness (Test): -12.22
Generation 610 | Best fitness (Train): 2.11 | Best fitness in generation (Train): -6.59 | Mean fitness (Train): -25.20 | Mean fitness (Test): -64.44
Generation 620 | Best fitness (Train): 2.11 | Best fitness in generation (Train): -4.54 | Mean fitness (Train): -13.08 | Mean fitness (Test): -9.94
Generation 630 | Best fitness (Train): 2.11 | Best fitness in generation (Train): -4.81 | Mean fitness (Train): -25.78 | Mean fitness (Test): -14.77
Generation 640 | Best fitness (Train): 2.11 | Best fitness in generation (Train): -4.72 | Mean fitness (Train): -19.44 | Mean fitness (Test): -6.30
Generation 650 | Best fitness (Train): 2.11 | Best fitness in generation (Train): -3.87 | Mean fitness (Train): -10.74 | Mean fitness (Test): -6.71
Generation 660 | Best fitness (Train): 2.11 | Best fitness in generation (Train): -5.35 | Mean fitness (Train): -21.82 | Mean fitness (Test): -10.65
Generation 670 | Best fitness (Train): 2.11 | Best fitness in generation (Train): -4.92 | Mean fitness (Train): -13.36 | Mean fitness (Test): -6.58
Generation 680 | Best fitness (Train): 2.11 | Best fitness in generation (Train): -5.29 | Mean fitness (Train): -10.69 | Mean fitness (Test): -7.67
Generation 690 | Best fitness (Train): 2.11 | Best fitness in generation (Train): -5.19 | Mean fitness (Train): -22.47 | Mean fitness (Test): -6.06
Generation 700 | Best fitness (Train): 2.11 | Best fitness in generation (Train): -5.42 | Mean fitness (Train): -18.05 | Mean fitness (Test): -6.71
Generation 710 | Best fitness (Train): 2.11 | Best fitness in generation (Train): -3.68 | Mean fitness (Train): -13.44 | Mean fitness (Test): -6.04
Generation 720 | Best fitness (Train): 2.11 | Best fitness in generation (Train): -7.02 | Mean fitness (Train): -34.06 | Mean fitness (Test): -9.82
Generation 730 | Best fitness (Train): 2.11 | Best fitness in generation (Train): -4.21 | Mean fitness (Train): -17.56 | Mean fitness (Test): -13.54
Generation 740 | Best fitness (Train): 2.11 | Best fitness in generation (Train): -6.20 | Mean fitness (Train): -42.92 | Mean fitness (Test): -82.46
Generation 750 | Best fitness (Train): 2.11 | Best fitness in generation (Train): -4.50 | Mean fitness (Train): -11.35 | Mean fitness (Test): -6.30
Generation 760 | Best fitness (Train): 2.11 | Best fitness in generation (Train): -4.32 | Mean fitness (Train): -30.71 | Mean fitness (Test): -9.06
Generation 770 | Best fitness (Train): 2.11 | Best fitness in generation (Train): -6.02 | Mean fitness (Train): -36.60 | Mean fitness (Test): -26.40
Generation 780 | Best fitness (Train): 2.11 | Best fitness in generation (Train): -3.79 | Mean fitness (Train): -17.51 | Mean fitness (Test): -5.16
Generation 790 | Best fitness (Train): 2.11 | Best fitness in generation (Train): -7.50 | Mean fitness (Train): -13.70 | Mean fitness (Test): -10.83
Generation 800 | Best fitness (Train): 2.11 | Best fitness in generation (Train): -4.89 | Mean fitness (Train): -19.83 | Mean fitness (Test): -10.92
Generation 810 | Best fitness (Train): 2.11 | Best fitness in generation (Train): -3.86 | Mean fitness (Train): -19.46 | Mean fitness (Test): -9.56
Generation 820 | Best fitness (Train): 2.11 | Best fitness in generation (Train): -6.28 | Mean fitness (Train): -9.64 | Mean fitness (Test): -7.62
Generation 830 | Best fitness (Train): 2.11 | Best fitness in generation (Train): -4.24 | Mean fitness (Train): -41.63 | Mean fitness (Test): -86.45
Generation 840 | Best fitness (Train): 2.11 | Best fitness in generation (Train): -6.81 | Mean fitness (Train): -20.43 | Mean fitness (Test): -48.06
Generation 850 | Best fitness (Train): 2.11 | Best fitness in generation (Train): -6.63 | Mean fitness (Train): -25.06 | Mean fitness (Test): -121.25
Generation 860 | Best fitness (Train): 2.11 | Best fitness in generation (Train): -5.91 | Mean fitness (Train): -12.61 | Mean fitness (Test): -9.92
Generation 870 | Best fitness (Train): 2.11 | Best fitness in generation (Train): -4.88 | Mean fitness (Train): -16.80 | Mean fitness (Test): -11.32
Generation 880 | Best fitness (Train): 2.11 | Best fitness in generation (Train): -4.51 | Mean fitness (Train): -41.45 | Mean fitness (Test): -6.14
Generation 890 | Best fitness (Train): 2.11 | Best fitness in generation (Train): -4.71 | Mean fitness (Train): -15.84 | Mean fitness (Test): -21.78
Generation 900 | Best fitness (Train): 2.11 | Best fitness in generation (Train): -6.16 | Mean fitness (Train): -46.08 | Mean fitness (Test): -73.35
Generation 910 | Best fitness (Train): 2.11 | Best fitness in generation (Train): -5.43 | Mean fitness (Train): -10.62 | Mean fitness (Test): -9.84
Generation 920 | Best fitness (Train): 2.11 | Best fitness in generation (Train): -4.60 | Mean fitness (Train): -12.35 | Mean fitness (Test): -7.60
Generation 930 | Best fitness (Train): 2.11 | Best fitness in generation (Train): -5.85 | Mean fitness (Train): -30.22 | Mean fitness (Test): -75.92
Generation 940 | Best fitness (Train): 2.11 | Best fitness in generation (Train): -5.66 | Mean fitness (Train): -12.71 | Mean fitness (Test): -8.17
Generation 950 | Best fitness (Train): 2.11 | Best fitness in generation (Train): -4.20 | Mean fitness (Train): -16.55 | Mean fitness (Test): -15.76
Generation 960 | Best fitness (Train): 2.11 | Best fitness in generation (Train): -4.81 | Mean fitness (Train): -16.77 | Mean fitness (Test): -12.27
Generation 970 | Best fitness (Train): 2.11 | Best fitness in generation (Train): -4.05 | Mean fitness (Train): -16.48 | Mean fitness (Test): -6.46
Generation 980 | Best fitness (Train): 2.11 | Best fitness in generation (Train): -5.50 | Mean fitness (Train): -21.67 | Mean fitness (Test): -9.34
Generation 990 | Best fitness (Train): 2.11 | Best fitness in generation (Train): -6.68 | Mean fitness (Train): -14.14 | Mean fitness (Test): -9.20
Generation 1000 | Best fitness (Train): 2.11 | Best fitness in generation (Train): -5.04 | Mean fitness (Train): -13.22 | Mean fitness (Test): -9.99
Running ES algorithms:   0%|                                                             | 0/1 [00:00<?, ?it/s][A
Running ES algorithms: 100%|███████████████████████████████████████████████| 1/1 [20:33:10<00:00, 73990.55s/it][ARunning ES algorithms: 100%|███████████████████████████████████████████████| 1/1 [20:33:10<00:00, 73990.55s/it]
Successfully loaded: fast
Loading Problems ..:   8%|███▋                                        | 1/12 [20:33:43<226:10:59, 74023.56s/it]
running the experiment ... [../../results/BraxProblem/fast/DiscoveredES/0]
Generation 010 | Best fitness (Train): 66867.05 | Best fitness in generation (Train): 66867.05 | Mean fitness (Train): 33068.37 | Mean fitness (Test): 66867.05
Generation 020 | Best fitness (Train): 66867.05 | Best fitness in generation (Train): 66867.05 | Mean fitness (Train): 51283.97 | Mean fitness (Test): 66867.05
Generation 030 | Best fitness (Train): 66867.05 | Best fitness in generation (Train): 66867.05 | Mean fitness (Train): 61259.41 | Mean fitness (Test): 66867.05
Generation 040 | Best fitness (Train): 66867.05 | Best fitness in generation (Train): 66867.05 | Mean fitness (Train): 66867.05 | Mean fitness (Test): 66867.05
Generation 050 | Best fitness (Train): 66867.05 | Best fitness in generation (Train): 66867.05 | Mean fitness (Train): 66867.05 | Mean fitness (Test): 66867.05
Generation 060 | Best fitness (Train): 66867.05 | Best fitness in generation (Train): 66867.05 | Mean fitness (Train): 66867.05 | Mean fitness (Test): 66867.05
Generation 070 | Best fitness (Train): 66867.05 | Best fitness in generation (Train): 66867.05 | Mean fitness (Train): 66867.05 | Mean fitness (Test): 66867.05
Generation 080 | Best fitness (Train): 66867.05 | Best fitness in generation (Train): 66867.05 | Mean fitness (Train): 66867.05 | Mean fitness (Test): 66867.05
Generation 090 | Best fitness (Train): 66867.05 | Best fitness in generation (Train): 66867.05 | Mean fitness (Train): 66867.05 | Mean fitness (Test): 66867.05
Generation 100 | Best fitness (Train): 66867.05 | Best fitness in generation (Train): 66867.05 | Mean fitness (Train): 66867.05 | Mean fitness (Test): 66867.05
Generation 110 | Best fitness (Train): 66867.05 | Best fitness in generation (Train): 66867.05 | Mean fitness (Train): 66867.05 | Mean fitness (Test): 66867.05
Generation 120 | Best fitness (Train): 66867.05 | Best fitness in generation (Train): 66867.05 | Mean fitness (Train): 66867.05 | Mean fitness (Test): 66867.05
Generation 130 | Best fitness (Train): 66867.05 | Best fitness in generation (Train): 66867.05 | Mean fitness (Train): 66867.05 | Mean fitness (Test): 66867.05
Generation 140 | Best fitness (Train): 66867.05 | Best fitness in generation (Train): 66867.05 | Mean fitness (Train): 66867.05 | Mean fitness (Test): 66867.05
Generation 150 | Best fitness (Train): 66867.05 | Best fitness in generation (Train): 66867.05 | Mean fitness (Train): 66867.05 | Mean fitness (Test): 66867.05
Generation 160 | Best fitness (Train): 66867.05 | Best fitness in generation (Train): 66867.05 | Mean fitness (Train): 66867.05 | Mean fitness (Test): 66867.05
Generation 170 | Best fitness (Train): 66867.05 | Best fitness in generation (Train): 66867.05 | Mean fitness (Train): 66867.05 | Mean fitness (Test): 66867.05
Generation 180 | Best fitness (Train): 66867.05 | Best fitness in generation (Train): 66867.05 | Mean fitness (Train): 66867.05 | Mean fitness (Test): 66867.05
Generation 190 | Best fitness (Train): 66867.05 | Best fitness in generation (Train): 66867.05 | Mean fitness (Train): 66867.05 | Mean fitness (Test): 66867.05
Generation 200 | Best fitness (Train): 66867.05 | Best fitness in generation (Train): 66867.05 | Mean fitness (Train): 66867.05 | Mean fitness (Test): 66867.05
Generation 210 | Best fitness (Train): 66867.05 | Best fitness in generation (Train): 66867.05 | Mean fitness (Train): 66867.05 | Mean fitness (Test): 66867.05
Generation 220 | Best fitness (Train): 66867.05 | Best fitness in generation (Train): 66867.05 | Mean fitness (Train): 66867.05 | Mean fitness (Test): 66867.05
Generation 230 | Best fitness (Train): 66867.05 | Best fitness in generation (Train): 66867.05 | Mean fitness (Train): 66867.05 | Mean fitness (Test): 66867.05
Generation 240 | Best fitness (Train): 66867.05 | Best fitness in generation (Train): 66867.05 | Mean fitness (Train): 66867.05 | Mean fitness (Test): 66867.05
Generation 250 | Best fitness (Train): 66867.05 | Best fitness in generation (Train): 66867.05 | Mean fitness (Train): 66867.05 | Mean fitness (Test): 66867.05
Generation 260 | Best fitness (Train): 66867.05 | Best fitness in generation (Train): 66867.05 | Mean fitness (Train): 66867.05 | Mean fitness (Test): 66867.05
Generation 270 | Best fitness (Train): 66867.05 | Best fitness in generation (Train): 66867.05 | Mean fitness (Train): 66867.05 | Mean fitness (Test): 66867.05
Generation 280 | Best fitness (Train): 66867.05 | Best fitness in generation (Train): 66867.05 | Mean fitness (Train): 66867.05 | Mean fitness (Test): 66867.05
Generation 290 | Best fitness (Train): 66867.05 | Best fitness in generation (Train): 66867.05 | Mean fitness (Train): 66867.05 | Mean fitness (Test): 66867.05
Generation 300 | Best fitness (Train): 66867.05 | Best fitness in generation (Train): 66867.05 | Mean fitness (Train): 66867.05 | Mean fitness (Test): 66867.05
Generation 310 | Best fitness (Train): 66867.05 | Best fitness in generation (Train): 66867.05 | Mean fitness (Train): 66867.05 | Mean fitness (Test): 66867.05
Generation 320 | Best fitness (Train): 66867.05 | Best fitness in generation (Train): 66867.05 | Mean fitness (Train): 66867.05 | Mean fitness (Test): 66867.05
Generation 330 | Best fitness (Train): 66867.05 | Best fitness in generation (Train): 66867.05 | Mean fitness (Train): 66867.05 | Mean fitness (Test): 66867.05
Generation 340 | Best fitness (Train): 66867.05 | Best fitness in generation (Train): 66867.05 | Mean fitness (Train): 66867.05 | Mean fitness (Test): 66867.05
Generation 350 | Best fitness (Train): 66867.05 | Best fitness in generation (Train): 66867.05 | Mean fitness (Train): 66867.05 | Mean fitness (Test): 66867.05
Generation 360 | Best fitness (Train): 66867.05 | Best fitness in generation (Train): 66867.05 | Mean fitness (Train): 66867.05 | Mean fitness (Test): 66867.05
Generation 370 | Best fitness (Train): 66867.05 | Best fitness in generation (Train): 66867.05 | Mean fitness (Train): 66867.05 | Mean fitness (Test): 66867.05
Generation 380 | Best fitness (Train): 66867.05 | Best fitness in generation (Train): 66867.05 | Mean fitness (Train): 66867.05 | Mean fitness (Test): 66867.05
Generation 390 | Best fitness (Train): 66867.05 | Best fitness in generation (Train): 66867.05 | Mean fitness (Train): 66867.05 | Mean fitness (Test): 66867.05
Generation 400 | Best fitness (Train): 66867.05 | Best fitness in generation (Train): 66867.05 | Mean fitness (Train): 66867.05 | Mean fitness (Test): 66867.05
Generation 410 | Best fitness (Train): 66867.05 | Best fitness in generation (Train): 66867.05 | Mean fitness (Train): 66867.05 | Mean fitness (Test): 66867.05
Generation 420 | Best fitness (Train): 66867.05 | Best fitness in generation (Train): 66867.05 | Mean fitness (Train): 66867.05 | Mean fitness (Test): 66867.05
Generation 430 | Best fitness (Train): 66867.05 | Best fitness in generation (Train): 66867.05 | Mean fitness (Train): 66867.05 | Mean fitness (Test): 66867.05
Generation 440 | Best fitness (Train): 66867.05 | Best fitness in generation (Train): 66867.05 | Mean fitness (Train): 66867.05 | Mean fitness (Test): 66867.05
Generation 450 | Best fitness (Train): 66867.05 | Best fitness in generation (Train): 66867.05 | Mean fitness (Train): 66867.05 | Mean fitness (Test): 66867.05
Generation 460 | Best fitness (Train): 66867.05 | Best fitness in generation (Train): 66867.05 | Mean fitness (Train): 66867.05 | Mean fitness (Test): 66867.05
Generation 470 | Best fitness (Train): 66867.05 | Best fitness in generation (Train): 66867.05 | Mean fitness (Train): 66867.05 | Mean fitness (Test): 66867.05
Generation 480 | Best fitness (Train): 66867.05 | Best fitness in generation (Train): 66867.05 | Mean fitness (Train): 66867.05 | Mean fitness (Test): 66867.05
Generation 490 | Best fitness (Train): 66867.05 | Best fitness in generation (Train): 66867.05 | Mean fitness (Train): 66867.05 | Mean fitness (Test): 66867.05
Generation 500 | Best fitness (Train): 66867.05 | Best fitness in generation (Train): 66867.05 | Mean fitness (Train): 66867.05 | Mean fitness (Test): 66867.05
Generation 510 | Best fitness (Train): 66867.05 | Best fitness in generation (Train): 66867.05 | Mean fitness (Train): 66867.05 | Mean fitness (Test): 66867.05
Generation 520 | Best fitness (Train): 66867.05 | Best fitness in generation (Train): 66867.05 | Mean fitness (Train): 66867.05 | Mean fitness (Test): 66867.05
Generation 530 | Best fitness (Train): 66867.05 | Best fitness in generation (Train): 66867.05 | Mean fitness (Train): 66867.05 | Mean fitness (Test): 66867.05
Generation 540 | Best fitness (Train): 66867.05 | Best fitness in generation (Train): 66867.05 | Mean fitness (Train): 66867.05 | Mean fitness (Test): 66867.05
Generation 550 | Best fitness (Train): 66867.05 | Best fitness in generation (Train): 66867.05 | Mean fitness (Train): 66867.05 | Mean fitness (Test): 66867.05
Generation 560 | Best fitness (Train): 66867.05 | Best fitness in generation (Train): 66867.05 | Mean fitness (Train): 66867.05 | Mean fitness (Test): 66867.05
Generation 570 | Best fitness (Train): 66867.05 | Best fitness in generation (Train): 66867.05 | Mean fitness (Train): 66867.05 | Mean fitness (Test): 66867.05
Generation 580 | Best fitness (Train): 66867.05 | Best fitness in generation (Train): 66867.05 | Mean fitness (Train): 66867.05 | Mean fitness (Test): 66867.05
Generation 590 | Best fitness (Train): 66867.05 | Best fitness in generation (Train): 66867.05 | Mean fitness (Train): 66867.05 | Mean fitness (Test): 66867.05
Generation 600 | Best fitness (Train): 66867.05 | Best fitness in generation (Train): 66867.05 | Mean fitness (Train): 66867.05 | Mean fitness (Test): 66867.05
Generation 610 | Best fitness (Train): 66867.05 | Best fitness in generation (Train): 66867.05 | Mean fitness (Train): 66867.05 | Mean fitness (Test): 66867.05
Generation 620 | Best fitness (Train): 66867.05 | Best fitness in generation (Train): 66867.05 | Mean fitness (Train): 66867.05 | Mean fitness (Test): 66867.05
Generation 630 | Best fitness (Train): 66867.05 | Best fitness in generation (Train): 66867.05 | Mean fitness (Train): 66867.05 | Mean fitness (Test): 66867.05
Generation 640 | Best fitness (Train): 66867.05 | Best fitness in generation (Train): 66867.05 | Mean fitness (Train): 66867.05 | Mean fitness (Test): 66867.05
Generation 650 | Best fitness (Train): 66867.05 | Best fitness in generation (Train): 66867.05 | Mean fitness (Train): 66867.05 | Mean fitness (Test): 66867.05
Generation 660 | Best fitness (Train): 66867.05 | Best fitness in generation (Train): 66867.05 | Mean fitness (Train): 66867.05 | Mean fitness (Test): 66867.05
Generation 670 | Best fitness (Train): 66867.05 | Best fitness in generation (Train): 66867.05 | Mean fitness (Train): 66867.05 | Mean fitness (Test): 66867.05
Generation 680 | Best fitness (Train): 66867.05 | Best fitness in generation (Train): 66867.05 | Mean fitness (Train): 66867.05 | Mean fitness (Test): 66867.05
Generation 690 | Best fitness (Train): 66867.05 | Best fitness in generation (Train): 66867.05 | Mean fitness (Train): 66867.05 | Mean fitness (Test): 66867.05
Generation 700 | Best fitness (Train): 66867.05 | Best fitness in generation (Train): 66867.05 | Mean fitness (Train): 66867.05 | Mean fitness (Test): 66867.05
Generation 710 | Best fitness (Train): 66867.05 | Best fitness in generation (Train): 66867.05 | Mean fitness (Train): 66867.05 | Mean fitness (Test): 66867.05
Generation 720 | Best fitness (Train): 66867.05 | Best fitness in generation (Train): 66867.05 | Mean fitness (Train): 66867.05 | Mean fitness (Test): 66867.05
Generation 730 | Best fitness (Train): 66867.05 | Best fitness in generation (Train): 66867.05 | Mean fitness (Train): 66867.05 | Mean fitness (Test): 66867.05
Generation 740 | Best fitness (Train): 66867.05 | Best fitness in generation (Train): 66867.05 | Mean fitness (Train): 66867.05 | Mean fitness (Test): 66867.05
Generation 750 | Best fitness (Train): 66867.05 | Best fitness in generation (Train): 66867.05 | Mean fitness (Train): 66867.05 | Mean fitness (Test): 66867.05
Generation 760 | Best fitness (Train): 66867.05 | Best fitness in generation (Train): 66867.05 | Mean fitness (Train): 66867.05 | Mean fitness (Test): 66867.05
Generation 770 | Best fitness (Train): 66867.05 | Best fitness in generation (Train): 66867.05 | Mean fitness (Train): 66867.05 | Mean fitness (Test): 66867.05
Generation 780 | Best fitness (Train): 66867.05 | Best fitness in generation (Train): 66867.05 | Mean fitness (Train): 66867.05 | Mean fitness (Test): 66867.05
Generation 790 | Best fitness (Train): 66867.05 | Best fitness in generation (Train): 66867.05 | Mean fitness (Train): 66867.05 | Mean fitness (Test): 66867.05
Generation 800 | Best fitness (Train): 66867.05 | Best fitness in generation (Train): 66867.05 | Mean fitness (Train): 66867.05 | Mean fitness (Test): 66867.05
Generation 810 | Best fitness (Train): 66867.05 | Best fitness in generation (Train): 66867.05 | Mean fitness (Train): 66867.05 | Mean fitness (Test): 66867.05
Generation 820 | Best fitness (Train): 66867.05 | Best fitness in generation (Train): 66867.05 | Mean fitness (Train): 66867.05 | Mean fitness (Test): 66867.05
Generation 830 | Best fitness (Train): 66867.05 | Best fitness in generation (Train): 66867.05 | Mean fitness (Train): 66867.05 | Mean fitness (Test): 66867.05
Generation 840 | Best fitness (Train): 66867.05 | Best fitness in generation (Train): 66867.05 | Mean fitness (Train): 66867.05 | Mean fitness (Test): 66867.05
Generation 850 | Best fitness (Train): 66867.05 | Best fitness in generation (Train): 66867.05 | Mean fitness (Train): 66867.05 | Mean fitness (Test): 66867.05
Generation 860 | Best fitness (Train): 66867.05 | Best fitness in generation (Train): 66867.05 | Mean fitness (Train): 66867.05 | Mean fitness (Test): 66867.05
Generation 870 | Best fitness (Train): 66867.05 | Best fitness in generation (Train): 66867.05 | Mean fitness (Train): 66867.05 | Mean fitness (Test): 66867.05
Generation 880 | Best fitness (Train): 66867.05 | Best fitness in generation (Train): 66867.05 | Mean fitness (Train): 66867.05 | Mean fitness (Test): 66867.05
Generation 890 | Best fitness (Train): 66867.05 | Best fitness in generation (Train): 66867.05 | Mean fitness (Train): 66867.05 | Mean fitness (Test): 66867.05
Generation 900 | Best fitness (Train): 66867.05 | Best fitness in generation (Train): 66867.05 | Mean fitness (Train): 66867.05 | Mean fitness (Test): 66867.05
Generation 910 | Best fitness (Train): 66867.05 | Best fitness in generation (Train): 66867.05 | Mean fitness (Train): 66867.05 | Mean fitness (Test): 66867.05
Generation 920 | Best fitness (Train): 66867.05 | Best fitness in generation (Train): 66867.05 | Mean fitness (Train): 66867.05 | Mean fitness (Test): 66867.05
Generation 930 | Best fitness (Train): 66867.05 | Best fitness in generation (Train): 66867.05 | Mean fitness (Train): 66867.05 | Mean fitness (Test): 66867.05
Generation 940 | Best fitness (Train): 66867.05 | Best fitness in generation (Train): 66867.05 | Mean fitness (Train): 66867.05 | Mean fitness (Test): 66867.05
Generation 950 | Best fitness (Train): 66867.05 | Best fitness in generation (Train): 66867.05 | Mean fitness (Train): 66867.05 | Mean fitness (Test): 66867.05
Generation 960 | Best fitness (Train): 66867.05 | Best fitness in generation (Train): 66867.05 | Mean fitness (Train): 66867.05 | Mean fitness (Test): 66867.05
Generation 970 | Best fitness (Train): 66867.05 | Best fitness in generation (Train): 66867.05 | Mean fitness (Train): 66867.05 | Mean fitness (Test): 66867.05
Generation 980 | Best fitness (Train): 66867.05 | Best fitness in generation (Train): 66867.05 | Mean fitness (Train): 66867.05 | Mean fitness (Test): 66867.05
Generation 990 | Best fitness (Train): 66867.05 | Best fitness in generation (Train): 66867.05 | Mean fitness (Train): 66867.05 | Mean fitness (Test): 66867.05
Generation 1000 | Best fitness (Train): 66867.05 | Best fitness in generation (Train): 66867.05 | Mean fitness (Train): 66867.05 | Mean fitness (Test): 66867.05
Failed to generate visualization: 'Fast' object has no attribute 'sys'
running the experiment ... [../../results/BraxProblem/fast/DiscoveredES/1]
Generation 010 | Best fitness (Train): 66867.05 | Best fitness in generation (Train): 66867.05 | Mean fitness (Train): 31312.84 | Mean fitness (Test): 66867.05
Generation 020 | Best fitness (Train): 66867.05 | Best fitness in generation (Train): 66867.05 | Mean fitness (Train): 52454.48 | Mean fitness (Test): 66867.05
Generation 030 | Best fitness (Train): 66867.05 | Best fitness in generation (Train): 66867.05 | Mean fitness (Train): 59656.30 | Mean fitness (Test): 66867.05
Generation 040 | Best fitness (Train): 66867.05 | Best fitness in generation (Train): 66867.05 | Mean fitness (Train): 66867.05 | Mean fitness (Test): 66867.05
Generation 050 | Best fitness (Train): 66867.05 | Best fitness in generation (Train): 66867.05 | Mean fitness (Train): 66867.05 | Mean fitness (Test): 66867.05
Generation 060 | Best fitness (Train): 66867.05 | Best fitness in generation (Train): 66867.05 | Mean fitness (Train): 66867.05 | Mean fitness (Test): 66867.05
Generation 070 | Best fitness (Train): 66867.05 | Best fitness in generation (Train): 66867.05 | Mean fitness (Train): 66867.05 | Mean fitness (Test): 66867.05
Generation 080 | Best fitness (Train): 66867.05 | Best fitness in generation (Train): 66867.05 | Mean fitness (Train): 66867.05 | Mean fitness (Test): 66867.05
Generation 090 | Best fitness (Train): 66867.05 | Best fitness in generation (Train): 66867.05 | Mean fitness (Train): 66867.05 | Mean fitness (Test): 66867.05
Generation 100 | Best fitness (Train): 66867.05 | Best fitness in generation (Train): 66867.05 | Mean fitness (Train): 66867.05 | Mean fitness (Test): 66867.05
Generation 110 | Best fitness (Train): 66867.05 | Best fitness in generation (Train): 66867.05 | Mean fitness (Train): 66867.05 | Mean fitness (Test): 66867.05
Generation 120 | Best fitness (Train): 66867.05 | Best fitness in generation (Train): 66867.05 | Mean fitness (Train): 66867.05 | Mean fitness (Test): 66867.05
Generation 130 | Best fitness (Train): 66867.05 | Best fitness in generation (Train): 66867.05 | Mean fitness (Train): 66867.05 | Mean fitness (Test): 66867.05
Generation 140 | Best fitness (Train): 66867.05 | Best fitness in generation (Train): 66867.05 | Mean fitness (Train): 66867.05 | Mean fitness (Test): 66867.05
Generation 150 | Best fitness (Train): 66867.05 | Best fitness in generation (Train): 66867.05 | Mean fitness (Train): 66867.05 | Mean fitness (Test): 66867.05
Generation 160 | Best fitness (Train): 66867.05 | Best fitness in generation (Train): 66867.05 | Mean fitness (Train): 66867.05 | Mean fitness (Test): 66867.05
Generation 170 | Best fitness (Train): 66867.05 | Best fitness in generation (Train): 66867.05 | Mean fitness (Train): 66867.05 | Mean fitness (Test): 66867.05
Generation 180 | Best fitness (Train): 66867.05 | Best fitness in generation (Train): 66867.05 | Mean fitness (Train): 66867.05 | Mean fitness (Test): 66867.05
Generation 190 | Best fitness (Train): 66867.05 | Best fitness in generation (Train): 66867.05 | Mean fitness (Train): 66867.05 | Mean fitness (Test): 66867.05
Generation 200 | Best fitness (Train): 66867.05 | Best fitness in generation (Train): 66867.05 | Mean fitness (Train): 66867.05 | Mean fitness (Test): 66867.05
Generation 210 | Best fitness (Train): 66867.05 | Best fitness in generation (Train): 66867.05 | Mean fitness (Train): 66867.05 | Mean fitness (Test): 66867.05
Generation 220 | Best fitness (Train): 66867.05 | Best fitness in generation (Train): 66867.05 | Mean fitness (Train): 66867.05 | Mean fitness (Test): 66867.05
Generation 230 | Best fitness (Train): 66867.05 | Best fitness in generation (Train): 66867.05 | Mean fitness (Train): 66867.05 | Mean fitness (Test): 66867.05
Generation 240 | Best fitness (Train): 66867.05 | Best fitness in generation (Train): 66867.05 | Mean fitness (Train): 66867.05 | Mean fitness (Test): 66867.05
Generation 250 | Best fitness (Train): 66867.05 | Best fitness in generation (Train): 66867.05 | Mean fitness (Train): 66867.05 | Mean fitness (Test): 66867.05
Generation 260 | Best fitness (Train): 66867.05 | Best fitness in generation (Train): 66867.05 | Mean fitness (Train): 66867.05 | Mean fitness (Test): 66867.05
Generation 270 | Best fitness (Train): 66867.05 | Best fitness in generation (Train): 66867.05 | Mean fitness (Train): 66867.05 | Mean fitness (Test): 66867.05
Generation 280 | Best fitness (Train): 66867.05 | Best fitness in generation (Train): 66867.05 | Mean fitness (Train): 66867.05 | Mean fitness (Test): 66867.05
Generation 290 | Best fitness (Train): 66867.05 | Best fitness in generation (Train): 66867.05 | Mean fitness (Train): 66867.05 | Mean fitness (Test): 66867.05
Generation 300 | Best fitness (Train): 66867.05 | Best fitness in generation (Train): 66867.05 | Mean fitness (Train): 66867.05 | Mean fitness (Test): 66867.05
Generation 310 | Best fitness (Train): 66867.05 | Best fitness in generation (Train): 66867.05 | Mean fitness (Train): 66867.05 | Mean fitness (Test): 66867.05
Generation 320 | Best fitness (Train): 66867.05 | Best fitness in generation (Train): 66867.05 | Mean fitness (Train): 66867.05 | Mean fitness (Test): 66867.05
Generation 330 | Best fitness (Train): 66867.05 | Best fitness in generation (Train): 66867.05 | Mean fitness (Train): 66867.05 | Mean fitness (Test): 66867.05
Generation 340 | Best fitness (Train): 66867.05 | Best fitness in generation (Train): 66867.05 | Mean fitness (Train): 66867.05 | Mean fitness (Test): 66867.05
Generation 350 | Best fitness (Train): 66867.05 | Best fitness in generation (Train): 66867.05 | Mean fitness (Train): 66867.05 | Mean fitness (Test): 66867.05
Generation 360 | Best fitness (Train): 66867.05 | Best fitness in generation (Train): 66867.05 | Mean fitness (Train): 66867.05 | Mean fitness (Test): 66867.05
Generation 370 | Best fitness (Train): 66867.05 | Best fitness in generation (Train): 66867.05 | Mean fitness (Train): 66867.05 | Mean fitness (Test): 66867.05
Generation 380 | Best fitness (Train): 66867.05 | Best fitness in generation (Train): 66867.05 | Mean fitness (Train): 66867.05 | Mean fitness (Test): 66867.05
Generation 390 | Best fitness (Train): 66867.05 | Best fitness in generation (Train): 66867.05 | Mean fitness (Train): 66867.05 | Mean fitness (Test): 66867.05
Generation 400 | Best fitness (Train): 66867.05 | Best fitness in generation (Train): 66867.05 | Mean fitness (Train): 66867.05 | Mean fitness (Test): 66867.05
Generation 410 | Best fitness (Train): 66867.05 | Best fitness in generation (Train): 66867.05 | Mean fitness (Train): 66867.05 | Mean fitness (Test): 66867.05
Generation 420 | Best fitness (Train): 66867.05 | Best fitness in generation (Train): 66867.05 | Mean fitness (Train): 66867.05 | Mean fitness (Test): 66867.05
Generation 430 | Best fitness (Train): 66867.05 | Best fitness in generation (Train): 66867.05 | Mean fitness (Train): 66867.05 | Mean fitness (Test): 66867.05
Generation 440 | Best fitness (Train): 66867.05 | Best fitness in generation (Train): 66867.05 | Mean fitness (Train): 66867.05 | Mean fitness (Test): 66867.05
Generation 450 | Best fitness (Train): 66867.05 | Best fitness in generation (Train): 66867.05 | Mean fitness (Train): 66867.05 | Mean fitness (Test): 66867.05
Generation 460 | Best fitness (Train): 66867.05 | Best fitness in generation (Train): 66867.05 | Mean fitness (Train): 66867.05 | Mean fitness (Test): 66867.05
Generation 470 | Best fitness (Train): 66867.05 | Best fitness in generation (Train): 66867.05 | Mean fitness (Train): 66867.05 | Mean fitness (Test): 66867.05
Generation 480 | Best fitness (Train): 66867.05 | Best fitness in generation (Train): 66867.05 | Mean fitness (Train): 66867.05 | Mean fitness (Test): 66867.05
Generation 490 | Best fitness (Train): 66867.05 | Best fitness in generation (Train): 66867.05 | Mean fitness (Train): 66867.05 | Mean fitness (Test): 66867.05
Generation 500 | Best fitness (Train): 66867.05 | Best fitness in generation (Train): 66867.05 | Mean fitness (Train): 66867.05 | Mean fitness (Test): 66867.05
Generation 510 | Best fitness (Train): 66867.05 | Best fitness in generation (Train): 66867.05 | Mean fitness (Train): 66867.05 | Mean fitness (Test): 66867.05
Generation 520 | Best fitness (Train): 66867.05 | Best fitness in generation (Train): 66867.05 | Mean fitness (Train): 66867.05 | Mean fitness (Test): 66867.05
Generation 530 | Best fitness (Train): 66867.05 | Best fitness in generation (Train): 66867.05 | Mean fitness (Train): 66867.05 | Mean fitness (Test): 66867.05
Generation 540 | Best fitness (Train): 66867.05 | Best fitness in generation (Train): 66867.05 | Mean fitness (Train): 66867.05 | Mean fitness (Test): 66867.05
Generation 550 | Best fitness (Train): 66867.05 | Best fitness in generation (Train): 66867.05 | Mean fitness (Train): 66867.05 | Mean fitness (Test): 66867.05
Generation 560 | Best fitness (Train): 66867.05 | Best fitness in generation (Train): 66867.05 | Mean fitness (Train): 66867.05 | Mean fitness (Test): 66867.05
Generation 570 | Best fitness (Train): 66867.05 | Best fitness in generation (Train): 66867.05 | Mean fitness (Train): 66867.05 | Mean fitness (Test): 66867.05
Generation 580 | Best fitness (Train): 66867.05 | Best fitness in generation (Train): 66867.05 | Mean fitness (Train): 66867.05 | Mean fitness (Test): 66867.05
Generation 590 | Best fitness (Train): 66867.05 | Best fitness in generation (Train): 66867.05 | Mean fitness (Train): 66867.05 | Mean fitness (Test): 66867.05
Generation 600 | Best fitness (Train): 66867.05 | Best fitness in generation (Train): 66867.05 | Mean fitness (Train): 66867.05 | Mean fitness (Test): 66867.05
Generation 610 | Best fitness (Train): 66867.05 | Best fitness in generation (Train): 66867.05 | Mean fitness (Train): 66867.05 | Mean fitness (Test): 66867.05
Generation 620 | Best fitness (Train): 66867.05 | Best fitness in generation (Train): 66867.05 | Mean fitness (Train): 66867.05 | Mean fitness (Test): 66867.05
Generation 630 | Best fitness (Train): 66867.05 | Best fitness in generation (Train): 66867.05 | Mean fitness (Train): 66867.05 | Mean fitness (Test): 66867.05
Generation 640 | Best fitness (Train): 66867.05 | Best fitness in generation (Train): 66867.05 | Mean fitness (Train): 66867.05 | Mean fitness (Test): 66867.05
Generation 650 | Best fitness (Train): 66867.05 | Best fitness in generation (Train): 66867.05 | Mean fitness (Train): 66867.05 | Mean fitness (Test): 66867.05
Generation 660 | Best fitness (Train): 66867.05 | Best fitness in generation (Train): 66867.05 | Mean fitness (Train): 66867.05 | Mean fitness (Test): 66867.05
Generation 670 | Best fitness (Train): 66867.05 | Best fitness in generation (Train): 66867.05 | Mean fitness (Train): 66867.05 | Mean fitness (Test): 66867.05
Generation 680 | Best fitness (Train): 66867.05 | Best fitness in generation (Train): 66867.05 | Mean fitness (Train): 66867.05 | Mean fitness (Test): 66867.05
Generation 690 | Best fitness (Train): 66867.05 | Best fitness in generation (Train): 66867.05 | Mean fitness (Train): 66867.05 | Mean fitness (Test): 66867.05
Generation 700 | Best fitness (Train): 66867.05 | Best fitness in generation (Train): 66867.05 | Mean fitness (Train): 66867.05 | Mean fitness (Test): 66867.05
Generation 710 | Best fitness (Train): 66867.05 | Best fitness in generation (Train): 66867.05 | Mean fitness (Train): 66867.05 | Mean fitness (Test): 66867.05
Generation 720 | Best fitness (Train): 66867.05 | Best fitness in generation (Train): 66867.05 | Mean fitness (Train): 66867.05 | Mean fitness (Test): 66867.05
Generation 730 | Best fitness (Train): 66867.05 | Best fitness in generation (Train): 66867.05 | Mean fitness (Train): 66867.05 | Mean fitness (Test): 66867.05
Generation 740 | Best fitness (Train): 66867.05 | Best fitness in generation (Train): 66867.05 | Mean fitness (Train): 66867.05 | Mean fitness (Test): 66867.05
Generation 750 | Best fitness (Train): 66867.05 | Best fitness in generation (Train): 66867.05 | Mean fitness (Train): 66867.05 | Mean fitness (Test): 66867.05
Generation 760 | Best fitness (Train): 66867.05 | Best fitness in generation (Train): 66867.05 | Mean fitness (Train): 66867.05 | Mean fitness (Test): 66867.05
Generation 770 | Best fitness (Train): 66867.05 | Best fitness in generation (Train): 66867.05 | Mean fitness (Train): 66867.05 | Mean fitness (Test): 66867.05
Generation 780 | Best fitness (Train): 66867.05 | Best fitness in generation (Train): 66867.05 | Mean fitness (Train): 66867.05 | Mean fitness (Test): 66867.05
Generation 790 | Best fitness (Train): 66867.05 | Best fitness in generation (Train): 66867.05 | Mean fitness (Train): 66867.05 | Mean fitness (Test): 66867.05
Generation 800 | Best fitness (Train): 66867.05 | Best fitness in generation (Train): 66867.05 | Mean fitness (Train): 66867.05 | Mean fitness (Test): 66867.05
Generation 810 | Best fitness (Train): 66867.05 | Best fitness in generation (Train): 66867.05 | Mean fitness (Train): 66867.05 | Mean fitness (Test): 66867.05
Generation 820 | Best fitness (Train): 66867.05 | Best fitness in generation (Train): 66867.05 | Mean fitness (Train): 66867.05 | Mean fitness (Test): 66867.05
Generation 830 | Best fitness (Train): 66867.05 | Best fitness in generation (Train): 66867.05 | Mean fitness (Train): 66867.05 | Mean fitness (Test): 66867.05
Generation 840 | Best fitness (Train): 66867.05 | Best fitness in generation (Train): 66867.05 | Mean fitness (Train): 66867.05 | Mean fitness (Test): 66867.05
Generation 850 | Best fitness (Train): 66867.05 | Best fitness in generation (Train): 66867.05 | Mean fitness (Train): 66867.05 | Mean fitness (Test): 66867.05
Generation 860 | Best fitness (Train): 66867.05 | Best fitness in generation (Train): 66867.05 | Mean fitness (Train): 66867.05 | Mean fitness (Test): 66867.05
Generation 870 | Best fitness (Train): 66867.05 | Best fitness in generation (Train): 66867.05 | Mean fitness (Train): 66867.05 | Mean fitness (Test): 66867.05
Generation 880 | Best fitness (Train): 66867.05 | Best fitness in generation (Train): 66867.05 | Mean fitness (Train): 66867.05 | Mean fitness (Test): 66867.05
Generation 890 | Best fitness (Train): 66867.05 | Best fitness in generation (Train): 66867.05 | Mean fitness (Train): 66867.05 | Mean fitness (Test): 66867.05
Generation 900 | Best fitness (Train): 66867.05 | Best fitness in generation (Train): 66867.05 | Mean fitness (Train): 66867.05 | Mean fitness (Test): 66867.05
Generation 910 | Best fitness (Train): 66867.05 | Best fitness in generation (Train): 66867.05 | Mean fitness (Train): 66867.05 | Mean fitness (Test): 66867.05
Generation 920 | Best fitness (Train): 66867.05 | Best fitness in generation (Train): 66867.05 | Mean fitness (Train): 66867.05 | Mean fitness (Test): 66867.05
Generation 930 | Best fitness (Train): 66867.05 | Best fitness in generation (Train): 66867.05 | Mean fitness (Train): 66867.05 | Mean fitness (Test): 66867.05
Generation 940 | Best fitness (Train): 66867.05 | Best fitness in generation (Train): 66867.05 | Mean fitness (Train): 66867.05 | Mean fitness (Test): 66867.05
Generation 950 | Best fitness (Train): 66867.05 | Best fitness in generation (Train): 66867.05 | Mean fitness (Train): 66867.05 | Mean fitness (Test): 66867.05
Generation 960 | Best fitness (Train): 66867.05 | Best fitness in generation (Train): 66867.05 | Mean fitness (Train): 66867.05 | Mean fitness (Test): 66867.05
Generation 970 | Best fitness (Train): 66867.05 | Best fitness in generation (Train): 66867.05 | Mean fitness (Train): 66867.05 | Mean fitness (Test): 66867.05
Generation 980 | Best fitness (Train): 66867.05 | Best fitness in generation (Train): 66867.05 | Mean fitness (Train): 66867.05 | Mean fitness (Test): 66867.05
Generation 990 | Best fitness (Train): 66867.05 | Best fitness in generation (Train): 66867.05 | Mean fitness (Train): 66867.05 | Mean fitness (Test): 66867.05
Generation 1000 | Best fitness (Train): 66867.05 | Best fitness in generation (Train): 66867.05 | Mean fitness (Train): 66867.05 | Mean fitness (Test): 66867.05
Failed to generate visualization: 'Fast' object has no attribute 'sys'
running the experiment ... [../../results/BraxProblem/fast/DiscoveredES/2]
Generation 010 | Best fitness (Train): 66867.05 | Best fitness in generation (Train): 66867.05 | Mean fitness (Train): 31731.04 | Mean fitness (Test): 66867.05
Generation 020 | Best fitness (Train): 66867.05 | Best fitness in generation (Train): 66867.05 | Mean fitness (Train): 49291.41 | Mean fitness (Test): 66867.05
Generation 030 | Best fitness (Train): 66867.05 | Best fitness in generation (Train): 66867.05 | Mean fitness (Train): 61905.66 | Mean fitness (Test): 66867.05
Generation 040 | Best fitness (Train): 66867.05 | Best fitness in generation (Train): 66867.05 | Mean fitness (Train): 66867.05 | Mean fitness (Test): 66867.05
Generation 050 | Best fitness (Train): 66867.05 | Best fitness in generation (Train): 66867.05 | Mean fitness (Train): 66867.05 | Mean fitness (Test): 66867.05
Generation 060 | Best fitness (Train): 66867.05 | Best fitness in generation (Train): 66867.05 | Mean fitness (Train): 66867.05 | Mean fitness (Test): 66867.05
Generation 070 | Best fitness (Train): 66867.05 | Best fitness in generation (Train): 66867.05 | Mean fitness (Train): 66867.05 | Mean fitness (Test): 66867.05
Generation 080 | Best fitness (Train): 66867.05 | Best fitness in generation (Train): 66867.05 | Mean fitness (Train): 66867.05 | Mean fitness (Test): 66867.05
Generation 090 | Best fitness (Train): 66867.05 | Best fitness in generation (Train): 66867.05 | Mean fitness (Train): 66867.05 | Mean fitness (Test): 66867.05
Generation 100 | Best fitness (Train): 66867.05 | Best fitness in generation (Train): 66867.05 | Mean fitness (Train): 66867.05 | Mean fitness (Test): 66867.05
Generation 110 | Best fitness (Train): 66867.05 | Best fitness in generation (Train): 66867.05 | Mean fitness (Train): 66867.05 | Mean fitness (Test): 66867.05
Generation 120 | Best fitness (Train): 66867.05 | Best fitness in generation (Train): 66867.05 | Mean fitness (Train): 66867.05 | Mean fitness (Test): 66867.05
Generation 130 | Best fitness (Train): 66867.05 | Best fitness in generation (Train): 66867.05 | Mean fitness (Train): 66867.05 | Mean fitness (Test): 66867.05
Generation 140 | Best fitness (Train): 66867.05 | Best fitness in generation (Train): 66867.05 | Mean fitness (Train): 66867.05 | Mean fitness (Test): 66867.05
Generation 150 | Best fitness (Train): 66867.05 | Best fitness in generation (Train): 66867.05 | Mean fitness (Train): 66867.05 | Mean fitness (Test): 66867.05
Generation 160 | Best fitness (Train): 66867.05 | Best fitness in generation (Train): 66867.05 | Mean fitness (Train): 66867.05 | Mean fitness (Test): 66867.05
Generation 170 | Best fitness (Train): 66867.05 | Best fitness in generation (Train): 66867.05 | Mean fitness (Train): 66867.05 | Mean fitness (Test): 66867.05
Generation 180 | Best fitness (Train): 66867.05 | Best fitness in generation (Train): 66867.05 | Mean fitness (Train): 66867.05 | Mean fitness (Test): 66867.05
Generation 190 | Best fitness (Train): 66867.05 | Best fitness in generation (Train): 66867.05 | Mean fitness (Train): 66867.05 | Mean fitness (Test): 66867.05
Generation 200 | Best fitness (Train): 66867.05 | Best fitness in generation (Train): 66867.05 | Mean fitness (Train): 66867.05 | Mean fitness (Test): 66867.05
Generation 210 | Best fitness (Train): 66867.05 | Best fitness in generation (Train): 66867.05 | Mean fitness (Train): 66867.05 | Mean fitness (Test): 66867.05
Generation 220 | Best fitness (Train): 66867.05 | Best fitness in generation (Train): 66867.05 | Mean fitness (Train): 66867.05 | Mean fitness (Test): 66867.05
Generation 230 | Best fitness (Train): 66867.05 | Best fitness in generation (Train): 66867.05 | Mean fitness (Train): 66867.05 | Mean fitness (Test): 66867.05
Generation 240 | Best fitness (Train): 66867.05 | Best fitness in generation (Train): 66867.05 | Mean fitness (Train): 66867.05 | Mean fitness (Test): 66867.05
Generation 250 | Best fitness (Train): 66867.05 | Best fitness in generation (Train): 66867.05 | Mean fitness (Train): 66867.05 | Mean fitness (Test): 66867.05
Generation 260 | Best fitness (Train): 66867.05 | Best fitness in generation (Train): 66867.05 | Mean fitness (Train): 66867.05 | Mean fitness (Test): 66867.05
Generation 270 | Best fitness (Train): 66867.05 | Best fitness in generation (Train): 66867.05 | Mean fitness (Train): 66867.05 | Mean fitness (Test): 66867.05
Generation 280 | Best fitness (Train): 66867.05 | Best fitness in generation (Train): 66867.05 | Mean fitness (Train): 66867.05 | Mean fitness (Test): 66867.05
Generation 290 | Best fitness (Train): 66867.05 | Best fitness in generation (Train): 66867.05 | Mean fitness (Train): 66867.05 | Mean fitness (Test): 66867.05
Generation 300 | Best fitness (Train): 66867.05 | Best fitness in generation (Train): 66867.05 | Mean fitness (Train): 66867.05 | Mean fitness (Test): 66867.05
Generation 310 | Best fitness (Train): 66867.05 | Best fitness in generation (Train): 66867.05 | Mean fitness (Train): 66867.05 | Mean fitness (Test): 66867.05
Generation 320 | Best fitness (Train): 66867.05 | Best fitness in generation (Train): 66867.05 | Mean fitness (Train): 66867.05 | Mean fitness (Test): 66867.05
Generation 330 | Best fitness (Train): 66867.05 | Best fitness in generation (Train): 66867.05 | Mean fitness (Train): 66867.05 | Mean fitness (Test): 66867.05
Generation 340 | Best fitness (Train): 66867.05 | Best fitness in generation (Train): 66867.05 | Mean fitness (Train): 66867.05 | Mean fitness (Test): 66867.05
Generation 350 | Best fitness (Train): 66867.05 | Best fitness in generation (Train): 66867.05 | Mean fitness (Train): 66867.05 | Mean fitness (Test): 66867.05
Generation 360 | Best fitness (Train): 66867.05 | Best fitness in generation (Train): 66867.05 | Mean fitness (Train): 66867.05 | Mean fitness (Test): 66867.05
Generation 370 | Best fitness (Train): 66867.05 | Best fitness in generation (Train): 66867.05 | Mean fitness (Train): 66867.05 | Mean fitness (Test): 66867.05
Generation 380 | Best fitness (Train): 66867.05 | Best fitness in generation (Train): 66867.05 | Mean fitness (Train): 66867.05 | Mean fitness (Test): 66867.05
Generation 390 | Best fitness (Train): 66867.05 | Best fitness in generation (Train): 66867.05 | Mean fitness (Train): 66867.05 | Mean fitness (Test): 66867.05
Generation 400 | Best fitness (Train): 66867.05 | Best fitness in generation (Train): 66867.05 | Mean fitness (Train): 66867.05 | Mean fitness (Test): 66867.05
Generation 410 | Best fitness (Train): 66867.05 | Best fitness in generation (Train): 66867.05 | Mean fitness (Train): 66867.05 | Mean fitness (Test): 66867.05
Generation 420 | Best fitness (Train): 66867.05 | Best fitness in generation (Train): 66867.05 | Mean fitness (Train): 66867.05 | Mean fitness (Test): 66867.05
Generation 430 | Best fitness (Train): 66867.05 | Best fitness in generation (Train): 66867.05 | Mean fitness (Train): 66867.05 | Mean fitness (Test): 66867.05
Generation 440 | Best fitness (Train): 66867.05 | Best fitness in generation (Train): 66867.05 | Mean fitness (Train): 66867.05 | Mean fitness (Test): 66867.05
Generation 450 | Best fitness (Train): 66867.05 | Best fitness in generation (Train): 66867.05 | Mean fitness (Train): 66867.05 | Mean fitness (Test): 66867.05
Generation 460 | Best fitness (Train): 66867.05 | Best fitness in generation (Train): 66867.05 | Mean fitness (Train): 66867.05 | Mean fitness (Test): 66867.05
Generation 470 | Best fitness (Train): 66867.05 | Best fitness in generation (Train): 66867.05 | Mean fitness (Train): 66867.05 | Mean fitness (Test): 66867.05
Generation 480 | Best fitness (Train): 66867.05 | Best fitness in generation (Train): 66867.05 | Mean fitness (Train): 66867.05 | Mean fitness (Test): 66867.05
Generation 490 | Best fitness (Train): 66867.05 | Best fitness in generation (Train): 66867.05 | Mean fitness (Train): 66867.05 | Mean fitness (Test): 66867.05
Generation 500 | Best fitness (Train): 66867.05 | Best fitness in generation (Train): 66867.05 | Mean fitness (Train): 66867.05 | Mean fitness (Test): 66867.05
Generation 510 | Best fitness (Train): 66867.05 | Best fitness in generation (Train): 66867.05 | Mean fitness (Train): 66867.05 | Mean fitness (Test): 66867.05
Generation 520 | Best fitness (Train): 66867.05 | Best fitness in generation (Train): 66867.05 | Mean fitness (Train): 66867.05 | Mean fitness (Test): 66867.05
Generation 530 | Best fitness (Train): 66867.05 | Best fitness in generation (Train): 66867.05 | Mean fitness (Train): 66867.05 | Mean fitness (Test): 66867.05
Generation 540 | Best fitness (Train): 66867.05 | Best fitness in generation (Train): 66867.05 | Mean fitness (Train): 66867.05 | Mean fitness (Test): 66867.05
Generation 550 | Best fitness (Train): 66867.05 | Best fitness in generation (Train): 66867.05 | Mean fitness (Train): 66867.05 | Mean fitness (Test): 66867.05
Generation 560 | Best fitness (Train): 66867.05 | Best fitness in generation (Train): 66867.05 | Mean fitness (Train): 66867.05 | Mean fitness (Test): 66867.05
Generation 570 | Best fitness (Train): 66867.05 | Best fitness in generation (Train): 66867.05 | Mean fitness (Train): 66867.05 | Mean fitness (Test): 66867.05
Generation 580 | Best fitness (Train): 66867.05 | Best fitness in generation (Train): 66867.05 | Mean fitness (Train): 66867.05 | Mean fitness (Test): 66867.05
Generation 590 | Best fitness (Train): 66867.05 | Best fitness in generation (Train): 66867.05 | Mean fitness (Train): 66867.05 | Mean fitness (Test): 66867.05
Generation 600 | Best fitness (Train): 66867.05 | Best fitness in generation (Train): 66867.05 | Mean fitness (Train): 66867.05 | Mean fitness (Test): 66867.05
Generation 610 | Best fitness (Train): 66867.05 | Best fitness in generation (Train): 66867.05 | Mean fitness (Train): 66867.05 | Mean fitness (Test): 66867.05
Generation 620 | Best fitness (Train): 66867.05 | Best fitness in generation (Train): 66867.05 | Mean fitness (Train): 66867.05 | Mean fitness (Test): 66867.05
Generation 630 | Best fitness (Train): 66867.05 | Best fitness in generation (Train): 66867.05 | Mean fitness (Train): 66867.05 | Mean fitness (Test): 66867.05
Generation 640 | Best fitness (Train): 66867.05 | Best fitness in generation (Train): 66867.05 | Mean fitness (Train): 66867.05 | Mean fitness (Test): 66867.05
Generation 650 | Best fitness (Train): 66867.05 | Best fitness in generation (Train): 66867.05 | Mean fitness (Train): 66867.05 | Mean fitness (Test): 66867.05
Generation 660 | Best fitness (Train): 66867.05 | Best fitness in generation (Train): 66867.05 | Mean fitness (Train): 66867.05 | Mean fitness (Test): 66867.05
Generation 670 | Best fitness (Train): 66867.05 | Best fitness in generation (Train): 66867.05 | Mean fitness (Train): 66867.05 | Mean fitness (Test): 66867.05
Generation 680 | Best fitness (Train): 66867.05 | Best fitness in generation (Train): 66867.05 | Mean fitness (Train): 66867.05 | Mean fitness (Test): 66867.05
Generation 690 | Best fitness (Train): 66867.05 | Best fitness in generation (Train): 66867.05 | Mean fitness (Train): 66867.05 | Mean fitness (Test): 66867.05
Generation 700 | Best fitness (Train): 66867.05 | Best fitness in generation (Train): 66867.05 | Mean fitness (Train): 66867.05 | Mean fitness (Test): 66867.05
Generation 710 | Best fitness (Train): 66867.05 | Best fitness in generation (Train): 66867.05 | Mean fitness (Train): 66867.05 | Mean fitness (Test): 66867.05
Generation 720 | Best fitness (Train): 66867.05 | Best fitness in generation (Train): 66867.05 | Mean fitness (Train): 66867.05 | Mean fitness (Test): 66867.05
Generation 730 | Best fitness (Train): 66867.05 | Best fitness in generation (Train): 66867.05 | Mean fitness (Train): 66867.05 | Mean fitness (Test): 66867.05
Generation 740 | Best fitness (Train): 66867.05 | Best fitness in generation (Train): 66867.05 | Mean fitness (Train): 66867.05 | Mean fitness (Test): 66867.05
Generation 750 | Best fitness (Train): 66867.05 | Best fitness in generation (Train): 66867.05 | Mean fitness (Train): 66867.05 | Mean fitness (Test): 66867.05
Generation 760 | Best fitness (Train): 66867.05 | Best fitness in generation (Train): 66867.05 | Mean fitness (Train): 66867.05 | Mean fitness (Test): 66867.05
Generation 770 | Best fitness (Train): 66867.05 | Best fitness in generation (Train): 66867.05 | Mean fitness (Train): 66867.05 | Mean fitness (Test): 66867.05
Generation 780 | Best fitness (Train): 66867.05 | Best fitness in generation (Train): 66867.05 | Mean fitness (Train): 66867.05 | Mean fitness (Test): 66867.05
Generation 790 | Best fitness (Train): 66867.05 | Best fitness in generation (Train): 66867.05 | Mean fitness (Train): 66867.05 | Mean fitness (Test): 66867.05
Generation 800 | Best fitness (Train): 66867.05 | Best fitness in generation (Train): 66867.05 | Mean fitness (Train): 66867.05 | Mean fitness (Test): 66867.05
Generation 810 | Best fitness (Train): 66867.05 | Best fitness in generation (Train): 66867.05 | Mean fitness (Train): 66867.05 | Mean fitness (Test): 66867.05
Generation 820 | Best fitness (Train): 66867.05 | Best fitness in generation (Train): 66867.05 | Mean fitness (Train): 66867.05 | Mean fitness (Test): 66867.05
Generation 830 | Best fitness (Train): 66867.05 | Best fitness in generation (Train): 66867.05 | Mean fitness (Train): 66867.05 | Mean fitness (Test): 66867.05
Generation 840 | Best fitness (Train): 66867.05 | Best fitness in generation (Train): 66867.05 | Mean fitness (Train): 66867.05 | Mean fitness (Test): 66867.05
Generation 850 | Best fitness (Train): 66867.05 | Best fitness in generation (Train): 66867.05 | Mean fitness (Train): 66867.05 | Mean fitness (Test): 66867.05
Generation 860 | Best fitness (Train): 66867.05 | Best fitness in generation (Train): 66867.05 | Mean fitness (Train): 66867.05 | Mean fitness (Test): 66867.05
Generation 870 | Best fitness (Train): 66867.05 | Best fitness in generation (Train): 66867.05 | Mean fitness (Train): 66867.05 | Mean fitness (Test): 66867.05
Generation 880 | Best fitness (Train): 66867.05 | Best fitness in generation (Train): 66867.05 | Mean fitness (Train): 66867.05 | Mean fitness (Test): 66867.05
Generation 890 | Best fitness (Train): 66867.05 | Best fitness in generation (Train): 66867.05 | Mean fitness (Train): 66867.05 | Mean fitness (Test): 66867.05
Generation 900 | Best fitness (Train): 66867.05 | Best fitness in generation (Train): 66867.05 | Mean fitness (Train): 66867.05 | Mean fitness (Test): 66867.05
Generation 910 | Best fitness (Train): 66867.05 | Best fitness in generation (Train): 66867.05 | Mean fitness (Train): 66867.05 | Mean fitness (Test): 66867.05
Generation 920 | Best fitness (Train): 66867.05 | Best fitness in generation (Train): 66867.05 | Mean fitness (Train): 66867.05 | Mean fitness (Test): 66867.05
Generation 930 | Best fitness (Train): 66867.05 | Best fitness in generation (Train): 66867.05 | Mean fitness (Train): 66867.05 | Mean fitness (Test): 66867.05
Generation 940 | Best fitness (Train): 66867.05 | Best fitness in generation (Train): 66867.05 | Mean fitness (Train): 66867.05 | Mean fitness (Test): 66867.05
Generation 950 | Best fitness (Train): 66867.05 | Best fitness in generation (Train): 66867.05 | Mean fitness (Train): 66867.05 | Mean fitness (Test): 66867.05
Generation 960 | Best fitness (Train): 66867.05 | Best fitness in generation (Train): 66867.05 | Mean fitness (Train): 66867.05 | Mean fitness (Test): 66867.05
Generation 970 | Best fitness (Train): 66867.05 | Best fitness in generation (Train): 66867.05 | Mean fitness (Train): 66867.05 | Mean fitness (Test): 66867.05
Generation 980 | Best fitness (Train): 66867.05 | Best fitness in generation (Train): 66867.05 | Mean fitness (Train): 66867.05 | Mean fitness (Test): 66867.05
Generation 990 | Best fitness (Train): 66867.05 | Best fitness in generation (Train): 66867.05 | Mean fitness (Train): 66867.05 | Mean fitness (Test): 66867.05
Generation 1000 | Best fitness (Train): 66867.05 | Best fitness in generation (Train): 66867.05 | Mean fitness (Train): 66867.05 | Mean fitness (Test): 66867.05
Failed to generate visualization: 'Fast' object has no attribute 'sys'
running the experiment ... [../../results/BraxProblem/fast/DiscoveredES/3]
Generation 010 | Best fitness (Train): 66867.05 | Best fitness in generation (Train): 66867.05 | Mean fitness (Train): 27282.71 | Mean fitness (Test): 41622.75
Generation 020 | Best fitness (Train): 66867.05 | Best fitness in generation (Train): 66867.05 | Mean fitness (Train): 46983.66 | Mean fitness (Test): 66867.05
Generation 030 | Best fitness (Train): 66867.05 | Best fitness in generation (Train): 66867.05 | Mean fitness (Train): 56517.77 | Mean fitness (Test): 66867.05
Generation 040 | Best fitness (Train): 66867.05 | Best fitness in generation (Train): 66867.05 | Mean fitness (Train): 66506.77 | Mean fitness (Test): 66867.05
Generation 050 | Best fitness (Train): 66867.05 | Best fitness in generation (Train): 66867.05 | Mean fitness (Train): 66867.05 | Mean fitness (Test): 66867.05
Generation 060 | Best fitness (Train): 66867.05 | Best fitness in generation (Train): 66867.05 | Mean fitness (Train): 66867.05 | Mean fitness (Test): 66867.05
Generation 070 | Best fitness (Train): 66867.05 | Best fitness in generation (Train): 66867.05 | Mean fitness (Train): 66867.05 | Mean fitness (Test): 66867.05
Generation 080 | Best fitness (Train): 66867.05 | Best fitness in generation (Train): 66867.05 | Mean fitness (Train): 66867.05 | Mean fitness (Test): 66867.05
Generation 090 | Best fitness (Train): 66867.05 | Best fitness in generation (Train): 66867.05 | Mean fitness (Train): 66867.05 | Mean fitness (Test): 66867.05
Generation 100 | Best fitness (Train): 66867.05 | Best fitness in generation (Train): 66867.05 | Mean fitness (Train): 66867.05 | Mean fitness (Test): 66867.05
Generation 110 | Best fitness (Train): 66867.05 | Best fitness in generation (Train): 66867.05 | Mean fitness (Train): 66867.05 | Mean fitness (Test): 66867.05
Generation 120 | Best fitness (Train): 66867.05 | Best fitness in generation (Train): 66867.05 | Mean fitness (Train): 66867.05 | Mean fitness (Test): 66867.05
Generation 130 | Best fitness (Train): 66867.05 | Best fitness in generation (Train): 66867.05 | Mean fitness (Train): 66867.05 | Mean fitness (Test): 66867.05
Generation 140 | Best fitness (Train): 66867.05 | Best fitness in generation (Train): 66867.05 | Mean fitness (Train): 66867.05 | Mean fitness (Test): 66867.05
Generation 150 | Best fitness (Train): 66867.05 | Best fitness in generation (Train): 66867.05 | Mean fitness (Train): 66867.05 | Mean fitness (Test): 66867.05
Generation 160 | Best fitness (Train): 66867.05 | Best fitness in generation (Train): 66867.05 | Mean fitness (Train): 66867.05 | Mean fitness (Test): 66867.05
Generation 170 | Best fitness (Train): 66867.05 | Best fitness in generation (Train): 66867.05 | Mean fitness (Train): 66867.05 | Mean fitness (Test): 66867.05
Generation 180 | Best fitness (Train): 66867.05 | Best fitness in generation (Train): 66867.05 | Mean fitness (Train): 66867.05 | Mean fitness (Test): 66867.05
Generation 190 | Best fitness (Train): 66867.05 | Best fitness in generation (Train): 66867.05 | Mean fitness (Train): 66867.05 | Mean fitness (Test): 66867.05
Generation 200 | Best fitness (Train): 66867.05 | Best fitness in generation (Train): 66867.05 | Mean fitness (Train): 66867.05 | Mean fitness (Test): 66867.05
Generation 210 | Best fitness (Train): 66867.05 | Best fitness in generation (Train): 66867.05 | Mean fitness (Train): 66867.05 | Mean fitness (Test): 66867.05
Generation 220 | Best fitness (Train): 66867.05 | Best fitness in generation (Train): 66867.05 | Mean fitness (Train): 66867.05 | Mean fitness (Test): 66867.05
Generation 230 | Best fitness (Train): 66867.05 | Best fitness in generation (Train): 66867.05 | Mean fitness (Train): 66867.05 | Mean fitness (Test): 66867.05
Generation 240 | Best fitness (Train): 66867.05 | Best fitness in generation (Train): 66867.05 | Mean fitness (Train): 66867.05 | Mean fitness (Test): 66867.05
Generation 250 | Best fitness (Train): 66867.05 | Best fitness in generation (Train): 66867.05 | Mean fitness (Train): 66867.05 | Mean fitness (Test): 66867.05
Generation 260 | Best fitness (Train): 66867.05 | Best fitness in generation (Train): 66867.05 | Mean fitness (Train): 66867.05 | Mean fitness (Test): 66867.05
Generation 270 | Best fitness (Train): 66867.05 | Best fitness in generation (Train): 66867.05 | Mean fitness (Train): 66867.05 | Mean fitness (Test): 66867.05
Generation 280 | Best fitness (Train): 66867.05 | Best fitness in generation (Train): 66867.05 | Mean fitness (Train): 66867.05 | Mean fitness (Test): 66867.05
Generation 290 | Best fitness (Train): 66867.05 | Best fitness in generation (Train): 66867.05 | Mean fitness (Train): 66867.05 | Mean fitness (Test): 66867.05
Generation 300 | Best fitness (Train): 66867.05 | Best fitness in generation (Train): 66867.05 | Mean fitness (Train): 66867.05 | Mean fitness (Test): 66867.05
Generation 310 | Best fitness (Train): 66867.05 | Best fitness in generation (Train): 66867.05 | Mean fitness (Train): 66867.05 | Mean fitness (Test): 66867.05
Generation 320 | Best fitness (Train): 66867.05 | Best fitness in generation (Train): 66867.05 | Mean fitness (Train): 66867.05 | Mean fitness (Test): 66867.05
Generation 330 | Best fitness (Train): 66867.05 | Best fitness in generation (Train): 66867.05 | Mean fitness (Train): 66867.05 | Mean fitness (Test): 66867.05
Generation 340 | Best fitness (Train): 66867.05 | Best fitness in generation (Train): 66867.05 | Mean fitness (Train): 66867.05 | Mean fitness (Test): 66867.05
Generation 350 | Best fitness (Train): 66867.05 | Best fitness in generation (Train): 66867.05 | Mean fitness (Train): 66867.05 | Mean fitness (Test): 66867.05
Generation 360 | Best fitness (Train): 66867.05 | Best fitness in generation (Train): 66867.05 | Mean fitness (Train): 66867.05 | Mean fitness (Test): 66867.05
Generation 370 | Best fitness (Train): 66867.05 | Best fitness in generation (Train): 66867.05 | Mean fitness (Train): 66867.05 | Mean fitness (Test): 66867.05
Generation 380 | Best fitness (Train): 66867.05 | Best fitness in generation (Train): 66867.05 | Mean fitness (Train): 66867.05 | Mean fitness (Test): 66867.05
Generation 390 | Best fitness (Train): 66867.05 | Best fitness in generation (Train): 66867.05 | Mean fitness (Train): 66867.05 | Mean fitness (Test): 66867.05
Generation 400 | Best fitness (Train): 66867.05 | Best fitness in generation (Train): 66867.05 | Mean fitness (Train): 66867.05 | Mean fitness (Test): 66867.05
Generation 410 | Best fitness (Train): 66867.05 | Best fitness in generation (Train): 66867.05 | Mean fitness (Train): 66867.05 | Mean fitness (Test): 66867.05
Generation 420 | Best fitness (Train): 66867.05 | Best fitness in generation (Train): 66867.05 | Mean fitness (Train): 66867.05 | Mean fitness (Test): 66867.05
Generation 430 | Best fitness (Train): 66867.05 | Best fitness in generation (Train): 66867.05 | Mean fitness (Train): 66867.05 | Mean fitness (Test): 66867.05
Generation 440 | Best fitness (Train): 66867.05 | Best fitness in generation (Train): 66867.05 | Mean fitness (Train): 66867.05 | Mean fitness (Test): 66867.05
Generation 450 | Best fitness (Train): 66867.05 | Best fitness in generation (Train): 66867.05 | Mean fitness (Train): 66867.05 | Mean fitness (Test): 66867.05
Generation 460 | Best fitness (Train): 66867.05 | Best fitness in generation (Train): 66867.05 | Mean fitness (Train): 66867.05 | Mean fitness (Test): 66867.05
Generation 470 | Best fitness (Train): 66867.05 | Best fitness in generation (Train): 66867.05 | Mean fitness (Train): 66867.05 | Mean fitness (Test): 66867.05
Generation 480 | Best fitness (Train): 66867.05 | Best fitness in generation (Train): 66867.05 | Mean fitness (Train): 66867.05 | Mean fitness (Test): 66867.05
Generation 490 | Best fitness (Train): 66867.05 | Best fitness in generation (Train): 66867.05 | Mean fitness (Train): 66867.05 | Mean fitness (Test): 66867.05
Generation 500 | Best fitness (Train): 66867.05 | Best fitness in generation (Train): 66867.05 | Mean fitness (Train): 66867.05 | Mean fitness (Test): 66867.05
Generation 510 | Best fitness (Train): 66867.05 | Best fitness in generation (Train): 66867.05 | Mean fitness (Train): 66867.05 | Mean fitness (Test): 66867.05
Generation 520 | Best fitness (Train): 66867.05 | Best fitness in generation (Train): 66867.05 | Mean fitness (Train): 66867.05 | Mean fitness (Test): 66867.05
Generation 530 | Best fitness (Train): 66867.05 | Best fitness in generation (Train): 66867.05 | Mean fitness (Train): 66867.05 | Mean fitness (Test): 66867.05
Generation 540 | Best fitness (Train): 66867.05 | Best fitness in generation (Train): 66867.05 | Mean fitness (Train): 66867.05 | Mean fitness (Test): 66867.05
Generation 550 | Best fitness (Train): 66867.05 | Best fitness in generation (Train): 66867.05 | Mean fitness (Train): 66867.05 | Mean fitness (Test): 66867.05
Generation 560 | Best fitness (Train): 66867.05 | Best fitness in generation (Train): 66867.05 | Mean fitness (Train): 66867.05 | Mean fitness (Test): 66867.05
Generation 570 | Best fitness (Train): 66867.05 | Best fitness in generation (Train): 66867.05 | Mean fitness (Train): 66867.05 | Mean fitness (Test): 66867.05
Generation 580 | Best fitness (Train): 66867.05 | Best fitness in generation (Train): 66867.05 | Mean fitness (Train): 66867.05 | Mean fitness (Test): 66867.05
Generation 590 | Best fitness (Train): 66867.05 | Best fitness in generation (Train): 66867.05 | Mean fitness (Train): 66867.05 | Mean fitness (Test): 66867.05
Generation 600 | Best fitness (Train): 66867.05 | Best fitness in generation (Train): 66867.05 | Mean fitness (Train): 66867.05 | Mean fitness (Test): 66867.05
Generation 610 | Best fitness (Train): 66867.05 | Best fitness in generation (Train): 66867.05 | Mean fitness (Train): 66867.05 | Mean fitness (Test): 66867.05
Generation 620 | Best fitness (Train): 66867.05 | Best fitness in generation (Train): 66867.05 | Mean fitness (Train): 66867.05 | Mean fitness (Test): 66867.05
Generation 630 | Best fitness (Train): 66867.05 | Best fitness in generation (Train): 66867.05 | Mean fitness (Train): 66867.05 | Mean fitness (Test): 66867.05
Generation 640 | Best fitness (Train): 66867.05 | Best fitness in generation (Train): 66867.05 | Mean fitness (Train): 66867.05 | Mean fitness (Test): 66867.05
Generation 650 | Best fitness (Train): 66867.05 | Best fitness in generation (Train): 66867.05 | Mean fitness (Train): 66867.05 | Mean fitness (Test): 66867.05
Generation 660 | Best fitness (Train): 66867.05 | Best fitness in generation (Train): 66867.05 | Mean fitness (Train): 66867.05 | Mean fitness (Test): 66867.05
Generation 670 | Best fitness (Train): 66867.05 | Best fitness in generation (Train): 66867.05 | Mean fitness (Train): 66867.05 | Mean fitness (Test): 66867.05
Generation 680 | Best fitness (Train): 66867.05 | Best fitness in generation (Train): 66867.05 | Mean fitness (Train): 66867.05 | Mean fitness (Test): 66867.05
Generation 690 | Best fitness (Train): 66867.05 | Best fitness in generation (Train): 66867.05 | Mean fitness (Train): 66867.05 | Mean fitness (Test): 66867.05
Generation 700 | Best fitness (Train): 66867.05 | Best fitness in generation (Train): 66867.05 | Mean fitness (Train): 66867.05 | Mean fitness (Test): 66867.05
Generation 710 | Best fitness (Train): 66867.05 | Best fitness in generation (Train): 66867.05 | Mean fitness (Train): 66867.05 | Mean fitness (Test): 66867.05
Generation 720 | Best fitness (Train): 66867.05 | Best fitness in generation (Train): 66867.05 | Mean fitness (Train): 66867.05 | Mean fitness (Test): 66867.05
Generation 730 | Best fitness (Train): 66867.05 | Best fitness in generation (Train): 66867.05 | Mean fitness (Train): 66867.05 | Mean fitness (Test): 66867.05
Generation 740 | Best fitness (Train): 66867.05 | Best fitness in generation (Train): 66867.05 | Mean fitness (Train): 66867.05 | Mean fitness (Test): 66867.05
Generation 750 | Best fitness (Train): 66867.05 | Best fitness in generation (Train): 66867.05 | Mean fitness (Train): 66867.05 | Mean fitness (Test): 66867.05
Generation 760 | Best fitness (Train): 66867.05 | Best fitness in generation (Train): 66867.05 | Mean fitness (Train): 66867.05 | Mean fitness (Test): 66867.05
Generation 770 | Best fitness (Train): 66867.05 | Best fitness in generation (Train): 66867.05 | Mean fitness (Train): 66867.05 | Mean fitness (Test): 66867.05
Generation 780 | Best fitness (Train): 66867.05 | Best fitness in generation (Train): 66867.05 | Mean fitness (Train): 66867.05 | Mean fitness (Test): 66867.05
Generation 790 | Best fitness (Train): 66867.05 | Best fitness in generation (Train): 66867.05 | Mean fitness (Train): 66867.05 | Mean fitness (Test): 66867.05
Generation 800 | Best fitness (Train): 66867.05 | Best fitness in generation (Train): 66867.05 | Mean fitness (Train): 66867.05 | Mean fitness (Test): 66867.05
Generation 810 | Best fitness (Train): 66867.05 | Best fitness in generation (Train): 66867.05 | Mean fitness (Train): 66867.05 | Mean fitness (Test): 66867.05
Generation 820 | Best fitness (Train): 66867.05 | Best fitness in generation (Train): 66867.05 | Mean fitness (Train): 66867.05 | Mean fitness (Test): 66867.05
Generation 830 | Best fitness (Train): 66867.05 | Best fitness in generation (Train): 66867.05 | Mean fitness (Train): 66867.05 | Mean fitness (Test): 66867.05
Generation 840 | Best fitness (Train): 66867.05 | Best fitness in generation (Train): 66867.05 | Mean fitness (Train): 66867.05 | Mean fitness (Test): 66867.05
Generation 850 | Best fitness (Train): 66867.05 | Best fitness in generation (Train): 66867.05 | Mean fitness (Train): 66867.05 | Mean fitness (Test): 66867.05
Generation 860 | Best fitness (Train): 66867.05 | Best fitness in generation (Train): 66867.05 | Mean fitness (Train): 66867.05 | Mean fitness (Test): 66867.05
Generation 870 | Best fitness (Train): 66867.05 | Best fitness in generation (Train): 66867.05 | Mean fitness (Train): 66867.05 | Mean fitness (Test): 66867.05
Generation 880 | Best fitness (Train): 66867.05 | Best fitness in generation (Train): 66867.05 | Mean fitness (Train): 66867.05 | Mean fitness (Test): 66867.05
Generation 890 | Best fitness (Train): 66867.05 | Best fitness in generation (Train): 66867.05 | Mean fitness (Train): 66867.05 | Mean fitness (Test): 66867.05
Generation 900 | Best fitness (Train): 66867.05 | Best fitness in generation (Train): 66867.05 | Mean fitness (Train): 66867.05 | Mean fitness (Test): 66867.05
Generation 910 | Best fitness (Train): 66867.05 | Best fitness in generation (Train): 66867.05 | Mean fitness (Train): 66867.05 | Mean fitness (Test): 66867.05
Generation 920 | Best fitness (Train): 66867.05 | Best fitness in generation (Train): 66867.05 | Mean fitness (Train): 66867.05 | Mean fitness (Test): 66867.05
Generation 930 | Best fitness (Train): 66867.05 | Best fitness in generation (Train): 66867.05 | Mean fitness (Train): 66867.05 | Mean fitness (Test): 66867.05
Generation 940 | Best fitness (Train): 66867.05 | Best fitness in generation (Train): 66867.05 | Mean fitness (Train): 66867.05 | Mean fitness (Test): 66867.05
Generation 950 | Best fitness (Train): 66867.05 | Best fitness in generation (Train): 66867.05 | Mean fitness (Train): 66867.05 | Mean fitness (Test): 66867.05
Generation 960 | Best fitness (Train): 66867.05 | Best fitness in generation (Train): 66867.05 | Mean fitness (Train): 66867.05 | Mean fitness (Test): 66867.05
Generation 970 | Best fitness (Train): 66867.05 | Best fitness in generation (Train): 66867.05 | Mean fitness (Train): 66867.05 | Mean fitness (Test): 66867.05
Generation 980 | Best fitness (Train): 66867.05 | Best fitness in generation (Train): 66867.05 | Mean fitness (Train): 66867.05 | Mean fitness (Test): 66867.05
Generation 990 | Best fitness (Train): 66867.05 | Best fitness in generation (Train): 66867.05 | Mean fitness (Train): 66867.05 | Mean fitness (Test): 66867.05
Generation 1000 | Best fitness (Train): 66867.05 | Best fitness in generation (Train): 66867.05 | Mean fitness (Train): 66867.05 | Mean fitness (Test): 66867.05
Failed to generate visualization: 'Fast' object has no attribute 'sys'
running the experiment ... [../../results/BraxProblem/fast/DiscoveredES/4]
Generation 010 | Best fitness (Train): 66867.05 | Best fitness in generation (Train): 66867.05 | Mean fitness (Train): 35994.11 | Mean fitness (Test): 66867.05
Generation 020 | Best fitness (Train): 66867.05 | Best fitness in generation (Train): 66867.05 | Mean fitness (Train): 53955.69 | Mean fitness (Test): 66867.05
Generation 030 | Best fitness (Train): 66867.05 | Best fitness in generation (Train): 66867.05 | Mean fitness (Train): 61492.48 | Mean fitness (Test): 66867.05
Generation 040 | Best fitness (Train): 66867.05 | Best fitness in generation (Train): 66867.05 | Mean fitness (Train): 66867.05 | Mean fitness (Test): 66867.05
Generation 050 | Best fitness (Train): 66867.05 | Best fitness in generation (Train): 66867.05 | Mean fitness (Train): 66867.05 | Mean fitness (Test): 66867.05
Generation 060 | Best fitness (Train): 66867.05 | Best fitness in generation (Train): 66867.05 | Mean fitness (Train): 66867.05 | Mean fitness (Test): 66867.05
Generation 070 | Best fitness (Train): 66867.05 | Best fitness in generation (Train): 66867.05 | Mean fitness (Train): 66867.05 | Mean fitness (Test): 66867.05
Generation 080 | Best fitness (Train): 66867.05 | Best fitness in generation (Train): 66867.05 | Mean fitness (Train): 66867.05 | Mean fitness (Test): 66867.05
Generation 090 | Best fitness (Train): 66867.05 | Best fitness in generation (Train): 66867.05 | Mean fitness (Train): 66867.05 | Mean fitness (Test): 66867.05
Generation 100 | Best fitness (Train): 66867.05 | Best fitness in generation (Train): 66867.05 | Mean fitness (Train): 66867.05 | Mean fitness (Test): 66867.05
Generation 110 | Best fitness (Train): 66867.05 | Best fitness in generation (Train): 66867.05 | Mean fitness (Train): 66867.05 | Mean fitness (Test): 66867.05
Generation 120 | Best fitness (Train): 66867.05 | Best fitness in generation (Train): 66867.05 | Mean fitness (Train): 66867.05 | Mean fitness (Test): 66867.05
Generation 130 | Best fitness (Train): 66867.05 | Best fitness in generation (Train): 66867.05 | Mean fitness (Train): 66867.05 | Mean fitness (Test): 66867.05
Generation 140 | Best fitness (Train): 66867.05 | Best fitness in generation (Train): 66867.05 | Mean fitness (Train): 66867.05 | Mean fitness (Test): 66867.05
Generation 150 | Best fitness (Train): 66867.05 | Best fitness in generation (Train): 66867.05 | Mean fitness (Train): 66867.05 | Mean fitness (Test): 66867.05
Generation 160 | Best fitness (Train): 66867.05 | Best fitness in generation (Train): 66867.05 | Mean fitness (Train): 66867.05 | Mean fitness (Test): 66867.05
Generation 170 | Best fitness (Train): 66867.05 | Best fitness in generation (Train): 66867.05 | Mean fitness (Train): 66867.05 | Mean fitness (Test): 66867.05
Generation 180 | Best fitness (Train): 66867.05 | Best fitness in generation (Train): 66867.05 | Mean fitness (Train): 66867.05 | Mean fitness (Test): 66867.05
Generation 190 | Best fitness (Train): 66867.05 | Best fitness in generation (Train): 66867.05 | Mean fitness (Train): 66867.05 | Mean fitness (Test): 66867.05
Generation 200 | Best fitness (Train): 66867.05 | Best fitness in generation (Train): 66867.05 | Mean fitness (Train): 66867.05 | Mean fitness (Test): 66867.05
Generation 210 | Best fitness (Train): 66867.05 | Best fitness in generation (Train): 66867.05 | Mean fitness (Train): 66867.05 | Mean fitness (Test): 66867.05
Generation 220 | Best fitness (Train): 66867.05 | Best fitness in generation (Train): 66867.05 | Mean fitness (Train): 66867.05 | Mean fitness (Test): 66867.05
Generation 230 | Best fitness (Train): 66867.05 | Best fitness in generation (Train): 66867.05 | Mean fitness (Train): 66867.05 | Mean fitness (Test): 66867.05
Generation 240 | Best fitness (Train): 66867.05 | Best fitness in generation (Train): 66867.05 | Mean fitness (Train): 66867.05 | Mean fitness (Test): 66867.05
Generation 250 | Best fitness (Train): 66867.05 | Best fitness in generation (Train): 66867.05 | Mean fitness (Train): 66867.05 | Mean fitness (Test): 66867.05
Generation 260 | Best fitness (Train): 66867.05 | Best fitness in generation (Train): 66867.05 | Mean fitness (Train): 66867.05 | Mean fitness (Test): 66867.05
Generation 270 | Best fitness (Train): 66867.05 | Best fitness in generation (Train): 66867.05 | Mean fitness (Train): 66867.05 | Mean fitness (Test): 66867.05
Generation 280 | Best fitness (Train): 66867.05 | Best fitness in generation (Train): 66867.05 | Mean fitness (Train): 66867.05 | Mean fitness (Test): 66867.05
Generation 290 | Best fitness (Train): 66867.05 | Best fitness in generation (Train): 66867.05 | Mean fitness (Train): 66867.05 | Mean fitness (Test): 66867.05
Generation 300 | Best fitness (Train): 66867.05 | Best fitness in generation (Train): 66867.05 | Mean fitness (Train): 66867.05 | Mean fitness (Test): 66867.05
Generation 310 | Best fitness (Train): 66867.05 | Best fitness in generation (Train): 66867.05 | Mean fitness (Train): 66867.05 | Mean fitness (Test): 66867.05
Generation 320 | Best fitness (Train): 66867.05 | Best fitness in generation (Train): 66867.05 | Mean fitness (Train): 66867.05 | Mean fitness (Test): 66867.05
Generation 330 | Best fitness (Train): 66867.05 | Best fitness in generation (Train): 66867.05 | Mean fitness (Train): 66867.05 | Mean fitness (Test): 66867.05
Generation 340 | Best fitness (Train): 66867.05 | Best fitness in generation (Train): 66867.05 | Mean fitness (Train): 66867.05 | Mean fitness (Test): 66867.05
Generation 350 | Best fitness (Train): 66867.05 | Best fitness in generation (Train): 66867.05 | Mean fitness (Train): 66867.05 | Mean fitness (Test): 66867.05
Generation 360 | Best fitness (Train): 66867.05 | Best fitness in generation (Train): 66867.05 | Mean fitness (Train): 66867.05 | Mean fitness (Test): 66867.05
Generation 370 | Best fitness (Train): 66867.05 | Best fitness in generation (Train): 66867.05 | Mean fitness (Train): 66867.05 | Mean fitness (Test): 66867.05
Generation 380 | Best fitness (Train): 66867.05 | Best fitness in generation (Train): 66867.05 | Mean fitness (Train): 66867.05 | Mean fitness (Test): 66867.05
Generation 390 | Best fitness (Train): 66867.05 | Best fitness in generation (Train): 66867.05 | Mean fitness (Train): 66867.05 | Mean fitness (Test): 66867.05
Generation 400 | Best fitness (Train): 66867.05 | Best fitness in generation (Train): 66867.05 | Mean fitness (Train): 66867.05 | Mean fitness (Test): 66867.05
Generation 410 | Best fitness (Train): 66867.05 | Best fitness in generation (Train): 66867.05 | Mean fitness (Train): 66867.05 | Mean fitness (Test): 66867.05
Generation 420 | Best fitness (Train): 66867.05 | Best fitness in generation (Train): 66867.05 | Mean fitness (Train): 66867.05 | Mean fitness (Test): 66867.05
Generation 430 | Best fitness (Train): 66867.05 | Best fitness in generation (Train): 66867.05 | Mean fitness (Train): 66867.05 | Mean fitness (Test): 66867.05
Generation 440 | Best fitness (Train): 66867.05 | Best fitness in generation (Train): 66867.05 | Mean fitness (Train): 66867.05 | Mean fitness (Test): 66867.05
Generation 450 | Best fitness (Train): 66867.05 | Best fitness in generation (Train): 66867.05 | Mean fitness (Train): 66867.05 | Mean fitness (Test): 66867.05
Generation 460 | Best fitness (Train): 66867.05 | Best fitness in generation (Train): 66867.05 | Mean fitness (Train): 66867.05 | Mean fitness (Test): 66867.05
Generation 470 | Best fitness (Train): 66867.05 | Best fitness in generation (Train): 66867.05 | Mean fitness (Train): 66867.05 | Mean fitness (Test): 66867.05
Generation 480 | Best fitness (Train): 66867.05 | Best fitness in generation (Train): 66867.05 | Mean fitness (Train): 66867.05 | Mean fitness (Test): 66867.05
Generation 490 | Best fitness (Train): 66867.05 | Best fitness in generation (Train): 66867.05 | Mean fitness (Train): 66867.05 | Mean fitness (Test): 66867.05
Generation 500 | Best fitness (Train): 66867.05 | Best fitness in generation (Train): 66867.05 | Mean fitness (Train): 66867.05 | Mean fitness (Test): 66867.05
Generation 510 | Best fitness (Train): 66867.05 | Best fitness in generation (Train): 66867.05 | Mean fitness (Train): 66867.05 | Mean fitness (Test): 66867.05
Generation 520 | Best fitness (Train): 66867.05 | Best fitness in generation (Train): 66867.05 | Mean fitness (Train): 66867.05 | Mean fitness (Test): 66867.05
Generation 530 | Best fitness (Train): 66867.05 | Best fitness in generation (Train): 66867.05 | Mean fitness (Train): 66867.05 | Mean fitness (Test): 66867.05
Generation 540 | Best fitness (Train): 66867.05 | Best fitness in generation (Train): 66867.05 | Mean fitness (Train): 66867.05 | Mean fitness (Test): 66867.05
Generation 550 | Best fitness (Train): 66867.05 | Best fitness in generation (Train): 66867.05 | Mean fitness (Train): 66867.05 | Mean fitness (Test): 66867.05
Generation 560 | Best fitness (Train): 66867.05 | Best fitness in generation (Train): 66867.05 | Mean fitness (Train): 66867.05 | Mean fitness (Test): 66867.05
Generation 570 | Best fitness (Train): 66867.05 | Best fitness in generation (Train): 66867.05 | Mean fitness (Train): 66867.05 | Mean fitness (Test): 66867.05
Generation 580 | Best fitness (Train): 66867.05 | Best fitness in generation (Train): 66867.05 | Mean fitness (Train): 66867.05 | Mean fitness (Test): 66867.05
Generation 590 | Best fitness (Train): 66867.05 | Best fitness in generation (Train): 66867.05 | Mean fitness (Train): 66867.05 | Mean fitness (Test): 66867.05
Generation 600 | Best fitness (Train): 66867.05 | Best fitness in generation (Train): 66867.05 | Mean fitness (Train): 66867.05 | Mean fitness (Test): 66867.05
Generation 610 | Best fitness (Train): 66867.05 | Best fitness in generation (Train): 66867.05 | Mean fitness (Train): 66867.05 | Mean fitness (Test): 66867.05
Generation 620 | Best fitness (Train): 66867.05 | Best fitness in generation (Train): 66867.05 | Mean fitness (Train): 66867.05 | Mean fitness (Test): 66867.05
Generation 630 | Best fitness (Train): 66867.05 | Best fitness in generation (Train): 66867.05 | Mean fitness (Train): 66867.05 | Mean fitness (Test): 66867.05
Generation 640 | Best fitness (Train): 66867.05 | Best fitness in generation (Train): 66867.05 | Mean fitness (Train): 66867.05 | Mean fitness (Test): 66867.05
Generation 650 | Best fitness (Train): 66867.05 | Best fitness in generation (Train): 66867.05 | Mean fitness (Train): 66867.05 | Mean fitness (Test): 66867.05
Generation 660 | Best fitness (Train): 66867.05 | Best fitness in generation (Train): 66867.05 | Mean fitness (Train): 66867.05 | Mean fitness (Test): 66867.05
Generation 670 | Best fitness (Train): 66867.05 | Best fitness in generation (Train): 66867.05 | Mean fitness (Train): 66867.05 | Mean fitness (Test): 66867.05
Generation 680 | Best fitness (Train): 66867.05 | Best fitness in generation (Train): 66867.05 | Mean fitness (Train): 66867.05 | Mean fitness (Test): 66867.05
Generation 690 | Best fitness (Train): 66867.05 | Best fitness in generation (Train): 66867.05 | Mean fitness (Train): 66867.05 | Mean fitness (Test): 66867.05
Generation 700 | Best fitness (Train): 66867.05 | Best fitness in generation (Train): 66867.05 | Mean fitness (Train): 66867.05 | Mean fitness (Test): 66867.05
Generation 710 | Best fitness (Train): 66867.05 | Best fitness in generation (Train): 66867.05 | Mean fitness (Train): 66867.05 | Mean fitness (Test): 66867.05
Generation 720 | Best fitness (Train): 66867.05 | Best fitness in generation (Train): 66867.05 | Mean fitness (Train): 66867.05 | Mean fitness (Test): 66867.05
Generation 730 | Best fitness (Train): 66867.05 | Best fitness in generation (Train): 66867.05 | Mean fitness (Train): 66867.05 | Mean fitness (Test): 66867.05
Generation 740 | Best fitness (Train): 66867.05 | Best fitness in generation (Train): 66867.05 | Mean fitness (Train): 66867.05 | Mean fitness (Test): 66867.05
Generation 750 | Best fitness (Train): 66867.05 | Best fitness in generation (Train): 66867.05 | Mean fitness (Train): 66867.05 | Mean fitness (Test): 66867.05
Generation 760 | Best fitness (Train): 66867.05 | Best fitness in generation (Train): 66867.05 | Mean fitness (Train): 66867.05 | Mean fitness (Test): 66867.05
Generation 770 | Best fitness (Train): 66867.05 | Best fitness in generation (Train): 66867.05 | Mean fitness (Train): 66867.05 | Mean fitness (Test): 66867.05
Generation 780 | Best fitness (Train): 66867.05 | Best fitness in generation (Train): 66867.05 | Mean fitness (Train): 66867.05 | Mean fitness (Test): 66867.05
Generation 790 | Best fitness (Train): 66867.05 | Best fitness in generation (Train): 66867.05 | Mean fitness (Train): 66867.05 | Mean fitness (Test): 66867.05
Generation 800 | Best fitness (Train): 66867.05 | Best fitness in generation (Train): 66867.05 | Mean fitness (Train): 66867.05 | Mean fitness (Test): 66867.05
Generation 810 | Best fitness (Train): 66867.05 | Best fitness in generation (Train): 66867.05 | Mean fitness (Train): 66867.05 | Mean fitness (Test): 66867.05
Generation 820 | Best fitness (Train): 66867.05 | Best fitness in generation (Train): 66867.05 | Mean fitness (Train): 66867.05 | Mean fitness (Test): 66867.05
Generation 830 | Best fitness (Train): 66867.05 | Best fitness in generation (Train): 66867.05 | Mean fitness (Train): 66867.05 | Mean fitness (Test): 66867.05
Generation 840 | Best fitness (Train): 66867.05 | Best fitness in generation (Train): 66867.05 | Mean fitness (Train): 66867.05 | Mean fitness (Test): 66867.05
Generation 850 | Best fitness (Train): 66867.05 | Best fitness in generation (Train): 66867.05 | Mean fitness (Train): 66867.05 | Mean fitness (Test): 66867.05
Generation 860 | Best fitness (Train): 66867.05 | Best fitness in generation (Train): 66867.05 | Mean fitness (Train): 66867.05 | Mean fitness (Test): 66867.05
Generation 870 | Best fitness (Train): 66867.05 | Best fitness in generation (Train): 66867.05 | Mean fitness (Train): 66867.05 | Mean fitness (Test): 66867.05
Generation 880 | Best fitness (Train): 66867.05 | Best fitness in generation (Train): 66867.05 | Mean fitness (Train): 66867.05 | Mean fitness (Test): 66867.05
Generation 890 | Best fitness (Train): 66867.05 | Best fitness in generation (Train): 66867.05 | Mean fitness (Train): 66867.05 | Mean fitness (Test): 66867.05
Generation 900 | Best fitness (Train): 66867.05 | Best fitness in generation (Train): 66867.05 | Mean fitness (Train): 66867.05 | Mean fitness (Test): 66867.05
Generation 910 | Best fitness (Train): 66867.05 | Best fitness in generation (Train): 66867.05 | Mean fitness (Train): 66867.05 | Mean fitness (Test): 66867.05
Generation 920 | Best fitness (Train): 66867.05 | Best fitness in generation (Train): 66867.05 | Mean fitness (Train): 66867.05 | Mean fitness (Test): 66867.05
Generation 930 | Best fitness (Train): 66867.05 | Best fitness in generation (Train): 66867.05 | Mean fitness (Train): 66867.05 | Mean fitness (Test): 66867.05
Generation 940 | Best fitness (Train): 66867.05 | Best fitness in generation (Train): 66867.05 | Mean fitness (Train): 66867.05 | Mean fitness (Test): 66867.05
Generation 950 | Best fitness (Train): 66867.05 | Best fitness in generation (Train): 66867.05 | Mean fitness (Train): 66867.05 | Mean fitness (Test): 66867.05
Generation 960 | Best fitness (Train): 66867.05 | Best fitness in generation (Train): 66867.05 | Mean fitness (Train): 66867.05 | Mean fitness (Test): 66867.05
Generation 970 | Best fitness (Train): 66867.05 | Best fitness in generation (Train): 66867.05 | Mean fitness (Train): 66867.05 | Mean fitness (Test): 66867.05
Generation 980 | Best fitness (Train): 66867.05 | Best fitness in generation (Train): 66867.05 | Mean fitness (Train): 66867.05 | Mean fitness (Test): 66867.05
Generation 990 | Best fitness (Train): 66867.05 | Best fitness in generation (Train): 66867.05 | Mean fitness (Train): 66867.05 | Mean fitness (Test): 66867.05
Generation 1000 | Best fitness (Train): 66867.05 | Best fitness in generation (Train): 66867.05 | Mean fitness (Train): 66867.05 | Mean fitness (Test): 66867.05
Failed to generate visualization: 'Fast' object has no attribute 'sys'
Running ES algorithms:   0%|                                                             | 0/1 [00:00<?, ?it/s][A
Running ES algorithms: 100%|███████████████████████████████████████████████████| 1/1 [21:36<00:00, 1296.74s/it][ARunning ES algorithms: 100%|███████████████████████████████████████████████████| 1/1 [21:36<00:00, 1296.74s/it]
Successfully loaded: halfcheetah
Loading Problems ..:  17%|███████▌                                     | 2/12 [20:55:21<86:47:18, 31243.83s/it]
running the experiment ... [../../results/BraxProblem/halfcheetah/DiscoveredES/0]
Generation 010 | Best fitness (Train): -154.93 | Best fitness in generation (Train): -322.71 | Mean fitness (Train): -539.76 | Mean fitness (Test): -158.03
Generation 020 | Best fitness (Train): -154.93 | Best fitness in generation (Train): -314.22 | Mean fitness (Train): -518.28 | Mean fitness (Test): -312.30
Generation 030 | Best fitness (Train): -63.05 | Best fitness in generation (Train): -269.94 | Mean fitness (Train): -526.92 | Mean fitness (Test): -284.38
Generation 040 | Best fitness (Train): -63.05 | Best fitness in generation (Train): -277.47 | Mean fitness (Train): -513.62 | Mean fitness (Test): -389.54
Generation 050 | Best fitness (Train): -63.05 | Best fitness in generation (Train): -137.63 | Mean fitness (Train): -504.35 | Mean fitness (Test): -219.39
Generation 060 | Best fitness (Train): -63.05 | Best fitness in generation (Train): -184.13 | Mean fitness (Train): -499.08 | Mean fitness (Test): -181.63
Generation 070 | Best fitness (Train): 20.51 | Best fitness in generation (Train): 20.51 | Mean fitness (Train): -427.30 | Mean fitness (Test): 281.19
Generation 080 | Best fitness (Train): 410.67 | Best fitness in generation (Train): 237.62 | Mean fitness (Train): -297.03 | Mean fitness (Test): 237.38
Generation 090 | Best fitness (Train): 502.07 | Best fitness in generation (Train): 393.58 | Mean fitness (Train): -203.16 | Mean fitness (Test): 123.41
Generation 100 | Best fitness (Train): 748.13 | Best fitness in generation (Train): 530.68 | Mean fitness (Train): -89.50 | Mean fitness (Test): 136.55
Generation 110 | Best fitness (Train): 748.13 | Best fitness in generation (Train): 656.61 | Mean fitness (Train): -40.22 | Mean fitness (Test): -119.98
Generation 120 | Best fitness (Train): 922.43 | Best fitness in generation (Train): 922.43 | Mean fitness (Train): 23.53 | Mean fitness (Test): 408.29
srun: Job step aborted: Waiting up to 302 seconds for job step to finish.
[2025-11-09T22:44:45.967] error: *** JOB 8041821 ON ise-3090-02 CANCELLED AT 2025-11-09T22:44:45 DUE to SIGNAL Terminated ***
Running ES algorithms:   0%|                                                             | 0/1 [00:00<?, ?it/s][A[2025-11-09T22:44:45.967] error: *** STEP 8041821.0 ON ise-3090-02 CANCELLED AT 2025-11-09T22:44:45 DUE to SIGNAL Terminated ***
