Tue 11 Nov 2025 15:25:06 IST

SLURM_JOBID:		 8108723
SLURM_JOB_NODELIST:	 ise-pheno-07 

configuration parmas running: problem_type=brax es_algorithms=DES
Loading Problems ..:   0%|                                                                                                           | 0/12 [00:00<?, ?it/s]/home/ronedr/.conda/envs/ronedr_es_env/lib/python3.10/site-packages/brax/io/mjcf.py:480: UserWarning: Brax System, piplines and environments are not actively being maintained. Please see MJX for a well maintained JAX-based physics engine: https://github.com/google-deepmind/mujoco/tree/main/mjx. For a host of environments that use MJX, see: https://github.com/google-deepmind/mujoco_playground.
  warnings.warn(
E1111 15:25:24.493127 1647371 hlo_lexer.cc:443] Failed to parse int literal: 1986902096214075708017
Successfully loaded: ant

running the experiment ... [../../results/BraxProblem/ant/DiscoveredES/0]
Generation 010 | Best fitness (Train): 81.93 | Best fitness in generation (Train): 69.76 | Mean fitness (Train): 25.77 | Mean fitness (Test): 110.20
Generation 020 | Best fitness (Train): 101.94 | Best fitness in generation (Train): 76.12 | Mean fitness (Train): 31.70 | Mean fitness (Test): 281.86
Generation 030 | Best fitness (Train): 134.69 | Best fitness in generation (Train): 124.82 | Mean fitness (Train): 41.00 | Mean fitness (Test): 418.42
Generation 040 | Best fitness (Train): 210.20 | Best fitness in generation (Train): 210.20 | Mean fitness (Train): 51.79 | Mean fitness (Test): 416.58
Generation 050 | Best fitness (Train): 670.20 | Best fitness in generation (Train): 225.05 | Mean fitness (Train): 79.59 | Mean fitness (Test): 617.51
Generation 060 | Best fitness (Train): 670.20 | Best fitness in generation (Train): 515.90 | Mean fitness (Train): 111.87 | Mean fitness (Test): 728.94
Generation 070 | Best fitness (Train): 670.20 | Best fitness in generation (Train): 612.54 | Mean fitness (Train): 135.86 | Mean fitness (Test): 725.87
Generation 080 | Best fitness (Train): 905.27 | Best fitness in generation (Train): 905.27 | Mean fitness (Train): 155.73 | Mean fitness (Test): 692.90
Generation 090 | Best fitness (Train): 905.27 | Best fitness in generation (Train): 650.73 | Mean fitness (Train): 199.95 | Mean fitness (Test): 727.04
Generation 100 | Best fitness (Train): 905.27 | Best fitness in generation (Train): 838.34 | Mean fitness (Train): 258.46 | Mean fitness (Test): 861.32
Generation 110 | Best fitness (Train): 1028.53 | Best fitness in generation (Train): 881.28 | Mean fitness (Train): 308.76 | Mean fitness (Test): 933.29
Generation 120 | Best fitness (Train): 1237.15 | Best fitness in generation (Train): 1007.29 | Mean fitness (Train): 335.33 | Mean fitness (Test): 1079.50
Generation 130 | Best fitness (Train): 1237.15 | Best fitness in generation (Train): 1175.03 | Mean fitness (Train): 406.64 | Mean fitness (Test): 1209.51
Generation 140 | Best fitness (Train): 1237.15 | Best fitness in generation (Train): 1109.87 | Mean fitness (Train): 430.01 | Mean fitness (Test): 1404.78
Generation 150 | Best fitness (Train): 1392.18 | Best fitness in generation (Train): 1101.34 | Mean fitness (Train): 458.80 | Mean fitness (Test): 1168.99
Generation 160 | Best fitness (Train): 1408.74 | Best fitness in generation (Train): 1357.19 | Mean fitness (Train): 570.15 | Mean fitness (Test): 1428.86
Generation 170 | Best fitness (Train): 1530.26 | Best fitness in generation (Train): 1376.17 | Mean fitness (Train): 582.01 | Mean fitness (Test): 1590.81
Generation 180 | Best fitness (Train): 1530.26 | Best fitness in generation (Train): 1296.05 | Mean fitness (Train): 680.62 | Mean fitness (Test): 1656.65
Generation 190 | Best fitness (Train): 1761.53 | Best fitness in generation (Train): 1627.10 | Mean fitness (Train): 682.12 | Mean fitness (Test): 1777.73
Generation 200 | Best fitness (Train): 1761.53 | Best fitness in generation (Train): 1554.69 | Mean fitness (Train): 704.91 | Mean fitness (Test): 1697.67
Generation 210 | Best fitness (Train): 1761.53 | Best fitness in generation (Train): 1327.86 | Mean fitness (Train): 707.68 | Mean fitness (Test): 1719.92
Generation 220 | Best fitness (Train): 1761.53 | Best fitness in generation (Train): 1610.35 | Mean fitness (Train): 794.06 | Mean fitness (Test): 1685.89
Generation 230 | Best fitness (Train): 1761.53 | Best fitness in generation (Train): 1612.79 | Mean fitness (Train): 860.56 | Mean fitness (Test): 1774.31
Generation 240 | Best fitness (Train): 1828.38 | Best fitness in generation (Train): 1689.16 | Mean fitness (Train): 864.72 | Mean fitness (Test): 1727.65
Generation 250 | Best fitness (Train): 1828.38 | Best fitness in generation (Train): 1692.36 | Mean fitness (Train): 950.23 | Mean fitness (Test): 2028.72
Generation 260 | Best fitness (Train): 1828.38 | Best fitness in generation (Train): 1652.68 | Mean fitness (Train): 939.88 | Mean fitness (Test): 2031.13
Generation 270 | Best fitness (Train): 1897.87 | Best fitness in generation (Train): 1763.03 | Mean fitness (Train): 1004.64 | Mean fitness (Test): 2002.04
Generation 280 | Best fitness (Train): 2071.06 | Best fitness in generation (Train): 1753.17 | Mean fitness (Train): 982.11 | Mean fitness (Test): 1928.24
Generation 290 | Best fitness (Train): 2071.06 | Best fitness in generation (Train): 1660.77 | Mean fitness (Train): 1022.86 | Mean fitness (Test): 2139.86
Generation 300 | Best fitness (Train): 2071.06 | Best fitness in generation (Train): 1944.61 | Mean fitness (Train): 1001.76 | Mean fitness (Test): 2121.37
Generation 310 | Best fitness (Train): 2071.06 | Best fitness in generation (Train): 1867.69 | Mean fitness (Train): 1068.32 | Mean fitness (Test): 2126.83
Generation 320 | Best fitness (Train): 2071.06 | Best fitness in generation (Train): 1998.24 | Mean fitness (Train): 1127.78 | Mean fitness (Test): 2000.10
Generation 330 | Best fitness (Train): 2071.06 | Best fitness in generation (Train): 1765.77 | Mean fitness (Train): 1094.72 | Mean fitness (Test): 2050.93
Generation 340 | Best fitness (Train): 2071.06 | Best fitness in generation (Train): 1900.08 | Mean fitness (Train): 1180.50 | Mean fitness (Test): 2134.61
Generation 350 | Best fitness (Train): 2118.35 | Best fitness in generation (Train): 1976.22 | Mean fitness (Train): 1211.83 | Mean fitness (Test): 2211.20
Generation 360 | Best fitness (Train): 2118.35 | Best fitness in generation (Train): 1978.32 | Mean fitness (Train): 1208.86 | Mean fitness (Test): 2232.94
Generation 370 | Best fitness (Train): 2118.35 | Best fitness in generation (Train): 1959.76 | Mean fitness (Train): 1277.20 | Mean fitness (Test): 2308.68
Generation 380 | Best fitness (Train): 2131.03 | Best fitness in generation (Train): 2094.84 | Mean fitness (Train): 1319.01 | Mean fitness (Test): 2051.72
Generation 390 | Best fitness (Train): 2285.32 | Best fitness in generation (Train): 1955.83 | Mean fitness (Train): 1275.61 | Mean fitness (Test): 2133.12
Generation 400 | Best fitness (Train): 2285.32 | Best fitness in generation (Train): 2066.67 | Mean fitness (Train): 1357.49 | Mean fitness (Test): 2322.23
Generation 410 | Best fitness (Train): 2285.32 | Best fitness in generation (Train): 2077.00 | Mean fitness (Train): 1361.50 | Mean fitness (Test): 2317.39
Generation 420 | Best fitness (Train): 2285.32 | Best fitness in generation (Train): 2186.58 | Mean fitness (Train): 1467.69 | Mean fitness (Test): 2388.56
Generation 430 | Best fitness (Train): 2285.32 | Best fitness in generation (Train): 2220.92 | Mean fitness (Train): 1440.16 | Mean fitness (Test): 2273.02
Generation 440 | Best fitness (Train): 2285.32 | Best fitness in generation (Train): 2184.06 | Mean fitness (Train): 1425.18 | Mean fitness (Test): 2517.35
Generation 450 | Best fitness (Train): 2285.32 | Best fitness in generation (Train): 2247.72 | Mean fitness (Train): 1505.87 | Mean fitness (Test): 2446.98
Generation 460 | Best fitness (Train): 2285.32 | Best fitness in generation (Train): 2238.56 | Mean fitness (Train): 1528.69 | Mean fitness (Test): 2350.00
Generation 470 | Best fitness (Train): 2312.14 | Best fitness in generation (Train): 2227.68 | Mean fitness (Train): 1545.79 | Mean fitness (Test): 2469.88
Generation 480 | Best fitness (Train): 2312.14 | Best fitness in generation (Train): 2208.85 | Mean fitness (Train): 1584.01 | Mean fitness (Test): 2486.65
Generation 490 | Best fitness (Train): 2312.14 | Best fitness in generation (Train): 2222.13 | Mean fitness (Train): 1616.92 | Mean fitness (Test): 2545.41
Generation 500 | Best fitness (Train): 2390.75 | Best fitness in generation (Train): 2187.14 | Mean fitness (Train): 1551.53 | Mean fitness (Test): 2335.73
Generation 510 | Best fitness (Train): 2449.26 | Best fitness in generation (Train): 2184.63 | Mean fitness (Train): 1599.60 | Mean fitness (Test): 2505.78
Generation 520 | Best fitness (Train): 2449.26 | Best fitness in generation (Train): 2375.51 | Mean fitness (Train): 1600.95 | Mean fitness (Test): 2433.51
Generation 530 | Best fitness (Train): 2449.26 | Best fitness in generation (Train): nan | Mean fitness (Train): nan | Mean fitness (Test): nan
Generation 540 | Best fitness (Train): 2449.26 | Best fitness in generation (Train): nan | Mean fitness (Train): nan | Mean fitness (Test): nan
Generation 550 | Best fitness (Train): 2449.26 | Best fitness in generation (Train): nan | Mean fitness (Train): nan | Mean fitness (Test): nan
Generation 560 | Best fitness (Train): 2449.26 | Best fitness in generation (Train): nan | Mean fitness (Train): nan | Mean fitness (Test): nan
Generation 570 | Best fitness (Train): 2449.26 | Best fitness in generation (Train): nan | Mean fitness (Train): nan | Mean fitness (Test): nan
Generation 580 | Best fitness (Train): 2449.26 | Best fitness in generation (Train): nan | Mean fitness (Train): nan | Mean fitness (Test): nan
Generation 590 | Best fitness (Train): 2449.26 | Best fitness in generation (Train): nan | Mean fitness (Train): nan | Mean fitness (Test): nan
Generation 600 | Best fitness (Train): 2449.26 | Best fitness in generation (Train): nan | Mean fitness (Train): nan | Mean fitness (Test): nan
Generation 610 | Best fitness (Train): 2449.26 | Best fitness in generation (Train): nan | Mean fitness (Train): nan | Mean fitness (Test): nan
Generation 620 | Best fitness (Train): 2449.26 | Best fitness in generation (Train): nan | Mean fitness (Train): nan | Mean fitness (Test): nan
Generation 630 | Best fitness (Train): 2449.26 | Best fitness in generation (Train): nan | Mean fitness (Train): nan | Mean fitness (Test): nan
Generation 640 | Best fitness (Train): 2449.26 | Best fitness in generation (Train): nan | Mean fitness (Train): nan | Mean fitness (Test): nan
Generation 650 | Best fitness (Train): 2449.26 | Best fitness in generation (Train): nan | Mean fitness (Train): nan | Mean fitness (Test): nan
Generation 660 | Best fitness (Train): 2449.26 | Best fitness in generation (Train): nan | Mean fitness (Train): nan | Mean fitness (Test): nan
Generation 670 | Best fitness (Train): 2449.26 | Best fitness in generation (Train): nan | Mean fitness (Train): nan | Mean fitness (Test): nan
Generation 680 | Best fitness (Train): 2449.26 | Best fitness in generation (Train): nan | Mean fitness (Train): nan | Mean fitness (Test): nan
Generation 690 | Best fitness (Train): 2449.26 | Best fitness in generation (Train): nan | Mean fitness (Train): nan | Mean fitness (Test): nan
Generation 700 | Best fitness (Train): 2449.26 | Best fitness in generation (Train): nan | Mean fitness (Train): nan | Mean fitness (Test): nan
Generation 710 | Best fitness (Train): 2449.26 | Best fitness in generation (Train): nan | Mean fitness (Train): nan | Mean fitness (Test): nan
Generation 720 | Best fitness (Train): 2449.26 | Best fitness in generation (Train): nan | Mean fitness (Train): nan | Mean fitness (Test): nan
Generation 730 | Best fitness (Train): 2449.26 | Best fitness in generation (Train): nan | Mean fitness (Train): nan | Mean fitness (Test): nan
Generation 740 | Best fitness (Train): 2449.26 | Best fitness in generation (Train): nan | Mean fitness (Train): nan | Mean fitness (Test): nan
Generation 750 | Best fitness (Train): 2449.26 | Best fitness in generation (Train): nan | Mean fitness (Train): nan | Mean fitness (Test): nan
Generation 760 | Best fitness (Train): 2449.26 | Best fitness in generation (Train): nan | Mean fitness (Train): nan | Mean fitness (Test): nan
Generation 770 | Best fitness (Train): 2449.26 | Best fitness in generation (Train): nan | Mean fitness (Train): nan | Mean fitness (Test): nan
Generation 780 | Best fitness (Train): 2449.26 | Best fitness in generation (Train): nan | Mean fitness (Train): nan | Mean fitness (Test): nan
Generation 790 | Best fitness (Train): 2449.26 | Best fitness in generation (Train): nan | Mean fitness (Train): nan | Mean fitness (Test): nan
Generation 800 | Best fitness (Train): 2449.26 | Best fitness in generation (Train): nan | Mean fitness (Train): nan | Mean fitness (Test): nan
Generation 810 | Best fitness (Train): 2449.26 | Best fitness in generation (Train): nan | Mean fitness (Train): nan | Mean fitness (Test): nan
Generation 820 | Best fitness (Train): 2449.26 | Best fitness in generation (Train): nan | Mean fitness (Train): nan | Mean fitness (Test): nan
Generation 830 | Best fitness (Train): 2449.26 | Best fitness in generation (Train): nan | Mean fitness (Train): nan | Mean fitness (Test): nan
Generation 840 | Best fitness (Train): 2449.26 | Best fitness in generation (Train): nan | Mean fitness (Train): nan | Mean fitness (Test): nan
Generation 850 | Best fitness (Train): 2449.26 | Best fitness in generation (Train): nan | Mean fitness (Train): nan | Mean fitness (Test): nan
Generation 860 | Best fitness (Train): 2449.26 | Best fitness in generation (Train): nan | Mean fitness (Train): nan | Mean fitness (Test): nan
Generation 870 | Best fitness (Train): 2449.26 | Best fitness in generation (Train): nan | Mean fitness (Train): nan | Mean fitness (Test): nan
Generation 880 | Best fitness (Train): 2449.26 | Best fitness in generation (Train): nan | Mean fitness (Train): nan | Mean fitness (Test): nan
Generation 890 | Best fitness (Train): 2449.26 | Best fitness in generation (Train): nan | Mean fitness (Train): nan | Mean fitness (Test): nan
Generation 900 | Best fitness (Train): 2449.26 | Best fitness in generation (Train): nan | Mean fitness (Train): nan | Mean fitness (Test): nan
Generation 910 | Best fitness (Train): 2449.26 | Best fitness in generation (Train): nan | Mean fitness (Train): nan | Mean fitness (Test): nan
Generation 920 | Best fitness (Train): 2449.26 | Best fitness in generation (Train): nan | Mean fitness (Train): nan | Mean fitness (Test): nan
Generation 930 | Best fitness (Train): 2449.26 | Best fitness in generation (Train): nan | Mean fitness (Train): nan | Mean fitness (Test): nan
Generation 940 | Best fitness (Train): 2449.26 | Best fitness in generation (Train): nan | Mean fitness (Train): nan | Mean fitness (Test): nan
Generation 950 | Best fitness (Train): 2449.26 | Best fitness in generation (Train): nan | Mean fitness (Train): nan | Mean fitness (Test): nan
Generation 960 | Best fitness (Train): 2449.26 | Best fitness in generation (Train): nan | Mean fitness (Train): nan | Mean fitness (Test): nan
Generation 970 | Best fitness (Train): 2449.26 | Best fitness in generation (Train): nan | Mean fitness (Train): nan | Mean fitness (Test): nan
Generation 980 | Best fitness (Train): 2449.26 | Best fitness in generation (Train): nan | Mean fitness (Train): nan | Mean fitness (Test): nan
Generation 990 | Best fitness (Train): 2449.26 | Best fitness in generation (Train): nan | Mean fitness (Train): nan | Mean fitness (Test): nan
Generation 1000 | Best fitness (Train): 2449.26 | Best fitness in generation (Train): nan | Mean fitness (Train): nan | Mean fitness (Test): nan
running the experiment ... [../../results/BraxProblem/ant/DiscoveredES/1]
Generation 010 | Best fitness (Train): 69.94 | Best fitness in generation (Train): 58.14 | Mean fitness (Train): 22.32 | Mean fitness (Test): 104.06
Generation 020 | Best fitness (Train): 161.48 | Best fitness in generation (Train): 161.48 | Mean fitness (Train): 36.36 | Mean fitness (Test): 134.58
Generation 030 | Best fitness (Train): 184.92 | Best fitness in generation (Train): 147.59 | Mean fitness (Train): 49.18 | Mean fitness (Test): 400.75
Generation 040 | Best fitness (Train): 315.02 | Best fitness in generation (Train): 197.65 | Mean fitness (Train): 62.01 | Mean fitness (Test): 436.20
Generation 050 | Best fitness (Train): 491.65 | Best fitness in generation (Train): 274.81 | Mean fitness (Train): 83.53 | Mean fitness (Test): 739.84
Generation 060 | Best fitness (Train): 559.48 | Best fitness in generation (Train): 398.39 | Mean fitness (Train): 115.62 | Mean fitness (Test): 1079.06
Generation 070 | Best fitness (Train): 923.75 | Best fitness in generation (Train): 535.14 | Mean fitness (Train): 141.74 | Mean fitness (Test): 1009.27
Generation 080 | Best fitness (Train): 923.75 | Best fitness in generation (Train): 696.96 | Mean fitness (Train): 195.08 | Mean fitness (Test): 1267.14
Generation 090 | Best fitness (Train): 923.75 | Best fitness in generation (Train): 921.67 | Mean fitness (Train): 211.63 | Mean fitness (Test): 1128.70
Generation 100 | Best fitness (Train): 1016.40 | Best fitness in generation (Train): 823.28 | Mean fitness (Train): 288.08 | Mean fitness (Test): 1450.29
Generation 110 | Best fitness (Train): 1016.40 | Best fitness in generation (Train): 868.18 | Mean fitness (Train): 302.31 | Mean fitness (Test): 1146.21
Generation 120 | Best fitness (Train): 1176.61 | Best fitness in generation (Train): 1035.68 | Mean fitness (Train): 371.28 | Mean fitness (Test): 1289.79
Generation 130 | Best fitness (Train): 1424.07 | Best fitness in generation (Train): 1236.51 | Mean fitness (Train): 429.50 | Mean fitness (Test): 1460.47
Generation 140 | Best fitness (Train): 1424.07 | Best fitness in generation (Train): 1189.30 | Mean fitness (Train): 511.74 | Mean fitness (Test): 1504.88
Generation 150 | Best fitness (Train): 1424.07 | Best fitness in generation (Train): 1189.42 | Mean fitness (Train): 583.85 | Mean fitness (Test): 1278.35
Generation 160 | Best fitness (Train): 1577.85 | Best fitness in generation (Train): 1325.53 | Mean fitness (Train): 587.94 | Mean fitness (Test): 1726.83
Generation 170 | Best fitness (Train): 1577.85 | Best fitness in generation (Train): 1477.09 | Mean fitness (Train): 642.14 | Mean fitness (Test): 1778.75
Generation 180 | Best fitness (Train): 1577.85 | Best fitness in generation (Train): 1478.28 | Mean fitness (Train): 730.57 | Mean fitness (Test): 1738.89
Generation 190 | Best fitness (Train): 1592.83 | Best fitness in generation (Train): 1540.96 | Mean fitness (Train): 755.57 | Mean fitness (Test): 1778.80
Generation 200 | Best fitness (Train): 1708.67 | Best fitness in generation (Train): 1473.74 | Mean fitness (Train): 814.99 | Mean fitness (Test): 1727.14
Generation 210 | Best fitness (Train): 1771.56 | Best fitness in generation (Train): 1596.59 | Mean fitness (Train): 822.78 | Mean fitness (Test): 1966.10
Generation 220 | Best fitness (Train): 1790.04 | Best fitness in generation (Train): 1689.70 | Mean fitness (Train): 834.97 | Mean fitness (Test): 1956.93
Generation 230 | Best fitness (Train): 1860.43 | Best fitness in generation (Train): 1860.43 | Mean fitness (Train): 930.52 | Mean fitness (Test): 2089.28
Generation 240 | Best fitness (Train): 1868.18 | Best fitness in generation (Train): 1680.33 | Mean fitness (Train): 933.34 | Mean fitness (Test): 1995.24
Generation 250 | Best fitness (Train): 1924.60 | Best fitness in generation (Train): 1788.60 | Mean fitness (Train): 1010.24 | Mean fitness (Test): 2064.94
Generation 260 | Best fitness (Train): 2030.53 | Best fitness in generation (Train): 1803.50 | Mean fitness (Train): 1050.79 | Mean fitness (Test): 2020.95
Generation 270 | Best fitness (Train): 2030.53 | Best fitness in generation (Train): 1843.20 | Mean fitness (Train): 1078.47 | Mean fitness (Test): 1995.29
Generation 280 | Best fitness (Train): 2030.53 | Best fitness in generation (Train): 1954.74 | Mean fitness (Train): 1141.69 | Mean fitness (Test): 1866.19
Generation 290 | Best fitness (Train): 2098.32 | Best fitness in generation (Train): 1998.18 | Mean fitness (Train): 1128.90 | Mean fitness (Test): 2113.74
Generation 300 | Best fitness (Train): 2158.19 | Best fitness in generation (Train): 1853.84 | Mean fitness (Train): 1203.24 | Mean fitness (Test): 2221.84
Generation 310 | Best fitness (Train): 2158.19 | Best fitness in generation (Train): 2016.12 | Mean fitness (Train): 1230.67 | Mean fitness (Test): 2205.64
Generation 320 | Best fitness (Train): 2158.19 | Best fitness in generation (Train): 1854.80 | Mean fitness (Train): 1267.02 | Mean fitness (Test): 2178.22
Generation 330 | Best fitness (Train): 2158.19 | Best fitness in generation (Train): 1998.89 | Mean fitness (Train): 1304.26 | Mean fitness (Test): 2256.47
Generation 340 | Best fitness (Train): 2159.21 | Best fitness in generation (Train): 2040.24 | Mean fitness (Train): 1314.44 | Mean fitness (Test): 2274.28
Generation 350 | Best fitness (Train): 2159.21 | Best fitness in generation (Train): 1978.71 | Mean fitness (Train): 1277.06 | Mean fitness (Test): 2249.62
Generation 360 | Best fitness (Train): 2246.98 | Best fitness in generation (Train): 2105.91 | Mean fitness (Train): 1364.68 | Mean fitness (Test): 2351.38
Generation 370 | Best fitness (Train): 2246.98 | Best fitness in generation (Train): 2212.75 | Mean fitness (Train): 1392.46 | Mean fitness (Test): 2267.05
Generation 380 | Best fitness (Train): 2292.21 | Best fitness in generation (Train): 2213.35 | Mean fitness (Train): 1399.92 | Mean fitness (Test): 2385.94
Generation 390 | Best fitness (Train): 2292.21 | Best fitness in generation (Train): 2285.76 | Mean fitness (Train): 1454.86 | Mean fitness (Test): 2352.95
Generation 400 | Best fitness (Train): 2339.60 | Best fitness in generation (Train): 2121.39 | Mean fitness (Train): 1477.99 | Mean fitness (Test): 2222.33
Generation 410 | Best fitness (Train): 2458.62 | Best fitness in generation (Train): 2458.62 | Mean fitness (Train): 1533.30 | Mean fitness (Test): 2424.39
Generation 420 | Best fitness (Train): 2458.62 | Best fitness in generation (Train): 2237.23 | Mean fitness (Train): 1517.84 | Mean fitness (Test): 2527.41
Generation 430 | Best fitness (Train): 2580.71 | Best fitness in generation (Train): 2248.56 | Mean fitness (Train): 1567.49 | Mean fitness (Test): 2753.64
Generation 440 | Best fitness (Train): 2580.71 | Best fitness in generation (Train): 2316.23 | Mean fitness (Train): 1590.73 | Mean fitness (Test): 2772.65
Generation 450 | Best fitness (Train): 2580.71 | Best fitness in generation (Train): 2397.73 | Mean fitness (Train): 1614.51 | Mean fitness (Test): 2943.44
Generation 460 | Best fitness (Train): 2639.70 | Best fitness in generation (Train): 2500.09 | Mean fitness (Train): 1709.48 | Mean fitness (Test): 2940.02
Generation 470 | Best fitness (Train): 2696.74 | Best fitness in generation (Train): 2615.21 | Mean fitness (Train): 1741.61 | Mean fitness (Test): 2979.96
Generation 480 | Best fitness (Train): 2921.25 | Best fitness in generation (Train): 2535.94 | Mean fitness (Train): 1731.07 | Mean fitness (Test): 2889.52
Generation 490 | Best fitness (Train): 2921.25 | Best fitness in generation (Train): 2859.32 | Mean fitness (Train): 1822.88 | Mean fitness (Test): 3008.53
Generation 500 | Best fitness (Train): 2944.76 | Best fitness in generation (Train): 2944.76 | Mean fitness (Train): 1871.45 | Mean fitness (Test): 3079.35
Generation 510 | Best fitness (Train): 2975.04 | Best fitness in generation (Train): 2832.32 | Mean fitness (Train): 1906.74 | Mean fitness (Test): 3179.45
Generation 520 | Best fitness (Train): 3047.58 | Best fitness in generation (Train): 2862.89 | Mean fitness (Train): 1900.11 | Mean fitness (Test): 3209.51
Generation 530 | Best fitness (Train): 3047.58 | Best fitness in generation (Train): nan | Mean fitness (Train): nan | Mean fitness (Test): nan
Generation 540 | Best fitness (Train): 3047.58 | Best fitness in generation (Train): nan | Mean fitness (Train): nan | Mean fitness (Test): nan
Generation 550 | Best fitness (Train): 3047.58 | Best fitness in generation (Train): nan | Mean fitness (Train): nan | Mean fitness (Test): nan
Generation 560 | Best fitness (Train): 3047.58 | Best fitness in generation (Train): nan | Mean fitness (Train): nan | Mean fitness (Test): nan
Generation 570 | Best fitness (Train): 3047.58 | Best fitness in generation (Train): nan | Mean fitness (Train): nan | Mean fitness (Test): nan
Generation 580 | Best fitness (Train): 3047.58 | Best fitness in generation (Train): nan | Mean fitness (Train): nan | Mean fitness (Test): nan
Generation 590 | Best fitness (Train): 3047.58 | Best fitness in generation (Train): nan | Mean fitness (Train): nan | Mean fitness (Test): nan
Generation 600 | Best fitness (Train): 3047.58 | Best fitness in generation (Train): nan | Mean fitness (Train): nan | Mean fitness (Test): nan
Generation 610 | Best fitness (Train): 3047.58 | Best fitness in generation (Train): nan | Mean fitness (Train): nan | Mean fitness (Test): nan
Generation 620 | Best fitness (Train): 3047.58 | Best fitness in generation (Train): nan | Mean fitness (Train): nan | Mean fitness (Test): nan
Generation 630 | Best fitness (Train): 3047.58 | Best fitness in generation (Train): nan | Mean fitness (Train): nan | Mean fitness (Test): nan
Generation 640 | Best fitness (Train): 3047.58 | Best fitness in generation (Train): nan | Mean fitness (Train): nan | Mean fitness (Test): nan
Generation 650 | Best fitness (Train): 3047.58 | Best fitness in generation (Train): nan | Mean fitness (Train): nan | Mean fitness (Test): nan
Generation 660 | Best fitness (Train): 3047.58 | Best fitness in generation (Train): nan | Mean fitness (Train): nan | Mean fitness (Test): nan
Generation 670 | Best fitness (Train): 3047.58 | Best fitness in generation (Train): nan | Mean fitness (Train): nan | Mean fitness (Test): nan
Generation 680 | Best fitness (Train): 3047.58 | Best fitness in generation (Train): nan | Mean fitness (Train): nan | Mean fitness (Test): nan
Generation 690 | Best fitness (Train): 3047.58 | Best fitness in generation (Train): nan | Mean fitness (Train): nan | Mean fitness (Test): nan
Generation 700 | Best fitness (Train): 3047.58 | Best fitness in generation (Train): nan | Mean fitness (Train): nan | Mean fitness (Test): nan
Generation 710 | Best fitness (Train): 3047.58 | Best fitness in generation (Train): nan | Mean fitness (Train): nan | Mean fitness (Test): nan
Generation 720 | Best fitness (Train): 3047.58 | Best fitness in generation (Train): nan | Mean fitness (Train): nan | Mean fitness (Test): nan
Generation 730 | Best fitness (Train): 3047.58 | Best fitness in generation (Train): nan | Mean fitness (Train): nan | Mean fitness (Test): nan
Generation 740 | Best fitness (Train): 3047.58 | Best fitness in generation (Train): nan | Mean fitness (Train): nan | Mean fitness (Test): nan
Generation 750 | Best fitness (Train): 3047.58 | Best fitness in generation (Train): nan | Mean fitness (Train): nan | Mean fitness (Test): nan
Generation 760 | Best fitness (Train): 3047.58 | Best fitness in generation (Train): nan | Mean fitness (Train): nan | Mean fitness (Test): nan
Generation 770 | Best fitness (Train): 3047.58 | Best fitness in generation (Train): nan | Mean fitness (Train): nan | Mean fitness (Test): nan
Generation 780 | Best fitness (Train): 3047.58 | Best fitness in generation (Train): nan | Mean fitness (Train): nan | Mean fitness (Test): nan
Generation 790 | Best fitness (Train): 3047.58 | Best fitness in generation (Train): nan | Mean fitness (Train): nan | Mean fitness (Test): nan
Generation 800 | Best fitness (Train): 3047.58 | Best fitness in generation (Train): nan | Mean fitness (Train): nan | Mean fitness (Test): nan
Generation 810 | Best fitness (Train): 3047.58 | Best fitness in generation (Train): nan | Mean fitness (Train): nan | Mean fitness (Test): nan
Generation 820 | Best fitness (Train): 3047.58 | Best fitness in generation (Train): nan | Mean fitness (Train): nan | Mean fitness (Test): nan
Generation 830 | Best fitness (Train): 3047.58 | Best fitness in generation (Train): nan | Mean fitness (Train): nan | Mean fitness (Test): nan
Generation 840 | Best fitness (Train): 3047.58 | Best fitness in generation (Train): nan | Mean fitness (Train): nan | Mean fitness (Test): nan
Generation 850 | Best fitness (Train): 3047.58 | Best fitness in generation (Train): nan | Mean fitness (Train): nan | Mean fitness (Test): nan
Generation 860 | Best fitness (Train): 3047.58 | Best fitness in generation (Train): nan | Mean fitness (Train): nan | Mean fitness (Test): nan
Generation 870 | Best fitness (Train): 3047.58 | Best fitness in generation (Train): nan | Mean fitness (Train): nan | Mean fitness (Test): nan
Generation 880 | Best fitness (Train): 3047.58 | Best fitness in generation (Train): nan | Mean fitness (Train): nan | Mean fitness (Test): nan
Generation 890 | Best fitness (Train): 3047.58 | Best fitness in generation (Train): nan | Mean fitness (Train): nan | Mean fitness (Test): nan
Generation 900 | Best fitness (Train): 3047.58 | Best fitness in generation (Train): nan | Mean fitness (Train): nan | Mean fitness (Test): nan
Generation 910 | Best fitness (Train): 3047.58 | Best fitness in generation (Train): nan | Mean fitness (Train): nan | Mean fitness (Test): nan
Generation 920 | Best fitness (Train): 3047.58 | Best fitness in generation (Train): nan | Mean fitness (Train): nan | Mean fitness (Test): nan
Generation 930 | Best fitness (Train): 3047.58 | Best fitness in generation (Train): nan | Mean fitness (Train): nan | Mean fitness (Test): nan
Generation 940 | Best fitness (Train): 3047.58 | Best fitness in generation (Train): nan | Mean fitness (Train): nan | Mean fitness (Test): nan
Generation 950 | Best fitness (Train): 3047.58 | Best fitness in generation (Train): nan | Mean fitness (Train): nan | Mean fitness (Test): nan
Generation 960 | Best fitness (Train): 3047.58 | Best fitness in generation (Train): nan | Mean fitness (Train): nan | Mean fitness (Test): nan
Generation 970 | Best fitness (Train): 3047.58 | Best fitness in generation (Train): nan | Mean fitness (Train): nan | Mean fitness (Test): nan
Generation 980 | Best fitness (Train): 3047.58 | Best fitness in generation (Train): nan | Mean fitness (Train): nan | Mean fitness (Test): nan
Generation 990 | Best fitness (Train): 3047.58 | Best fitness in generation (Train): nan | Mean fitness (Train): nan | Mean fitness (Test): nan
Generation 1000 | Best fitness (Train): 3047.58 | Best fitness in generation (Train): nan | Mean fitness (Train): nan | Mean fitness (Test): nan
running the experiment ... [../../results/BraxProblem/ant/DiscoveredES/2]
Generation 010 | Best fitness (Train): 68.23 | Best fitness in generation (Train): 64.81 | Mean fitness (Train): 23.80 | Mean fitness (Test): 102.17
Generation 020 | Best fitness (Train): 158.29 | Best fitness in generation (Train): 92.35 | Mean fitness (Train): 32.44 | Mean fitness (Test): 131.07
Generation 030 | Best fitness (Train): 540.37 | Best fitness in generation (Train): 540.37 | Mean fitness (Train): 50.10 | Mean fitness (Test): 270.46
Generation 040 | Best fitness (Train): 559.46 | Best fitness in generation (Train): 559.46 | Mean fitness (Train): 69.03 | Mean fitness (Test): 782.83
Generation 050 | Best fitness (Train): 592.36 | Best fitness in generation (Train): 423.38 | Mean fitness (Train): 94.75 | Mean fitness (Test): 628.06
Generation 060 | Best fitness (Train): 697.17 | Best fitness in generation (Train): 505.79 | Mean fitness (Train): 118.05 | Mean fitness (Test): 540.39
Generation 070 | Best fitness (Train): 823.77 | Best fitness in generation (Train): 761.14 | Mean fitness (Train): 144.87 | Mean fitness (Test): 448.62
Generation 080 | Best fitness (Train): 823.77 | Best fitness in generation (Train): 699.01 | Mean fitness (Train): 183.59 | Mean fitness (Test): 584.39
Generation 090 | Best fitness (Train): 1044.13 | Best fitness in generation (Train): 950.60 | Mean fitness (Train): 243.76 | Mean fitness (Test): 912.69
Generation 100 | Best fitness (Train): 1115.75 | Best fitness in generation (Train): 970.70 | Mean fitness (Train): 295.00 | Mean fitness (Test): 1095.12
Generation 110 | Best fitness (Train): 1203.71 | Best fitness in generation (Train): 1055.91 | Mean fitness (Train): 369.10 | Mean fitness (Test): 1195.73
Generation 120 | Best fitness (Train): 1284.79 | Best fitness in generation (Train): 1189.95 | Mean fitness (Train): 414.92 | Mean fitness (Test): 1246.32
Generation 130 | Best fitness (Train): 1315.50 | Best fitness in generation (Train): 1315.50 | Mean fitness (Train): 445.14 | Mean fitness (Test): 1159.04
Generation 140 | Best fitness (Train): 1315.50 | Best fitness in generation (Train): 1148.07 | Mean fitness (Train): 497.47 | Mean fitness (Test): 1238.40
Generation 150 | Best fitness (Train): 1448.65 | Best fitness in generation (Train): 1437.27 | Mean fitness (Train): 588.94 | Mean fitness (Test): 1343.97
Generation 160 | Best fitness (Train): 1462.07 | Best fitness in generation (Train): 1462.07 | Mean fitness (Train): 623.72 | Mean fitness (Test): 1419.01
Generation 170 | Best fitness (Train): 1478.28 | Best fitness in generation (Train): 1392.48 | Mean fitness (Train): 672.24 | Mean fitness (Test): 1489.53
Generation 180 | Best fitness (Train): 1507.10 | Best fitness in generation (Train): 1400.49 | Mean fitness (Train): 677.06 | Mean fitness (Test): 1532.22
Generation 190 | Best fitness (Train): 1559.86 | Best fitness in generation (Train): 1554.79 | Mean fitness (Train): 709.92 | Mean fitness (Test): 1601.94
Generation 200 | Best fitness (Train): 1770.43 | Best fitness in generation (Train): 1523.65 | Mean fitness (Train): 820.26 | Mean fitness (Test): 1666.49
Generation 210 | Best fitness (Train): 1770.43 | Best fitness in generation (Train): 1580.66 | Mean fitness (Train): 825.37 | Mean fitness (Test): 1757.27
Generation 220 | Best fitness (Train): 1912.69 | Best fitness in generation (Train): 1535.68 | Mean fitness (Train): 788.02 | Mean fitness (Test): 1808.46
Generation 230 | Best fitness (Train): 2041.90 | Best fitness in generation (Train): 2041.90 | Mean fitness (Train): 869.78 | Mean fitness (Test): 1912.77
Generation 240 | Best fitness (Train): 2041.90 | Best fitness in generation (Train): 1646.62 | Mean fitness (Train): 865.62 | Mean fitness (Test): 1966.90
Generation 250 | Best fitness (Train): 2041.90 | Best fitness in generation (Train): 1648.23 | Mean fitness (Train): 864.86 | Mean fitness (Test): 1935.42
Generation 260 | Best fitness (Train): 2041.90 | Best fitness in generation (Train): 1675.96 | Mean fitness (Train): 941.24 | Mean fitness (Test): 1945.44
Generation 270 | Best fitness (Train): 2041.90 | Best fitness in generation (Train): 1711.04 | Mean fitness (Train): 1003.81 | Mean fitness (Test): 1944.37
Generation 280 | Best fitness (Train): 2041.90 | Best fitness in generation (Train): 1782.50 | Mean fitness (Train): 997.67 | Mean fitness (Test): 2064.54
Generation 290 | Best fitness (Train): 2041.90 | Best fitness in generation (Train): 1767.59 | Mean fitness (Train): 1068.83 | Mean fitness (Test): 2109.79
Generation 300 | Best fitness (Train): 2041.90 | Best fitness in generation (Train): 1890.70 | Mean fitness (Train): 1111.96 | Mean fitness (Test): 1815.15
Generation 310 | Best fitness (Train): 2041.90 | Best fitness in generation (Train): 1922.41 | Mean fitness (Train): 1108.50 | Mean fitness (Test): 1912.40
Generation 320 | Best fitness (Train): 2041.90 | Best fitness in generation (Train): 1885.97 | Mean fitness (Train): 1166.36 | Mean fitness (Test): 2173.81
Generation 330 | Best fitness (Train): 2041.90 | Best fitness in generation (Train): 1858.40 | Mean fitness (Train): 1227.03 | Mean fitness (Test): 2127.67
Generation 340 | Best fitness (Train): 2172.48 | Best fitness in generation (Train): 1933.92 | Mean fitness (Train): 1219.17 | Mean fitness (Test): 2210.03
Generation 350 | Best fitness (Train): 2172.48 | Best fitness in generation (Train): 2043.35 | Mean fitness (Train): 1273.30 | Mean fitness (Test): 2142.88
Generation 360 | Best fitness (Train): 2172.48 | Best fitness in generation (Train): 2004.55 | Mean fitness (Train): 1314.17 | Mean fitness (Test): 2201.86
Generation 370 | Best fitness (Train): 2172.48 | Best fitness in generation (Train): 2021.91 | Mean fitness (Train): 1346.48 | Mean fitness (Test): 2111.26
Generation 380 | Best fitness (Train): 2172.48 | Best fitness in generation (Train): 2172.15 | Mean fitness (Train): 1337.91 | Mean fitness (Test): 2366.36
Generation 390 | Best fitness (Train): 2172.48 | Best fitness in generation (Train): 1977.11 | Mean fitness (Train): 1383.14 | Mean fitness (Test): 2290.25
Generation 400 | Best fitness (Train): 2247.53 | Best fitness in generation (Train): 2120.81 | Mean fitness (Train): 1408.29 | Mean fitness (Test): 2306.51
Generation 410 | Best fitness (Train): 2300.20 | Best fitness in generation (Train): 2300.20 | Mean fitness (Train): 1498.97 | Mean fitness (Test): 2359.76
Generation 420 | Best fitness (Train): 2300.20 | Best fitness in generation (Train): 2263.43 | Mean fitness (Train): 1479.43 | Mean fitness (Test): 2391.54
Generation 430 | Best fitness (Train): 2356.42 | Best fitness in generation (Train): 2167.53 | Mean fitness (Train): 1465.19 | Mean fitness (Test): 2412.37
Generation 440 | Best fitness (Train): 2356.42 | Best fitness in generation (Train): 2162.63 | Mean fitness (Train): 1523.45 | Mean fitness (Test): 2151.15
Generation 450 | Best fitness (Train): 2356.42 | Best fitness in generation (Train): 2216.85 | Mean fitness (Train): 1516.67 | Mean fitness (Test): 2476.04
Generation 460 | Best fitness (Train): 2356.42 | Best fitness in generation (Train): 2302.75 | Mean fitness (Train): 1576.22 | Mean fitness (Test): 2347.06
Generation 470 | Best fitness (Train): 2356.42 | Best fitness in generation (Train): 2217.44 | Mean fitness (Train): 1577.09 | Mean fitness (Test): 2427.45
Generation 480 | Best fitness (Train): 2356.42 | Best fitness in generation (Train): 2268.95 | Mean fitness (Train): 1621.04 | Mean fitness (Test): 2468.44
Generation 490 | Best fitness (Train): 2405.32 | Best fitness in generation (Train): 2387.32 | Mean fitness (Train): 1643.13 | Mean fitness (Test): 2500.51
Generation 500 | Best fitness (Train): 2405.57 | Best fitness in generation (Train): 2358.20 | Mean fitness (Train): 1654.66 | Mean fitness (Test): 2493.87
Generation 510 | Best fitness (Train): 2560.83 | Best fitness in generation (Train): 2560.83 | Mean fitness (Train): 1609.11 | Mean fitness (Test): 2583.30
Generation 520 | Best fitness (Train): 2560.83 | Best fitness in generation (Train): 2449.84 | Mean fitness (Train): 1750.93 | Mean fitness (Test): 2500.33
Generation 530 | Best fitness (Train): 2560.83 | Best fitness in generation (Train): nan | Mean fitness (Train): nan | Mean fitness (Test): nan
Generation 540 | Best fitness (Train): 2560.83 | Best fitness in generation (Train): nan | Mean fitness (Train): nan | Mean fitness (Test): nan
Generation 550 | Best fitness (Train): 2560.83 | Best fitness in generation (Train): nan | Mean fitness (Train): nan | Mean fitness (Test): nan
Generation 560 | Best fitness (Train): 2560.83 | Best fitness in generation (Train): nan | Mean fitness (Train): nan | Mean fitness (Test): nan
Generation 570 | Best fitness (Train): 2560.83 | Best fitness in generation (Train): nan | Mean fitness (Train): nan | Mean fitness (Test): nan
Generation 580 | Best fitness (Train): 2560.83 | Best fitness in generation (Train): nan | Mean fitness (Train): nan | Mean fitness (Test): nan
Generation 590 | Best fitness (Train): 2560.83 | Best fitness in generation (Train): nan | Mean fitness (Train): nan | Mean fitness (Test): nan
Generation 600 | Best fitness (Train): 2560.83 | Best fitness in generation (Train): nan | Mean fitness (Train): nan | Mean fitness (Test): nan
Generation 610 | Best fitness (Train): 2560.83 | Best fitness in generation (Train): nan | Mean fitness (Train): nan | Mean fitness (Test): nan
Generation 620 | Best fitness (Train): 2560.83 | Best fitness in generation (Train): nan | Mean fitness (Train): nan | Mean fitness (Test): nan
Generation 630 | Best fitness (Train): 2560.83 | Best fitness in generation (Train): nan | Mean fitness (Train): nan | Mean fitness (Test): nan
Generation 640 | Best fitness (Train): 2560.83 | Best fitness in generation (Train): nan | Mean fitness (Train): nan | Mean fitness (Test): nan
Generation 650 | Best fitness (Train): 2560.83 | Best fitness in generation (Train): nan | Mean fitness (Train): nan | Mean fitness (Test): nan
Generation 660 | Best fitness (Train): 2560.83 | Best fitness in generation (Train): nan | Mean fitness (Train): nan | Mean fitness (Test): nan
Generation 670 | Best fitness (Train): 2560.83 | Best fitness in generation (Train): nan | Mean fitness (Train): nan | Mean fitness (Test): nan
Generation 680 | Best fitness (Train): 2560.83 | Best fitness in generation (Train): nan | Mean fitness (Train): nan | Mean fitness (Test): nan
Generation 690 | Best fitness (Train): 2560.83 | Best fitness in generation (Train): nan | Mean fitness (Train): nan | Mean fitness (Test): nan
Generation 700 | Best fitness (Train): 2560.83 | Best fitness in generation (Train): nan | Mean fitness (Train): nan | Mean fitness (Test): nan
Generation 710 | Best fitness (Train): 2560.83 | Best fitness in generation (Train): nan | Mean fitness (Train): nan | Mean fitness (Test): nan
Generation 720 | Best fitness (Train): 2560.83 | Best fitness in generation (Train): nan | Mean fitness (Train): nan | Mean fitness (Test): nan
Generation 730 | Best fitness (Train): 2560.83 | Best fitness in generation (Train): nan | Mean fitness (Train): nan | Mean fitness (Test): nan
Generation 740 | Best fitness (Train): 2560.83 | Best fitness in generation (Train): nan | Mean fitness (Train): nan | Mean fitness (Test): nan
Generation 750 | Best fitness (Train): 2560.83 | Best fitness in generation (Train): nan | Mean fitness (Train): nan | Mean fitness (Test): nan
Generation 760 | Best fitness (Train): 2560.83 | Best fitness in generation (Train): nan | Mean fitness (Train): nan | Mean fitness (Test): nan
Generation 770 | Best fitness (Train): 2560.83 | Best fitness in generation (Train): nan | Mean fitness (Train): nan | Mean fitness (Test): nan
Generation 780 | Best fitness (Train): 2560.83 | Best fitness in generation (Train): nan | Mean fitness (Train): nan | Mean fitness (Test): nan
Generation 790 | Best fitness (Train): 2560.83 | Best fitness in generation (Train): nan | Mean fitness (Train): nan | Mean fitness (Test): nan
Generation 800 | Best fitness (Train): 2560.83 | Best fitness in generation (Train): nan | Mean fitness (Train): nan | Mean fitness (Test): nan
Generation 810 | Best fitness (Train): 2560.83 | Best fitness in generation (Train): nan | Mean fitness (Train): nan | Mean fitness (Test): nan
Generation 820 | Best fitness (Train): 2560.83 | Best fitness in generation (Train): nan | Mean fitness (Train): nan | Mean fitness (Test): nan
Generation 830 | Best fitness (Train): 2560.83 | Best fitness in generation (Train): nan | Mean fitness (Train): nan | Mean fitness (Test): nan
Generation 840 | Best fitness (Train): 2560.83 | Best fitness in generation (Train): nan | Mean fitness (Train): nan | Mean fitness (Test): nan
Generation 850 | Best fitness (Train): 2560.83 | Best fitness in generation (Train): nan | Mean fitness (Train): nan | Mean fitness (Test): nan
Generation 860 | Best fitness (Train): 2560.83 | Best fitness in generation (Train): nan | Mean fitness (Train): nan | Mean fitness (Test): nan
Generation 870 | Best fitness (Train): 2560.83 | Best fitness in generation (Train): nan | Mean fitness (Train): nan | Mean fitness (Test): nan
Generation 880 | Best fitness (Train): 2560.83 | Best fitness in generation (Train): nan | Mean fitness (Train): nan | Mean fitness (Test): nan
Generation 890 | Best fitness (Train): 2560.83 | Best fitness in generation (Train): nan | Mean fitness (Train): nan | Mean fitness (Test): nan
Generation 900 | Best fitness (Train): 2560.83 | Best fitness in generation (Train): nan | Mean fitness (Train): nan | Mean fitness (Test): nan
Generation 910 | Best fitness (Train): 2560.83 | Best fitness in generation (Train): nan | Mean fitness (Train): nan | Mean fitness (Test): nan
Generation 920 | Best fitness (Train): 2560.83 | Best fitness in generation (Train): nan | Mean fitness (Train): nan | Mean fitness (Test): nan
Generation 930 | Best fitness (Train): 2560.83 | Best fitness in generation (Train): nan | Mean fitness (Train): nan | Mean fitness (Test): nan
Generation 940 | Best fitness (Train): 2560.83 | Best fitness in generation (Train): nan | Mean fitness (Train): nan | Mean fitness (Test): nan
Generation 950 | Best fitness (Train): 2560.83 | Best fitness in generation (Train): nan | Mean fitness (Train): nan | Mean fitness (Test): nan
Generation 960 | Best fitness (Train): 2560.83 | Best fitness in generation (Train): nan | Mean fitness (Train): nan | Mean fitness (Test): nan
Generation 970 | Best fitness (Train): 2560.83 | Best fitness in generation (Train): nan | Mean fitness (Train): nan | Mean fitness (Test): nan
Generation 980 | Best fitness (Train): 2560.83 | Best fitness in generation (Train): nan | Mean fitness (Train): nan | Mean fitness (Test): nan
Generation 990 | Best fitness (Train): 2560.83 | Best fitness in generation (Train): nan | Mean fitness (Train): nan | Mean fitness (Test): nan
Generation 1000 | Best fitness (Train): 2560.83 | Best fitness in generation (Train): nan | Mean fitness (Train): nan | Mean fitness (Test): nan
running the experiment ... [../../results/BraxProblem/ant/DiscoveredES/3]
Generation 010 | Best fitness (Train): 281.96 | Best fitness in generation (Train): 90.78 | Mean fitness (Train): 24.64 | Mean fitness (Test): 88.34
Generation 020 | Best fitness (Train): 281.96 | Best fitness in generation (Train): 142.77 | Mean fitness (Train): 34.79 | Mean fitness (Test): 181.30
Generation 030 | Best fitness (Train): 756.48 | Best fitness in generation (Train): 272.15 | Mean fitness (Train): 45.81 | Mean fitness (Test): 357.82
Generation 040 | Best fitness (Train): 756.48 | Best fitness in generation (Train): 341.41 | Mean fitness (Train): 56.37 | Mean fitness (Test): 305.00
Generation 050 | Best fitness (Train): 756.48 | Best fitness in generation (Train): 504.00 | Mean fitness (Train): 74.72 | Mean fitness (Test): 339.51
Generation 060 | Best fitness (Train): 756.48 | Best fitness in generation (Train): 652.75 | Mean fitness (Train): 108.60 | Mean fitness (Test): 618.24
Generation 070 | Best fitness (Train): 781.39 | Best fitness in generation (Train): 583.95 | Mean fitness (Train): 86.55 | Mean fitness (Test): 487.85
Generation 080 | Best fitness (Train): 781.39 | Best fitness in generation (Train): 548.69 | Mean fitness (Train): 105.69 | Mean fitness (Test): 455.63
Generation 090 | Best fitness (Train): 803.50 | Best fitness in generation (Train): 611.03 | Mean fitness (Train): 126.30 | Mean fitness (Test): 485.48
Generation 100 | Best fitness (Train): 803.50 | Best fitness in generation (Train): 641.80 | Mean fitness (Train): 143.53 | Mean fitness (Test): 527.32
Generation 110 | Best fitness (Train): 803.50 | Best fitness in generation (Train): 714.61 | Mean fitness (Train): 198.95 | Mean fitness (Test): 636.89
Generation 120 | Best fitness (Train): 850.52 | Best fitness in generation (Train): 764.91 | Mean fitness (Train): 176.91 | Mean fitness (Test): 633.39
Generation 130 | Best fitness (Train): 965.53 | Best fitness in generation (Train): 965.53 | Mean fitness (Train): 240.19 | Mean fitness (Test): 798.74
Generation 140 | Best fitness (Train): 965.53 | Best fitness in generation (Train): 731.50 | Mean fitness (Train): 244.56 | Mean fitness (Test): 788.45
Generation 150 | Best fitness (Train): 965.53 | Best fitness in generation (Train): 907.96 | Mean fitness (Train): 293.62 | Mean fitness (Test): 860.71
Generation 160 | Best fitness (Train): 981.05 | Best fitness in generation (Train): 856.08 | Mean fitness (Train): 298.02 | Mean fitness (Test): 770.36
Generation 170 | Best fitness (Train): 1023.80 | Best fitness in generation (Train): 872.24 | Mean fitness (Train): 371.57 | Mean fitness (Test): 795.04
Generation 180 | Best fitness (Train): 1104.02 | Best fitness in generation (Train): 898.27 | Mean fitness (Train): 367.00 | Mean fitness (Test): 872.45
Generation 190 | Best fitness (Train): 1104.02 | Best fitness in generation (Train): 1064.02 | Mean fitness (Train): 433.40 | Mean fitness (Test): 902.43
Generation 200 | Best fitness (Train): 1104.02 | Best fitness in generation (Train): 1023.82 | Mean fitness (Train): 458.75 | Mean fitness (Test): 973.47
Generation 210 | Best fitness (Train): 1196.61 | Best fitness in generation (Train): 1034.13 | Mean fitness (Train): 448.94 | Mean fitness (Test): 962.01
Generation 220 | Best fitness (Train): 1196.61 | Best fitness in generation (Train): 1052.57 | Mean fitness (Train): 467.72 | Mean fitness (Test): 934.31
Generation 230 | Best fitness (Train): 1232.14 | Best fitness in generation (Train): 1101.48 | Mean fitness (Train): 514.83 | Mean fitness (Test): 1019.28
Generation 240 | Best fitness (Train): 1289.20 | Best fitness in generation (Train): 1103.80 | Mean fitness (Train): 542.61 | Mean fitness (Test): 1081.05
Generation 250 | Best fitness (Train): 1301.58 | Best fitness in generation (Train): 1155.24 | Mean fitness (Train): 558.02 | Mean fitness (Test): 1049.15
Generation 260 | Best fitness (Train): 1301.58 | Best fitness in generation (Train): 1203.98 | Mean fitness (Train): 571.98 | Mean fitness (Test): 1103.86
Generation 270 | Best fitness (Train): 1301.58 | Best fitness in generation (Train): 1133.53 | Mean fitness (Train): 633.08 | Mean fitness (Test): 1254.60
Generation 280 | Best fitness (Train): 1334.65 | Best fitness in generation (Train): 1313.27 | Mean fitness (Train): 660.56 | Mean fitness (Test): 1294.57
Generation 290 | Best fitness (Train): 1334.65 | Best fitness in generation (Train): 1224.01 | Mean fitness (Train): 663.63 | Mean fitness (Test): 1271.73
Generation 300 | Best fitness (Train): 1334.69 | Best fitness in generation (Train): 1328.11 | Mean fitness (Train): 678.52 | Mean fitness (Test): 1410.83
Generation 310 | Best fitness (Train): 1359.46 | Best fitness in generation (Train): 1142.80 | Mean fitness (Train): 705.50 | Mean fitness (Test): 1412.49
Generation 320 | Best fitness (Train): 1431.84 | Best fitness in generation (Train): 1206.98 | Mean fitness (Train): 772.21 | Mean fitness (Test): 1358.63
Generation 330 | Best fitness (Train): 1431.84 | Best fitness in generation (Train): 1171.80 | Mean fitness (Train): 744.95 | Mean fitness (Test): 1396.51
Generation 340 | Best fitness (Train): 1431.84 | Best fitness in generation (Train): 1407.46 | Mean fitness (Train): 819.71 | Mean fitness (Test): 1479.72
Generation 350 | Best fitness (Train): 1439.02 | Best fitness in generation (Train): 1375.98 | Mean fitness (Train): 843.88 | Mean fitness (Test): 1603.38
Generation 360 | Best fitness (Train): 1439.02 | Best fitness in generation (Train): 1413.25 | Mean fitness (Train): 871.23 | Mean fitness (Test): 1570.17
Generation 370 | Best fitness (Train): 1468.91 | Best fitness in generation (Train): 1468.91 | Mean fitness (Train): 936.98 | Mean fitness (Test): 1533.03
Generation 380 | Best fitness (Train): 1584.07 | Best fitness in generation (Train): 1466.70 | Mean fitness (Train): 937.60 | Mean fitness (Test): 1647.66
Generation 390 | Best fitness (Train): 1584.07 | Best fitness in generation (Train): 1515.43 | Mean fitness (Train): 944.93 | Mean fitness (Test): 1734.85
Generation 400 | Best fitness (Train): 1624.13 | Best fitness in generation (Train): 1428.92 | Mean fitness (Train): 947.26 | Mean fitness (Test): 1649.88
Generation 410 | Best fitness (Train): 1624.13 | Best fitness in generation (Train): 1463.67 | Mean fitness (Train): 970.76 | Mean fitness (Test): 1733.45
Generation 420 | Best fitness (Train): 1624.13 | Best fitness in generation (Train): 1485.94 | Mean fitness (Train): 1015.98 | Mean fitness (Test): 1732.33
Generation 430 | Best fitness (Train): 1624.13 | Best fitness in generation (Train): 1511.97 | Mean fitness (Train): 1030.52 | Mean fitness (Test): 1573.96
Generation 440 | Best fitness (Train): 1648.72 | Best fitness in generation (Train): 1512.14 | Mean fitness (Train): 1057.42 | Mean fitness (Test): 1701.09
Generation 450 | Best fitness (Train): 1648.72 | Best fitness in generation (Train): 1508.93 | Mean fitness (Train): 1071.11 | Mean fitness (Test): 1682.81
Generation 460 | Best fitness (Train): 1698.89 | Best fitness in generation (Train): 1571.59 | Mean fitness (Train): 1083.20 | Mean fitness (Test): 1738.11
Generation 470 | Best fitness (Train): 1698.89 | Best fitness in generation (Train): 1564.19 | Mean fitness (Train): 1097.00 | Mean fitness (Test): 1607.47
Generation 480 | Best fitness (Train): 1728.28 | Best fitness in generation (Train): 1728.28 | Mean fitness (Train): 1108.53 | Mean fitness (Test): 1742.97
Generation 490 | Best fitness (Train): 1769.02 | Best fitness in generation (Train): 1541.30 | Mean fitness (Train): 1136.04 | Mean fitness (Test): 1739.09
Generation 500 | Best fitness (Train): 1769.02 | Best fitness in generation (Train): 1613.85 | Mean fitness (Train): 1173.70 | Mean fitness (Test): 1798.57
Generation 510 | Best fitness (Train): 1769.02 | Best fitness in generation (Train): 1614.57 | Mean fitness (Train): 1195.32 | Mean fitness (Test): 1781.95
Generation 520 | Best fitness (Train): 1769.02 | Best fitness in generation (Train): 1626.71 | Mean fitness (Train): 1194.17 | Mean fitness (Test): 1708.28
Generation 530 | Best fitness (Train): 1769.02 | Best fitness in generation (Train): nan | Mean fitness (Train): nan | Mean fitness (Test): nan
Generation 540 | Best fitness (Train): 1769.02 | Best fitness in generation (Train): nan | Mean fitness (Train): nan | Mean fitness (Test): nan
Generation 550 | Best fitness (Train): 1769.02 | Best fitness in generation (Train): nan | Mean fitness (Train): nan | Mean fitness (Test): nan
Generation 560 | Best fitness (Train): 1769.02 | Best fitness in generation (Train): nan | Mean fitness (Train): nan | Mean fitness (Test): nan
Generation 570 | Best fitness (Train): 1769.02 | Best fitness in generation (Train): nan | Mean fitness (Train): nan | Mean fitness (Test): nan
Generation 580 | Best fitness (Train): 1769.02 | Best fitness in generation (Train): nan | Mean fitness (Train): nan | Mean fitness (Test): nan
Generation 590 | Best fitness (Train): 1769.02 | Best fitness in generation (Train): nan | Mean fitness (Train): nan | Mean fitness (Test): nan
Generation 600 | Best fitness (Train): 1769.02 | Best fitness in generation (Train): nan | Mean fitness (Train): nan | Mean fitness (Test): nan
Generation 610 | Best fitness (Train): 1769.02 | Best fitness in generation (Train): nan | Mean fitness (Train): nan | Mean fitness (Test): nan
Generation 620 | Best fitness (Train): 1769.02 | Best fitness in generation (Train): nan | Mean fitness (Train): nan | Mean fitness (Test): nan
Generation 630 | Best fitness (Train): 1769.02 | Best fitness in generation (Train): nan | Mean fitness (Train): nan | Mean fitness (Test): nan
Generation 640 | Best fitness (Train): 1769.02 | Best fitness in generation (Train): nan | Mean fitness (Train): nan | Mean fitness (Test): nan
Generation 650 | Best fitness (Train): 1769.02 | Best fitness in generation (Train): nan | Mean fitness (Train): nan | Mean fitness (Test): nan
Generation 660 | Best fitness (Train): 1769.02 | Best fitness in generation (Train): nan | Mean fitness (Train): nan | Mean fitness (Test): nan
Generation 670 | Best fitness (Train): 1769.02 | Best fitness in generation (Train): nan | Mean fitness (Train): nan | Mean fitness (Test): nan
Generation 680 | Best fitness (Train): 1769.02 | Best fitness in generation (Train): nan | Mean fitness (Train): nan | Mean fitness (Test): nan
Generation 690 | Best fitness (Train): 1769.02 | Best fitness in generation (Train): nan | Mean fitness (Train): nan | Mean fitness (Test): nan
Generation 700 | Best fitness (Train): 1769.02 | Best fitness in generation (Train): nan | Mean fitness (Train): nan | Mean fitness (Test): nan
Generation 710 | Best fitness (Train): 1769.02 | Best fitness in generation (Train): nan | Mean fitness (Train): nan | Mean fitness (Test): nan
Generation 720 | Best fitness (Train): 1769.02 | Best fitness in generation (Train): nan | Mean fitness (Train): nan | Mean fitness (Test): nan
Generation 730 | Best fitness (Train): 1769.02 | Best fitness in generation (Train): nan | Mean fitness (Train): nan | Mean fitness (Test): nan
Generation 740 | Best fitness (Train): 1769.02 | Best fitness in generation (Train): nan | Mean fitness (Train): nan | Mean fitness (Test): nan
Generation 750 | Best fitness (Train): 1769.02 | Best fitness in generation (Train): nan | Mean fitness (Train): nan | Mean fitness (Test): nan
Generation 760 | Best fitness (Train): 1769.02 | Best fitness in generation (Train): nan | Mean fitness (Train): nan | Mean fitness (Test): nan
Generation 770 | Best fitness (Train): 1769.02 | Best fitness in generation (Train): nan | Mean fitness (Train): nan | Mean fitness (Test): nan
Generation 780 | Best fitness (Train): 1769.02 | Best fitness in generation (Train): nan | Mean fitness (Train): nan | Mean fitness (Test): nan
Generation 790 | Best fitness (Train): 1769.02 | Best fitness in generation (Train): nan | Mean fitness (Train): nan | Mean fitness (Test): nan
Generation 800 | Best fitness (Train): 1769.02 | Best fitness in generation (Train): nan | Mean fitness (Train): nan | Mean fitness (Test): nan
Generation 810 | Best fitness (Train): 1769.02 | Best fitness in generation (Train): nan | Mean fitness (Train): nan | Mean fitness (Test): nan
Generation 820 | Best fitness (Train): 1769.02 | Best fitness in generation (Train): nan | Mean fitness (Train): nan | Mean fitness (Test): nan
Generation 830 | Best fitness (Train): 1769.02 | Best fitness in generation (Train): nan | Mean fitness (Train): nan | Mean fitness (Test): nan
Generation 840 | Best fitness (Train): 1769.02 | Best fitness in generation (Train): nan | Mean fitness (Train): nan | Mean fitness (Test): nan
Generation 850 | Best fitness (Train): 1769.02 | Best fitness in generation (Train): nan | Mean fitness (Train): nan | Mean fitness (Test): nan
Generation 860 | Best fitness (Train): 1769.02 | Best fitness in generation (Train): nan | Mean fitness (Train): nan | Mean fitness (Test): nan
Generation 870 | Best fitness (Train): 1769.02 | Best fitness in generation (Train): nan | Mean fitness (Train): nan | Mean fitness (Test): nan
Generation 880 | Best fitness (Train): 1769.02 | Best fitness in generation (Train): nan | Mean fitness (Train): nan | Mean fitness (Test): nan
Generation 890 | Best fitness (Train): 1769.02 | Best fitness in generation (Train): nan | Mean fitness (Train): nan | Mean fitness (Test): nan
Generation 900 | Best fitness (Train): 1769.02 | Best fitness in generation (Train): nan | Mean fitness (Train): nan | Mean fitness (Test): nan
Generation 910 | Best fitness (Train): 1769.02 | Best fitness in generation (Train): nan | Mean fitness (Train): nan | Mean fitness (Test): nan
Generation 920 | Best fitness (Train): 1769.02 | Best fitness in generation (Train): nan | Mean fitness (Train): nan | Mean fitness (Test): nan
Generation 930 | Best fitness (Train): 1769.02 | Best fitness in generation (Train): nan | Mean fitness (Train): nan | Mean fitness (Test): nan
Generation 940 | Best fitness (Train): 1769.02 | Best fitness in generation (Train): nan | Mean fitness (Train): nan | Mean fitness (Test): nan
Generation 950 | Best fitness (Train): 1769.02 | Best fitness in generation (Train): nan | Mean fitness (Train): nan | Mean fitness (Test): nan
Generation 960 | Best fitness (Train): 1769.02 | Best fitness in generation (Train): nan | Mean fitness (Train): nan | Mean fitness (Test): nan
Generation 970 | Best fitness (Train): 1769.02 | Best fitness in generation (Train): nan | Mean fitness (Train): nan | Mean fitness (Test): nan
Generation 980 | Best fitness (Train): 1769.02 | Best fitness in generation (Train): nan | Mean fitness (Train): nan | Mean fitness (Test): nan
Generation 990 | Best fitness (Train): 1769.02 | Best fitness in generation (Train): nan | Mean fitness (Train): nan | Mean fitness (Test): nan
Generation 1000 | Best fitness (Train): 1769.02 | Best fitness in generation (Train): nan | Mean fitness (Train): nan | Mean fitness (Test): nan
running the experiment ... [../../results/BraxProblem/ant/DiscoveredES/4]
Generation 010 | Best fitness (Train): 100.02 | Best fitness in generation (Train): 100.02 | Mean fitness (Train): 24.91 | Mean fitness (Test): 77.40
Generation 020 | Best fitness (Train): 160.55 | Best fitness in generation (Train): 160.55 | Mean fitness (Train): 42.25 | Mean fitness (Test): 196.83
Generation 030 | Best fitness (Train): 255.86 | Best fitness in generation (Train): 161.63 | Mean fitness (Train): 59.44 | Mean fitness (Test): 468.97
Generation 040 | Best fitness (Train): 454.53 | Best fitness in generation (Train): 431.86 | Mean fitness (Train): 86.83 | Mean fitness (Test): 717.01
Generation 050 | Best fitness (Train): 686.29 | Best fitness in generation (Train): 570.02 | Mean fitness (Train): 139.08 | Mean fitness (Test): 712.64
Generation 060 | Best fitness (Train): 828.17 | Best fitness in generation (Train): 539.66 | Mean fitness (Train): 167.98 | Mean fitness (Test): 783.56
Generation 070 | Best fitness (Train): 1033.86 | Best fitness in generation (Train): 1033.86 | Mean fitness (Train): 220.32 | Mean fitness (Test): 862.84
Generation 080 | Best fitness (Train): 1099.13 | Best fitness in generation (Train): 897.15 | Mean fitness (Train): 259.34 | Mean fitness (Test): 1199.19
Generation 090 | Best fitness (Train): 1254.38 | Best fitness in generation (Train): 1016.75 | Mean fitness (Train): 345.75 | Mean fitness (Test): 1170.79
Generation 100 | Best fitness (Train): 1286.86 | Best fitness in generation (Train): 1200.87 | Mean fitness (Train): 419.91 | Mean fitness (Test): 1329.17
Generation 110 | Best fitness (Train): 1286.86 | Best fitness in generation (Train): 1211.10 | Mean fitness (Train): 449.93 | Mean fitness (Test): 1456.51
Generation 120 | Best fitness (Train): 1486.62 | Best fitness in generation (Train): 1341.76 | Mean fitness (Train): 525.40 | Mean fitness (Test): 1480.68
Generation 130 | Best fitness (Train): 1486.62 | Best fitness in generation (Train): 1421.91 | Mean fitness (Train): 549.57 | Mean fitness (Test): 1624.93
Generation 140 | Best fitness (Train): 1528.18 | Best fitness in generation (Train): 1528.18 | Mean fitness (Train): 599.15 | Mean fitness (Test): 1595.12
Generation 150 | Best fitness (Train): 1528.18 | Best fitness in generation (Train): 1360.43 | Mean fitness (Train): 654.88 | Mean fitness (Test): 1636.66
Generation 160 | Best fitness (Train): 1528.65 | Best fitness in generation (Train): 1505.15 | Mean fitness (Train): 719.34 | Mean fitness (Test): 1594.59
Generation 170 | Best fitness (Train): 1735.28 | Best fitness in generation (Train): 1735.28 | Mean fitness (Train): 701.18 | Mean fitness (Test): 1677.13
Generation 180 | Best fitness (Train): 1735.28 | Best fitness in generation (Train): 1387.08 | Mean fitness (Train): 742.84 | Mean fitness (Test): 1627.36
Generation 190 | Best fitness (Train): 1735.28 | Best fitness in generation (Train): 1563.68 | Mean fitness (Train): 796.71 | Mean fitness (Test): 1751.11
Generation 200 | Best fitness (Train): 1735.28 | Best fitness in generation (Train): 1589.33 | Mean fitness (Train): 779.67 | Mean fitness (Test): 1721.20
Generation 210 | Best fitness (Train): 1883.22 | Best fitness in generation (Train): 1486.48 | Mean fitness (Train): 814.92 | Mean fitness (Test): 1728.95
Generation 220 | Best fitness (Train): 1883.22 | Best fitness in generation (Train): 1629.89 | Mean fitness (Train): 914.46 | Mean fitness (Test): 1943.90
Generation 230 | Best fitness (Train): 1909.09 | Best fitness in generation (Train): 1707.21 | Mean fitness (Train): 928.30 | Mean fitness (Test): 1931.97
Generation 240 | Best fitness (Train): 1962.79 | Best fitness in generation (Train): 1656.33 | Mean fitness (Train): 975.89 | Mean fitness (Test): 2053.95
Generation 250 | Best fitness (Train): 1962.79 | Best fitness in generation (Train): 1781.11 | Mean fitness (Train): 1028.48 | Mean fitness (Test): 2080.28
Generation 260 | Best fitness (Train): 1962.79 | Best fitness in generation (Train): 1687.60 | Mean fitness (Train): 1005.93 | Mean fitness (Test): 2071.53
Generation 270 | Best fitness (Train): 2000.68 | Best fitness in generation (Train): 2000.68 | Mean fitness (Train): 1081.18 | Mean fitness (Test): 2020.81
Generation 280 | Best fitness (Train): 2000.68 | Best fitness in generation (Train): 1859.44 | Mean fitness (Train): 1107.71 | Mean fitness (Test): 2210.45
Generation 290 | Best fitness (Train): 2032.54 | Best fitness in generation (Train): 1856.56 | Mean fitness (Train): 1193.86 | Mean fitness (Test): 2137.73
Generation 300 | Best fitness (Train): 2042.60 | Best fitness in generation (Train): 1834.99 | Mean fitness (Train): 1185.79 | Mean fitness (Test): 2084.23
Generation 310 | Best fitness (Train): 2084.52 | Best fitness in generation (Train): 1834.94 | Mean fitness (Train): 1205.36 | Mean fitness (Test): 2063.47
Generation 320 | Best fitness (Train): 2084.52 | Best fitness in generation (Train): 1861.38 | Mean fitness (Train): 1158.22 | Mean fitness (Test): 2156.97
Generation 330 | Best fitness (Train): 2132.63 | Best fitness in generation (Train): 1965.80 | Mean fitness (Train): 1276.26 | Mean fitness (Test): 2149.45
Generation 340 | Best fitness (Train): 2132.63 | Best fitness in generation (Train): 1925.57 | Mean fitness (Train): 1282.61 | Mean fitness (Test): 2060.19
Generation 350 | Best fitness (Train): 2132.63 | Best fitness in generation (Train): 2071.92 | Mean fitness (Train): 1366.50 | Mean fitness (Test): 2298.30
Generation 360 | Best fitness (Train): 2132.63 | Best fitness in generation (Train): 2057.67 | Mean fitness (Train): 1341.82 | Mean fitness (Test): 2366.66
Generation 370 | Best fitness (Train): 2132.63 | Best fitness in generation (Train): 2062.95 | Mean fitness (Train): 1429.45 | Mean fitness (Test): 2169.95
Generation 380 | Best fitness (Train): 2250.77 | Best fitness in generation (Train): 2115.37 | Mean fitness (Train): 1439.66 | Mean fitness (Test): 2411.99
Generation 390 | Best fitness (Train): 2268.48 | Best fitness in generation (Train): 2210.65 | Mean fitness (Train): 1492.49 | Mean fitness (Test): 2446.68
Generation 400 | Best fitness (Train): 2268.48 | Best fitness in generation (Train): 2235.00 | Mean fitness (Train): 1485.07 | Mean fitness (Test): 2527.94
Generation 410 | Best fitness (Train): 2268.48 | Best fitness in generation (Train): 2142.05 | Mean fitness (Train): 1549.65 | Mean fitness (Test): 2536.10
Generation 420 | Best fitness (Train): 2271.65 | Best fitness in generation (Train): 2217.25 | Mean fitness (Train): 1558.79 | Mean fitness (Test): 2508.45
Generation 430 | Best fitness (Train): 2278.59 | Best fitness in generation (Train): 2278.59 | Mean fitness (Train): 1612.55 | Mean fitness (Test): 2510.70
Generation 440 | Best fitness (Train): 2307.80 | Best fitness in generation (Train): 2229.45 | Mean fitness (Train): 1579.83 | Mean fitness (Test): 2514.92
Generation 450 | Best fitness (Train): 2336.86 | Best fitness in generation (Train): 2319.85 | Mean fitness (Train): 1673.44 | Mean fitness (Test): 2563.12
Generation 460 | Best fitness (Train): 2374.39 | Best fitness in generation (Train): 2322.56 | Mean fitness (Train): 1691.22 | Mean fitness (Test): 2581.89
Generation 470 | Best fitness (Train): 2374.39 | Best fitness in generation (Train): 2333.73 | Mean fitness (Train): 1652.14 | Mean fitness (Test): 2600.48
Generation 480 | Best fitness (Train): 2405.55 | Best fitness in generation (Train): 2363.11 | Mean fitness (Train): 1695.53 | Mean fitness (Test): 2577.60
Generation 490 | Best fitness (Train): 2488.13 | Best fitness in generation (Train): 2296.30 | Mean fitness (Train): 1727.52 | Mean fitness (Test): 2595.30
Generation 500 | Best fitness (Train): 2488.13 | Best fitness in generation (Train): 2422.46 | Mean fitness (Train): 1735.14 | Mean fitness (Test): 2578.89
Generation 510 | Best fitness (Train): 2488.13 | Best fitness in generation (Train): 2363.27 | Mean fitness (Train): 1827.46 | Mean fitness (Test): 2651.57
Generation 520 | Best fitness (Train): 2488.13 | Best fitness in generation (Train): 2381.00 | Mean fitness (Train): 1809.18 | Mean fitness (Test): 2623.26
Generation 530 | Best fitness (Train): 2488.13 | Best fitness in generation (Train): nan | Mean fitness (Train): nan | Mean fitness (Test): nan
Generation 540 | Best fitness (Train): 2488.13 | Best fitness in generation (Train): nan | Mean fitness (Train): nan | Mean fitness (Test): nan
Generation 550 | Best fitness (Train): 2488.13 | Best fitness in generation (Train): nan | Mean fitness (Train): nan | Mean fitness (Test): nan
Generation 560 | Best fitness (Train): 2488.13 | Best fitness in generation (Train): nan | Mean fitness (Train): nan | Mean fitness (Test): nan
Generation 570 | Best fitness (Train): 2488.13 | Best fitness in generation (Train): nan | Mean fitness (Train): nan | Mean fitness (Test): nan
Generation 580 | Best fitness (Train): 2488.13 | Best fitness in generation (Train): nan | Mean fitness (Train): nan | Mean fitness (Test): nan
Generation 590 | Best fitness (Train): 2488.13 | Best fitness in generation (Train): nan | Mean fitness (Train): nan | Mean fitness (Test): nan
Generation 600 | Best fitness (Train): 2488.13 | Best fitness in generation (Train): nan | Mean fitness (Train): nan | Mean fitness (Test): nan
Generation 610 | Best fitness (Train): 2488.13 | Best fitness in generation (Train): nan | Mean fitness (Train): nan | Mean fitness (Test): nan
Generation 620 | Best fitness (Train): 2488.13 | Best fitness in generation (Train): nan | Mean fitness (Train): nan | Mean fitness (Test): nan
Generation 630 | Best fitness (Train): 2488.13 | Best fitness in generation (Train): nan | Mean fitness (Train): nan | Mean fitness (Test): nan
Generation 640 | Best fitness (Train): 2488.13 | Best fitness in generation (Train): nan | Mean fitness (Train): nan | Mean fitness (Test): nan
Generation 650 | Best fitness (Train): 2488.13 | Best fitness in generation (Train): nan | Mean fitness (Train): nan | Mean fitness (Test): nan
Generation 660 | Best fitness (Train): 2488.13 | Best fitness in generation (Train): nan | Mean fitness (Train): nan | Mean fitness (Test): nan
Generation 670 | Best fitness (Train): 2488.13 | Best fitness in generation (Train): nan | Mean fitness (Train): nan | Mean fitness (Test): nan
Generation 680 | Best fitness (Train): 2488.13 | Best fitness in generation (Train): nan | Mean fitness (Train): nan | Mean fitness (Test): nan
Generation 690 | Best fitness (Train): 2488.13 | Best fitness in generation (Train): nan | Mean fitness (Train): nan | Mean fitness (Test): nan
Generation 700 | Best fitness (Train): 2488.13 | Best fitness in generation (Train): nan | Mean fitness (Train): nan | Mean fitness (Test): nan
Generation 710 | Best fitness (Train): 2488.13 | Best fitness in generation (Train): nan | Mean fitness (Train): nan | Mean fitness (Test): nan
Generation 720 | Best fitness (Train): 2488.13 | Best fitness in generation (Train): nan | Mean fitness (Train): nan | Mean fitness (Test): nan
Generation 730 | Best fitness (Train): 2488.13 | Best fitness in generation (Train): nan | Mean fitness (Train): nan | Mean fitness (Test): nan
Generation 740 | Best fitness (Train): 2488.13 | Best fitness in generation (Train): nan | Mean fitness (Train): nan | Mean fitness (Test): nan
Generation 750 | Best fitness (Train): 2488.13 | Best fitness in generation (Train): nan | Mean fitness (Train): nan | Mean fitness (Test): nan
Generation 760 | Best fitness (Train): 2488.13 | Best fitness in generation (Train): nan | Mean fitness (Train): nan | Mean fitness (Test): nan
Generation 770 | Best fitness (Train): 2488.13 | Best fitness in generation (Train): nan | Mean fitness (Train): nan | Mean fitness (Test): nan
Generation 780 | Best fitness (Train): 2488.13 | Best fitness in generation (Train): nan | Mean fitness (Train): nan | Mean fitness (Test): nan
Generation 790 | Best fitness (Train): 2488.13 | Best fitness in generation (Train): nan | Mean fitness (Train): nan | Mean fitness (Test): nan
Generation 800 | Best fitness (Train): 2488.13 | Best fitness in generation (Train): nan | Mean fitness (Train): nan | Mean fitness (Test): nan
Generation 810 | Best fitness (Train): 2488.13 | Best fitness in generation (Train): nan | Mean fitness (Train): nan | Mean fitness (Test): nan
Generation 820 | Best fitness (Train): 2488.13 | Best fitness in generation (Train): nan | Mean fitness (Train): nan | Mean fitness (Test): nan
Generation 830 | Best fitness (Train): 2488.13 | Best fitness in generation (Train): nan | Mean fitness (Train): nan | Mean fitness (Test): nan
Generation 840 | Best fitness (Train): 2488.13 | Best fitness in generation (Train): nan | Mean fitness (Train): nan | Mean fitness (Test): nan
Generation 850 | Best fitness (Train): 2488.13 | Best fitness in generation (Train): nan | Mean fitness (Train): nan | Mean fitness (Test): nan
Generation 860 | Best fitness (Train): 2488.13 | Best fitness in generation (Train): nan | Mean fitness (Train): nan | Mean fitness (Test): nan
Generation 870 | Best fitness (Train): 2488.13 | Best fitness in generation (Train): nan | Mean fitness (Train): nan | Mean fitness (Test): nan
Generation 880 | Best fitness (Train): 2488.13 | Best fitness in generation (Train): nan | Mean fitness (Train): nan | Mean fitness (Test): nan
Generation 890 | Best fitness (Train): 2488.13 | Best fitness in generation (Train): nan | Mean fitness (Train): nan | Mean fitness (Test): nan
Generation 900 | Best fitness (Train): 2488.13 | Best fitness in generation (Train): nan | Mean fitness (Train): nan | Mean fitness (Test): nan
Generation 910 | Best fitness (Train): 2488.13 | Best fitness in generation (Train): nan | Mean fitness (Train): nan | Mean fitness (Test): nan
Generation 920 | Best fitness (Train): 2488.13 | Best fitness in generation (Train): nan | Mean fitness (Train): nan | Mean fitness (Test): nan
Generation 930 | Best fitness (Train): 2488.13 | Best fitness in generation (Train): nan | Mean fitness (Train): nan | Mean fitness (Test): nan
Generation 940 | Best fitness (Train): 2488.13 | Best fitness in generation (Train): nan | Mean fitness (Train): nan | Mean fitness (Test): nan
Generation 950 | Best fitness (Train): 2488.13 | Best fitness in generation (Train): nan | Mean fitness (Train): nan | Mean fitness (Test): nan
Generation 960 | Best fitness (Train): 2488.13 | Best fitness in generation (Train): nan | Mean fitness (Train): nan | Mean fitness (Test): nan
Generation 970 | Best fitness (Train): 2488.13 | Best fitness in generation (Train): nan | Mean fitness (Train): nan | Mean fitness (Test): nan
Generation 980 | Best fitness (Train): 2488.13 | Best fitness in generation (Train): nan | Mean fitness (Train): nan | Mean fitness (Test): nan
Generation 990 | Best fitness (Train): 2488.13 | Best fitness in generation (Train): nan | Mean fitness (Train): nan | Mean fitness (Test): nan
Generation 1000 | Best fitness (Train): 2488.13 | Best fitness in generation (Train): nan | Mean fitness (Train): nan | Mean fitness (Test): nan
Running ES algorithms:   0%|                                                                                                          | 0/1 [00:00<?, ?it/s][A
Running ES algorithms: 100%|███████████████████████████████████████████████████████████████████████████████████████████| 1/1 [28:30:22<00:00, 102622.14s/it][ARunning ES algorithms: 100%|███████████████████████████████████████████████████████████████████████████████████████████| 1/1 [28:30:22<00:00, 102622.15s/it]
Successfully loaded: fast
Loading Problems ..:   8%|███████▎                                                                                | 1/12 [28:30:51<313:39:22, 102651.14s/it]
running the experiment ... [../../results/BraxProblem/fast/DiscoveredES/0]
Generation 010 | Best fitness (Train): 66867.05 | Best fitness in generation (Train): 66867.05 | Mean fitness (Train): 57512.64 | Mean fitness (Test): 66867.05
Generation 020 | Best fitness (Train): 66867.05 | Best fitness in generation (Train): 66867.05 | Mean fitness (Train): 66867.05 | Mean fitness (Test): 66867.05
Generation 030 | Best fitness (Train): 66867.05 | Best fitness in generation (Train): 66867.05 | Mean fitness (Train): 66867.05 | Mean fitness (Test): 66867.05
Generation 040 | Best fitness (Train): 66867.05 | Best fitness in generation (Train): 66867.05 | Mean fitness (Train): 66867.05 | Mean fitness (Test): 66867.05
Generation 050 | Best fitness (Train): 66867.05 | Best fitness in generation (Train): 66867.05 | Mean fitness (Train): 66867.05 | Mean fitness (Test): 66867.05
Generation 060 | Best fitness (Train): 66867.05 | Best fitness in generation (Train): 66867.05 | Mean fitness (Train): 66867.05 | Mean fitness (Test): 66867.05
Generation 070 | Best fitness (Train): 66867.05 | Best fitness in generation (Train): 66867.05 | Mean fitness (Train): 66867.05 | Mean fitness (Test): 66867.05
Generation 080 | Best fitness (Train): 66867.05 | Best fitness in generation (Train): 66867.05 | Mean fitness (Train): 66867.05 | Mean fitness (Test): 66867.05
Generation 090 | Best fitness (Train): 66867.05 | Best fitness in generation (Train): 66867.05 | Mean fitness (Train): 66867.05 | Mean fitness (Test): 66867.05
Generation 100 | Best fitness (Train): 66867.05 | Best fitness in generation (Train): 66867.05 | Mean fitness (Train): 66867.05 | Mean fitness (Test): 66867.05
Generation 110 | Best fitness (Train): 66867.05 | Best fitness in generation (Train): 66867.05 | Mean fitness (Train): 66867.05 | Mean fitness (Test): 66867.05
Generation 120 | Best fitness (Train): 66867.05 | Best fitness in generation (Train): 66867.05 | Mean fitness (Train): 66867.05 | Mean fitness (Test): 66867.05
Generation 130 | Best fitness (Train): 66867.05 | Best fitness in generation (Train): 66867.05 | Mean fitness (Train): 66867.05 | Mean fitness (Test): 66867.05
Generation 140 | Best fitness (Train): 66867.05 | Best fitness in generation (Train): 66867.05 | Mean fitness (Train): 66867.05 | Mean fitness (Test): 66867.05
Generation 150 | Best fitness (Train): 66867.05 | Best fitness in generation (Train): 66867.05 | Mean fitness (Train): 66867.05 | Mean fitness (Test): 66867.05
Generation 160 | Best fitness (Train): 66867.05 | Best fitness in generation (Train): 66867.05 | Mean fitness (Train): 66867.05 | Mean fitness (Test): 66867.05
Generation 170 | Best fitness (Train): 66867.05 | Best fitness in generation (Train): 66867.05 | Mean fitness (Train): 66867.05 | Mean fitness (Test): 66867.05
Generation 180 | Best fitness (Train): 66867.05 | Best fitness in generation (Train): 66867.05 | Mean fitness (Train): 66867.05 | Mean fitness (Test): 66867.05
Generation 190 | Best fitness (Train): 66867.05 | Best fitness in generation (Train): 66867.05 | Mean fitness (Train): 66867.05 | Mean fitness (Test): 66867.05
Generation 200 | Best fitness (Train): 66867.05 | Best fitness in generation (Train): 66867.05 | Mean fitness (Train): 66867.05 | Mean fitness (Test): 66867.05
Generation 210 | Best fitness (Train): 66867.05 | Best fitness in generation (Train): 66867.05 | Mean fitness (Train): 66867.05 | Mean fitness (Test): 66867.05
Generation 220 | Best fitness (Train): 66867.05 | Best fitness in generation (Train): 66867.05 | Mean fitness (Train): 66867.05 | Mean fitness (Test): 66867.05
Generation 230 | Best fitness (Train): 66867.05 | Best fitness in generation (Train): 66867.05 | Mean fitness (Train): 66867.05 | Mean fitness (Test): 66867.05
Generation 240 | Best fitness (Train): 66867.05 | Best fitness in generation (Train): 66867.05 | Mean fitness (Train): 66867.05 | Mean fitness (Test): 66867.05
Generation 250 | Best fitness (Train): 66867.05 | Best fitness in generation (Train): 66867.05 | Mean fitness (Train): 66867.05 | Mean fitness (Test): 66867.05
Generation 260 | Best fitness (Train): 66867.05 | Best fitness in generation (Train): 66867.05 | Mean fitness (Train): 66867.05 | Mean fitness (Test): 66867.05
Generation 270 | Best fitness (Train): 66867.05 | Best fitness in generation (Train): 66867.05 | Mean fitness (Train): 66867.05 | Mean fitness (Test): 66867.05
Generation 280 | Best fitness (Train): 66867.05 | Best fitness in generation (Train): 66867.05 | Mean fitness (Train): 66867.05 | Mean fitness (Test): 66867.05
Generation 290 | Best fitness (Train): 66867.05 | Best fitness in generation (Train): 66867.05 | Mean fitness (Train): 66867.05 | Mean fitness (Test): 66867.05
Generation 300 | Best fitness (Train): 66867.05 | Best fitness in generation (Train): 66867.05 | Mean fitness (Train): 66867.05 | Mean fitness (Test): 66867.05
Generation 310 | Best fitness (Train): 66867.05 | Best fitness in generation (Train): 66867.05 | Mean fitness (Train): 66867.05 | Mean fitness (Test): 66867.05
Generation 320 | Best fitness (Train): 66867.05 | Best fitness in generation (Train): 66867.05 | Mean fitness (Train): 66867.05 | Mean fitness (Test): 66867.05
Generation 330 | Best fitness (Train): 66867.05 | Best fitness in generation (Train): 66867.05 | Mean fitness (Train): 66867.05 | Mean fitness (Test): 66867.05
Generation 340 | Best fitness (Train): 66867.05 | Best fitness in generation (Train): 66867.05 | Mean fitness (Train): 66867.05 | Mean fitness (Test): 66867.05
Generation 350 | Best fitness (Train): 66867.05 | Best fitness in generation (Train): 66867.05 | Mean fitness (Train): 66867.05 | Mean fitness (Test): 66867.05
Generation 360 | Best fitness (Train): 66867.05 | Best fitness in generation (Train): 66867.05 | Mean fitness (Train): 66867.05 | Mean fitness (Test): 66867.05
Generation 370 | Best fitness (Train): 66867.05 | Best fitness in generation (Train): 66867.05 | Mean fitness (Train): 66867.05 | Mean fitness (Test): 66867.05
Generation 380 | Best fitness (Train): 66867.05 | Best fitness in generation (Train): 66867.05 | Mean fitness (Train): 66867.05 | Mean fitness (Test): 66867.05
Generation 390 | Best fitness (Train): 66867.05 | Best fitness in generation (Train): 66867.05 | Mean fitness (Train): 66867.05 | Mean fitness (Test): 66867.05
Generation 400 | Best fitness (Train): 66867.05 | Best fitness in generation (Train): 66867.05 | Mean fitness (Train): 66867.05 | Mean fitness (Test): 66867.05
Generation 410 | Best fitness (Train): 66867.05 | Best fitness in generation (Train): 66867.05 | Mean fitness (Train): 66867.05 | Mean fitness (Test): 66867.05
Generation 420 | Best fitness (Train): 66867.05 | Best fitness in generation (Train): 66867.05 | Mean fitness (Train): 66867.05 | Mean fitness (Test): 66867.05
Generation 430 | Best fitness (Train): 66867.05 | Best fitness in generation (Train): 66867.05 | Mean fitness (Train): 66867.05 | Mean fitness (Test): 66867.05
Generation 440 | Best fitness (Train): 66867.05 | Best fitness in generation (Train): 66867.05 | Mean fitness (Train): 66867.05 | Mean fitness (Test): 66867.05
Generation 450 | Best fitness (Train): 66867.05 | Best fitness in generation (Train): 66867.05 | Mean fitness (Train): 66867.05 | Mean fitness (Test): 66867.05
Generation 460 | Best fitness (Train): 66867.05 | Best fitness in generation (Train): 66867.05 | Mean fitness (Train): 66867.05 | Mean fitness (Test): 66867.05
Generation 470 | Best fitness (Train): 66867.05 | Best fitness in generation (Train): 66867.05 | Mean fitness (Train): 66867.05 | Mean fitness (Test): 66867.05
Generation 480 | Best fitness (Train): 66867.05 | Best fitness in generation (Train): 66867.05 | Mean fitness (Train): 66867.05 | Mean fitness (Test): 66867.05
Generation 490 | Best fitness (Train): 66867.05 | Best fitness in generation (Train): 66867.05 | Mean fitness (Train): 66867.05 | Mean fitness (Test): 66867.05
Generation 500 | Best fitness (Train): 66867.05 | Best fitness in generation (Train): 66867.05 | Mean fitness (Train): 66867.05 | Mean fitness (Test): 66867.05
Generation 510 | Best fitness (Train): 66867.05 | Best fitness in generation (Train): 66867.05 | Mean fitness (Train): 66867.05 | Mean fitness (Test): 66867.05
Generation 520 | Best fitness (Train): 66867.05 | Best fitness in generation (Train): 66867.05 | Mean fitness (Train): 66867.05 | Mean fitness (Test): 66867.05
Generation 530 | Best fitness (Train): 66867.05 | Best fitness in generation (Train): 0.00 | Mean fitness (Train): 0.00 | Mean fitness (Test): 0.00
Generation 540 | Best fitness (Train): 66867.05 | Best fitness in generation (Train): 0.00 | Mean fitness (Train): 0.00 | Mean fitness (Test): 0.00
Generation 550 | Best fitness (Train): 66867.05 | Best fitness in generation (Train): 0.00 | Mean fitness (Train): 0.00 | Mean fitness (Test): 0.00
Generation 560 | Best fitness (Train): 66867.05 | Best fitness in generation (Train): 0.00 | Mean fitness (Train): 0.00 | Mean fitness (Test): 0.00
Generation 570 | Best fitness (Train): 66867.05 | Best fitness in generation (Train): 0.00 | Mean fitness (Train): 0.00 | Mean fitness (Test): 0.00
Generation 580 | Best fitness (Train): 66867.05 | Best fitness in generation (Train): 0.00 | Mean fitness (Train): 0.00 | Mean fitness (Test): 0.00
Generation 590 | Best fitness (Train): 66867.05 | Best fitness in generation (Train): 0.00 | Mean fitness (Train): 0.00 | Mean fitness (Test): 0.00
Generation 600 | Best fitness (Train): 66867.05 | Best fitness in generation (Train): 0.00 | Mean fitness (Train): 0.00 | Mean fitness (Test): 0.00
Generation 610 | Best fitness (Train): 66867.05 | Best fitness in generation (Train): 0.00 | Mean fitness (Train): 0.00 | Mean fitness (Test): 0.00
Generation 620 | Best fitness (Train): 66867.05 | Best fitness in generation (Train): 0.00 | Mean fitness (Train): 0.00 | Mean fitness (Test): 0.00
Generation 630 | Best fitness (Train): 66867.05 | Best fitness in generation (Train): 0.00 | Mean fitness (Train): 0.00 | Mean fitness (Test): 0.00
Generation 640 | Best fitness (Train): 66867.05 | Best fitness in generation (Train): 0.00 | Mean fitness (Train): 0.00 | Mean fitness (Test): 0.00
Generation 650 | Best fitness (Train): 66867.05 | Best fitness in generation (Train): 0.00 | Mean fitness (Train): 0.00 | Mean fitness (Test): 0.00
Generation 660 | Best fitness (Train): 66867.05 | Best fitness in generation (Train): 0.00 | Mean fitness (Train): 0.00 | Mean fitness (Test): 0.00
Generation 670 | Best fitness (Train): 66867.05 | Best fitness in generation (Train): 0.00 | Mean fitness (Train): 0.00 | Mean fitness (Test): 0.00
Generation 680 | Best fitness (Train): 66867.05 | Best fitness in generation (Train): 0.00 | Mean fitness (Train): 0.00 | Mean fitness (Test): 0.00
Generation 690 | Best fitness (Train): 66867.05 | Best fitness in generation (Train): 0.00 | Mean fitness (Train): 0.00 | Mean fitness (Test): 0.00
Generation 700 | Best fitness (Train): 66867.05 | Best fitness in generation (Train): 0.00 | Mean fitness (Train): 0.00 | Mean fitness (Test): 0.00
Generation 710 | Best fitness (Train): 66867.05 | Best fitness in generation (Train): 0.00 | Mean fitness (Train): 0.00 | Mean fitness (Test): 0.00
Generation 720 | Best fitness (Train): 66867.05 | Best fitness in generation (Train): 0.00 | Mean fitness (Train): 0.00 | Mean fitness (Test): 0.00
Generation 730 | Best fitness (Train): 66867.05 | Best fitness in generation (Train): 0.00 | Mean fitness (Train): 0.00 | Mean fitness (Test): 0.00
Generation 740 | Best fitness (Train): 66867.05 | Best fitness in generation (Train): 0.00 | Mean fitness (Train): 0.00 | Mean fitness (Test): 0.00
Generation 750 | Best fitness (Train): 66867.05 | Best fitness in generation (Train): 0.00 | Mean fitness (Train): 0.00 | Mean fitness (Test): 0.00
Generation 760 | Best fitness (Train): 66867.05 | Best fitness in generation (Train): 0.00 | Mean fitness (Train): 0.00 | Mean fitness (Test): 0.00
Generation 770 | Best fitness (Train): 66867.05 | Best fitness in generation (Train): 0.00 | Mean fitness (Train): 0.00 | Mean fitness (Test): 0.00
Generation 780 | Best fitness (Train): 66867.05 | Best fitness in generation (Train): 0.00 | Mean fitness (Train): 0.00 | Mean fitness (Test): 0.00
Generation 790 | Best fitness (Train): 66867.05 | Best fitness in generation (Train): 0.00 | Mean fitness (Train): 0.00 | Mean fitness (Test): 0.00
Generation 800 | Best fitness (Train): 66867.05 | Best fitness in generation (Train): 0.00 | Mean fitness (Train): 0.00 | Mean fitness (Test): 0.00
Generation 810 | Best fitness (Train): 66867.05 | Best fitness in generation (Train): 0.00 | Mean fitness (Train): 0.00 | Mean fitness (Test): 0.00
Generation 820 | Best fitness (Train): 66867.05 | Best fitness in generation (Train): 0.00 | Mean fitness (Train): 0.00 | Mean fitness (Test): 0.00
Generation 830 | Best fitness (Train): 66867.05 | Best fitness in generation (Train): 0.00 | Mean fitness (Train): 0.00 | Mean fitness (Test): 0.00
Generation 840 | Best fitness (Train): 66867.05 | Best fitness in generation (Train): 0.00 | Mean fitness (Train): 0.00 | Mean fitness (Test): 0.00
Generation 850 | Best fitness (Train): 66867.05 | Best fitness in generation (Train): 0.00 | Mean fitness (Train): 0.00 | Mean fitness (Test): 0.00
Generation 860 | Best fitness (Train): 66867.05 | Best fitness in generation (Train): 0.00 | Mean fitness (Train): 0.00 | Mean fitness (Test): 0.00
Generation 870 | Best fitness (Train): 66867.05 | Best fitness in generation (Train): 0.00 | Mean fitness (Train): 0.00 | Mean fitness (Test): 0.00
Generation 880 | Best fitness (Train): 66867.05 | Best fitness in generation (Train): 0.00 | Mean fitness (Train): 0.00 | Mean fitness (Test): 0.00
Generation 890 | Best fitness (Train): 66867.05 | Best fitness in generation (Train): 0.00 | Mean fitness (Train): 0.00 | Mean fitness (Test): 0.00
Generation 900 | Best fitness (Train): 66867.05 | Best fitness in generation (Train): 0.00 | Mean fitness (Train): 0.00 | Mean fitness (Test): 0.00
Generation 910 | Best fitness (Train): 66867.05 | Best fitness in generation (Train): 0.00 | Mean fitness (Train): 0.00 | Mean fitness (Test): 0.00
Generation 920 | Best fitness (Train): 66867.05 | Best fitness in generation (Train): 0.00 | Mean fitness (Train): 0.00 | Mean fitness (Test): 0.00
Generation 930 | Best fitness (Train): 66867.05 | Best fitness in generation (Train): 0.00 | Mean fitness (Train): 0.00 | Mean fitness (Test): 0.00
Generation 940 | Best fitness (Train): 66867.05 | Best fitness in generation (Train): 0.00 | Mean fitness (Train): 0.00 | Mean fitness (Test): 0.00
Generation 950 | Best fitness (Train): 66867.05 | Best fitness in generation (Train): 0.00 | Mean fitness (Train): 0.00 | Mean fitness (Test): 0.00
Generation 960 | Best fitness (Train): 66867.05 | Best fitness in generation (Train): 0.00 | Mean fitness (Train): 0.00 | Mean fitness (Test): 0.00
Generation 970 | Best fitness (Train): 66867.05 | Best fitness in generation (Train): 0.00 | Mean fitness (Train): 0.00 | Mean fitness (Test): 0.00
Generation 980 | Best fitness (Train): 66867.05 | Best fitness in generation (Train): 0.00 | Mean fitness (Train): 0.00 | Mean fitness (Test): 0.00
Generation 990 | Best fitness (Train): 66867.05 | Best fitness in generation (Train): 0.00 | Mean fitness (Train): 0.00 | Mean fitness (Test): 0.00
Generation 1000 | Best fitness (Train): 66867.05 | Best fitness in generation (Train): 0.00 | Mean fitness (Train): 0.00 | Mean fitness (Test): 0.00
Failed to generate visualization: 'Fast' object has no attribute 'sys'
running the experiment ... [../../results/BraxProblem/fast/DiscoveredES/1]
Generation 010 | Best fitness (Train): 66867.05 | Best fitness in generation (Train): 66867.05 | Mean fitness (Train): 60392.30 | Mean fitness (Test): 66867.05
Generation 020 | Best fitness (Train): 66867.05 | Best fitness in generation (Train): 66867.05 | Mean fitness (Train): 66867.05 | Mean fitness (Test): 66867.05
Generation 030 | Best fitness (Train): 66867.05 | Best fitness in generation (Train): 66867.05 | Mean fitness (Train): 66867.05 | Mean fitness (Test): 66867.05
Generation 040 | Best fitness (Train): 66867.05 | Best fitness in generation (Train): 66867.05 | Mean fitness (Train): 66867.05 | Mean fitness (Test): 66867.05
Generation 050 | Best fitness (Train): 66867.05 | Best fitness in generation (Train): 66867.05 | Mean fitness (Train): 66867.05 | Mean fitness (Test): 66867.05
Generation 060 | Best fitness (Train): 66867.05 | Best fitness in generation (Train): 66867.05 | Mean fitness (Train): 66867.05 | Mean fitness (Test): 66867.05
Generation 070 | Best fitness (Train): 66867.05 | Best fitness in generation (Train): 66867.05 | Mean fitness (Train): 66867.05 | Mean fitness (Test): 66867.05
Generation 080 | Best fitness (Train): 66867.05 | Best fitness in generation (Train): 66867.05 | Mean fitness (Train): 66867.05 | Mean fitness (Test): 66867.05
Generation 090 | Best fitness (Train): 66867.05 | Best fitness in generation (Train): 66867.05 | Mean fitness (Train): 66867.05 | Mean fitness (Test): 66867.05
Generation 100 | Best fitness (Train): 66867.05 | Best fitness in generation (Train): 66867.05 | Mean fitness (Train): 66867.05 | Mean fitness (Test): 66867.05
Generation 110 | Best fitness (Train): 66867.05 | Best fitness in generation (Train): 66867.05 | Mean fitness (Train): 66867.05 | Mean fitness (Test): 66867.05
Generation 120 | Best fitness (Train): 66867.05 | Best fitness in generation (Train): 66867.05 | Mean fitness (Train): 66867.05 | Mean fitness (Test): 66867.05
Generation 130 | Best fitness (Train): 66867.05 | Best fitness in generation (Train): 66867.05 | Mean fitness (Train): 66867.05 | Mean fitness (Test): 66867.05
Generation 140 | Best fitness (Train): 66867.05 | Best fitness in generation (Train): 66867.05 | Mean fitness (Train): 66867.05 | Mean fitness (Test): 66867.05
Generation 150 | Best fitness (Train): 66867.05 | Best fitness in generation (Train): 66867.05 | Mean fitness (Train): 66867.05 | Mean fitness (Test): 66867.05
Generation 160 | Best fitness (Train): 66867.05 | Best fitness in generation (Train): 66867.05 | Mean fitness (Train): 66867.05 | Mean fitness (Test): 66867.05
Generation 170 | Best fitness (Train): 66867.05 | Best fitness in generation (Train): 66867.05 | Mean fitness (Train): 66867.05 | Mean fitness (Test): 66867.05
Generation 180 | Best fitness (Train): 66867.05 | Best fitness in generation (Train): 66867.05 | Mean fitness (Train): 66867.05 | Mean fitness (Test): 66867.05
Generation 190 | Best fitness (Train): 66867.05 | Best fitness in generation (Train): 66867.05 | Mean fitness (Train): 66867.05 | Mean fitness (Test): 66867.05
Generation 200 | Best fitness (Train): 66867.05 | Best fitness in generation (Train): 66867.05 | Mean fitness (Train): 66867.05 | Mean fitness (Test): 66867.05
Generation 210 | Best fitness (Train): 66867.05 | Best fitness in generation (Train): 66867.05 | Mean fitness (Train): 66867.05 | Mean fitness (Test): 66867.05
Generation 220 | Best fitness (Train): 66867.05 | Best fitness in generation (Train): 66867.05 | Mean fitness (Train): 66867.05 | Mean fitness (Test): 66867.05
Generation 230 | Best fitness (Train): 66867.05 | Best fitness in generation (Train): 66867.05 | Mean fitness (Train): 66867.05 | Mean fitness (Test): 66867.05
Generation 240 | Best fitness (Train): 66867.05 | Best fitness in generation (Train): 66867.05 | Mean fitness (Train): 66867.05 | Mean fitness (Test): 66867.05
Generation 250 | Best fitness (Train): 66867.05 | Best fitness in generation (Train): 66867.05 | Mean fitness (Train): 66867.05 | Mean fitness (Test): 66867.05
Generation 260 | Best fitness (Train): 66867.05 | Best fitness in generation (Train): 66867.05 | Mean fitness (Train): 66867.05 | Mean fitness (Test): 66867.05
Generation 270 | Best fitness (Train): 66867.05 | Best fitness in generation (Train): 66867.05 | Mean fitness (Train): 66867.05 | Mean fitness (Test): 66867.05
Generation 280 | Best fitness (Train): 66867.05 | Best fitness in generation (Train): 66867.05 | Mean fitness (Train): 66867.05 | Mean fitness (Test): 66867.05
Generation 290 | Best fitness (Train): 66867.05 | Best fitness in generation (Train): 66867.05 | Mean fitness (Train): 66867.05 | Mean fitness (Test): 66867.05
Generation 300 | Best fitness (Train): 66867.05 | Best fitness in generation (Train): 66867.05 | Mean fitness (Train): 66867.05 | Mean fitness (Test): 66867.05
Generation 310 | Best fitness (Train): 66867.05 | Best fitness in generation (Train): 66867.05 | Mean fitness (Train): 66867.05 | Mean fitness (Test): 66867.05
Generation 320 | Best fitness (Train): 66867.05 | Best fitness in generation (Train): 66867.05 | Mean fitness (Train): 66867.05 | Mean fitness (Test): 66867.05
Generation 330 | Best fitness (Train): 66867.05 | Best fitness in generation (Train): 66867.05 | Mean fitness (Train): 66867.05 | Mean fitness (Test): 66867.05
Generation 340 | Best fitness (Train): 66867.05 | Best fitness in generation (Train): 66867.05 | Mean fitness (Train): 66867.05 | Mean fitness (Test): 66867.05
Generation 350 | Best fitness (Train): 66867.05 | Best fitness in generation (Train): 66867.05 | Mean fitness (Train): 66867.05 | Mean fitness (Test): 66867.05
Generation 360 | Best fitness (Train): 66867.05 | Best fitness in generation (Train): 66867.05 | Mean fitness (Train): 66867.05 | Mean fitness (Test): 66867.05
Generation 370 | Best fitness (Train): 66867.05 | Best fitness in generation (Train): 66867.05 | Mean fitness (Train): 66867.05 | Mean fitness (Test): 66867.05
Generation 380 | Best fitness (Train): 66867.05 | Best fitness in generation (Train): 66867.05 | Mean fitness (Train): 66867.05 | Mean fitness (Test): 66867.05
Generation 390 | Best fitness (Train): 66867.05 | Best fitness in generation (Train): 66867.05 | Mean fitness (Train): 66867.05 | Mean fitness (Test): 66867.05
Generation 400 | Best fitness (Train): 66867.05 | Best fitness in generation (Train): 66867.05 | Mean fitness (Train): 66867.05 | Mean fitness (Test): 66867.05
Generation 410 | Best fitness (Train): 66867.05 | Best fitness in generation (Train): 66867.05 | Mean fitness (Train): 66867.05 | Mean fitness (Test): 66867.05
Generation 420 | Best fitness (Train): 66867.05 | Best fitness in generation (Train): 66867.05 | Mean fitness (Train): 66867.05 | Mean fitness (Test): 66867.05
Generation 430 | Best fitness (Train): 66867.05 | Best fitness in generation (Train): 66867.05 | Mean fitness (Train): 66867.05 | Mean fitness (Test): 66867.05
Generation 440 | Best fitness (Train): 66867.05 | Best fitness in generation (Train): 66867.05 | Mean fitness (Train): 66867.05 | Mean fitness (Test): 66867.05
Generation 450 | Best fitness (Train): 66867.05 | Best fitness in generation (Train): 66867.05 | Mean fitness (Train): 66867.05 | Mean fitness (Test): 66867.05
Generation 460 | Best fitness (Train): 66867.05 | Best fitness in generation (Train): 66867.05 | Mean fitness (Train): 66867.05 | Mean fitness (Test): 66867.05
Generation 470 | Best fitness (Train): 66867.05 | Best fitness in generation (Train): 66867.05 | Mean fitness (Train): 66867.05 | Mean fitness (Test): 66867.05
Generation 480 | Best fitness (Train): 66867.05 | Best fitness in generation (Train): 66867.05 | Mean fitness (Train): 66867.05 | Mean fitness (Test): 66867.05
Generation 490 | Best fitness (Train): 66867.05 | Best fitness in generation (Train): 66867.05 | Mean fitness (Train): 66867.05 | Mean fitness (Test): 66867.05
Generation 500 | Best fitness (Train): 66867.05 | Best fitness in generation (Train): 66867.05 | Mean fitness (Train): 66867.05 | Mean fitness (Test): 66867.05
Generation 510 | Best fitness (Train): 66867.05 | Best fitness in generation (Train): 66867.05 | Mean fitness (Train): 66867.05 | Mean fitness (Test): 66867.05
Generation 520 | Best fitness (Train): 66867.05 | Best fitness in generation (Train): 66867.05 | Mean fitness (Train): 66867.05 | Mean fitness (Test): 66867.05
Generation 530 | Best fitness (Train): 66867.05 | Best fitness in generation (Train): 0.00 | Mean fitness (Train): 0.00 | Mean fitness (Test): 0.00
Generation 540 | Best fitness (Train): 66867.05 | Best fitness in generation (Train): 0.00 | Mean fitness (Train): 0.00 | Mean fitness (Test): 0.00
Generation 550 | Best fitness (Train): 66867.05 | Best fitness in generation (Train): 0.00 | Mean fitness (Train): 0.00 | Mean fitness (Test): 0.00
Generation 560 | Best fitness (Train): 66867.05 | Best fitness in generation (Train): 0.00 | Mean fitness (Train): 0.00 | Mean fitness (Test): 0.00
Generation 570 | Best fitness (Train): 66867.05 | Best fitness in generation (Train): 0.00 | Mean fitness (Train): 0.00 | Mean fitness (Test): 0.00
Generation 580 | Best fitness (Train): 66867.05 | Best fitness in generation (Train): 0.00 | Mean fitness (Train): 0.00 | Mean fitness (Test): 0.00
Generation 590 | Best fitness (Train): 66867.05 | Best fitness in generation (Train): 0.00 | Mean fitness (Train): 0.00 | Mean fitness (Test): 0.00
Generation 600 | Best fitness (Train): 66867.05 | Best fitness in generation (Train): 0.00 | Mean fitness (Train): 0.00 | Mean fitness (Test): 0.00
Generation 610 | Best fitness (Train): 66867.05 | Best fitness in generation (Train): 0.00 | Mean fitness (Train): 0.00 | Mean fitness (Test): 0.00
Generation 620 | Best fitness (Train): 66867.05 | Best fitness in generation (Train): 0.00 | Mean fitness (Train): 0.00 | Mean fitness (Test): 0.00
Generation 630 | Best fitness (Train): 66867.05 | Best fitness in generation (Train): 0.00 | Mean fitness (Train): 0.00 | Mean fitness (Test): 0.00
Generation 640 | Best fitness (Train): 66867.05 | Best fitness in generation (Train): 0.00 | Mean fitness (Train): 0.00 | Mean fitness (Test): 0.00
Generation 650 | Best fitness (Train): 66867.05 | Best fitness in generation (Train): 0.00 | Mean fitness (Train): 0.00 | Mean fitness (Test): 0.00
Generation 660 | Best fitness (Train): 66867.05 | Best fitness in generation (Train): 0.00 | Mean fitness (Train): 0.00 | Mean fitness (Test): 0.00
Generation 670 | Best fitness (Train): 66867.05 | Best fitness in generation (Train): 0.00 | Mean fitness (Train): 0.00 | Mean fitness (Test): 0.00
Generation 680 | Best fitness (Train): 66867.05 | Best fitness in generation (Train): 0.00 | Mean fitness (Train): 0.00 | Mean fitness (Test): 0.00
Generation 690 | Best fitness (Train): 66867.05 | Best fitness in generation (Train): 0.00 | Mean fitness (Train): 0.00 | Mean fitness (Test): 0.00
Generation 700 | Best fitness (Train): 66867.05 | Best fitness in generation (Train): 0.00 | Mean fitness (Train): 0.00 | Mean fitness (Test): 0.00
Generation 710 | Best fitness (Train): 66867.05 | Best fitness in generation (Train): 0.00 | Mean fitness (Train): 0.00 | Mean fitness (Test): 0.00
Generation 720 | Best fitness (Train): 66867.05 | Best fitness in generation (Train): 0.00 | Mean fitness (Train): 0.00 | Mean fitness (Test): 0.00
Generation 730 | Best fitness (Train): 66867.05 | Best fitness in generation (Train): 0.00 | Mean fitness (Train): 0.00 | Mean fitness (Test): 0.00
Generation 740 | Best fitness (Train): 66867.05 | Best fitness in generation (Train): 0.00 | Mean fitness (Train): 0.00 | Mean fitness (Test): 0.00
Generation 750 | Best fitness (Train): 66867.05 | Best fitness in generation (Train): 0.00 | Mean fitness (Train): 0.00 | Mean fitness (Test): 0.00
Generation 760 | Best fitness (Train): 66867.05 | Best fitness in generation (Train): 0.00 | Mean fitness (Train): 0.00 | Mean fitness (Test): 0.00
Generation 770 | Best fitness (Train): 66867.05 | Best fitness in generation (Train): 0.00 | Mean fitness (Train): 0.00 | Mean fitness (Test): 0.00
Generation 780 | Best fitness (Train): 66867.05 | Best fitness in generation (Train): 0.00 | Mean fitness (Train): 0.00 | Mean fitness (Test): 0.00
Generation 790 | Best fitness (Train): 66867.05 | Best fitness in generation (Train): 0.00 | Mean fitness (Train): 0.00 | Mean fitness (Test): 0.00
Generation 800 | Best fitness (Train): 66867.05 | Best fitness in generation (Train): 0.00 | Mean fitness (Train): 0.00 | Mean fitness (Test): 0.00
Generation 810 | Best fitness (Train): 66867.05 | Best fitness in generation (Train): 0.00 | Mean fitness (Train): 0.00 | Mean fitness (Test): 0.00
Generation 820 | Best fitness (Train): 66867.05 | Best fitness in generation (Train): 0.00 | Mean fitness (Train): 0.00 | Mean fitness (Test): 0.00
Generation 830 | Best fitness (Train): 66867.05 | Best fitness in generation (Train): 0.00 | Mean fitness (Train): 0.00 | Mean fitness (Test): 0.00
Generation 840 | Best fitness (Train): 66867.05 | Best fitness in generation (Train): 0.00 | Mean fitness (Train): 0.00 | Mean fitness (Test): 0.00
Generation 850 | Best fitness (Train): 66867.05 | Best fitness in generation (Train): 0.00 | Mean fitness (Train): 0.00 | Mean fitness (Test): 0.00
Generation 860 | Best fitness (Train): 66867.05 | Best fitness in generation (Train): 0.00 | Mean fitness (Train): 0.00 | Mean fitness (Test): 0.00
Generation 870 | Best fitness (Train): 66867.05 | Best fitness in generation (Train): 0.00 | Mean fitness (Train): 0.00 | Mean fitness (Test): 0.00
Generation 880 | Best fitness (Train): 66867.05 | Best fitness in generation (Train): 0.00 | Mean fitness (Train): 0.00 | Mean fitness (Test): 0.00
Generation 890 | Best fitness (Train): 66867.05 | Best fitness in generation (Train): 0.00 | Mean fitness (Train): 0.00 | Mean fitness (Test): 0.00
Generation 900 | Best fitness (Train): 66867.05 | Best fitness in generation (Train): 0.00 | Mean fitness (Train): 0.00 | Mean fitness (Test): 0.00
Generation 910 | Best fitness (Train): 66867.05 | Best fitness in generation (Train): 0.00 | Mean fitness (Train): 0.00 | Mean fitness (Test): 0.00
Generation 920 | Best fitness (Train): 66867.05 | Best fitness in generation (Train): 0.00 | Mean fitness (Train): 0.00 | Mean fitness (Test): 0.00
Generation 930 | Best fitness (Train): 66867.05 | Best fitness in generation (Train): 0.00 | Mean fitness (Train): 0.00 | Mean fitness (Test): 0.00
Generation 940 | Best fitness (Train): 66867.05 | Best fitness in generation (Train): 0.00 | Mean fitness (Train): 0.00 | Mean fitness (Test): 0.00
Generation 950 | Best fitness (Train): 66867.05 | Best fitness in generation (Train): 0.00 | Mean fitness (Train): 0.00 | Mean fitness (Test): 0.00
Generation 960 | Best fitness (Train): 66867.05 | Best fitness in generation (Train): 0.00 | Mean fitness (Train): 0.00 | Mean fitness (Test): 0.00
Generation 970 | Best fitness (Train): 66867.05 | Best fitness in generation (Train): 0.00 | Mean fitness (Train): 0.00 | Mean fitness (Test): 0.00
Generation 980 | Best fitness (Train): 66867.05 | Best fitness in generation (Train): 0.00 | Mean fitness (Train): 0.00 | Mean fitness (Test): 0.00
Generation 990 | Best fitness (Train): 66867.05 | Best fitness in generation (Train): 0.00 | Mean fitness (Train): 0.00 | Mean fitness (Test): 0.00
Generation 1000 | Best fitness (Train): 66867.05 | Best fitness in generation (Train): 0.00 | Mean fitness (Train): 0.00 | Mean fitness (Test): 0.00
Failed to generate visualization: 'Fast' object has no attribute 'sys'
running the experiment ... [../../results/BraxProblem/fast/DiscoveredES/2]
Generation 010 | Best fitness (Train): 66867.05 | Best fitness in generation (Train): 66867.05 | Mean fitness (Train): 57378.20 | Mean fitness (Test): 66867.05
Generation 020 | Best fitness (Train): 66867.05 | Best fitness in generation (Train): 66867.05 | Mean fitness (Train): 66605.86 | Mean fitness (Test): 66867.05
Generation 030 | Best fitness (Train): 66867.05 | Best fitness in generation (Train): 66867.05 | Mean fitness (Train): 66867.05 | Mean fitness (Test): 66867.05
Generation 040 | Best fitness (Train): 66867.05 | Best fitness in generation (Train): 66867.05 | Mean fitness (Train): 66867.05 | Mean fitness (Test): 66867.05
Generation 050 | Best fitness (Train): 66867.05 | Best fitness in generation (Train): 66867.05 | Mean fitness (Train): 66867.05 | Mean fitness (Test): 66867.05
Generation 060 | Best fitness (Train): 66867.05 | Best fitness in generation (Train): 66867.05 | Mean fitness (Train): 66867.05 | Mean fitness (Test): 66867.05
Generation 070 | Best fitness (Train): 66867.05 | Best fitness in generation (Train): 66867.05 | Mean fitness (Train): 66867.05 | Mean fitness (Test): 66867.05
Generation 080 | Best fitness (Train): 66867.05 | Best fitness in generation (Train): 66867.05 | Mean fitness (Train): 66867.05 | Mean fitness (Test): 66867.05
Generation 090 | Best fitness (Train): 66867.05 | Best fitness in generation (Train): 66867.05 | Mean fitness (Train): 66867.05 | Mean fitness (Test): 66867.05
Generation 100 | Best fitness (Train): 66867.05 | Best fitness in generation (Train): 66867.05 | Mean fitness (Train): 66867.05 | Mean fitness (Test): 66867.05
Generation 110 | Best fitness (Train): 66867.05 | Best fitness in generation (Train): 66867.05 | Mean fitness (Train): 66867.05 | Mean fitness (Test): 66867.05
Generation 120 | Best fitness (Train): 66867.05 | Best fitness in generation (Train): 66867.05 | Mean fitness (Train): 66867.05 | Mean fitness (Test): 66867.05
Generation 130 | Best fitness (Train): 66867.05 | Best fitness in generation (Train): 66867.05 | Mean fitness (Train): 66867.05 | Mean fitness (Test): 66867.05
Generation 140 | Best fitness (Train): 66867.05 | Best fitness in generation (Train): 66867.05 | Mean fitness (Train): 66867.05 | Mean fitness (Test): 66867.05
Generation 150 | Best fitness (Train): 66867.05 | Best fitness in generation (Train): 66867.05 | Mean fitness (Train): 66867.05 | Mean fitness (Test): 66867.05
Generation 160 | Best fitness (Train): 66867.05 | Best fitness in generation (Train): 66867.05 | Mean fitness (Train): 66867.05 | Mean fitness (Test): 66867.05
Generation 170 | Best fitness (Train): 66867.05 | Best fitness in generation (Train): 66867.05 | Mean fitness (Train): 66867.05 | Mean fitness (Test): 66867.05
Generation 180 | Best fitness (Train): 66867.05 | Best fitness in generation (Train): 66867.05 | Mean fitness (Train): 66867.05 | Mean fitness (Test): 66867.05
Generation 190 | Best fitness (Train): 66867.05 | Best fitness in generation (Train): 66867.05 | Mean fitness (Train): 66867.05 | Mean fitness (Test): 66867.05
Generation 200 | Best fitness (Train): 66867.05 | Best fitness in generation (Train): 66867.05 | Mean fitness (Train): 66867.05 | Mean fitness (Test): 66867.05
Generation 210 | Best fitness (Train): 66867.05 | Best fitness in generation (Train): 66867.05 | Mean fitness (Train): 66867.05 | Mean fitness (Test): 66867.05
Generation 220 | Best fitness (Train): 66867.05 | Best fitness in generation (Train): 66867.05 | Mean fitness (Train): 66867.05 | Mean fitness (Test): 66867.05
Generation 230 | Best fitness (Train): 66867.05 | Best fitness in generation (Train): 66867.05 | Mean fitness (Train): 66867.05 | Mean fitness (Test): 66867.05
Generation 240 | Best fitness (Train): 66867.05 | Best fitness in generation (Train): 66867.05 | Mean fitness (Train): 66867.05 | Mean fitness (Test): 66867.05
Generation 250 | Best fitness (Train): 66867.05 | Best fitness in generation (Train): 66867.05 | Mean fitness (Train): 66867.05 | Mean fitness (Test): 66867.05
Generation 260 | Best fitness (Train): 66867.05 | Best fitness in generation (Train): 66867.05 | Mean fitness (Train): 66867.05 | Mean fitness (Test): 66867.05
Generation 270 | Best fitness (Train): 66867.05 | Best fitness in generation (Train): 66867.05 | Mean fitness (Train): 66867.05 | Mean fitness (Test): 66867.05
Generation 280 | Best fitness (Train): 66867.05 | Best fitness in generation (Train): 66867.05 | Mean fitness (Train): 66867.05 | Mean fitness (Test): 66867.05
Generation 290 | Best fitness (Train): 66867.05 | Best fitness in generation (Train): 66867.05 | Mean fitness (Train): 66867.05 | Mean fitness (Test): 66867.05
Generation 300 | Best fitness (Train): 66867.05 | Best fitness in generation (Train): 66867.05 | Mean fitness (Train): 66867.05 | Mean fitness (Test): 66867.05
Generation 310 | Best fitness (Train): 66867.05 | Best fitness in generation (Train): 66867.05 | Mean fitness (Train): 66867.05 | Mean fitness (Test): 66867.05
Generation 320 | Best fitness (Train): 66867.05 | Best fitness in generation (Train): 66867.05 | Mean fitness (Train): 66867.05 | Mean fitness (Test): 66867.05
Generation 330 | Best fitness (Train): 66867.05 | Best fitness in generation (Train): 66867.05 | Mean fitness (Train): 66867.05 | Mean fitness (Test): 66867.05
Generation 340 | Best fitness (Train): 66867.05 | Best fitness in generation (Train): 66867.05 | Mean fitness (Train): 66867.05 | Mean fitness (Test): 66867.05
Generation 350 | Best fitness (Train): 66867.05 | Best fitness in generation (Train): 66867.05 | Mean fitness (Train): 66867.05 | Mean fitness (Test): 66867.05
Generation 360 | Best fitness (Train): 66867.05 | Best fitness in generation (Train): 66867.05 | Mean fitness (Train): 66867.05 | Mean fitness (Test): 66867.05
Generation 370 | Best fitness (Train): 66867.05 | Best fitness in generation (Train): 66867.05 | Mean fitness (Train): 66867.05 | Mean fitness (Test): 66867.05
Generation 380 | Best fitness (Train): 66867.05 | Best fitness in generation (Train): 66867.05 | Mean fitness (Train): 66867.05 | Mean fitness (Test): 66867.05
Generation 390 | Best fitness (Train): 66867.05 | Best fitness in generation (Train): 66867.05 | Mean fitness (Train): 66867.05 | Mean fitness (Test): 66867.05
Generation 400 | Best fitness (Train): 66867.05 | Best fitness in generation (Train): 66867.05 | Mean fitness (Train): 66867.05 | Mean fitness (Test): 66867.05
Generation 410 | Best fitness (Train): 66867.05 | Best fitness in generation (Train): 66867.05 | Mean fitness (Train): 66867.05 | Mean fitness (Test): 66867.05
Generation 420 | Best fitness (Train): 66867.05 | Best fitness in generation (Train): 66867.05 | Mean fitness (Train): 66867.05 | Mean fitness (Test): 66867.05
Generation 430 | Best fitness (Train): 66867.05 | Best fitness in generation (Train): 66867.05 | Mean fitness (Train): 66867.05 | Mean fitness (Test): 66867.05
Generation 440 | Best fitness (Train): 66867.05 | Best fitness in generation (Train): 66867.05 | Mean fitness (Train): 66867.05 | Mean fitness (Test): 66867.05
Generation 450 | Best fitness (Train): 66867.05 | Best fitness in generation (Train): 66867.05 | Mean fitness (Train): 66867.05 | Mean fitness (Test): 66867.05
Generation 460 | Best fitness (Train): 66867.05 | Best fitness in generation (Train): 66867.05 | Mean fitness (Train): 66867.05 | Mean fitness (Test): 66867.05
Generation 470 | Best fitness (Train): 66867.05 | Best fitness in generation (Train): 66867.05 | Mean fitness (Train): 66867.05 | Mean fitness (Test): 66867.05
Generation 480 | Best fitness (Train): 66867.05 | Best fitness in generation (Train): 66867.05 | Mean fitness (Train): 66867.05 | Mean fitness (Test): 66867.05
Generation 490 | Best fitness (Train): 66867.05 | Best fitness in generation (Train): 66867.05 | Mean fitness (Train): 66867.05 | Mean fitness (Test): 66867.05
Generation 500 | Best fitness (Train): 66867.05 | Best fitness in generation (Train): 66867.05 | Mean fitness (Train): 66867.05 | Mean fitness (Test): 66867.05
Generation 510 | Best fitness (Train): 66867.05 | Best fitness in generation (Train): 66867.05 | Mean fitness (Train): 66867.05 | Mean fitness (Test): 66867.05
Generation 520 | Best fitness (Train): 66867.05 | Best fitness in generation (Train): 66867.05 | Mean fitness (Train): 66867.05 | Mean fitness (Test): 66867.05
Generation 530 | Best fitness (Train): 66867.05 | Best fitness in generation (Train): 0.00 | Mean fitness (Train): 0.00 | Mean fitness (Test): 0.00
Generation 540 | Best fitness (Train): 66867.05 | Best fitness in generation (Train): 0.00 | Mean fitness (Train): 0.00 | Mean fitness (Test): 0.00
Generation 550 | Best fitness (Train): 66867.05 | Best fitness in generation (Train): 0.00 | Mean fitness (Train): 0.00 | Mean fitness (Test): 0.00
Generation 560 | Best fitness (Train): 66867.05 | Best fitness in generation (Train): 0.00 | Mean fitness (Train): 0.00 | Mean fitness (Test): 0.00
Generation 570 | Best fitness (Train): 66867.05 | Best fitness in generation (Train): 0.00 | Mean fitness (Train): 0.00 | Mean fitness (Test): 0.00
Generation 580 | Best fitness (Train): 66867.05 | Best fitness in generation (Train): 0.00 | Mean fitness (Train): 0.00 | Mean fitness (Test): 0.00
Generation 590 | Best fitness (Train): 66867.05 | Best fitness in generation (Train): 0.00 | Mean fitness (Train): 0.00 | Mean fitness (Test): 0.00
Generation 600 | Best fitness (Train): 66867.05 | Best fitness in generation (Train): 0.00 | Mean fitness (Train): 0.00 | Mean fitness (Test): 0.00
Generation 610 | Best fitness (Train): 66867.05 | Best fitness in generation (Train): 0.00 | Mean fitness (Train): 0.00 | Mean fitness (Test): 0.00
Generation 620 | Best fitness (Train): 66867.05 | Best fitness in generation (Train): 0.00 | Mean fitness (Train): 0.00 | Mean fitness (Test): 0.00
Generation 630 | Best fitness (Train): 66867.05 | Best fitness in generation (Train): 0.00 | Mean fitness (Train): 0.00 | Mean fitness (Test): 0.00
Generation 640 | Best fitness (Train): 66867.05 | Best fitness in generation (Train): 0.00 | Mean fitness (Train): 0.00 | Mean fitness (Test): 0.00
Generation 650 | Best fitness (Train): 66867.05 | Best fitness in generation (Train): 0.00 | Mean fitness (Train): 0.00 | Mean fitness (Test): 0.00
Generation 660 | Best fitness (Train): 66867.05 | Best fitness in generation (Train): 0.00 | Mean fitness (Train): 0.00 | Mean fitness (Test): 0.00
Generation 670 | Best fitness (Train): 66867.05 | Best fitness in generation (Train): 0.00 | Mean fitness (Train): 0.00 | Mean fitness (Test): 0.00
Generation 680 | Best fitness (Train): 66867.05 | Best fitness in generation (Train): 0.00 | Mean fitness (Train): 0.00 | Mean fitness (Test): 0.00
Generation 690 | Best fitness (Train): 66867.05 | Best fitness in generation (Train): 0.00 | Mean fitness (Train): 0.00 | Mean fitness (Test): 0.00
Generation 700 | Best fitness (Train): 66867.05 | Best fitness in generation (Train): 0.00 | Mean fitness (Train): 0.00 | Mean fitness (Test): 0.00
Generation 710 | Best fitness (Train): 66867.05 | Best fitness in generation (Train): 0.00 | Mean fitness (Train): 0.00 | Mean fitness (Test): 0.00
Generation 720 | Best fitness (Train): 66867.05 | Best fitness in generation (Train): 0.00 | Mean fitness (Train): 0.00 | Mean fitness (Test): 0.00
Generation 730 | Best fitness (Train): 66867.05 | Best fitness in generation (Train): 0.00 | Mean fitness (Train): 0.00 | Mean fitness (Test): 0.00
Generation 740 | Best fitness (Train): 66867.05 | Best fitness in generation (Train): 0.00 | Mean fitness (Train): 0.00 | Mean fitness (Test): 0.00
Generation 750 | Best fitness (Train): 66867.05 | Best fitness in generation (Train): 0.00 | Mean fitness (Train): 0.00 | Mean fitness (Test): 0.00
Generation 760 | Best fitness (Train): 66867.05 | Best fitness in generation (Train): 0.00 | Mean fitness (Train): 0.00 | Mean fitness (Test): 0.00
Generation 770 | Best fitness (Train): 66867.05 | Best fitness in generation (Train): 0.00 | Mean fitness (Train): 0.00 | Mean fitness (Test): 0.00
Generation 780 | Best fitness (Train): 66867.05 | Best fitness in generation (Train): 0.00 | Mean fitness (Train): 0.00 | Mean fitness (Test): 0.00
Generation 790 | Best fitness (Train): 66867.05 | Best fitness in generation (Train): 0.00 | Mean fitness (Train): 0.00 | Mean fitness (Test): 0.00
Generation 800 | Best fitness (Train): 66867.05 | Best fitness in generation (Train): 0.00 | Mean fitness (Train): 0.00 | Mean fitness (Test): 0.00
Generation 810 | Best fitness (Train): 66867.05 | Best fitness in generation (Train): 0.00 | Mean fitness (Train): 0.00 | Mean fitness (Test): 0.00
Generation 820 | Best fitness (Train): 66867.05 | Best fitness in generation (Train): 0.00 | Mean fitness (Train): 0.00 | Mean fitness (Test): 0.00
Generation 830 | Best fitness (Train): 66867.05 | Best fitness in generation (Train): 0.00 | Mean fitness (Train): 0.00 | Mean fitness (Test): 0.00
Generation 840 | Best fitness (Train): 66867.05 | Best fitness in generation (Train): 0.00 | Mean fitness (Train): 0.00 | Mean fitness (Test): 0.00
Generation 850 | Best fitness (Train): 66867.05 | Best fitness in generation (Train): 0.00 | Mean fitness (Train): 0.00 | Mean fitness (Test): 0.00
Generation 860 | Best fitness (Train): 66867.05 | Best fitness in generation (Train): 0.00 | Mean fitness (Train): 0.00 | Mean fitness (Test): 0.00
Generation 870 | Best fitness (Train): 66867.05 | Best fitness in generation (Train): 0.00 | Mean fitness (Train): 0.00 | Mean fitness (Test): 0.00
Generation 880 | Best fitness (Train): 66867.05 | Best fitness in generation (Train): 0.00 | Mean fitness (Train): 0.00 | Mean fitness (Test): 0.00
Generation 890 | Best fitness (Train): 66867.05 | Best fitness in generation (Train): 0.00 | Mean fitness (Train): 0.00 | Mean fitness (Test): 0.00
Generation 900 | Best fitness (Train): 66867.05 | Best fitness in generation (Train): 0.00 | Mean fitness (Train): 0.00 | Mean fitness (Test): 0.00
Generation 910 | Best fitness (Train): 66867.05 | Best fitness in generation (Train): 0.00 | Mean fitness (Train): 0.00 | Mean fitness (Test): 0.00
Generation 920 | Best fitness (Train): 66867.05 | Best fitness in generation (Train): 0.00 | Mean fitness (Train): 0.00 | Mean fitness (Test): 0.00
Generation 930 | Best fitness (Train): 66867.05 | Best fitness in generation (Train): 0.00 | Mean fitness (Train): 0.00 | Mean fitness (Test): 0.00
Generation 940 | Best fitness (Train): 66867.05 | Best fitness in generation (Train): 0.00 | Mean fitness (Train): 0.00 | Mean fitness (Test): 0.00
Generation 950 | Best fitness (Train): 66867.05 | Best fitness in generation (Train): 0.00 | Mean fitness (Train): 0.00 | Mean fitness (Test): 0.00
Generation 960 | Best fitness (Train): 66867.05 | Best fitness in generation (Train): 0.00 | Mean fitness (Train): 0.00 | Mean fitness (Test): 0.00
Generation 970 | Best fitness (Train): 66867.05 | Best fitness in generation (Train): 0.00 | Mean fitness (Train): 0.00 | Mean fitness (Test): 0.00
Generation 980 | Best fitness (Train): 66867.05 | Best fitness in generation (Train): 0.00 | Mean fitness (Train): 0.00 | Mean fitness (Test): 0.00
Generation 990 | Best fitness (Train): 66867.05 | Best fitness in generation (Train): 0.00 | Mean fitness (Train): 0.00 | Mean fitness (Test): 0.00
Generation 1000 | Best fitness (Train): 66867.05 | Best fitness in generation (Train): 0.00 | Mean fitness (Train): 0.00 | Mean fitness (Test): 0.00
Failed to generate visualization: 'Fast' object has no attribute 'sys'
running the experiment ... [../../results/BraxProblem/fast/DiscoveredES/3]
Generation 010 | Best fitness (Train): 66867.05 | Best fitness in generation (Train): 66867.05 | Mean fitness (Train): 58852.37 | Mean fitness (Test): 66867.05
Generation 020 | Best fitness (Train): 66867.05 | Best fitness in generation (Train): 66867.05 | Mean fitness (Train): 64777.46 | Mean fitness (Test): 66867.05
Generation 030 | Best fitness (Train): 66867.05 | Best fitness in generation (Train): 66867.05 | Mean fitness (Train): 66867.05 | Mean fitness (Test): 66867.05
Generation 040 | Best fitness (Train): 66867.05 | Best fitness in generation (Train): 66867.05 | Mean fitness (Train): 66867.05 | Mean fitness (Test): 66867.05
Generation 050 | Best fitness (Train): 66867.05 | Best fitness in generation (Train): 66867.05 | Mean fitness (Train): 66867.05 | Mean fitness (Test): 66867.05
Generation 060 | Best fitness (Train): 66867.05 | Best fitness in generation (Train): 66867.05 | Mean fitness (Train): 66867.05 | Mean fitness (Test): 66867.05
Generation 070 | Best fitness (Train): 66867.05 | Best fitness in generation (Train): 66867.05 | Mean fitness (Train): 66867.05 | Mean fitness (Test): 66867.05
Generation 080 | Best fitness (Train): 66867.05 | Best fitness in generation (Train): 66867.05 | Mean fitness (Train): 66867.05 | Mean fitness (Test): 66867.05
Generation 090 | Best fitness (Train): 66867.05 | Best fitness in generation (Train): 66867.05 | Mean fitness (Train): 66867.05 | Mean fitness (Test): 66867.05
Generation 100 | Best fitness (Train): 66867.05 | Best fitness in generation (Train): 66867.05 | Mean fitness (Train): 66867.05 | Mean fitness (Test): 66867.05
Generation 110 | Best fitness (Train): 66867.05 | Best fitness in generation (Train): 66867.05 | Mean fitness (Train): 66867.05 | Mean fitness (Test): 66867.05
Generation 120 | Best fitness (Train): 66867.05 | Best fitness in generation (Train): 66867.05 | Mean fitness (Train): 66867.05 | Mean fitness (Test): 66867.05
Generation 130 | Best fitness (Train): 66867.05 | Best fitness in generation (Train): 66867.05 | Mean fitness (Train): 66867.05 | Mean fitness (Test): 66867.05
Generation 140 | Best fitness (Train): 66867.05 | Best fitness in generation (Train): 66867.05 | Mean fitness (Train): 66867.05 | Mean fitness (Test): 66867.05
Generation 150 | Best fitness (Train): 66867.05 | Best fitness in generation (Train): 66867.05 | Mean fitness (Train): 66867.05 | Mean fitness (Test): 66867.05
Generation 160 | Best fitness (Train): 66867.05 | Best fitness in generation (Train): 66867.05 | Mean fitness (Train): 66867.05 | Mean fitness (Test): 66867.05
Generation 170 | Best fitness (Train): 66867.05 | Best fitness in generation (Train): 66867.05 | Mean fitness (Train): 66867.05 | Mean fitness (Test): 66867.05
Generation 180 | Best fitness (Train): 66867.05 | Best fitness in generation (Train): 66867.05 | Mean fitness (Train): 66867.05 | Mean fitness (Test): 66867.05
Generation 190 | Best fitness (Train): 66867.05 | Best fitness in generation (Train): 66867.05 | Mean fitness (Train): 66867.05 | Mean fitness (Test): 66867.05
Generation 200 | Best fitness (Train): 66867.05 | Best fitness in generation (Train): 66867.05 | Mean fitness (Train): 66867.05 | Mean fitness (Test): 66867.05
Generation 210 | Best fitness (Train): 66867.05 | Best fitness in generation (Train): 66867.05 | Mean fitness (Train): 66867.05 | Mean fitness (Test): 66867.05
Generation 220 | Best fitness (Train): 66867.05 | Best fitness in generation (Train): 66867.05 | Mean fitness (Train): 66867.05 | Mean fitness (Test): 66867.05
Generation 230 | Best fitness (Train): 66867.05 | Best fitness in generation (Train): 66867.05 | Mean fitness (Train): 66867.05 | Mean fitness (Test): 66867.05
Generation 240 | Best fitness (Train): 66867.05 | Best fitness in generation (Train): 66867.05 | Mean fitness (Train): 66867.05 | Mean fitness (Test): 66867.05
Generation 250 | Best fitness (Train): 66867.05 | Best fitness in generation (Train): 66867.05 | Mean fitness (Train): 66867.05 | Mean fitness (Test): 66867.05
Generation 260 | Best fitness (Train): 66867.05 | Best fitness in generation (Train): 66867.05 | Mean fitness (Train): 66867.05 | Mean fitness (Test): 66867.05
Generation 270 | Best fitness (Train): 66867.05 | Best fitness in generation (Train): 66867.05 | Mean fitness (Train): 66867.05 | Mean fitness (Test): 66867.05
Generation 280 | Best fitness (Train): 66867.05 | Best fitness in generation (Train): 66867.05 | Mean fitness (Train): 66867.05 | Mean fitness (Test): 66867.05
Generation 290 | Best fitness (Train): 66867.05 | Best fitness in generation (Train): 66867.05 | Mean fitness (Train): 66867.05 | Mean fitness (Test): 66867.05
Generation 300 | Best fitness (Train): 66867.05 | Best fitness in generation (Train): 66867.05 | Mean fitness (Train): 66867.05 | Mean fitness (Test): 66867.05
Generation 310 | Best fitness (Train): 66867.05 | Best fitness in generation (Train): 66867.05 | Mean fitness (Train): 66867.05 | Mean fitness (Test): 66867.05
Generation 320 | Best fitness (Train): 66867.05 | Best fitness in generation (Train): 66867.05 | Mean fitness (Train): 66867.05 | Mean fitness (Test): 66867.05
Generation 330 | Best fitness (Train): 66867.05 | Best fitness in generation (Train): 66867.05 | Mean fitness (Train): 66867.05 | Mean fitness (Test): 66867.05
Generation 340 | Best fitness (Train): 66867.05 | Best fitness in generation (Train): 66867.05 | Mean fitness (Train): 66867.05 | Mean fitness (Test): 66867.05
Generation 350 | Best fitness (Train): 66867.05 | Best fitness in generation (Train): 66867.05 | Mean fitness (Train): 66867.05 | Mean fitness (Test): 66867.05
Generation 360 | Best fitness (Train): 66867.05 | Best fitness in generation (Train): 66867.05 | Mean fitness (Train): 66867.05 | Mean fitness (Test): 66867.05
Generation 370 | Best fitness (Train): 66867.05 | Best fitness in generation (Train): 66867.05 | Mean fitness (Train): 66867.05 | Mean fitness (Test): 66867.05
Generation 380 | Best fitness (Train): 66867.05 | Best fitness in generation (Train): 66867.05 | Mean fitness (Train): 66867.05 | Mean fitness (Test): 66867.05
Generation 390 | Best fitness (Train): 66867.05 | Best fitness in generation (Train): 66867.05 | Mean fitness (Train): 66867.05 | Mean fitness (Test): 66867.05
Generation 400 | Best fitness (Train): 66867.05 | Best fitness in generation (Train): 66867.05 | Mean fitness (Train): 66867.05 | Mean fitness (Test): 66867.05
Generation 410 | Best fitness (Train): 66867.05 | Best fitness in generation (Train): 66867.05 | Mean fitness (Train): 66867.05 | Mean fitness (Test): 66867.05
Generation 420 | Best fitness (Train): 66867.05 | Best fitness in generation (Train): 66867.05 | Mean fitness (Train): 66867.05 | Mean fitness (Test): 66867.05
Generation 430 | Best fitness (Train): 66867.05 | Best fitness in generation (Train): 66867.05 | Mean fitness (Train): 66867.05 | Mean fitness (Test): 66867.05
Generation 440 | Best fitness (Train): 66867.05 | Best fitness in generation (Train): 66867.05 | Mean fitness (Train): 66867.05 | Mean fitness (Test): 66867.05
Generation 450 | Best fitness (Train): 66867.05 | Best fitness in generation (Train): 66867.05 | Mean fitness (Train): 66867.05 | Mean fitness (Test): 66867.05
Generation 460 | Best fitness (Train): 66867.05 | Best fitness in generation (Train): 66867.05 | Mean fitness (Train): 66867.05 | Mean fitness (Test): 66867.05
Generation 470 | Best fitness (Train): 66867.05 | Best fitness in generation (Train): 66867.05 | Mean fitness (Train): 66867.05 | Mean fitness (Test): 66867.05
Generation 480 | Best fitness (Train): 66867.05 | Best fitness in generation (Train): 66867.05 | Mean fitness (Train): 66867.05 | Mean fitness (Test): 66867.05
Generation 490 | Best fitness (Train): 66867.05 | Best fitness in generation (Train): 66867.05 | Mean fitness (Train): 66867.05 | Mean fitness (Test): 66867.05
Generation 500 | Best fitness (Train): 66867.05 | Best fitness in generation (Train): 66867.05 | Mean fitness (Train): 66867.05 | Mean fitness (Test): 66867.05
Generation 510 | Best fitness (Train): 66867.05 | Best fitness in generation (Train): 66867.05 | Mean fitness (Train): 66867.05 | Mean fitness (Test): 66867.05
Generation 520 | Best fitness (Train): 66867.05 | Best fitness in generation (Train): 66867.05 | Mean fitness (Train): 66867.05 | Mean fitness (Test): 66867.05
Generation 530 | Best fitness (Train): 66867.05 | Best fitness in generation (Train): 0.00 | Mean fitness (Train): 0.00 | Mean fitness (Test): 0.00
Generation 540 | Best fitness (Train): 66867.05 | Best fitness in generation (Train): 0.00 | Mean fitness (Train): 0.00 | Mean fitness (Test): 0.00
Generation 550 | Best fitness (Train): 66867.05 | Best fitness in generation (Train): 0.00 | Mean fitness (Train): 0.00 | Mean fitness (Test): 0.00
Generation 560 | Best fitness (Train): 66867.05 | Best fitness in generation (Train): 0.00 | Mean fitness (Train): 0.00 | Mean fitness (Test): 0.00
Generation 570 | Best fitness (Train): 66867.05 | Best fitness in generation (Train): 0.00 | Mean fitness (Train): 0.00 | Mean fitness (Test): 0.00
Generation 580 | Best fitness (Train): 66867.05 | Best fitness in generation (Train): 0.00 | Mean fitness (Train): 0.00 | Mean fitness (Test): 0.00
Generation 590 | Best fitness (Train): 66867.05 | Best fitness in generation (Train): 0.00 | Mean fitness (Train): 0.00 | Mean fitness (Test): 0.00
Generation 600 | Best fitness (Train): 66867.05 | Best fitness in generation (Train): 0.00 | Mean fitness (Train): 0.00 | Mean fitness (Test): 0.00
Generation 610 | Best fitness (Train): 66867.05 | Best fitness in generation (Train): 0.00 | Mean fitness (Train): 0.00 | Mean fitness (Test): 0.00
Generation 620 | Best fitness (Train): 66867.05 | Best fitness in generation (Train): 0.00 | Mean fitness (Train): 0.00 | Mean fitness (Test): 0.00
Generation 630 | Best fitness (Train): 66867.05 | Best fitness in generation (Train): 0.00 | Mean fitness (Train): 0.00 | Mean fitness (Test): 0.00
Generation 640 | Best fitness (Train): 66867.05 | Best fitness in generation (Train): 0.00 | Mean fitness (Train): 0.00 | Mean fitness (Test): 0.00
Generation 650 | Best fitness (Train): 66867.05 | Best fitness in generation (Train): 0.00 | Mean fitness (Train): 0.00 | Mean fitness (Test): 0.00
Generation 660 | Best fitness (Train): 66867.05 | Best fitness in generation (Train): 0.00 | Mean fitness (Train): 0.00 | Mean fitness (Test): 0.00
Generation 670 | Best fitness (Train): 66867.05 | Best fitness in generation (Train): 0.00 | Mean fitness (Train): 0.00 | Mean fitness (Test): 0.00
Generation 680 | Best fitness (Train): 66867.05 | Best fitness in generation (Train): 0.00 | Mean fitness (Train): 0.00 | Mean fitness (Test): 0.00
Generation 690 | Best fitness (Train): 66867.05 | Best fitness in generation (Train): 0.00 | Mean fitness (Train): 0.00 | Mean fitness (Test): 0.00
Generation 700 | Best fitness (Train): 66867.05 | Best fitness in generation (Train): 0.00 | Mean fitness (Train): 0.00 | Mean fitness (Test): 0.00
Generation 710 | Best fitness (Train): 66867.05 | Best fitness in generation (Train): 0.00 | Mean fitness (Train): 0.00 | Mean fitness (Test): 0.00
Generation 720 | Best fitness (Train): 66867.05 | Best fitness in generation (Train): 0.00 | Mean fitness (Train): 0.00 | Mean fitness (Test): 0.00
Generation 730 | Best fitness (Train): 66867.05 | Best fitness in generation (Train): 0.00 | Mean fitness (Train): 0.00 | Mean fitness (Test): 0.00
Generation 740 | Best fitness (Train): 66867.05 | Best fitness in generation (Train): 0.00 | Mean fitness (Train): 0.00 | Mean fitness (Test): 0.00
Generation 750 | Best fitness (Train): 66867.05 | Best fitness in generation (Train): 0.00 | Mean fitness (Train): 0.00 | Mean fitness (Test): 0.00
Generation 760 | Best fitness (Train): 66867.05 | Best fitness in generation (Train): 0.00 | Mean fitness (Train): 0.00 | Mean fitness (Test): 0.00
Generation 770 | Best fitness (Train): 66867.05 | Best fitness in generation (Train): 0.00 | Mean fitness (Train): 0.00 | Mean fitness (Test): 0.00
Generation 780 | Best fitness (Train): 66867.05 | Best fitness in generation (Train): 0.00 | Mean fitness (Train): 0.00 | Mean fitness (Test): 0.00
Generation 790 | Best fitness (Train): 66867.05 | Best fitness in generation (Train): 0.00 | Mean fitness (Train): 0.00 | Mean fitness (Test): 0.00
Generation 800 | Best fitness (Train): 66867.05 | Best fitness in generation (Train): 0.00 | Mean fitness (Train): 0.00 | Mean fitness (Test): 0.00
Generation 810 | Best fitness (Train): 66867.05 | Best fitness in generation (Train): 0.00 | Mean fitness (Train): 0.00 | Mean fitness (Test): 0.00
Generation 820 | Best fitness (Train): 66867.05 | Best fitness in generation (Train): 0.00 | Mean fitness (Train): 0.00 | Mean fitness (Test): 0.00
Generation 830 | Best fitness (Train): 66867.05 | Best fitness in generation (Train): 0.00 | Mean fitness (Train): 0.00 | Mean fitness (Test): 0.00
Generation 840 | Best fitness (Train): 66867.05 | Best fitness in generation (Train): 0.00 | Mean fitness (Train): 0.00 | Mean fitness (Test): 0.00
Generation 850 | Best fitness (Train): 66867.05 | Best fitness in generation (Train): 0.00 | Mean fitness (Train): 0.00 | Mean fitness (Test): 0.00
Generation 860 | Best fitness (Train): 66867.05 | Best fitness in generation (Train): 0.00 | Mean fitness (Train): 0.00 | Mean fitness (Test): 0.00
Generation 870 | Best fitness (Train): 66867.05 | Best fitness in generation (Train): 0.00 | Mean fitness (Train): 0.00 | Mean fitness (Test): 0.00
Generation 880 | Best fitness (Train): 66867.05 | Best fitness in generation (Train): 0.00 | Mean fitness (Train): 0.00 | Mean fitness (Test): 0.00
Generation 890 | Best fitness (Train): 66867.05 | Best fitness in generation (Train): 0.00 | Mean fitness (Train): 0.00 | Mean fitness (Test): 0.00
Generation 900 | Best fitness (Train): 66867.05 | Best fitness in generation (Train): 0.00 | Mean fitness (Train): 0.00 | Mean fitness (Test): 0.00
Generation 910 | Best fitness (Train): 66867.05 | Best fitness in generation (Train): 0.00 | Mean fitness (Train): 0.00 | Mean fitness (Test): 0.00
Generation 920 | Best fitness (Train): 66867.05 | Best fitness in generation (Train): 0.00 | Mean fitness (Train): 0.00 | Mean fitness (Test): 0.00
Generation 930 | Best fitness (Train): 66867.05 | Best fitness in generation (Train): 0.00 | Mean fitness (Train): 0.00 | Mean fitness (Test): 0.00
Generation 940 | Best fitness (Train): 66867.05 | Best fitness in generation (Train): 0.00 | Mean fitness (Train): 0.00 | Mean fitness (Test): 0.00
Generation 950 | Best fitness (Train): 66867.05 | Best fitness in generation (Train): 0.00 | Mean fitness (Train): 0.00 | Mean fitness (Test): 0.00
Generation 960 | Best fitness (Train): 66867.05 | Best fitness in generation (Train): 0.00 | Mean fitness (Train): 0.00 | Mean fitness (Test): 0.00
Generation 970 | Best fitness (Train): 66867.05 | Best fitness in generation (Train): 0.00 | Mean fitness (Train): 0.00 | Mean fitness (Test): 0.00
Generation 980 | Best fitness (Train): 66867.05 | Best fitness in generation (Train): 0.00 | Mean fitness (Train): 0.00 | Mean fitness (Test): 0.00
Generation 990 | Best fitness (Train): 66867.05 | Best fitness in generation (Train): 0.00 | Mean fitness (Train): 0.00 | Mean fitness (Test): 0.00
Generation 1000 | Best fitness (Train): 66867.05 | Best fitness in generation (Train): 0.00 | Mean fitness (Train): 0.00 | Mean fitness (Test): 0.00
Failed to generate visualization: 'Fast' object has no attribute 'sys'
running the experiment ... [../../results/BraxProblem/fast/DiscoveredES/4]
Generation 010 | Best fitness (Train): 66867.05 | Best fitness in generation (Train): 66867.05 | Mean fitness (Train): 57127.35 | Mean fitness (Test): 66867.05
Generation 020 | Best fitness (Train): 66867.05 | Best fitness in generation (Train): 66867.05 | Mean fitness (Train): 66867.05 | Mean fitness (Test): 66867.05
Generation 030 | Best fitness (Train): 66867.05 | Best fitness in generation (Train): 66867.05 | Mean fitness (Train): 66867.05 | Mean fitness (Test): 66867.05
Generation 040 | Best fitness (Train): 66867.05 | Best fitness in generation (Train): 66867.05 | Mean fitness (Train): 66867.05 | Mean fitness (Test): 66867.05
Generation 050 | Best fitness (Train): 66867.05 | Best fitness in generation (Train): 66867.05 | Mean fitness (Train): 66867.05 | Mean fitness (Test): 66867.05
Generation 060 | Best fitness (Train): 66867.05 | Best fitness in generation (Train): 66867.05 | Mean fitness (Train): 66867.05 | Mean fitness (Test): 66867.05
Generation 070 | Best fitness (Train): 66867.05 | Best fitness in generation (Train): 66867.05 | Mean fitness (Train): 66867.05 | Mean fitness (Test): 66867.05
Generation 080 | Best fitness (Train): 66867.05 | Best fitness in generation (Train): 66867.05 | Mean fitness (Train): 66867.05 | Mean fitness (Test): 66867.05
Generation 090 | Best fitness (Train): 66867.05 | Best fitness in generation (Train): 66867.05 | Mean fitness (Train): 66867.05 | Mean fitness (Test): 66867.05
Generation 100 | Best fitness (Train): 66867.05 | Best fitness in generation (Train): 66867.05 | Mean fitness (Train): 66867.05 | Mean fitness (Test): 66867.05
Generation 110 | Best fitness (Train): 66867.05 | Best fitness in generation (Train): 66867.05 | Mean fitness (Train): 66867.05 | Mean fitness (Test): 66867.05
Generation 120 | Best fitness (Train): 66867.05 | Best fitness in generation (Train): 66867.05 | Mean fitness (Train): 66867.05 | Mean fitness (Test): 66867.05
Generation 130 | Best fitness (Train): 66867.05 | Best fitness in generation (Train): 66867.05 | Mean fitness (Train): 66867.05 | Mean fitness (Test): 66867.05
Generation 140 | Best fitness (Train): 66867.05 | Best fitness in generation (Train): 66867.05 | Mean fitness (Train): 66867.05 | Mean fitness (Test): 66867.05
Generation 150 | Best fitness (Train): 66867.05 | Best fitness in generation (Train): 66867.05 | Mean fitness (Train): 66867.05 | Mean fitness (Test): 66867.05
Generation 160 | Best fitness (Train): 66867.05 | Best fitness in generation (Train): 66867.05 | Mean fitness (Train): 66867.05 | Mean fitness (Test): 66867.05
Generation 170 | Best fitness (Train): 66867.05 | Best fitness in generation (Train): 66867.05 | Mean fitness (Train): 66867.05 | Mean fitness (Test): 66867.05
Generation 180 | Best fitness (Train): 66867.05 | Best fitness in generation (Train): 66867.05 | Mean fitness (Train): 66867.05 | Mean fitness (Test): 66867.05
Generation 190 | Best fitness (Train): 66867.05 | Best fitness in generation (Train): 66867.05 | Mean fitness (Train): 66867.05 | Mean fitness (Test): 66867.05
Generation 200 | Best fitness (Train): 66867.05 | Best fitness in generation (Train): 66867.05 | Mean fitness (Train): 66867.05 | Mean fitness (Test): 66867.05
Generation 210 | Best fitness (Train): 66867.05 | Best fitness in generation (Train): 66867.05 | Mean fitness (Train): 66867.05 | Mean fitness (Test): 66867.05
Generation 220 | Best fitness (Train): 66867.05 | Best fitness in generation (Train): 66867.05 | Mean fitness (Train): 66867.05 | Mean fitness (Test): 66867.05
Generation 230 | Best fitness (Train): 66867.05 | Best fitness in generation (Train): 66867.05 | Mean fitness (Train): 66867.05 | Mean fitness (Test): 66867.05
Generation 240 | Best fitness (Train): 66867.05 | Best fitness in generation (Train): 66867.05 | Mean fitness (Train): 66867.05 | Mean fitness (Test): 66867.05
Generation 250 | Best fitness (Train): 66867.05 | Best fitness in generation (Train): 66867.05 | Mean fitness (Train): 66867.05 | Mean fitness (Test): 66867.05
Generation 260 | Best fitness (Train): 66867.05 | Best fitness in generation (Train): 66867.05 | Mean fitness (Train): 66867.05 | Mean fitness (Test): 66867.05
Generation 270 | Best fitness (Train): 66867.05 | Best fitness in generation (Train): 66867.05 | Mean fitness (Train): 66867.05 | Mean fitness (Test): 66867.05
Generation 280 | Best fitness (Train): 66867.05 | Best fitness in generation (Train): 66867.05 | Mean fitness (Train): 66867.05 | Mean fitness (Test): 66867.05
Generation 290 | Best fitness (Train): 66867.05 | Best fitness in generation (Train): 66867.05 | Mean fitness (Train): 66867.05 | Mean fitness (Test): 66867.05
Generation 300 | Best fitness (Train): 66867.05 | Best fitness in generation (Train): 66867.05 | Mean fitness (Train): 66867.05 | Mean fitness (Test): 66867.05
Generation 310 | Best fitness (Train): 66867.05 | Best fitness in generation (Train): 66867.05 | Mean fitness (Train): 66867.05 | Mean fitness (Test): 66867.05
Generation 320 | Best fitness (Train): 66867.05 | Best fitness in generation (Train): 66867.05 | Mean fitness (Train): 66867.05 | Mean fitness (Test): 66867.05
Generation 330 | Best fitness (Train): 66867.05 | Best fitness in generation (Train): 66867.05 | Mean fitness (Train): 66867.05 | Mean fitness (Test): 66867.05
Generation 340 | Best fitness (Train): 66867.05 | Best fitness in generation (Train): 66867.05 | Mean fitness (Train): 66867.05 | Mean fitness (Test): 66867.05
Generation 350 | Best fitness (Train): 66867.05 | Best fitness in generation (Train): 66867.05 | Mean fitness (Train): 66867.05 | Mean fitness (Test): 66867.05
Generation 360 | Best fitness (Train): 66867.05 | Best fitness in generation (Train): 66867.05 | Mean fitness (Train): 66867.05 | Mean fitness (Test): 66867.05
Generation 370 | Best fitness (Train): 66867.05 | Best fitness in generation (Train): 66867.05 | Mean fitness (Train): 66867.05 | Mean fitness (Test): 66867.05
Generation 380 | Best fitness (Train): 66867.05 | Best fitness in generation (Train): 66867.05 | Mean fitness (Train): 66867.05 | Mean fitness (Test): 66867.05
Generation 390 | Best fitness (Train): 66867.05 | Best fitness in generation (Train): 66867.05 | Mean fitness (Train): 66867.05 | Mean fitness (Test): 66867.05
Generation 400 | Best fitness (Train): 66867.05 | Best fitness in generation (Train): 66867.05 | Mean fitness (Train): 66867.05 | Mean fitness (Test): 66867.05
Generation 410 | Best fitness (Train): 66867.05 | Best fitness in generation (Train): 66867.05 | Mean fitness (Train): 66867.05 | Mean fitness (Test): 66867.05
Generation 420 | Best fitness (Train): 66867.05 | Best fitness in generation (Train): 66867.05 | Mean fitness (Train): 66867.05 | Mean fitness (Test): 66867.05
Generation 430 | Best fitness (Train): 66867.05 | Best fitness in generation (Train): 66867.05 | Mean fitness (Train): 66867.05 | Mean fitness (Test): 66867.05
Generation 440 | Best fitness (Train): 66867.05 | Best fitness in generation (Train): 66867.05 | Mean fitness (Train): 66867.05 | Mean fitness (Test): 66867.05
Generation 450 | Best fitness (Train): 66867.05 | Best fitness in generation (Train): 66867.05 | Mean fitness (Train): 66867.05 | Mean fitness (Test): 66867.05
Generation 460 | Best fitness (Train): 66867.05 | Best fitness in generation (Train): 66867.05 | Mean fitness (Train): 66867.05 | Mean fitness (Test): 66867.05
Generation 470 | Best fitness (Train): 66867.05 | Best fitness in generation (Train): 66867.05 | Mean fitness (Train): 66867.05 | Mean fitness (Test): 66867.05
Generation 480 | Best fitness (Train): 66867.05 | Best fitness in generation (Train): 66867.05 | Mean fitness (Train): 66867.05 | Mean fitness (Test): 66867.05
Generation 490 | Best fitness (Train): 66867.05 | Best fitness in generation (Train): 66867.05 | Mean fitness (Train): 66867.05 | Mean fitness (Test): 66867.05
Generation 500 | Best fitness (Train): 66867.05 | Best fitness in generation (Train): 66867.05 | Mean fitness (Train): 66867.05 | Mean fitness (Test): 66867.05
Generation 510 | Best fitness (Train): 66867.05 | Best fitness in generation (Train): 66867.05 | Mean fitness (Train): 66867.05 | Mean fitness (Test): 66867.05
Generation 520 | Best fitness (Train): 66867.05 | Best fitness in generation (Train): 66867.05 | Mean fitness (Train): 66867.05 | Mean fitness (Test): 66867.05
Generation 530 | Best fitness (Train): 66867.05 | Best fitness in generation (Train): 0.00 | Mean fitness (Train): 0.00 | Mean fitness (Test): 0.00
Generation 540 | Best fitness (Train): 66867.05 | Best fitness in generation (Train): 0.00 | Mean fitness (Train): 0.00 | Mean fitness (Test): 0.00
Generation 550 | Best fitness (Train): 66867.05 | Best fitness in generation (Train): 0.00 | Mean fitness (Train): 0.00 | Mean fitness (Test): 0.00
Generation 560 | Best fitness (Train): 66867.05 | Best fitness in generation (Train): 0.00 | Mean fitness (Train): 0.00 | Mean fitness (Test): 0.00
Generation 570 | Best fitness (Train): 66867.05 | Best fitness in generation (Train): 0.00 | Mean fitness (Train): 0.00 | Mean fitness (Test): 0.00
Generation 580 | Best fitness (Train): 66867.05 | Best fitness in generation (Train): 0.00 | Mean fitness (Train): 0.00 | Mean fitness (Test): 0.00
Generation 590 | Best fitness (Train): 66867.05 | Best fitness in generation (Train): 0.00 | Mean fitness (Train): 0.00 | Mean fitness (Test): 0.00
Generation 600 | Best fitness (Train): 66867.05 | Best fitness in generation (Train): 0.00 | Mean fitness (Train): 0.00 | Mean fitness (Test): 0.00
Generation 610 | Best fitness (Train): 66867.05 | Best fitness in generation (Train): 0.00 | Mean fitness (Train): 0.00 | Mean fitness (Test): 0.00
Generation 620 | Best fitness (Train): 66867.05 | Best fitness in generation (Train): 0.00 | Mean fitness (Train): 0.00 | Mean fitness (Test): 0.00
Generation 630 | Best fitness (Train): 66867.05 | Best fitness in generation (Train): 0.00 | Mean fitness (Train): 0.00 | Mean fitness (Test): 0.00
Generation 640 | Best fitness (Train): 66867.05 | Best fitness in generation (Train): 0.00 | Mean fitness (Train): 0.00 | Mean fitness (Test): 0.00
Generation 650 | Best fitness (Train): 66867.05 | Best fitness in generation (Train): 0.00 | Mean fitness (Train): 0.00 | Mean fitness (Test): 0.00
Generation 660 | Best fitness (Train): 66867.05 | Best fitness in generation (Train): 0.00 | Mean fitness (Train): 0.00 | Mean fitness (Test): 0.00
Generation 670 | Best fitness (Train): 66867.05 | Best fitness in generation (Train): 0.00 | Mean fitness (Train): 0.00 | Mean fitness (Test): 0.00
Generation 680 | Best fitness (Train): 66867.05 | Best fitness in generation (Train): 0.00 | Mean fitness (Train): 0.00 | Mean fitness (Test): 0.00
Generation 690 | Best fitness (Train): 66867.05 | Best fitness in generation (Train): 0.00 | Mean fitness (Train): 0.00 | Mean fitness (Test): 0.00
Generation 700 | Best fitness (Train): 66867.05 | Best fitness in generation (Train): 0.00 | Mean fitness (Train): 0.00 | Mean fitness (Test): 0.00
Generation 710 | Best fitness (Train): 66867.05 | Best fitness in generation (Train): 0.00 | Mean fitness (Train): 0.00 | Mean fitness (Test): 0.00
Generation 720 | Best fitness (Train): 66867.05 | Best fitness in generation (Train): 0.00 | Mean fitness (Train): 0.00 | Mean fitness (Test): 0.00
Generation 730 | Best fitness (Train): 66867.05 | Best fitness in generation (Train): 0.00 | Mean fitness (Train): 0.00 | Mean fitness (Test): 0.00
Generation 740 | Best fitness (Train): 66867.05 | Best fitness in generation (Train): 0.00 | Mean fitness (Train): 0.00 | Mean fitness (Test): 0.00
Generation 750 | Best fitness (Train): 66867.05 | Best fitness in generation (Train): 0.00 | Mean fitness (Train): 0.00 | Mean fitness (Test): 0.00
Generation 760 | Best fitness (Train): 66867.05 | Best fitness in generation (Train): 0.00 | Mean fitness (Train): 0.00 | Mean fitness (Test): 0.00
Generation 770 | Best fitness (Train): 66867.05 | Best fitness in generation (Train): 0.00 | Mean fitness (Train): 0.00 | Mean fitness (Test): 0.00
Generation 780 | Best fitness (Train): 66867.05 | Best fitness in generation (Train): 0.00 | Mean fitness (Train): 0.00 | Mean fitness (Test): 0.00
Generation 790 | Best fitness (Train): 66867.05 | Best fitness in generation (Train): 0.00 | Mean fitness (Train): 0.00 | Mean fitness (Test): 0.00
Generation 800 | Best fitness (Train): 66867.05 | Best fitness in generation (Train): 0.00 | Mean fitness (Train): 0.00 | Mean fitness (Test): 0.00
Generation 810 | Best fitness (Train): 66867.05 | Best fitness in generation (Train): 0.00 | Mean fitness (Train): 0.00 | Mean fitness (Test): 0.00
Generation 820 | Best fitness (Train): 66867.05 | Best fitness in generation (Train): 0.00 | Mean fitness (Train): 0.00 | Mean fitness (Test): 0.00
Generation 830 | Best fitness (Train): 66867.05 | Best fitness in generation (Train): 0.00 | Mean fitness (Train): 0.00 | Mean fitness (Test): 0.00
Generation 840 | Best fitness (Train): 66867.05 | Best fitness in generation (Train): 0.00 | Mean fitness (Train): 0.00 | Mean fitness (Test): 0.00
Generation 850 | Best fitness (Train): 66867.05 | Best fitness in generation (Train): 0.00 | Mean fitness (Train): 0.00 | Mean fitness (Test): 0.00
Generation 860 | Best fitness (Train): 66867.05 | Best fitness in generation (Train): 0.00 | Mean fitness (Train): 0.00 | Mean fitness (Test): 0.00
Generation 870 | Best fitness (Train): 66867.05 | Best fitness in generation (Train): 0.00 | Mean fitness (Train): 0.00 | Mean fitness (Test): 0.00
Generation 880 | Best fitness (Train): 66867.05 | Best fitness in generation (Train): 0.00 | Mean fitness (Train): 0.00 | Mean fitness (Test): 0.00
Generation 890 | Best fitness (Train): 66867.05 | Best fitness in generation (Train): 0.00 | Mean fitness (Train): 0.00 | Mean fitness (Test): 0.00
Generation 900 | Best fitness (Train): 66867.05 | Best fitness in generation (Train): 0.00 | Mean fitness (Train): 0.00 | Mean fitness (Test): 0.00
Generation 910 | Best fitness (Train): 66867.05 | Best fitness in generation (Train): 0.00 | Mean fitness (Train): 0.00 | Mean fitness (Test): 0.00
Generation 920 | Best fitness (Train): 66867.05 | Best fitness in generation (Train): 0.00 | Mean fitness (Train): 0.00 | Mean fitness (Test): 0.00
Generation 930 | Best fitness (Train): 66867.05 | Best fitness in generation (Train): 0.00 | Mean fitness (Train): 0.00 | Mean fitness (Test): 0.00
Generation 940 | Best fitness (Train): 66867.05 | Best fitness in generation (Train): 0.00 | Mean fitness (Train): 0.00 | Mean fitness (Test): 0.00
Generation 950 | Best fitness (Train): 66867.05 | Best fitness in generation (Train): 0.00 | Mean fitness (Train): 0.00 | Mean fitness (Test): 0.00
Generation 960 | Best fitness (Train): 66867.05 | Best fitness in generation (Train): 0.00 | Mean fitness (Train): 0.00 | Mean fitness (Test): 0.00
Generation 970 | Best fitness (Train): 66867.05 | Best fitness in generation (Train): 0.00 | Mean fitness (Train): 0.00 | Mean fitness (Test): 0.00
Generation 980 | Best fitness (Train): 66867.05 | Best fitness in generation (Train): 0.00 | Mean fitness (Train): 0.00 | Mean fitness (Test): 0.00
Generation 990 | Best fitness (Train): 66867.05 | Best fitness in generation (Train): 0.00 | Mean fitness (Train): 0.00 | Mean fitness (Test): 0.00
Generation 1000 | Best fitness (Train): 66867.05 | Best fitness in generation (Train): 0.00 | Mean fitness (Train): 0.00 | Mean fitness (Test): 0.00
Failed to generate visualization: 'Fast' object has no attribute 'sys'
Running ES algorithms:   0%|                                                                                                          | 0/1 [00:00<?, ?it/s][A
Running ES algorithms: 100%|█████████████████████████████████████████████████████████████████████████████████████████████████| 1/1 [02:27<00:00, 147.81s/it][ARunning ES algorithms: 100%|█████████████████████████████████████████████████████████████████████████████████████████████████| 1/1 [02:27<00:00, 147.81s/it]
Successfully loaded: halfcheetah
Loading Problems ..:  17%|██████████████▊                                                                          | 2/12 [28:33:20<117:39:16, 42355.69s/it]
running the experiment ... [../../results/BraxProblem/halfcheetah/DiscoveredES/0]
Generation 010 | Best fitness (Train): 3231.37 | Best fitness in generation (Train): 2904.81 | Mean fitness (Train): 706.59 | Mean fitness (Test): 1438.54
Generation 020 | Best fitness (Train): 3231.37 | Best fitness in generation (Train): 3103.34 | Mean fitness (Train): 1398.64 | Mean fitness (Test): 1727.96
Generation 030 | Best fitness (Train): 3447.03 | Best fitness in generation (Train): 3280.18 | Mean fitness (Train): 1958.64 | Mean fitness (Test): 2492.74
Generation 040 | Best fitness (Train): 3637.03 | Best fitness in generation (Train): 3617.89 | Mean fitness (Train): 2618.13 | Mean fitness (Test): 3231.28
Generation 050 | Best fitness (Train): 4347.00 | Best fitness in generation (Train): 3872.72 | Mean fitness (Train): 2934.58 | Mean fitness (Test): 3655.78
Generation 060 | Best fitness (Train): 4867.04 | Best fitness in generation (Train): 3960.37 | Mean fitness (Train): 3076.47 | Mean fitness (Test): 3815.34
Generation 070 | Best fitness (Train): 5130.88 | Best fitness in generation (Train): 4958.82 | Mean fitness (Train): 2933.62 | Mean fitness (Test): 4436.54
Generation 080 | Best fitness (Train): 5407.72 | Best fitness in generation (Train): 5097.32 | Mean fitness (Train): 2974.06 | Mean fitness (Test): 5091.15
Generation 090 | Best fitness (Train): 5412.61 | Best fitness in generation (Train): 5314.65 | Mean fitness (Train): 3054.21 | Mean fitness (Test): 4873.45
Generation 100 | Best fitness (Train): 5471.67 | Best fitness in generation (Train): 5214.71 | Mean fitness (Train): 3269.61 | Mean fitness (Test): 5146.39
Generation 110 | Best fitness (Train): 5742.01 | Best fitness in generation (Train): 5742.01 | Mean fitness (Train): 3273.22 | Mean fitness (Test): 5025.12
Generation 120 | Best fitness (Train): 5742.01 | Best fitness in generation (Train): 5451.15 | Mean fitness (Train): 3433.84 | Mean fitness (Test): 4863.26
Generation 130 | Best fitness (Train): 5742.01 | Best fitness in generation (Train): 5319.02 | Mean fitness (Train): 3328.05 | Mean fitness (Test): 4750.69
Generation 140 | Best fitness (Train): 5742.01 | Best fitness in generation (Train): 5297.86 | Mean fitness (Train): 3363.14 | Mean fitness (Test): 4945.17
Generation 150 | Best fitness (Train): 5742.01 | Best fitness in generation (Train): 5517.83 | Mean fitness (Train): 3442.88 | Mean fitness (Test): 4956.32
Generation 160 | Best fitness (Train): 5742.01 | Best fitness in generation (Train): 5526.41 | Mean fitness (Train): 3628.74 | Mean fitness (Test): 5109.46
Generation 170 | Best fitness (Train): 5742.01 | Best fitness in generation (Train): 5392.28 | Mean fitness (Train): 3587.88 | Mean fitness (Test): 4837.49
Generation 180 | Best fitness (Train): 5742.01 | Best fitness in generation (Train): 5525.95 | Mean fitness (Train): 3605.47 | Mean fitness (Test): 5078.40
Generation 190 | Best fitness (Train): 5742.01 | Best fitness in generation (Train): 5371.61 | Mean fitness (Train): 3550.69 | Mean fitness (Test): 4913.62
Generation 200 | Best fitness (Train): 5920.48 | Best fitness in generation (Train): 5567.54 | Mean fitness (Train): 3752.31 | Mean fitness (Test): 4963.75
Generation 210 | Best fitness (Train): 5920.48 | Best fitness in generation (Train): 5558.53 | Mean fitness (Train): 3828.13 | Mean fitness (Test): 5027.10
Generation 220 | Best fitness (Train): 5920.48 | Best fitness in generation (Train): 5694.40 | Mean fitness (Train): 3729.09 | Mean fitness (Test): 5104.23
Generation 230 | Best fitness (Train): 5920.48 | Best fitness in generation (Train): 5660.77 | Mean fitness (Train): 3732.75 | Mean fitness (Test): 4975.96
Generation 240 | Best fitness (Train): 6032.16 | Best fitness in generation (Train): 6032.16 | Mean fitness (Train): 3674.97 | Mean fitness (Test): 5072.36
Generation 250 | Best fitness (Train): 6032.16 | Best fitness in generation (Train): 5819.04 | Mean fitness (Train): 3938.82 | Mean fitness (Test): 5040.11
Generation 260 | Best fitness (Train): 6032.16 | Best fitness in generation (Train): 5659.60 | Mean fitness (Train): 3814.99 | Mean fitness (Test): 5000.94
Generation 270 | Best fitness (Train): 6083.43 | Best fitness in generation (Train): 5856.87 | Mean fitness (Train): 3770.90 | Mean fitness (Test): 5073.50
Generation 280 | Best fitness (Train): 6083.43 | Best fitness in generation (Train): 5624.05 | Mean fitness (Train): 3859.37 | Mean fitness (Test): 5090.04
Generation 290 | Best fitness (Train): 6083.43 | Best fitness in generation (Train): 5663.72 | Mean fitness (Train): 3985.27 | Mean fitness (Test): 5005.74
Generation 300 | Best fitness (Train): 6083.43 | Best fitness in generation (Train): 5778.53 | Mean fitness (Train): 3770.63 | Mean fitness (Test): 5022.33
Generation 310 | Best fitness (Train): 6083.43 | Best fitness in generation (Train): 5792.39 | Mean fitness (Train): 3863.20 | Mean fitness (Test): 5274.90
Generation 320 | Best fitness (Train): 6083.43 | Best fitness in generation (Train): 5584.53 | Mean fitness (Train): 3919.83 | Mean fitness (Test): 5216.64
Generation 330 | Best fitness (Train): 6083.43 | Best fitness in generation (Train): 5835.71 | Mean fitness (Train): 3841.13 | Mean fitness (Test): 5782.72
Generation 340 | Best fitness (Train): 6083.43 | Best fitness in generation (Train): 5772.35 | Mean fitness (Train): 3970.14 | Mean fitness (Test): 5402.74
Generation 350 | Best fitness (Train): 6196.92 | Best fitness in generation (Train): 5782.19 | Mean fitness (Train): 3995.74 | Mean fitness (Test): 5292.02
Generation 360 | Best fitness (Train): 6196.92 | Best fitness in generation (Train): 5745.84 | Mean fitness (Train): 4023.35 | Mean fitness (Test): 5265.42
Generation 370 | Best fitness (Train): 6196.92 | Best fitness in generation (Train): 5873.68 | Mean fitness (Train): 4219.90 | Mean fitness (Test): 5450.23
Generation 380 | Best fitness (Train): 6196.92 | Best fitness in generation (Train): 5749.16 | Mean fitness (Train): 4250.30 | Mean fitness (Test): 5695.29
Generation 390 | Best fitness (Train): 6196.92 | Best fitness in generation (Train): 5748.02 | Mean fitness (Train): 4195.89 | Mean fitness (Test): 5542.35
Generation 400 | Best fitness (Train): 6196.92 | Best fitness in generation (Train): 5778.22 | Mean fitness (Train): 4251.90 | Mean fitness (Test): 5547.25
Generation 410 | Best fitness (Train): 6196.92 | Best fitness in generation (Train): 5632.33 | Mean fitness (Train): 4322.57 | Mean fitness (Test): 5556.18
Generation 420 | Best fitness (Train): 6196.92 | Best fitness in generation (Train): 5781.73 | Mean fitness (Train): 4276.65 | Mean fitness (Test): 5698.96
Generation 430 | Best fitness (Train): 6196.92 | Best fitness in generation (Train): 5928.95 | Mean fitness (Train): 4197.49 | Mean fitness (Test): 5634.19
Generation 440 | Best fitness (Train): 6196.92 | Best fitness in generation (Train): 5794.99 | Mean fitness (Train): 4079.21 | Mean fitness (Test): 5631.48
Generation 450 | Best fitness (Train): 6196.92 | Best fitness in generation (Train): 5996.60 | Mean fitness (Train): 4270.81 | Mean fitness (Test): 5681.25
Generation 460 | Best fitness (Train): 6196.92 | Best fitness in generation (Train): 5848.64 | Mean fitness (Train): 4418.77 | Mean fitness (Test): 5712.76
Generation 470 | Best fitness (Train): 6196.92 | Best fitness in generation (Train): 6029.37 | Mean fitness (Train): 4530.18 | Mean fitness (Test): 5740.10
Generation 480 | Best fitness (Train): 6196.92 | Best fitness in generation (Train): 5903.67 | Mean fitness (Train): 4309.89 | Mean fitness (Test): 5661.66
Generation 490 | Best fitness (Train): 6196.92 | Best fitness in generation (Train): 5954.95 | Mean fitness (Train): 4265.27 | Mean fitness (Test): 5936.21
Generation 500 | Best fitness (Train): 6196.92 | Best fitness in generation (Train): 5911.99 | Mean fitness (Train): 4447.26 | Mean fitness (Test): 5870.94
Generation 510 | Best fitness (Train): 6196.92 | Best fitness in generation (Train): 5885.93 | Mean fitness (Train): 4490.30 | Mean fitness (Test): 5895.53
Generation 520 | Best fitness (Train): 6196.92 | Best fitness in generation (Train): 6180.39 | Mean fitness (Train): 4511.96 | Mean fitness (Test): 5812.85
Generation 530 | Best fitness (Train): 6196.92 | Best fitness in generation (Train): nan | Mean fitness (Train): nan | Mean fitness (Test): nan
Generation 540 | Best fitness (Train): 6196.92 | Best fitness in generation (Train): nan | Mean fitness (Train): nan | Mean fitness (Test): nan
Generation 550 | Best fitness (Train): 6196.92 | Best fitness in generation (Train): nan | Mean fitness (Train): nan | Mean fitness (Test): nan
Generation 560 | Best fitness (Train): 6196.92 | Best fitness in generation (Train): nan | Mean fitness (Train): nan | Mean fitness (Test): nan
Generation 570 | Best fitness (Train): 6196.92 | Best fitness in generation (Train): nan | Mean fitness (Train): nan | Mean fitness (Test): nan
Generation 580 | Best fitness (Train): 6196.92 | Best fitness in generation (Train): nan | Mean fitness (Train): nan | Mean fitness (Test): nan
Generation 590 | Best fitness (Train): 6196.92 | Best fitness in generation (Train): nan | Mean fitness (Train): nan | Mean fitness (Test): nan
Generation 600 | Best fitness (Train): 6196.92 | Best fitness in generation (Train): nan | Mean fitness (Train): nan | Mean fitness (Test): nan
Generation 610 | Best fitness (Train): 6196.92 | Best fitness in generation (Train): nan | Mean fitness (Train): nan | Mean fitness (Test): nan
Generation 620 | Best fitness (Train): 6196.92 | Best fitness in generation (Train): nan | Mean fitness (Train): nan | Mean fitness (Test): nan
Generation 630 | Best fitness (Train): 6196.92 | Best fitness in generation (Train): nan | Mean fitness (Train): nan | Mean fitness (Test): nan
Generation 640 | Best fitness (Train): 6196.92 | Best fitness in generation (Train): nan | Mean fitness (Train): nan | Mean fitness (Test): nan
Generation 650 | Best fitness (Train): 6196.92 | Best fitness in generation (Train): nan | Mean fitness (Train): nan | Mean fitness (Test): nan
Generation 660 | Best fitness (Train): 6196.92 | Best fitness in generation (Train): nan | Mean fitness (Train): nan | Mean fitness (Test): nan
Generation 670 | Best fitness (Train): 6196.92 | Best fitness in generation (Train): nan | Mean fitness (Train): nan | Mean fitness (Test): nan
Generation 680 | Best fitness (Train): 6196.92 | Best fitness in generation (Train): nan | Mean fitness (Train): nan | Mean fitness (Test): nan
Generation 690 | Best fitness (Train): 6196.92 | Best fitness in generation (Train): nan | Mean fitness (Train): nan | Mean fitness (Test): nan
Generation 700 | Best fitness (Train): 6196.92 | Best fitness in generation (Train): nan | Mean fitness (Train): nan | Mean fitness (Test): nan
Generation 710 | Best fitness (Train): 6196.92 | Best fitness in generation (Train): nan | Mean fitness (Train): nan | Mean fitness (Test): nan
Generation 720 | Best fitness (Train): 6196.92 | Best fitness in generation (Train): nan | Mean fitness (Train): nan | Mean fitness (Test): nan
Generation 730 | Best fitness (Train): 6196.92 | Best fitness in generation (Train): nan | Mean fitness (Train): nan | Mean fitness (Test): nan
Generation 740 | Best fitness (Train): 6196.92 | Best fitness in generation (Train): nan | Mean fitness (Train): nan | Mean fitness (Test): nan
Generation 750 | Best fitness (Train): 6196.92 | Best fitness in generation (Train): nan | Mean fitness (Train): nan | Mean fitness (Test): nan
Generation 760 | Best fitness (Train): 6196.92 | Best fitness in generation (Train): nan | Mean fitness (Train): nan | Mean fitness (Test): nan
Generation 770 | Best fitness (Train): 6196.92 | Best fitness in generation (Train): nan | Mean fitness (Train): nan | Mean fitness (Test): nan
Generation 780 | Best fitness (Train): 6196.92 | Best fitness in generation (Train): nan | Mean fitness (Train): nan | Mean fitness (Test): nan
Generation 790 | Best fitness (Train): 6196.92 | Best fitness in generation (Train): nan | Mean fitness (Train): nan | Mean fitness (Test): nan
Generation 800 | Best fitness (Train): 6196.92 | Best fitness in generation (Train): nan | Mean fitness (Train): nan | Mean fitness (Test): nan
Generation 810 | Best fitness (Train): 6196.92 | Best fitness in generation (Train): nan | Mean fitness (Train): nan | Mean fitness (Test): nan
Generation 820 | Best fitness (Train): 6196.92 | Best fitness in generation (Train): nan | Mean fitness (Train): nan | Mean fitness (Test): nan
Generation 830 | Best fitness (Train): 6196.92 | Best fitness in generation (Train): nan | Mean fitness (Train): nan | Mean fitness (Test): nan
Generation 840 | Best fitness (Train): 6196.92 | Best fitness in generation (Train): nan | Mean fitness (Train): nan | Mean fitness (Test): nan
Generation 850 | Best fitness (Train): 6196.92 | Best fitness in generation (Train): nan | Mean fitness (Train): nan | Mean fitness (Test): nan
Generation 860 | Best fitness (Train): 6196.92 | Best fitness in generation (Train): nan | Mean fitness (Train): nan | Mean fitness (Test): nan
Generation 870 | Best fitness (Train): 6196.92 | Best fitness in generation (Train): nan | Mean fitness (Train): nan | Mean fitness (Test): nan
Generation 880 | Best fitness (Train): 6196.92 | Best fitness in generation (Train): nan | Mean fitness (Train): nan | Mean fitness (Test): nan
Generation 890 | Best fitness (Train): 6196.92 | Best fitness in generation (Train): nan | Mean fitness (Train): nan | Mean fitness (Test): nan
Generation 900 | Best fitness (Train): 6196.92 | Best fitness in generation (Train): nan | Mean fitness (Train): nan | Mean fitness (Test): nan
Generation 910 | Best fitness (Train): 6196.92 | Best fitness in generation (Train): nan | Mean fitness (Train): nan | Mean fitness (Test): nan
Generation 920 | Best fitness (Train): 6196.92 | Best fitness in generation (Train): nan | Mean fitness (Train): nan | Mean fitness (Test): nan
Generation 930 | Best fitness (Train): 6196.92 | Best fitness in generation (Train): nan | Mean fitness (Train): nan | Mean fitness (Test): nan
Generation 940 | Best fitness (Train): 6196.92 | Best fitness in generation (Train): nan | Mean fitness (Train): nan | Mean fitness (Test): nan
Generation 950 | Best fitness (Train): 6196.92 | Best fitness in generation (Train): nan | Mean fitness (Train): nan | Mean fitness (Test): nan
Generation 960 | Best fitness (Train): 6196.92 | Best fitness in generation (Train): nan | Mean fitness (Train): nan | Mean fitness (Test): nan
Generation 970 | Best fitness (Train): 6196.92 | Best fitness in generation (Train): nan | Mean fitness (Train): nan | Mean fitness (Test): nan
Generation 980 | Best fitness (Train): 6196.92 | Best fitness in generation (Train): nan | Mean fitness (Train): nan | Mean fitness (Test): nan
Generation 990 | Best fitness (Train): 6196.92 | Best fitness in generation (Train): nan | Mean fitness (Train): nan | Mean fitness (Test): nan
Generation 1000 | Best fitness (Train): 6196.92 | Best fitness in generation (Train): nan | Mean fitness (Train): nan | Mean fitness (Test): nan
running the experiment ... [../../results/BraxProblem/halfcheetah/DiscoveredES/1]
Generation 010 | Best fitness (Train): 2822.59 | Best fitness in generation (Train): 2733.74 | Mean fitness (Train): 883.78 | Mean fitness (Test): 1822.06
Generation 020 | Best fitness (Train): 3477.91 | Best fitness in generation (Train): 2549.54 | Mean fitness (Train): 1466.80 | Mean fitness (Test): 2409.10
Generation 030 | Best fitness (Train): 3558.50 | Best fitness in generation (Train): 3109.73 | Mean fitness (Train): 1866.62 | Mean fitness (Test): 2496.04
Generation 040 | Best fitness (Train): 3844.87 | Best fitness in generation (Train): 3844.87 | Mean fitness (Train): 2121.59 | Mean fitness (Test): 2644.59
Generation 050 | Best fitness (Train): 4119.57 | Best fitness in generation (Train): 4082.45 | Mean fitness (Train): 2587.70 | Mean fitness (Test): 4091.99
Generation 060 | Best fitness (Train): 4925.02 | Best fitness in generation (Train): 4768.35 | Mean fitness (Train): 3009.57 | Mean fitness (Test): 4914.86
Generation 070 | Best fitness (Train): 5253.95 | Best fitness in generation (Train): 5085.61 | Mean fitness (Train): 3377.44 | Mean fitness (Test): 5532.86
Generation 080 | Best fitness (Train): 6007.45 | Best fitness in generation (Train): 6007.45 | Mean fitness (Train): 3883.02 | Mean fitness (Test): 5970.08
Generation 090 | Best fitness (Train): 6574.06 | Best fitness in generation (Train): 6574.06 | Mean fitness (Train): 4345.73 | Mean fitness (Test): 6607.28
Generation 100 | Best fitness (Train): 7017.16 | Best fitness in generation (Train): 6697.43 | Mean fitness (Train): 4856.46 | Mean fitness (Test): 7306.54
Generation 110 | Best fitness (Train): 7470.64 | Best fitness in generation (Train): 7167.59 | Mean fitness (Train): 5271.97 | Mean fitness (Test): 7284.48
Generation 120 | Best fitness (Train): 7523.88 | Best fitness in generation (Train): 7340.62 | Mean fitness (Train): 5820.16 | Mean fitness (Test): 7553.45
Generation 130 | Best fitness (Train): 7868.08 | Best fitness in generation (Train): 7705.49 | Mean fitness (Train): 6231.47 | Mean fitness (Test): 7705.74
Generation 140 | Best fitness (Train): 8201.66 | Best fitness in generation (Train): 8003.02 | Mean fitness (Train): 6347.99 | Mean fitness (Test): 8532.88
Generation 150 | Best fitness (Train): 8545.32 | Best fitness in generation (Train): 8447.34 | Mean fitness (Train): 6873.93 | Mean fitness (Test): 8887.22
Generation 160 | Best fitness (Train): 8640.69 | Best fitness in generation (Train): 8640.69 | Mean fitness (Train): 6888.24 | Mean fitness (Test): 8998.59
Generation 170 | Best fitness (Train): 9198.20 | Best fitness in generation (Train): 8924.55 | Mean fitness (Train): 6929.75 | Mean fitness (Test): 9523.07
Generation 180 | Best fitness (Train): 9557.85 | Best fitness in generation (Train): 9557.85 | Mean fitness (Train): 7402.91 | Mean fitness (Test): 9989.31
Generation 190 | Best fitness (Train): 9788.10 | Best fitness in generation (Train): 9691.19 | Mean fitness (Train): 7668.40 | Mean fitness (Test): 10684.99
Generation 200 | Best fitness (Train): 10110.50 | Best fitness in generation (Train): 9802.53 | Mean fitness (Train): 7847.43 | Mean fitness (Test): 10774.62
Generation 210 | Best fitness (Train): 10662.45 | Best fitness in generation (Train): 10662.45 | Mean fitness (Train): 8296.10 | Mean fitness (Test): 10842.96
Generation 220 | Best fitness (Train): 10662.45 | Best fitness in generation (Train): 10619.52 | Mean fitness (Train): 8408.59 | Mean fitness (Test): 11316.95
Generation 230 | Best fitness (Train): 10937.93 | Best fitness in generation (Train): 10852.43 | Mean fitness (Train): 8730.34 | Mean fitness (Test): 11539.05
[2025-11-14T01:55:06.005] error: *** JOB 8108723 ON ise-pheno-07 CANCELLED AT 2025-11-14T01:55:06 DUE TO TIME LIMIT ***
Running ES algorithms:   0%|                                                                                                          | 0/1 [00:00<?, ?it/s][A[2025-11-14T01:55:06.005] error: *** STEP 8108723.0 ON ise-pheno-07 CANCELLED AT 2025-11-14T01:55:06 DUE TO TIME LIMIT ***
srun: Job step aborted: Waiting up to 302 seconds for job step to finish.
