Wed 03 Dec 2025 00:02:34 IST

SLURM_JOBID:		 8587275
SLURM_JOB_NODELIST:	 ise-6000-03 

configuration parmas running: problem_type=bbob es_algorithms=PGPE,ASEBO,Open_ES,SNES,Sep_CMA_ES,CMA_ES,LES,DES
Successfully loaded: sphere
Loading Problems ..:   0%|                                                                                                                                              | 0/24 [00:00<?, ?it/s]
there is experiment results. [../../results/BBOBProblem/sphere/PGPE_500_10000/0]
there is experiment results. [../../results/BBOBProblem/sphere/PGPE_500_10000/1]
there is experiment results. [../../results/BBOBProblem/sphere/PGPE_500_10000/2]
there is experiment results. [../../results/BBOBProblem/sphere/PGPE_500_10000/3]
there is experiment results. [../../results/BBOBProblem/sphere/PGPE_500_10000/4]
Running ES algorithms:   0%|                                                                                                                                             | 0/7 [00:00<?, ?it/s][A
there is experiment results. [../../results/BBOBProblem/sphere/Open_ES_500_10000/0]
there is experiment results. [../../results/BBOBProblem/sphere/Open_ES_500_10000/1]
there is experiment results. [../../results/BBOBProblem/sphere/Open_ES_500_10000/2]
there is experiment results. [../../results/BBOBProblem/sphere/Open_ES_500_10000/3]
there is experiment results. [../../results/BBOBProblem/sphere/Open_ES_500_10000/4]
there is experiment results. [../../results/BBOBProblem/sphere/SNES_500_10000/0]
there is experiment results. [../../results/BBOBProblem/sphere/SNES_500_10000/1]
there is experiment results. [../../results/BBOBProblem/sphere/SNES_500_10000/2]
there is experiment results. [../../results/BBOBProblem/sphere/SNES_500_10000/3]
there is experiment results. [../../results/BBOBProblem/sphere/SNES_500_10000/4]
there is experiment results. [../../results/BBOBProblem/sphere/Sep_CMA_ES_500_10000/0]
there is experiment results. [../../results/BBOBProblem/sphere/Sep_CMA_ES_500_10000/1]
there is experiment results. [../../results/BBOBProblem/sphere/Sep_CMA_ES_500_10000/2]
there is experiment results. [../../results/BBOBProblem/sphere/Sep_CMA_ES_500_10000/3]
there is experiment results. [../../results/BBOBProblem/sphere/Sep_CMA_ES_500_10000/4]
there is experiment results. [../../results/BBOBProblem/sphere/CMA_ES_500_10000/0]
there is experiment results. [../../results/BBOBProblem/sphere/CMA_ES_500_10000/1]
there is experiment results. [../../results/BBOBProblem/sphere/CMA_ES_500_10000/2]
there is experiment results. [../../results/BBOBProblem/sphere/CMA_ES_500_10000/3]
there is experiment results. [../../results/BBOBProblem/sphere/CMA_ES_500_10000/4]
there is experiment results. [../../results/BBOBProblem/sphere/LearnedES_500_10000/0]
there is experiment results. [../../results/BBOBProblem/sphere/LearnedES_500_10000/1]
there is experiment results. [../../results/BBOBProblem/sphere/LearnedES_500_10000/2]
there is experiment results. [../../results/BBOBProblem/sphere/LearnedES_500_10000/3]
there is experiment results. [../../results/BBOBProblem/sphere/LearnedES_500_10000/4]
there is experiment results. [../../results/BBOBProblem/sphere/DiscoveredES_500_10000/0]
there is experiment results. [../../results/BBOBProblem/sphere/DiscoveredES_500_10000/1]
there is experiment results. [../../results/BBOBProblem/sphere/DiscoveredES_500_10000/2]
there is experiment results. [../../results/BBOBProblem/sphere/DiscoveredES_500_10000/3]
there is experiment results. [../../results/BBOBProblem/sphere/DiscoveredES_500_10000/4]
Running ES algorithms:  14%|███████████████████                                                                                                                  | 1/7 [00:00<00:01,  4.87it/s][ARunning ES algorithms: 100%|█████████████████████████████████████████████████████████████████████████████████████████████████████████████████████████████████████| 7/7 [00:00<00:00, 25.21it/s]
Successfully loaded: ellipsoidal
Loading Problems ..:   4%|█████▌                                                                                                                                | 1/24 [00:05<02:14,  5.84s/it]
there is experiment results. [../../results/BBOBProblem/ellipsoidal/PGPE_500_10000/0]
there is experiment results. [../../results/BBOBProblem/ellipsoidal/PGPE_500_10000/1]
there is experiment results. [../../results/BBOBProblem/ellipsoidal/PGPE_500_10000/2]
there is experiment results. [../../results/BBOBProblem/ellipsoidal/PGPE_500_10000/3]
there is experiment results. [../../results/BBOBProblem/ellipsoidal/PGPE_500_10000/4]
Running ES algorithms:   0%|                                                                                                                                             | 0/7 [00:00<?, ?it/s][A
there is experiment results. [../../results/BBOBProblem/ellipsoidal/Open_ES_500_10000/0]
there is experiment results. [../../results/BBOBProblem/ellipsoidal/Open_ES_500_10000/1]
there is experiment results. [../../results/BBOBProblem/ellipsoidal/Open_ES_500_10000/2]
there is experiment results. [../../results/BBOBProblem/ellipsoidal/Open_ES_500_10000/3]
there is experiment results. [../../results/BBOBProblem/ellipsoidal/Open_ES_500_10000/4]
there is experiment results. [../../results/BBOBProblem/ellipsoidal/SNES_500_10000/0]
there is experiment results. [../../results/BBOBProblem/ellipsoidal/SNES_500_10000/1]
there is experiment results. [../../results/BBOBProblem/ellipsoidal/SNES_500_10000/2]
there is experiment results. [../../results/BBOBProblem/ellipsoidal/SNES_500_10000/3]
there is experiment results. [../../results/BBOBProblem/ellipsoidal/SNES_500_10000/4]
there is experiment results. [../../results/BBOBProblem/ellipsoidal/Sep_CMA_ES_500_10000/0]
there is experiment results. [../../results/BBOBProblem/ellipsoidal/Sep_CMA_ES_500_10000/1]
there is experiment results. [../../results/BBOBProblem/ellipsoidal/Sep_CMA_ES_500_10000/2]
there is experiment results. [../../results/BBOBProblem/ellipsoidal/Sep_CMA_ES_500_10000/3]
there is experiment results. [../../results/BBOBProblem/ellipsoidal/Sep_CMA_ES_500_10000/4]
running the experiment ... [../../results/BBOBProblem/ellipsoidal/CMA_ES_500_10000/0]
Generation 100 | Best fitness (Train): 8183744000.00 | Best fitness in generation (Train): 8183744000.00 | Mean fitness (Train): 8235561472.00 | Mean fitness (Test): 8202438656.00
Generation 200 | Best fitness (Train): 5173326336.00 | Best fitness in generation (Train): 5173326336.00 | Mean fitness (Train): 5270942208.00 | Mean fitness (Test): 5125003264.00
Generation 300 | Best fitness (Train): 2212897280.00 | Best fitness in generation (Train): 2245762048.00 | Mean fitness (Train): 2437121280.00 | Mean fitness (Test): 1132968192.00
Generation 400 | Best fitness (Train): 2212897280.00 | Best fitness in generation (Train): 3828755968.00 | Mean fitness (Train): 4147462400.00 | Mean fitness (Test): 765707776.00
Generation 500 | Best fitness (Train): 2212897280.00 | Best fitness in generation (Train): 3726813696.00 | Mean fitness (Train): 4110268672.00 | Mean fitness (Test): 753630976.00
Generation 600 | Best fitness (Train): 2212897280.00 | Best fitness in generation (Train): 3231442688.00 | Mean fitness (Train): 3501323776.00 | Mean fitness (Test): 722828416.00
Generation 700 | Best fitness (Train): 2212897280.00 | Best fitness in generation (Train): 2605976064.00 | Mean fitness (Train): 2869857024.00 | Mean fitness (Test): 616521728.00
Generation 800 | Best fitness (Train): 2153371392.00 | Best fitness in generation (Train): 2180459264.00 | Mean fitness (Train): 2377639168.00 | Mean fitness (Test): 534680448.00
Generation 900 | Best fitness (Train): 1771622400.00 | Best fitness in generation (Train): 1818560256.00 | Mean fitness (Train): 1977789824.00 | Mean fitness (Test): 475625504.00
Generation 1000 | Best fitness (Train): 1472565632.00 | Best fitness in generation (Train): 1511105152.00 | Mean fitness (Train): 1640816640.00 | Mean fitness (Test): 421370016.00
Generation 1100 | Best fitness (Train): 1246928640.00 | Best fitness in generation (Train): 1246928640.00 | Mean fitness (Train): 1361439360.00 | Mean fitness (Test): 374708256.00
Generation 1200 | Best fitness (Train): 1049571520.00 | Best fitness in generation (Train): 1083489408.00 | Mean fitness (Train): 1171766912.00 | Mean fitness (Test): 337873888.00
Generation 1300 | Best fitness (Train): 931005248.00 | Best fitness in generation (Train): 934705280.00 | Mean fitness (Train): 1012664448.00 | Mean fitness (Test): 305119520.00
Generation 1400 | Best fitness (Train): 796162624.00 | Best fitness in generation (Train): 808987584.00 | Mean fitness (Train): 878937280.00 | Mean fitness (Test): 276232224.00
Generation 1500 | Best fitness (Train): 683936576.00 | Best fitness in generation (Train): 688231616.00 | Mean fitness (Train): 747494272.00 | Mean fitness (Test): 245155936.00
Generation 1600 | Best fitness (Train): 587047744.00 | Best fitness in generation (Train): 598368064.00 | Mean fitness (Train): 641428864.00 | Mean fitness (Test): 222184512.00
Generation 1700 | Best fitness (Train): 512607776.00 | Best fitness in generation (Train): 524352704.00 | Mean fitness (Train): 563828352.00 | Mean fitness (Test): 206907120.00
Generation 1800 | Best fitness (Train): 443891872.00 | Best fitness in generation (Train): 446727328.00 | Mean fitness (Train): 482922400.00 | Mean fitness (Test): 187592560.00
Generation 1900 | Best fitness (Train): 379411488.00 | Best fitness in generation (Train): 388836416.00 | Mean fitness (Train): 416568096.00 | Mean fitness (Test): 169205824.00
Generation 2000 | Best fitness (Train): 332681984.00 | Best fitness in generation (Train): 336074144.00 | Mean fitness (Train): 359757984.00 | Mean fitness (Test): 154682224.00
Generation 2100 | Best fitness (Train): 285413280.00 | Best fitness in generation (Train): 293262432.00 | Mean fitness (Train): 314636064.00 | Mean fitness (Test): 141763760.00
Generation 2200 | Best fitness (Train): 258364176.00 | Best fitness in generation (Train): 261586448.00 | Mean fitness (Train): 279214080.00 | Mean fitness (Test): 130061792.00
Generation 2300 | Best fitness (Train): 229790224.00 | Best fitness in generation (Train): 231239376.00 | Mean fitness (Train): 247789936.00 | Mean fitness (Test): 121640480.00
Generation 2400 | Best fitness (Train): 203508752.00 | Best fitness in generation (Train): 206219856.00 | Mean fitness (Train): 218665376.00 | Mean fitness (Test): 112459200.00
Generation 2500 | Best fitness (Train): 181018544.00 | Best fitness in generation (Train): 182621200.00 | Mean fitness (Train): 194657488.00 | Mean fitness (Test): 105299792.00
Generation 2600 | Best fitness (Train): 165108464.00 | Best fitness in generation (Train): 167358736.00 | Mean fitness (Train): 175538880.00 | Mean fitness (Test): 98113472.00
Generation 2700 | Best fitness (Train): 150483216.00 | Best fitness in generation (Train): 151771872.00 | Mean fitness (Train): 159132112.00 | Mean fitness (Test): 91569680.00
Generation 2800 | Best fitness (Train): 138164656.00 | Best fitness in generation (Train): 138794480.00 | Mean fitness (Train): 145457232.00 | Mean fitness (Test): 85924992.00
Generation 2900 | Best fitness (Train): 125555256.00 | Best fitness in generation (Train): 125555256.00 | Mean fitness (Train): 132546040.00 | Mean fitness (Test): 80089264.00
Generation 3000 | Best fitness (Train): 115278544.00 | Best fitness in generation (Train): 116633984.00 | Mean fitness (Train): 121822376.00 | Mean fitness (Test): 75776368.00
Generation 3100 | Best fitness (Train): 106563840.00 | Best fitness in generation (Train): 107528960.00 | Mean fitness (Train): 111799896.00 | Mean fitness (Test): 72109264.00
Generation 3200 | Best fitness (Train): 97765840.00 | Best fitness in generation (Train): 99661352.00 | Mean fitness (Train): 103353288.00 | Mean fitness (Test): 68595088.00
Generation 3300 | Best fitness (Train): 91044968.00 | Best fitness in generation (Train): 91482944.00 | Mean fitness (Train): 95901488.00 | Mean fitness (Test): 65232756.00
Generation 3400 | Best fitness (Train): 85852720.00 | Best fitness in generation (Train): 85852720.00 | Mean fitness (Train): 89766600.00 | Mean fitness (Test): 62147804.00
Generation 3500 | Best fitness (Train): 80812352.00 | Best fitness in generation (Train): 81657720.00 | Mean fitness (Train): 84414848.00 | Mean fitness (Test): 59547740.00
Generation 3600 | Best fitness (Train): 75955816.00 | Best fitness in generation (Train): 76196912.00 | Mean fitness (Train): 79039200.00 | Mean fitness (Test): 56936936.00
Generation 3700 | Best fitness (Train): 71764784.00 | Best fitness in generation (Train): 72544312.00 | Mean fitness (Train): 74622848.00 | Mean fitness (Test): 54766704.00
Generation 3800 | Best fitness (Train): 68113336.00 | Best fitness in generation (Train): 68502632.00 | Mean fitness (Train): 70429952.00 | Mean fitness (Test): 52915404.00
Generation 3900 | Best fitness (Train): 64538344.00 | Best fitness in generation (Train): 64978208.00 | Mean fitness (Train): 66537536.00 | Mean fitness (Test): 50948640.00
Generation 4000 | Best fitness (Train): 61155516.00 | Best fitness in generation (Train): 61240296.00 | Mean fitness (Train): 62953208.00 | Mean fitness (Test): 49114564.00
running the experiment ... [../../results/BBOBProblem/ellipsoidal/CMA_ES_500_10000/1]
Generation 100 | Best fitness (Train): 7898058752.00 | Best fitness in generation (Train): 7898058752.00 | Mean fitness (Train): 7953201664.00 | Mean fitness (Test): 7919330304.00
Generation 200 | Best fitness (Train): 4944995328.00 | Best fitness in generation (Train): 4944995328.00 | Mean fitness (Train): 5062578688.00 | Mean fitness (Test): 4915794944.00
Generation 300 | Best fitness (Train): 2208036352.00 | Best fitness in generation (Train): 2304999936.00 | Mean fitness (Train): 2451529216.00 | Mean fitness (Test): 1125658624.00
Generation 400 | Best fitness (Train): 2208036352.00 | Best fitness in generation (Train): 3748872704.00 | Mean fitness (Train): 4060654336.00 | Mean fitness (Test): 759352192.00
Generation 500 | Best fitness (Train): 2208036352.00 | Best fitness in generation (Train): 3781912576.00 | Mean fitness (Train): 4080976128.00 | Mean fitness (Test): 772092736.00
Generation 600 | Best fitness (Train): 2208036352.00 | Best fitness in generation (Train): 3207737600.00 | Mean fitness (Train): 3511084032.00 | Mean fitness (Test): 690728768.00
Generation 700 | Best fitness (Train): 2208036352.00 | Best fitness in generation (Train): 2658205952.00 | Mean fitness (Train): 2931504128.00 | Mean fitness (Test): 643603776.00
Generation 800 | Best fitness (Train): 2192270336.00 | Best fitness in generation (Train): 2224663552.00 | Mean fitness (Train): 2445320704.00 | Mean fitness (Test): 560451136.00
Generation 900 | Best fitness (Train): 1862781056.00 | Best fitness in generation (Train): 1862781056.00 | Mean fitness (Train): 2076882048.00 | Mean fitness (Test): 503119456.00
Generation 1000 | Best fitness (Train): 1554669696.00 | Best fitness in generation (Train): 1554669696.00 | Mean fitness (Train): 1729066496.00 | Mean fitness (Test): 449709792.00
Generation 1100 | Best fitness (Train): 1316890624.00 | Best fitness in generation (Train): 1334976000.00 | Mean fitness (Train): 1454044672.00 | Mean fitness (Test): 395159072.00
Generation 1200 | Best fitness (Train): 1118241792.00 | Best fitness in generation (Train): 1126804480.00 | Mean fitness (Train): 1224640896.00 | Mean fitness (Test): 347313824.00
Generation 1300 | Best fitness (Train): 941791936.00 | Best fitness in generation (Train): 941791936.00 | Mean fitness (Train): 1038992576.00 | Mean fitness (Test): 304352000.00
Generation 1400 | Best fitness (Train): 796198592.00 | Best fitness in generation (Train): 822148160.00 | Mean fitness (Train): 892142464.00 | Mean fitness (Test): 271940384.00
Generation 1500 | Best fitness (Train): 700333760.00 | Best fitness in generation (Train): 718295360.00 | Mean fitness (Train): 770751488.00 | Mean fitness (Test): 246352096.00
Generation 1600 | Best fitness (Train): 599246592.00 | Best fitness in generation (Train): 599246592.00 | Mean fitness (Train): 662907712.00 | Mean fitness (Test): 222368576.00
Generation 1700 | Best fitness (Train): 514028832.00 | Best fitness in generation (Train): 515809632.00 | Mean fitness (Train): 565761024.00 | Mean fitness (Test): 199063104.00
Generation 1800 | Best fitness (Train): 449732928.00 | Best fitness in generation (Train): 451040256.00 | Mean fitness (Train): 488626944.00 | Mean fitness (Test): 182741232.00
Generation 1900 | Best fitness (Train): 379411552.00 | Best fitness in generation (Train): 397251968.00 | Mean fitness (Train): 425044160.00 | Mean fitness (Test): 169760304.00
Generation 2000 | Best fitness (Train): 338695520.00 | Best fitness in generation (Train): 338796832.00 | Mean fitness (Train): 365607936.00 | Mean fitness (Test): 155000368.00
Generation 2100 | Best fitness (Train): 299773728.00 | Best fitness in generation (Train): 302450944.00 | Mean fitness (Train): 323963936.00 | Mean fitness (Test): 142146384.00
Generation 2200 | Best fitness (Train): 269462144.00 | Best fitness in generation (Train): 272791232.00 | Mean fitness (Train): 291501952.00 | Mean fitness (Test): 133636944.00
Generation 2300 | Best fitness (Train): 239745712.00 | Best fitness in generation (Train): 239745712.00 | Mean fitness (Train): 257868208.00 | Mean fitness (Test): 123334720.00
Generation 2400 | Best fitness (Train): 211591584.00 | Best fitness in generation (Train): 213422224.00 | Mean fitness (Train): 226645328.00 | Mean fitness (Test): 113914608.00
Generation 2500 | Best fitness (Train): 189818608.00 | Best fitness in generation (Train): 189818608.00 | Mean fitness (Train): 202570272.00 | Mean fitness (Test): 105836128.00
Generation 2600 | Best fitness (Train): 170178672.00 | Best fitness in generation (Train): 172502016.00 | Mean fitness (Train): 180713392.00 | Mean fitness (Test): 98838792.00
Generation 2700 | Best fitness (Train): 153734640.00 | Best fitness in generation (Train): 155525424.00 | Mean fitness (Train): 163524160.00 | Mean fitness (Test): 91609848.00
Generation 2800 | Best fitness (Train): 142621520.00 | Best fitness in generation (Train): 142630544.00 | Mean fitness (Train): 150422192.00 | Mean fitness (Test): 86756648.00
Generation 2900 | Best fitness (Train): 130040920.00 | Best fitness in generation (Train): 130040920.00 | Mean fitness (Train): 137142656.00 | Mean fitness (Test): 82110784.00
Generation 3000 | Best fitness (Train): 118616384.00 | Best fitness in generation (Train): 121458000.00 | Mean fitness (Train): 126484824.00 | Mean fitness (Test): 77858984.00
Generation 3100 | Best fitness (Train): 110627096.00 | Best fitness in generation (Train): 111655120.00 | Mean fitness (Train): 116399408.00 | Mean fitness (Test): 73939120.00
Generation 3200 | Best fitness (Train): 102679768.00 | Best fitness in generation (Train): 103189832.00 | Mean fitness (Train): 107441656.00 | Mean fitness (Test): 70606704.00
Generation 3300 | Best fitness (Train): 94725128.00 | Best fitness in generation (Train): 94725128.00 | Mean fitness (Train): 99400976.00 | Mean fitness (Test): 67274032.00
Generation 3400 | Best fitness (Train): 89026200.00 | Best fitness in generation (Train): 90144576.00 | Mean fitness (Train): 93222904.00 | Mean fitness (Test): 64280144.00
Generation 3500 | Best fitness (Train): 83518880.00 | Best fitness in generation (Train): 83900600.00 | Mean fitness (Train): 86868352.00 | Mean fitness (Test): 61526468.00
Generation 3600 | Best fitness (Train): 78247232.00 | Best fitness in generation (Train): 78978208.00 | Mean fitness (Train): 81562608.00 | Mean fitness (Test): 59039212.00
Generation 3700 | Best fitness (Train): 74110624.00 | Best fitness in generation (Train): 74110624.00 | Mean fitness (Train): 77005968.00 | Mean fitness (Test): 56724804.00
Generation 3800 | Best fitness (Train): 70783080.00 | Best fitness in generation (Train): 71200736.00 | Mean fitness (Train): 73300904.00 | Mean fitness (Test): 54581328.00
Generation 3900 | Best fitness (Train): 67538184.00 | Best fitness in generation (Train): 67762400.00 | Mean fitness (Train): 69701472.00 | Mean fitness (Test): 52844456.00
Generation 4000 | Best fitness (Train): 63948188.00 | Best fitness in generation (Train): 64014144.00 | Mean fitness (Train): 65963416.00 | Mean fitness (Test): 50922964.00
running the experiment ... [../../results/BBOBProblem/ellipsoidal/CMA_ES_500_10000/2]
Generation 100 | Best fitness (Train): 7707255808.00 | Best fitness in generation (Train): 7707255808.00 | Mean fitness (Train): 7757828096.00 | Mean fitness (Test): 7723803136.00
Generation 200 | Best fitness (Train): 4913625600.00 | Best fitness in generation (Train): 4913625600.00 | Mean fitness (Train): 5002477568.00 | Mean fitness (Test): 4863090688.00
Generation 300 | Best fitness (Train): 2182702848.00 | Best fitness in generation (Train): 2273427968.00 | Mean fitness (Train): 2417152256.00 | Mean fitness (Test): 1148086016.00
Generation 400 | Best fitness (Train): 2182702848.00 | Best fitness in generation (Train): 3760001024.00 | Mean fitness (Train): 4103936256.00 | Mean fitness (Test): 800453952.00
Generation 500 | Best fitness (Train): 2182702848.00 | Best fitness in generation (Train): 3688477184.00 | Mean fitness (Train): 4075372032.00 | Mean fitness (Test): 783260864.00
Generation 600 | Best fitness (Train): 2182702848.00 | Best fitness in generation (Train): 3118102528.00 | Mean fitness (Train): 3471802624.00 | Mean fitness (Test): 708968640.00
Generation 700 | Best fitness (Train): 2182702848.00 | Best fitness in generation (Train): 2685299968.00 | Mean fitness (Train): 2948593664.00 | Mean fitness (Test): 641342976.00
Generation 800 | Best fitness (Train): 2182702848.00 | Best fitness in generation (Train): 2278513152.00 | Mean fitness (Train): 2459048704.00 | Mean fitness (Test): 570286720.00
Generation 900 | Best fitness (Train): 1810988032.00 | Best fitness in generation (Train): 1810988032.00 | Mean fitness (Train): 2048729088.00 | Mean fitness (Test): 509156576.00
Generation 1000 | Best fitness (Train): 1532130048.00 | Best fitness in generation (Train): 1532130048.00 | Mean fitness (Train): 1686823040.00 | Mean fitness (Test): 447249600.00
Generation 1100 | Best fitness (Train): 1298626688.00 | Best fitness in generation (Train): 1318468224.00 | Mean fitness (Train): 1431122944.00 | Mean fitness (Test): 384335520.00
Generation 1200 | Best fitness (Train): 1087709568.00 | Best fitness in generation (Train): 1100672768.00 | Mean fitness (Train): 1204206720.00 | Mean fitness (Test): 336624448.00
Generation 1300 | Best fitness (Train): 928759104.00 | Best fitness in generation (Train): 928759104.00 | Mean fitness (Train): 1027797120.00 | Mean fitness (Test): 308535712.00
Generation 1400 | Best fitness (Train): 807381824.00 | Best fitness in generation (Train): 811312064.00 | Mean fitness (Train): 878684608.00 | Mean fitness (Test): 273091488.00
Generation 1500 | Best fitness (Train): 690437184.00 | Best fitness in generation (Train): 690437184.00 | Mean fitness (Train): 753064256.00 | Mean fitness (Test): 251174640.00
Generation 1600 | Best fitness (Train): 576584320.00 | Best fitness in generation (Train): 589711296.00 | Mean fitness (Train): 636803584.00 | Mean fitness (Test): 222420400.00
Generation 1700 | Best fitness (Train): 502744512.00 | Best fitness in generation (Train): 511360864.00 | Mean fitness (Train): 546871232.00 | Mean fitness (Test): 201247200.00
Generation 1800 | Best fitness (Train): 440350688.00 | Best fitness in generation (Train): 450711200.00 | Mean fitness (Train): 481023392.00 | Mean fitness (Test): 186701552.00
Generation 1900 | Best fitness (Train): 377942688.00 | Best fitness in generation (Train): 385415520.00 | Mean fitness (Train): 418060576.00 | Mean fitness (Test): 172292656.00
Generation 2000 | Best fitness (Train): 337565472.00 | Best fitness in generation (Train): 339037312.00 | Mean fitness (Train): 361771776.00 | Mean fitness (Test): 156400144.00
Generation 2100 | Best fitness (Train): 294036512.00 | Best fitness in generation (Train): 296991840.00 | Mean fitness (Train): 316332704.00 | Mean fitness (Test): 144489904.00
Generation 2200 | Best fitness (Train): 255866848.00 | Best fitness in generation (Train): 255866848.00 | Mean fitness (Train): 277670112.00 | Mean fitness (Test): 132210648.00
Generation 2300 | Best fitness (Train): 225917168.00 | Best fitness in generation (Train): 225917168.00 | Mean fitness (Train): 245240208.00 | Mean fitness (Test): 123075808.00
Generation 2400 | Best fitness (Train): 206023152.00 | Best fitness in generation (Train): 207273392.00 | Mean fitness (Train): 219078576.00 | Mean fitness (Test): 114818448.00
Generation 2500 | Best fitness (Train): 184362976.00 | Best fitness in generation (Train): 185557040.00 | Mean fitness (Train): 195718832.00 | Mean fitness (Test): 106908792.00
Generation 2600 | Best fitness (Train): 163631968.00 | Best fitness in generation (Train): 165942320.00 | Mean fitness (Train): 174849952.00 | Mean fitness (Test): 99707336.00
Generation 2700 | Best fitness (Train): 151621008.00 | Best fitness in generation (Train): 153130992.00 | Mean fitness (Train): 159587552.00 | Mean fitness (Test): 94047456.00
Generation 2800 | Best fitness (Train): 138525168.00 | Best fitness in generation (Train): 140191712.00 | Mean fitness (Train): 146781856.00 | Mean fitness (Test): 89016800.00
Generation 2900 | Best fitness (Train): 126518920.00 | Best fitness in generation (Train): 126518920.00 | Mean fitness (Train): 133906896.00 | Mean fitness (Test): 84066448.00
Generation 3000 | Best fitness (Train): 117845712.00 | Best fitness in generation (Train): 118672016.00 | Mean fitness (Train): 123530760.00 | Mean fitness (Test): 79842416.00
Generation 3100 | Best fitness (Train): 109482464.00 | Best fitness in generation (Train): 109482464.00 | Mean fitness (Train): 114056320.00 | Mean fitness (Test): 75404128.00
Generation 3200 | Best fitness (Train): 101778960.00 | Best fitness in generation (Train): 102800992.00 | Mean fitness (Train): 106114600.00 | Mean fitness (Test): 72031632.00
Generation 3300 | Best fitness (Train): 94822352.00 | Best fitness in generation (Train): 95641280.00 | Mean fitness (Train): 98883024.00 | Mean fitness (Test): 69090632.00
Generation 3400 | Best fitness (Train): 89171200.00 | Best fitness in generation (Train): 89897296.00 | Mean fitness (Train): 92512624.00 | Mean fitness (Test): 66070300.00
Generation 3500 | Best fitness (Train): 83571256.00 | Best fitness in generation (Train): 84292448.00 | Mean fitness (Train): 87004360.00 | Mean fitness (Test): 63236212.00
Generation 3600 | Best fitness (Train): 79542512.00 | Best fitness in generation (Train): 79904592.00 | Mean fitness (Train): 82224888.00 | Mean fitness (Test): 60610620.00
Generation 3700 | Best fitness (Train): 75125376.00 | Best fitness in generation (Train): 75345272.00 | Mean fitness (Train): 77374960.00 | Mean fitness (Test): 58390324.00
Generation 3800 | Best fitness (Train): 71031160.00 | Best fitness in generation (Train): 71044432.00 | Mean fitness (Train): 72947816.00 | Mean fitness (Test): 56022972.00
Generation 3900 | Best fitness (Train): 67538568.00 | Best fitness in generation (Train): 67538568.00 | Mean fitness (Train): 69259512.00 | Mean fitness (Test): 54115592.00
Generation 4000 | Best fitness (Train): 63981244.00 | Best fitness in generation (Train): 64057124.00 | Mean fitness (Train): 65654116.00 | Mean fitness (Test): 52135828.00
running the experiment ... [../../results/BBOBProblem/ellipsoidal/CMA_ES_500_10000/3]
Generation 100 | Best fitness (Train): 8140214784.00 | Best fitness in generation (Train): 8140214784.00 | Mean fitness (Train): 8190704128.00 | Mean fitness (Test): 8155347968.00
Generation 200 | Best fitness (Train): 5198222336.00 | Best fitness in generation (Train): 5198222336.00 | Mean fitness (Train): 5288953856.00 | Mean fitness (Test): 5149739008.00
Generation 300 | Best fitness (Train): 2243797504.00 | Best fitness in generation (Train): 2316168448.00 | Mean fitness (Train): 2479473664.00 | Mean fitness (Test): 1170534784.00
Generation 400 | Best fitness (Train): 2243797504.00 | Best fitness in generation (Train): 3857626624.00 | Mean fitness (Train): 4302495744.00 | Mean fitness (Test): 802687168.00
Generation 500 | Best fitness (Train): 2243797504.00 | Best fitness in generation (Train): 3895500800.00 | Mean fitness (Train): 4242394112.00 | Mean fitness (Test): 785723968.00
Generation 600 | Best fitness (Train): 2243797504.00 | Best fitness in generation (Train): 3225203200.00 | Mean fitness (Train): 3651043328.00 | Mean fitness (Test): 734469312.00
Generation 700 | Best fitness (Train): 2243797504.00 | Best fitness in generation (Train): 2771161344.00 | Mean fitness (Train): 3091182080.00 | Mean fitness (Test): 659919104.00
Generation 800 | Best fitness (Train): 2243797504.00 | Best fitness in generation (Train): 2315403520.00 | Mean fitness (Train): 2589249280.00 | Mean fitness (Test): 581298816.00
Generation 900 | Best fitness (Train): 1959132416.00 | Best fitness in generation (Train): 1995246080.00 | Mean fitness (Train): 2167463680.00 | Mean fitness (Test): 509210496.00
Generation 1000 | Best fitness (Train): 1683048832.00 | Best fitness in generation (Train): 1683048832.00 | Mean fitness (Train): 1843382528.00 | Mean fitness (Test): 456042848.00
Generation 1100 | Best fitness (Train): 1412427776.00 | Best fitness in generation (Train): 1436731648.00 | Mean fitness (Train): 1570866176.00 | Mean fitness (Test): 411117152.00
Generation 1200 | Best fitness (Train): 1226144256.00 | Best fitness in generation (Train): 1242208512.00 | Mean fitness (Train): 1346247680.00 | Mean fitness (Test): 362937312.00
Generation 1300 | Best fitness (Train): 1069509952.00 | Best fitness in generation (Train): 1081088128.00 | Mean fitness (Train): 1169896320.00 | Mean fitness (Test): 333278208.00
Generation 1400 | Best fitness (Train): 904007744.00 | Best fitness in generation (Train): 904007744.00 | Mean fitness (Train): 987073728.00 | Mean fitness (Test): 292538208.00
Generation 1500 | Best fitness (Train): 763469568.00 | Best fitness in generation (Train): 764067392.00 | Mean fitness (Train): 844099008.00 | Mean fitness (Test): 263149248.00
Generation 1600 | Best fitness (Train): 673799616.00 | Best fitness in generation (Train): 684021696.00 | Mean fitness (Train): 736844864.00 | Mean fitness (Test): 241478848.00
Generation 1700 | Best fitness (Train): 582813760.00 | Best fitness in generation (Train): 585466496.00 | Mean fitness (Train): 640538432.00 | Mean fitness (Test): 219541520.00
Generation 1800 | Best fitness (Train): 512493920.00 | Best fitness in generation (Train): 515556480.00 | Mean fitness (Train): 562255040.00 | Mean fitness (Test): 206063872.00
Generation 1900 | Best fitness (Train): 438082912.00 | Best fitness in generation (Train): 443327200.00 | Mean fitness (Train): 477145248.00 | Mean fitness (Test): 183041424.00
Generation 2000 | Best fitness (Train): 379000224.00 | Best fitness in generation (Train): 382822432.00 | Mean fitness (Train): 409096384.00 | Mean fitness (Test): 165633360.00
Generation 2100 | Best fitness (Train): 328586272.00 | Best fitness in generation (Train): 332186464.00 | Mean fitness (Train): 355714432.00 | Mean fitness (Test): 154032144.00
Generation 2200 | Best fitness (Train): 281572416.00 | Best fitness in generation (Train): 288433952.00 | Mean fitness (Train): 310754688.00 | Mean fitness (Test): 141223488.00
Generation 2300 | Best fitness (Train): 253824992.00 | Best fitness in generation (Train): 256342080.00 | Mean fitness (Train): 273772800.00 | Mean fitness (Test): 129901344.00
Generation 2400 | Best fitness (Train): 225184656.00 | Best fitness in generation (Train): 225688112.00 | Mean fitness (Train): 240016800.00 | Mean fitness (Test): 120156000.00
Generation 2500 | Best fitness (Train): 201482352.00 | Best fitness in generation (Train): 203922128.00 | Mean fitness (Train): 214388640.00 | Mean fitness (Test): 112010032.00
Generation 2600 | Best fitness (Train): 179565328.00 | Best fitness in generation (Train): 182414352.00 | Mean fitness (Train): 191999840.00 | Mean fitness (Test): 104549120.00
Generation 2700 | Best fitness (Train): 162617344.00 | Best fitness in generation (Train): 164466640.00 | Mean fitness (Train): 172756144.00 | Mean fitness (Test): 97148568.00
Generation 2800 | Best fitness (Train): 147926544.00 | Best fitness in generation (Train): 148982864.00 | Mean fitness (Train): 156919504.00 | Mean fitness (Test): 91608864.00
Generation 2900 | Best fitness (Train): 135214496.00 | Best fitness in generation (Train): 136092288.00 | Mean fitness (Train): 141765792.00 | Mean fitness (Test): 86220432.00
Generation 3000 | Best fitness (Train): 123273280.00 | Best fitness in generation (Train): 124793896.00 | Mean fitness (Train): 130684064.00 | Mean fitness (Test): 82108728.00
Generation 3100 | Best fitness (Train): 113752080.00 | Best fitness in generation (Train): 115365264.00 | Mean fitness (Train): 119966240.00 | Mean fitness (Test): 77544816.00
Generation 3200 | Best fitness (Train): 105738256.00 | Best fitness in generation (Train): 107063432.00 | Mean fitness (Train): 111326504.00 | Mean fitness (Test): 74138928.00
Generation 3300 | Best fitness (Train): 99553272.00 | Best fitness in generation (Train): 99553272.00 | Mean fitness (Train): 103877576.00 | Mean fitness (Test): 70529040.00
Generation 3400 | Best fitness (Train): 92751392.00 | Best fitness in generation (Train): 93634408.00 | Mean fitness (Train): 96791032.00 | Mean fitness (Test): 67203968.00
Generation 3500 | Best fitness (Train): 87770248.00 | Best fitness in generation (Train): 88027040.00 | Mean fitness (Train): 90954288.00 | Mean fitness (Test): 64451596.00
Generation 3600 | Best fitness (Train): 81893312.00 | Best fitness in generation (Train): 82126784.00 | Mean fitness (Train): 85011224.00 | Mean fitness (Test): 61708420.00
Generation 3700 | Best fitness (Train): 77278104.00 | Best fitness in generation (Train): 77495312.00 | Mean fitness (Train): 80233880.00 | Mean fitness (Test): 59286348.00
Generation 3800 | Best fitness (Train): 72894096.00 | Best fitness in generation (Train): 73375808.00 | Mean fitness (Train): 75563832.00 | Mean fitness (Test): 56855092.00
Generation 3900 | Best fitness (Train): 69652448.00 | Best fitness in generation (Train): 69903744.00 | Mean fitness (Train): 71793440.00 | Mean fitness (Test): 54834484.00
Generation 4000 | Best fitness (Train): 66253204.00 | Best fitness in generation (Train): 66324256.00 | Mean fitness (Train): 68334480.00 | Mean fitness (Test): 52957424.00
running the experiment ... [../../results/BBOBProblem/ellipsoidal/CMA_ES_500_10000/4]
Generation 100 | Best fitness (Train): 7724418048.00 | Best fitness in generation (Train): 7724418048.00 | Mean fitness (Train): 7777494528.00 | Mean fitness (Test): 7743932928.00
Generation 200 | Best fitness (Train): 4922232320.00 | Best fitness in generation (Train): 4922232320.00 | Mean fitness (Train): 5020815872.00 | Mean fitness (Test): 4887668736.00
Generation 300 | Best fitness (Train): 2122707072.00 | Best fitness in generation (Train): 2171639296.00 | Mean fitness (Train): 2340596992.00 | Mean fitness (Test): 1108136576.00
Generation 400 | Best fitness (Train): 2122707072.00 | Best fitness in generation (Train): 3627218432.00 | Mean fitness (Train): 3945918208.00 | Mean fitness (Test): 743505984.00
Generation 500 | Best fitness (Train): 2122707072.00 | Best fitness in generation (Train): 3625559808.00 | Mean fitness (Train): 4008430336.00 | Mean fitness (Test): 764367040.00
Generation 600 | Best fitness (Train): 2122707072.00 | Best fitness in generation (Train): 3166350336.00 | Mean fitness (Train): 3446770176.00 | Mean fitness (Test): 700456064.00
Generation 700 | Best fitness (Train): 2122707072.00 | Best fitness in generation (Train): 2648541184.00 | Mean fitness (Train): 2871925504.00 | Mean fitness (Test): 620505024.00
Generation 800 | Best fitness (Train): 2122707072.00 | Best fitness in generation (Train): 2192489472.00 | Mean fitness (Train): 2419405568.00 | Mean fitness (Test): 549720448.00
Generation 900 | Best fitness (Train): 1805639680.00 | Best fitness in generation (Train): 1890116864.00 | Mean fitness (Train): 2035929728.00 | Mean fitness (Test): 492884960.00
Generation 1000 | Best fitness (Train): 1501360384.00 | Best fitness in generation (Train): 1501360384.00 | Mean fitness (Train): 1671272704.00 | Mean fitness (Test): 429812576.00
Generation 1100 | Best fitness (Train): 1301472896.00 | Best fitness in generation (Train): 1301472896.00 | Mean fitness (Train): 1423215360.00 | Mean fitness (Test): 389821088.00
Generation 1200 | Best fitness (Train): 1101178496.00 | Best fitness in generation (Train): 1107598208.00 | Mean fitness (Train): 1213453824.00 | Mean fitness (Test): 355173088.00
Generation 1300 | Best fitness (Train): 919681344.00 | Best fitness in generation (Train): 932705664.00 | Mean fitness (Train): 1017115968.00 | Mean fitness (Test): 310769216.00
Generation 1400 | Best fitness (Train): 803394624.00 | Best fitness in generation (Train): 812644544.00 | Mean fitness (Train): 879777536.00 | Mean fitness (Test): 279839648.00
Generation 1500 | Best fitness (Train): 696035328.00 | Best fitness in generation (Train): 702221632.00 | Mean fitness (Train): 756772480.00 | Mean fitness (Test): 251697840.00
Generation 1600 | Best fitness (Train): 591097664.00 | Best fitness in generation (Train): 603762368.00 | Mean fitness (Train): 645726208.00 | Mean fitness (Test): 225555632.00
Generation 1700 | Best fitness (Train): 506124384.00 | Best fitness in generation (Train): 516556704.00 | Mean fitness (Train): 555201600.00 | Mean fitness (Test): 206542416.00
Generation 1800 | Best fitness (Train): 439842528.00 | Best fitness in generation (Train): 445929696.00 | Mean fitness (Train): 477201184.00 | Mean fitness (Test): 184964176.00
Generation 1900 | Best fitness (Train): 379823264.00 | Best fitness in generation (Train): 379823264.00 | Mean fitness (Train): 410636928.00 | Mean fitness (Test): 167599360.00
Generation 2000 | Best fitness (Train): 323808608.00 | Best fitness in generation (Train): 330542112.00 | Mean fitness (Train): 351838016.00 | Mean fitness (Test): 154466672.00
Generation 2100 | Best fitness (Train): 280941536.00 | Best fitness in generation (Train): 280941536.00 | Mean fitness (Train): 304944800.00 | Mean fitness (Test): 141952816.00
Generation 2200 | Best fitness (Train): 247090160.00 | Best fitness in generation (Train): 251250096.00 | Mean fitness (Train): 268034480.00 | Mean fitness (Test): 130001000.00
Generation 2300 | Best fitness (Train): 224973200.00 | Best fitness in generation (Train): 226943680.00 | Mean fitness (Train): 241627872.00 | Mean fitness (Test): 120712816.00
Generation 2400 | Best fitness (Train): 199039088.00 | Best fitness in generation (Train): 202942016.00 | Mean fitness (Train): 215149744.00 | Mean fitness (Test): 111522536.00
Generation 2500 | Best fitness (Train): 180454864.00 | Best fitness in generation (Train): 182505040.00 | Mean fitness (Train): 193880800.00 | Mean fitness (Test): 104344912.00
Generation 2600 | Best fitness (Train): 164280592.00 | Best fitness in generation (Train): 165632816.00 | Mean fitness (Train): 174447472.00 | Mean fitness (Test): 96086720.00
Generation 2700 | Best fitness (Train): 149825456.00 | Best fitness in generation (Train): 149825456.00 | Mean fitness (Train): 158219056.00 | Mean fitness (Test): 90098768.00
Generation 2800 | Best fitness (Train): 134277936.00 | Best fitness in generation (Train): 136113568.00 | Mean fitness (Train): 142915968.00 | Mean fitness (Test): 84150032.00
Generation 2900 | Best fitness (Train): 124595872.00 | Best fitness in generation (Train): 124639520.00 | Mean fitness (Train): 130935176.00 | Mean fitness (Test): 79351256.00
Generation 3000 | Best fitness (Train): 114539680.00 | Best fitness in generation (Train): 115077888.00 | Mean fitness (Train): 120294312.00 | Mean fitness (Test): 74904840.00
Generation 3100 | Best fitness (Train): 105688400.00 | Best fitness in generation (Train): 106996320.00 | Mean fitness (Train): 110931432.00 | Mean fitness (Test): 71127488.00
Generation 3200 | Best fitness (Train): 98562544.00 | Best fitness in generation (Train): 98839472.00 | Mean fitness (Train): 102694096.00 | Mean fitness (Test): 67705744.00
Generation 3300 | Best fitness (Train): 92139664.00 | Best fitness in generation (Train): 92139664.00 | Mean fitness (Train): 95994440.00 | Mean fitness (Test): 64675284.00
Generation 3400 | Best fitness (Train): 85558248.00 | Best fitness in generation (Train): 85915664.00 | Mean fitness (Train): 89017432.00 | Mean fitness (Test): 61719992.00
Generation 3500 | Best fitness (Train): 79973040.00 | Best fitness in generation (Train): 80832784.00 | Mean fitness (Train): 83346272.00 | Mean fitness (Test): 59071572.00
Generation 3600 | Best fitness (Train): 74861288.00 | Best fitness in generation (Train): 74861288.00 | Mean fitness (Train): 77822544.00 | Mean fitness (Test): 56629692.00
Generation 3700 | Best fitness (Train): 70234576.00 | Best fitness in generation (Train): 70660336.00 | Mean fitness (Train): 72775432.00 | Mean fitness (Test): 54539756.00
Generation 3800 | Best fitness (Train): 67021612.00 | Best fitness in generation (Train): 67212680.00 | Mean fitness (Train): 69149944.00 | Mean fitness (Test): 52699540.00
Generation 3900 | Best fitness (Train): 63433292.00 | Best fitness in generation (Train): 63639692.00 | Mean fitness (Train): 65338004.00 | Mean fitness (Test): 50674908.00
Generation 4000 | Best fitness (Train): 59968396.00 | Best fitness in generation (Train): 60027460.00 | Mean fitness (Train): 61649652.00 | Mean fitness (Test): 48947292.00
Running ES algorithms:  14%|███████████████████                                                                                                                  | 1/7 [00:00<00:00,  7.52it/s][A
running the experiment ... [../../results/BBOBProblem/ellipsoidal/LearnedES_500_10000/0]
Generation 100 | Best fitness (Train): 7443211264.00 | Best fitness in generation (Train): 7443211264.00 | Mean fitness (Train): 7474948608.00 | Mean fitness (Test): 7446383104.00
Generation 200 | Best fitness (Train): 5608627200.00 | Best fitness in generation (Train): 5608627200.00 | Mean fitness (Train): 5633078784.00 | Mean fitness (Test): 5612085760.00
Generation 300 | Best fitness (Train): 4389033984.00 | Best fitness in generation (Train): 4389033984.00 | Mean fitness (Train): 4402632192.00 | Mean fitness (Test): 4388790272.00
Generation 400 | Best fitness (Train): 3557632768.00 | Best fitness in generation (Train): 3557632768.00 | Mean fitness (Train): 3568126976.00 | Mean fitness (Test): 3557498880.00
Generation 500 | Best fitness (Train): 2983629568.00 | Best fitness in generation (Train): 2983629568.00 | Mean fitness (Train): 2990029312.00 | Mean fitness (Test): 2983160832.00
Generation 600 | Best fitness (Train): 2608341504.00 | Best fitness in generation (Train): 2608341504.00 | Mean fitness (Train): 2614383616.00 | Mean fitness (Test): 2608991232.00
Generation 700 | Best fitness (Train): 2345798144.00 | Best fitness in generation (Train): 2345798144.00 | Mean fitness (Train): 2349263872.00 | Mean fitness (Test): 2345824256.00
Generation 800 | Best fitness (Train): 2215306240.00 | Best fitness in generation (Train): nan | Mean fitness (Train): nan | Mean fitness (Test): nan
Generation 900 | Best fitness (Train): 2215306240.00 | Best fitness in generation (Train): nan | Mean fitness (Train): nan | Mean fitness (Test): nan
Generation 1000 | Best fitness (Train): 2215306240.00 | Best fitness in generation (Train): nan | Mean fitness (Train): nan | Mean fitness (Test): nan
Generation 1100 | Best fitness (Train): 2215306240.00 | Best fitness in generation (Train): nan | Mean fitness (Train): nan | Mean fitness (Test): nan
Generation 1200 | Best fitness (Train): 2215306240.00 | Best fitness in generation (Train): nan | Mean fitness (Train): nan | Mean fitness (Test): nan
Generation 1300 | Best fitness (Train): 2215306240.00 | Best fitness in generation (Train): nan | Mean fitness (Train): nan | Mean fitness (Test): nan
Generation 1400 | Best fitness (Train): 2215306240.00 | Best fitness in generation (Train): nan | Mean fitness (Train): nan | Mean fitness (Test): nan
Generation 1500 | Best fitness (Train): 2215306240.00 | Best fitness in generation (Train): nan | Mean fitness (Train): nan | Mean fitness (Test): nan
Generation 1600 | Best fitness (Train): 2215306240.00 | Best fitness in generation (Train): nan | Mean fitness (Train): nan | Mean fitness (Test): nan
Generation 1700 | Best fitness (Train): 2215306240.00 | Best fitness in generation (Train): nan | Mean fitness (Train): nan | Mean fitness (Test): nan
Generation 1800 | Best fitness (Train): 2215306240.00 | Best fitness in generation (Train): nan | Mean fitness (Train): nan | Mean fitness (Test): nan
Generation 1900 | Best fitness (Train): 2215306240.00 | Best fitness in generation (Train): nan | Mean fitness (Train): nan | Mean fitness (Test): nan
Generation 2000 | Best fitness (Train): 2215306240.00 | Best fitness in generation (Train): nan | Mean fitness (Train): nan | Mean fitness (Test): nan
Generation 2100 | Best fitness (Train): 2215306240.00 | Best fitness in generation (Train): nan | Mean fitness (Train): nan | Mean fitness (Test): nan
Generation 2200 | Best fitness (Train): 2215306240.00 | Best fitness in generation (Train): nan | Mean fitness (Train): nan | Mean fitness (Test): nan
Generation 2300 | Best fitness (Train): 2215306240.00 | Best fitness in generation (Train): nan | Mean fitness (Train): nan | Mean fitness (Test): nan
Generation 2400 | Best fitness (Train): 2215306240.00 | Best fitness in generation (Train): nan | Mean fitness (Train): nan | Mean fitness (Test): nan
Generation 2500 | Best fitness (Train): 2215306240.00 | Best fitness in generation (Train): nan | Mean fitness (Train): nan | Mean fitness (Test): nan
Generation 2600 | Best fitness (Train): 2215306240.00 | Best fitness in generation (Train): nan | Mean fitness (Train): nan | Mean fitness (Test): nan
Generation 2700 | Best fitness (Train): 2215306240.00 | Best fitness in generation (Train): nan | Mean fitness (Train): nan | Mean fitness (Test): nan
Generation 2800 | Best fitness (Train): 2215306240.00 | Best fitness in generation (Train): nan | Mean fitness (Train): nan | Mean fitness (Test): nan
Generation 2900 | Best fitness (Train): 2215306240.00 | Best fitness in generation (Train): nan | Mean fitness (Train): nan | Mean fitness (Test): nan
Generation 3000 | Best fitness (Train): 2215306240.00 | Best fitness in generation (Train): nan | Mean fitness (Train): nan | Mean fitness (Test): nan
Generation 3100 | Best fitness (Train): 2215306240.00 | Best fitness in generation (Train): nan | Mean fitness (Train): nan | Mean fitness (Test): nan
Generation 3200 | Best fitness (Train): 2215306240.00 | Best fitness in generation (Train): nan | Mean fitness (Train): nan | Mean fitness (Test): nan
Generation 3300 | Best fitness (Train): 2215306240.00 | Best fitness in generation (Train): nan | Mean fitness (Train): nan | Mean fitness (Test): nan
Generation 3400 | Best fitness (Train): 2215306240.00 | Best fitness in generation (Train): nan | Mean fitness (Train): nan | Mean fitness (Test): nan
Generation 3500 | Best fitness (Train): 2215306240.00 | Best fitness in generation (Train): nan | Mean fitness (Train): nan | Mean fitness (Test): nan
Generation 3600 | Best fitness (Train): 2215306240.00 | Best fitness in generation (Train): nan | Mean fitness (Train): nan | Mean fitness (Test): nan
Generation 3700 | Best fitness (Train): 2215306240.00 | Best fitness in generation (Train): nan | Mean fitness (Train): nan | Mean fitness (Test): nan
Generation 3800 | Best fitness (Train): 2215306240.00 | Best fitness in generation (Train): nan | Mean fitness (Train): nan | Mean fitness (Test): nan
Generation 3900 | Best fitness (Train): 2215306240.00 | Best fitness in generation (Train): nan | Mean fitness (Train): nan | Mean fitness (Test): nan
Generation 4000 | Best fitness (Train): 2215306240.00 | Best fitness in generation (Train): nan | Mean fitness (Train): nan | Mean fitness (Test): nan
running the experiment ... [../../results/BBOBProblem/ellipsoidal/LearnedES_500_10000/1]
Generation 100 | Best fitness (Train): 7173191168.00 | Best fitness in generation (Train): 7173191168.00 | Mean fitness (Train): 7204438016.00 | Mean fitness (Test): 7174908416.00
Generation 200 | Best fitness (Train): 5394165248.00 | Best fitness in generation (Train): 5394165248.00 | Mean fitness (Train): 5418773504.00 | Mean fitness (Test): 5399160320.00
Generation 300 | Best fitness (Train): 4239977216.00 | Best fitness in generation (Train): 4239977216.00 | Mean fitness (Train): 4252687616.00 | Mean fitness (Test): 4240126976.00
Generation 400 | Best fitness (Train): 3479443712.00 | Best fitness in generation (Train): 3479443712.00 | Mean fitness (Train): 3489876480.00 | Mean fitness (Test): 3480049664.00
Generation 500 | Best fitness (Train): 2953933056.00 | Best fitness in generation (Train): 2953933056.00 | Mean fitness (Train): 2961573888.00 | Mean fitness (Test): 2955054336.00
Generation 600 | Best fitness (Train): 2594423296.00 | Best fitness in generation (Train): 2594423296.00 | Mean fitness (Train): 2598773504.00 | Mean fitness (Test): 2594097920.00
Generation 700 | Best fitness (Train): 2427616256.00 | Best fitness in generation (Train): nan | Mean fitness (Train): nan | Mean fitness (Test): nan
Generation 800 | Best fitness (Train): 2427616256.00 | Best fitness in generation (Train): nan | Mean fitness (Train): nan | Mean fitness (Test): nan
Generation 900 | Best fitness (Train): 2427616256.00 | Best fitness in generation (Train): nan | Mean fitness (Train): nan | Mean fitness (Test): nan
Generation 1000 | Best fitness (Train): 2427616256.00 | Best fitness in generation (Train): nan | Mean fitness (Train): nan | Mean fitness (Test): nan
Generation 1100 | Best fitness (Train): 2427616256.00 | Best fitness in generation (Train): nan | Mean fitness (Train): nan | Mean fitness (Test): nan
Generation 1200 | Best fitness (Train): 2427616256.00 | Best fitness in generation (Train): nan | Mean fitness (Train): nan | Mean fitness (Test): nan
Generation 1300 | Best fitness (Train): 2427616256.00 | Best fitness in generation (Train): nan | Mean fitness (Train): nan | Mean fitness (Test): nan
Generation 1400 | Best fitness (Train): 2427616256.00 | Best fitness in generation (Train): nan | Mean fitness (Train): nan | Mean fitness (Test): nan
Generation 1500 | Best fitness (Train): 2427616256.00 | Best fitness in generation (Train): nan | Mean fitness (Train): nan | Mean fitness (Test): nan
Generation 1600 | Best fitness (Train): 2427616256.00 | Best fitness in generation (Train): nan | Mean fitness (Train): nan | Mean fitness (Test): nan
Generation 1700 | Best fitness (Train): 2427616256.00 | Best fitness in generation (Train): nan | Mean fitness (Train): nan | Mean fitness (Test): nan
Generation 1800 | Best fitness (Train): 2427616256.00 | Best fitness in generation (Train): nan | Mean fitness (Train): nan | Mean fitness (Test): nan
Generation 1900 | Best fitness (Train): 2427616256.00 | Best fitness in generation (Train): nan | Mean fitness (Train): nan | Mean fitness (Test): nan
Generation 2000 | Best fitness (Train): 2427616256.00 | Best fitness in generation (Train): nan | Mean fitness (Train): nan | Mean fitness (Test): nan
Generation 2100 | Best fitness (Train): 2427616256.00 | Best fitness in generation (Train): nan | Mean fitness (Train): nan | Mean fitness (Test): nan
Generation 2200 | Best fitness (Train): 2427616256.00 | Best fitness in generation (Train): nan | Mean fitness (Train): nan | Mean fitness (Test): nan
Generation 2300 | Best fitness (Train): 2427616256.00 | Best fitness in generation (Train): nan | Mean fitness (Train): nan | Mean fitness (Test): nan
Generation 2400 | Best fitness (Train): 2427616256.00 | Best fitness in generation (Train): nan | Mean fitness (Train): nan | Mean fitness (Test): nan
Generation 2500 | Best fitness (Train): 2427616256.00 | Best fitness in generation (Train): nan | Mean fitness (Train): nan | Mean fitness (Test): nan
Generation 2600 | Best fitness (Train): 2427616256.00 | Best fitness in generation (Train): nan | Mean fitness (Train): nan | Mean fitness (Test): nan
Generation 2700 | Best fitness (Train): 2427616256.00 | Best fitness in generation (Train): nan | Mean fitness (Train): nan | Mean fitness (Test): nan
Generation 2800 | Best fitness (Train): 2427616256.00 | Best fitness in generation (Train): nan | Mean fitness (Train): nan | Mean fitness (Test): nan
Generation 2900 | Best fitness (Train): 2427616256.00 | Best fitness in generation (Train): nan | Mean fitness (Train): nan | Mean fitness (Test): nan
Generation 3000 | Best fitness (Train): 2427616256.00 | Best fitness in generation (Train): nan | Mean fitness (Train): nan | Mean fitness (Test): nan
Generation 3100 | Best fitness (Train): 2427616256.00 | Best fitness in generation (Train): nan | Mean fitness (Train): nan | Mean fitness (Test): nan
Generation 3200 | Best fitness (Train): 2427616256.00 | Best fitness in generation (Train): nan | Mean fitness (Train): nan | Mean fitness (Test): nan
Generation 3300 | Best fitness (Train): 2427616256.00 | Best fitness in generation (Train): nan | Mean fitness (Train): nan | Mean fitness (Test): nan
Generation 3400 | Best fitness (Train): 2427616256.00 | Best fitness in generation (Train): nan | Mean fitness (Train): nan | Mean fitness (Test): nan
Generation 3500 | Best fitness (Train): 2427616256.00 | Best fitness in generation (Train): nan | Mean fitness (Train): nan | Mean fitness (Test): nan
Generation 3600 | Best fitness (Train): 2427616256.00 | Best fitness in generation (Train): nan | Mean fitness (Train): nan | Mean fitness (Test): nan
Generation 3700 | Best fitness (Train): 2427616256.00 | Best fitness in generation (Train): nan | Mean fitness (Train): nan | Mean fitness (Test): nan
Generation 3800 | Best fitness (Train): 2427616256.00 | Best fitness in generation (Train): nan | Mean fitness (Train): nan | Mean fitness (Test): nan
Generation 3900 | Best fitness (Train): 2427616256.00 | Best fitness in generation (Train): nan | Mean fitness (Train): nan | Mean fitness (Test): nan
Generation 4000 | Best fitness (Train): 2427616256.00 | Best fitness in generation (Train): nan | Mean fitness (Train): nan | Mean fitness (Test): nan
running the experiment ... [../../results/BBOBProblem/ellipsoidal/LearnedES_500_10000/2]
Generation 100 | Best fitness (Train): 7009724928.00 | Best fitness in generation (Train): 7009724928.00 | Mean fitness (Train): 7039774208.00 | Mean fitness (Test): 7012132864.00
Generation 200 | Best fitness (Train): 5351044608.00 | Best fitness in generation (Train): 5351044608.00 | Mean fitness (Train): 5373129216.00 | Mean fitness (Test): 5354694144.00
Generation 300 | Best fitness (Train): 4230677760.00 | Best fitness in generation (Train): 4230677760.00 | Mean fitness (Train): 4244729088.00 | Mean fitness (Test): 4230935552.00
Generation 400 | Best fitness (Train): 3486044160.00 | Best fitness in generation (Train): 3486044160.00 | Mean fitness (Train): 3494807040.00 | Mean fitness (Test): 3485970432.00
Generation 500 | Best fitness (Train): 2976911616.00 | Best fitness in generation (Train): 2976911616.00 | Mean fitness (Train): 2983615744.00 | Mean fitness (Test): 2976808960.00
Generation 600 | Best fitness (Train): 2603201792.00 | Best fitness in generation (Train): 2603201792.00 | Mean fitness (Train): 2608372736.00 | Mean fitness (Test): 2603213824.00
Generation 700 | Best fitness (Train): 2398231552.00 | Best fitness in generation (Train): nan | Mean fitness (Train): nan | Mean fitness (Test): nan
Generation 800 | Best fitness (Train): 2398231552.00 | Best fitness in generation (Train): nan | Mean fitness (Train): nan | Mean fitness (Test): nan
Generation 900 | Best fitness (Train): 2398231552.00 | Best fitness in generation (Train): nan | Mean fitness (Train): nan | Mean fitness (Test): nan
Generation 1000 | Best fitness (Train): 2398231552.00 | Best fitness in generation (Train): nan | Mean fitness (Train): nan | Mean fitness (Test): nan
Generation 1100 | Best fitness (Train): 2398231552.00 | Best fitness in generation (Train): nan | Mean fitness (Train): nan | Mean fitness (Test): nan
Generation 1200 | Best fitness (Train): 2398231552.00 | Best fitness in generation (Train): nan | Mean fitness (Train): nan | Mean fitness (Test): nan
Generation 1300 | Best fitness (Train): 2398231552.00 | Best fitness in generation (Train): nan | Mean fitness (Train): nan | Mean fitness (Test): nan
Generation 1400 | Best fitness (Train): 2398231552.00 | Best fitness in generation (Train): nan | Mean fitness (Train): nan | Mean fitness (Test): nan
Generation 1500 | Best fitness (Train): 2398231552.00 | Best fitness in generation (Train): nan | Mean fitness (Train): nan | Mean fitness (Test): nan
Generation 1600 | Best fitness (Train): 2398231552.00 | Best fitness in generation (Train): nan | Mean fitness (Train): nan | Mean fitness (Test): nan
Generation 1700 | Best fitness (Train): 2398231552.00 | Best fitness in generation (Train): nan | Mean fitness (Train): nan | Mean fitness (Test): nan
Generation 1800 | Best fitness (Train): 2398231552.00 | Best fitness in generation (Train): nan | Mean fitness (Train): nan | Mean fitness (Test): nan
Generation 1900 | Best fitness (Train): 2398231552.00 | Best fitness in generation (Train): nan | Mean fitness (Train): nan | Mean fitness (Test): nan
Generation 2000 | Best fitness (Train): 2398231552.00 | Best fitness in generation (Train): nan | Mean fitness (Train): nan | Mean fitness (Test): nan
Generation 2100 | Best fitness (Train): 2398231552.00 | Best fitness in generation (Train): nan | Mean fitness (Train): nan | Mean fitness (Test): nan
Generation 2200 | Best fitness (Train): 2398231552.00 | Best fitness in generation (Train): nan | Mean fitness (Train): nan | Mean fitness (Test): nan
Generation 2300 | Best fitness (Train): 2398231552.00 | Best fitness in generation (Train): nan | Mean fitness (Train): nan | Mean fitness (Test): nan
Generation 2400 | Best fitness (Train): 2398231552.00 | Best fitness in generation (Train): nan | Mean fitness (Train): nan | Mean fitness (Test): nan
Generation 2500 | Best fitness (Train): 2398231552.00 | Best fitness in generation (Train): nan | Mean fitness (Train): nan | Mean fitness (Test): nan
Generation 2600 | Best fitness (Train): 2398231552.00 | Best fitness in generation (Train): nan | Mean fitness (Train): nan | Mean fitness (Test): nan
Generation 2700 | Best fitness (Train): 2398231552.00 | Best fitness in generation (Train): nan | Mean fitness (Train): nan | Mean fitness (Test): nan
Generation 2800 | Best fitness (Train): 2398231552.00 | Best fitness in generation (Train): nan | Mean fitness (Train): nan | Mean fitness (Test): nan
Generation 2900 | Best fitness (Train): 2398231552.00 | Best fitness in generation (Train): nan | Mean fitness (Train): nan | Mean fitness (Test): nan
Generation 3000 | Best fitness (Train): 2398231552.00 | Best fitness in generation (Train): nan | Mean fitness (Train): nan | Mean fitness (Test): nan
Generation 3100 | Best fitness (Train): 2398231552.00 | Best fitness in generation (Train): nan | Mean fitness (Train): nan | Mean fitness (Test): nan
Generation 3200 | Best fitness (Train): 2398231552.00 | Best fitness in generation (Train): nan | Mean fitness (Train): nan | Mean fitness (Test): nan
Generation 3300 | Best fitness (Train): 2398231552.00 | Best fitness in generation (Train): nan | Mean fitness (Train): nan | Mean fitness (Test): nan
Generation 3400 | Best fitness (Train): 2398231552.00 | Best fitness in generation (Train): nan | Mean fitness (Train): nan | Mean fitness (Test): nan
Generation 3500 | Best fitness (Train): 2398231552.00 | Best fitness in generation (Train): nan | Mean fitness (Train): nan | Mean fitness (Test): nan
Generation 3600 | Best fitness (Train): 2398231552.00 | Best fitness in generation (Train): nan | Mean fitness (Train): nan | Mean fitness (Test): nan
Generation 3700 | Best fitness (Train): 2398231552.00 | Best fitness in generation (Train): nan | Mean fitness (Train): nan | Mean fitness (Test): nan
Generation 3800 | Best fitness (Train): 2398231552.00 | Best fitness in generation (Train): nan | Mean fitness (Train): nan | Mean fitness (Test): nan
Generation 3900 | Best fitness (Train): 2398231552.00 | Best fitness in generation (Train): nan | Mean fitness (Train): nan | Mean fitness (Test): nan
Generation 4000 | Best fitness (Train): 2398231552.00 | Best fitness in generation (Train): nan | Mean fitness (Train): nan | Mean fitness (Test): nan
running the experiment ... [../../results/BBOBProblem/ellipsoidal/LearnedES_500_10000/3]
Generation 100 | Best fitness (Train): 7408276480.00 | Best fitness in generation (Train): 7408276480.00 | Mean fitness (Train): 7440061952.00 | Mean fitness (Test): 7410768896.00
Generation 200 | Best fitness (Train): 5623719936.00 | Best fitness in generation (Train): 5623719936.00 | Mean fitness (Train): 5643846656.00 | Mean fitness (Test): 5626044928.00
Generation 300 | Best fitness (Train): 4449972224.00 | Best fitness in generation (Train): 4449972224.00 | Mean fitness (Train): 4464911360.00 | Mean fitness (Test): 4450896896.00
Generation 400 | Best fitness (Train): 3666293248.00 | Best fitness in generation (Train): 3666293248.00 | Mean fitness (Train): 3676285184.00 | Mean fitness (Test): 3665693184.00
Generation 500 | Best fitness (Train): 3099035648.00 | Best fitness in generation (Train): 3099035648.00 | Mean fitness (Train): 3106022144.00 | Mean fitness (Test): 3098644992.00
Generation 600 | Best fitness (Train): 2701427712.00 | Best fitness in generation (Train): 2701427712.00 | Mean fitness (Train): 2707049984.00 | Mean fitness (Test): 2702144512.00
Generation 700 | Best fitness (Train): 2412006656.00 | Best fitness in generation (Train): 2412006656.00 | Mean fitness (Train): 2415864576.00 | Mean fitness (Test): 2412233984.00
Generation 800 | Best fitness (Train): 2312861184.00 | Best fitness in generation (Train): nan | Mean fitness (Train): nan | Mean fitness (Test): nan
Generation 900 | Best fitness (Train): 2312861184.00 | Best fitness in generation (Train): nan | Mean fitness (Train): nan | Mean fitness (Test): nan
Generation 1000 | Best fitness (Train): 2312861184.00 | Best fitness in generation (Train): nan | Mean fitness (Train): nan | Mean fitness (Test): nan
Generation 1100 | Best fitness (Train): 2312861184.00 | Best fitness in generation (Train): nan | Mean fitness (Train): nan | Mean fitness (Test): nan
Generation 1200 | Best fitness (Train): 2312861184.00 | Best fitness in generation (Train): nan | Mean fitness (Train): nan | Mean fitness (Test): nan
Generation 1300 | Best fitness (Train): 2312861184.00 | Best fitness in generation (Train): nan | Mean fitness (Train): nan | Mean fitness (Test): nan
Generation 1400 | Best fitness (Train): 2312861184.00 | Best fitness in generation (Train): nan | Mean fitness (Train): nan | Mean fitness (Test): nan
Generation 1500 | Best fitness (Train): 2312861184.00 | Best fitness in generation (Train): nan | Mean fitness (Train): nan | Mean fitness (Test): nan
Generation 1600 | Best fitness (Train): 2312861184.00 | Best fitness in generation (Train): nan | Mean fitness (Train): nan | Mean fitness (Test): nan
Generation 1700 | Best fitness (Train): 2312861184.00 | Best fitness in generation (Train): nan | Mean fitness (Train): nan | Mean fitness (Test): nan
Generation 1800 | Best fitness (Train): 2312861184.00 | Best fitness in generation (Train): nan | Mean fitness (Train): nan | Mean fitness (Test): nan
Generation 1900 | Best fitness (Train): 2312861184.00 | Best fitness in generation (Train): nan | Mean fitness (Train): nan | Mean fitness (Test): nan
Generation 2000 | Best fitness (Train): 2312861184.00 | Best fitness in generation (Train): nan | Mean fitness (Train): nan | Mean fitness (Test): nan
Generation 2100 | Best fitness (Train): 2312861184.00 | Best fitness in generation (Train): nan | Mean fitness (Train): nan | Mean fitness (Test): nan
Generation 2200 | Best fitness (Train): 2312861184.00 | Best fitness in generation (Train): nan | Mean fitness (Train): nan | Mean fitness (Test): nan
Generation 2300 | Best fitness (Train): 2312861184.00 | Best fitness in generation (Train): nan | Mean fitness (Train): nan | Mean fitness (Test): nan
Generation 2400 | Best fitness (Train): 2312861184.00 | Best fitness in generation (Train): nan | Mean fitness (Train): nan | Mean fitness (Test): nan
Generation 2500 | Best fitness (Train): 2312861184.00 | Best fitness in generation (Train): nan | Mean fitness (Train): nan | Mean fitness (Test): nan
Generation 2600 | Best fitness (Train): 2312861184.00 | Best fitness in generation (Train): nan | Mean fitness (Train): nan | Mean fitness (Test): nan
Generation 2700 | Best fitness (Train): 2312861184.00 | Best fitness in generation (Train): nan | Mean fitness (Train): nan | Mean fitness (Test): nan
Generation 2800 | Best fitness (Train): 2312861184.00 | Best fitness in generation (Train): nan | Mean fitness (Train): nan | Mean fitness (Test): nan
Generation 2900 | Best fitness (Train): 2312861184.00 | Best fitness in generation (Train): nan | Mean fitness (Train): nan | Mean fitness (Test): nan
Generation 3000 | Best fitness (Train): 2312861184.00 | Best fitness in generation (Train): nan | Mean fitness (Train): nan | Mean fitness (Test): nan
Generation 3100 | Best fitness (Train): 2312861184.00 | Best fitness in generation (Train): nan | Mean fitness (Train): nan | Mean fitness (Test): nan
Generation 3200 | Best fitness (Train): 2312861184.00 | Best fitness in generation (Train): nan | Mean fitness (Train): nan | Mean fitness (Test): nan
Generation 3300 | Best fitness (Train): 2312861184.00 | Best fitness in generation (Train): nan | Mean fitness (Train): nan | Mean fitness (Test): nan
Generation 3400 | Best fitness (Train): 2312861184.00 | Best fitness in generation (Train): nan | Mean fitness (Train): nan | Mean fitness (Test): nan
Generation 3500 | Best fitness (Train): 2312861184.00 | Best fitness in generation (Train): nan | Mean fitness (Train): nan | Mean fitness (Test): nan
Generation 3600 | Best fitness (Train): 2312861184.00 | Best fitness in generation (Train): nan | Mean fitness (Train): nan | Mean fitness (Test): nan
Generation 3700 | Best fitness (Train): 2312861184.00 | Best fitness in generation (Train): nan | Mean fitness (Train): nan | Mean fitness (Test): nan
Generation 3800 | Best fitness (Train): 2312861184.00 | Best fitness in generation (Train): nan | Mean fitness (Train): nan | Mean fitness (Test): nan
Generation 3900 | Best fitness (Train): 2312861184.00 | Best fitness in generation (Train): nan | Mean fitness (Train): nan | Mean fitness (Test): nan
Generation 4000 | Best fitness (Train): 2312861184.00 | Best fitness in generation (Train): nan | Mean fitness (Train): nan | Mean fitness (Test): nan
running the experiment ... [../../results/BBOBProblem/ellipsoidal/LearnedES_500_10000/4]
Generation 100 | Best fitness (Train): 7023473664.00 | Best fitness in generation (Train): 7023473664.00 | Mean fitness (Train): 7058008576.00 | Mean fitness (Test): 7031531520.00
Generation 200 | Best fitness (Train): 5351374336.00 | Best fitness in generation (Train): 5351374336.00 | Mean fitness (Train): 5374303232.00 | Mean fitness (Test): 5351900160.00
Generation 300 | Best fitness (Train): 4234363392.00 | Best fitness in generation (Train): 4234363392.00 | Mean fitness (Train): 4248792320.00 | Mean fitness (Test): 4235674368.00
Generation 400 | Best fitness (Train): 3474415104.00 | Best fitness in generation (Train): 3474415104.00 | Mean fitness (Train): 3483393024.00 | Mean fitness (Test): 3473809152.00
Generation 500 | Best fitness (Train): 2936116992.00 | Best fitness in generation (Train): 2936116992.00 | Mean fitness (Train): 2944016128.00 | Mean fitness (Test): 2936413952.00
Generation 600 | Best fitness (Train): 2538736128.00 | Best fitness in generation (Train): 2538736128.00 | Mean fitness (Train): 2543279872.00 | Mean fitness (Test): 2538564096.00
Generation 700 | Best fitness (Train): 2264773632.00 | Best fitness in generation (Train): 2264773632.00 | Mean fitness (Train): 2268713216.00 | Mean fitness (Test): 2265027840.00
Generation 800 | Best fitness (Train): 2059826048.00 | Best fitness in generation (Train): 2059826048.00 | Mean fitness (Train): 2062951552.00 | Mean fitness (Test): 2059636224.00
Generation 900 | Best fitness (Train): 1950198784.00 | Best fitness in generation (Train): nan | Mean fitness (Train): nan | Mean fitness (Test): nan
Generation 1000 | Best fitness (Train): 1950198784.00 | Best fitness in generation (Train): nan | Mean fitness (Train): nan | Mean fitness (Test): nan
Generation 1100 | Best fitness (Train): 1950198784.00 | Best fitness in generation (Train): nan | Mean fitness (Train): nan | Mean fitness (Test): nan
Generation 1200 | Best fitness (Train): 1950198784.00 | Best fitness in generation (Train): nan | Mean fitness (Train): nan | Mean fitness (Test): nan
Generation 1300 | Best fitness (Train): 1950198784.00 | Best fitness in generation (Train): nan | Mean fitness (Train): nan | Mean fitness (Test): nan
Generation 1400 | Best fitness (Train): 1950198784.00 | Best fitness in generation (Train): nan | Mean fitness (Train): nan | Mean fitness (Test): nan
Generation 1500 | Best fitness (Train): 1950198784.00 | Best fitness in generation (Train): nan | Mean fitness (Train): nan | Mean fitness (Test): nan
Generation 1600 | Best fitness (Train): 1950198784.00 | Best fitness in generation (Train): nan | Mean fitness (Train): nan | Mean fitness (Test): nan
Generation 1700 | Best fitness (Train): 1950198784.00 | Best fitness in generation (Train): nan | Mean fitness (Train): nan | Mean fitness (Test): nan
Generation 1800 | Best fitness (Train): 1950198784.00 | Best fitness in generation (Train): nan | Mean fitness (Train): nan | Mean fitness (Test): nan
Generation 1900 | Best fitness (Train): 1950198784.00 | Best fitness in generation (Train): nan | Mean fitness (Train): nan | Mean fitness (Test): nan
Generation 2000 | Best fitness (Train): 1950198784.00 | Best fitness in generation (Train): nan | Mean fitness (Train): nan | Mean fitness (Test): nan
Generation 2100 | Best fitness (Train): 1950198784.00 | Best fitness in generation (Train): nan | Mean fitness (Train): nan | Mean fitness (Test): nan
Generation 2200 | Best fitness (Train): 1950198784.00 | Best fitness in generation (Train): nan | Mean fitness (Train): nan | Mean fitness (Test): nan
Generation 2300 | Best fitness (Train): 1950198784.00 | Best fitness in generation (Train): nan | Mean fitness (Train): nan | Mean fitness (Test): nan
Generation 2400 | Best fitness (Train): 1950198784.00 | Best fitness in generation (Train): nan | Mean fitness (Train): nan | Mean fitness (Test): nan
Generation 2500 | Best fitness (Train): 1950198784.00 | Best fitness in generation (Train): nan | Mean fitness (Train): nan | Mean fitness (Test): nan
Generation 2600 | Best fitness (Train): 1950198784.00 | Best fitness in generation (Train): nan | Mean fitness (Train): nan | Mean fitness (Test): nan
Generation 2700 | Best fitness (Train): 1950198784.00 | Best fitness in generation (Train): nan | Mean fitness (Train): nan | Mean fitness (Test): nan
Generation 2800 | Best fitness (Train): 1950198784.00 | Best fitness in generation (Train): nan | Mean fitness (Train): nan | Mean fitness (Test): nan
Generation 2900 | Best fitness (Train): 1950198784.00 | Best fitness in generation (Train): nan | Mean fitness (Train): nan | Mean fitness (Test): nan
Generation 3000 | Best fitness (Train): 1950198784.00 | Best fitness in generation (Train): nan | Mean fitness (Train): nan | Mean fitness (Test): nan
Generation 3100 | Best fitness (Train): 1950198784.00 | Best fitness in generation (Train): nan | Mean fitness (Train): nan | Mean fitness (Test): nan
Generation 3200 | Best fitness (Train): 1950198784.00 | Best fitness in generation (Train): nan | Mean fitness (Train): nan | Mean fitness (Test): nan
Generation 3300 | Best fitness (Train): 1950198784.00 | Best fitness in generation (Train): nan | Mean fitness (Train): nan | Mean fitness (Test): nan
Generation 3400 | Best fitness (Train): 1950198784.00 | Best fitness in generation (Train): nan | Mean fitness (Train): nan | Mean fitness (Test): nan
Generation 3500 | Best fitness (Train): 1950198784.00 | Best fitness in generation (Train): nan | Mean fitness (Train): nan | Mean fitness (Test): nan
Generation 3600 | Best fitness (Train): 1950198784.00 | Best fitness in generation (Train): nan | Mean fitness (Train): nan | Mean fitness (Test): nan
Generation 3700 | Best fitness (Train): 1950198784.00 | Best fitness in generation (Train): nan | Mean fitness (Train): nan | Mean fitness (Test): nan
Generation 3800 | Best fitness (Train): 1950198784.00 | Best fitness in generation (Train): nan | Mean fitness (Train): nan | Mean fitness (Test): nan
Generation 3900 | Best fitness (Train): 1950198784.00 | Best fitness in generation (Train): nan | Mean fitness (Train): nan | Mean fitness (Test): nan
Generation 4000 | Best fitness (Train): 1950198784.00 | Best fitness in generation (Train): nan | Mean fitness (Train): nan | Mean fitness (Test): nan
Running ES algorithms:  71%|██████████████████████████████████████████████████████████████████████████████████████████▋                                    | 5/7 [6:43:47<2:51:49, 5154.85s/it][A
running the experiment ... [../../results/BBOBProblem/ellipsoidal/DiscoveredES_500_10000/0]
Generation 100 | Best fitness (Train): 8281244672.00 | Best fitness in generation (Train): 8281244672.00 | Mean fitness (Train): 8318089728.00 | Mean fitness (Test): 8294928384.00
Generation 200 | Best fitness (Train): 6865656320.00 | Best fitness in generation (Train): 6865656320.00 | Mean fitness (Train): 6899677184.00 | Mean fitness (Test): 6877696512.00
Generation 300 | Best fitness (Train): 5685921792.00 | Best fitness in generation (Train): 5685921792.00 | Mean fitness (Train): 5710887424.00 | Mean fitness (Test): 5693283840.00
Generation 400 | Best fitness (Train): 4680923136.00 | Best fitness in generation (Train): 4680923136.00 | Mean fitness (Train): 4702687744.00 | Mean fitness (Test): 4686845440.00
Generation 500 | Best fitness (Train): 3829314816.00 | Best fitness in generation (Train): 3829314816.00 | Mean fitness (Train): 3846727424.00 | Mean fitness (Test): 3832070144.00
Generation 600 | Best fitness (Train): 3123637248.00 | Best fitness in generation (Train): 3123637248.00 | Mean fitness (Train): 3140402176.00 | Mean fitness (Test): 3127305984.00
Generation 700 | Best fitness (Train): 2561908736.00 | Best fitness in generation (Train): 2561908736.00 | Mean fitness (Train): 2576197888.00 | Mean fitness (Test): 2566479872.00
Generation 800 | Best fitness (Train): 2097466112.00 | Best fitness in generation (Train): 2097466112.00 | Mean fitness (Train): 2106519808.00 | Mean fitness (Test): 2096687616.00
Generation 900 | Best fitness (Train): 1718035456.00 | Best fitness in generation (Train): 1718035456.00 | Mean fitness (Train): 1725910528.00 | Mean fitness (Test): 1717716736.00
Generation 1000 | Best fitness (Train): 1413174144.00 | Best fitness in generation (Train): 1413174144.00 | Mean fitness (Train): 1420232192.00 | Mean fitness (Test): 1412835840.00
Generation 1100 | Best fitness (Train): 1171052416.00 | Best fitness in generation (Train): 1171052416.00 | Mean fitness (Train): 1176241280.00 | Mean fitness (Test): 1169544576.00
Generation 1200 | Best fitness (Train): 975338304.00 | Best fitness in generation (Train): 975338304.00 | Mean fitness (Train): 980014528.00 | Mean fitness (Test): 974385344.00
Generation 1300 | Best fitness (Train): 812400576.00 | Best fitness in generation (Train): 812400576.00 | Mean fitness (Train): 816623424.00 | Mean fitness (Test): 811104384.00
Generation 1400 | Best fitness (Train): 684428992.00 | Best fitness in generation (Train): 684428992.00 | Mean fitness (Train): 687226496.00 | Mean fitness (Test): 682519488.00
Generation 1500 | Best fitness (Train): 574693568.00 | Best fitness in generation (Train): 574693568.00 | Mean fitness (Train): 577819200.00 | Mean fitness (Test): 573668288.00
Generation 1600 | Best fitness (Train): 484571552.00 | Best fitness in generation (Train): 484571552.00 | Mean fitness (Train): 486755200.00 | Mean fitness (Test): 482952512.00
Generation 1700 | Best fitness (Train): 412532064.00 | Best fitness in generation (Train): 412532064.00 | Mean fitness (Train): 413924160.00 | Mean fitness (Test): 410661664.00
Generation 1800 | Best fitness (Train): 351573760.00 | Best fitness in generation (Train): 351573760.00 | Mean fitness (Train): 352877024.00 | Mean fitness (Test): 349941664.00
Generation 1900 | Best fitness (Train): 300366016.00 | Best fitness in generation (Train): 300366016.00 | Mean fitness (Train): 301632064.00 | Mean fitness (Test): 298959680.00
Generation 2000 | Best fitness (Train): 256950448.00 | Best fitness in generation (Train): 256950448.00 | Mean fitness (Train): 257992640.00 | Mean fitness (Test): 255562736.00
Generation 2100 | Best fitness (Train): 221751696.00 | Best fitness in generation (Train): 221751696.00 | Mean fitness (Train): 222448528.00 | Mean fitness (Test): 220401232.00
Generation 2200 | Best fitness (Train): 192134592.00 | Best fitness in generation (Train): 192134592.00 | Mean fitness (Train): 192956704.00 | Mean fitness (Test): 191139488.00
Generation 2300 | Best fitness (Train): 167395744.00 | Best fitness in generation (Train): 167395744.00 | Mean fitness (Train): 167950368.00 | Mean fitness (Test): 166356944.00
Generation 2400 | Best fitness (Train): 145263152.00 | Best fitness in generation (Train): 145263152.00 | Mean fitness (Train): 145868032.00 | Mean fitness (Test): 144388064.00
Generation 2500 | Best fitness (Train): 127325088.00 | Best fitness in generation (Train): 127325088.00 | Mean fitness (Train): 127797728.00 | Mean fitness (Test): 126518672.00
Generation 2600 | Best fitness (Train): 111544800.00 | Best fitness in generation (Train): 111544800.00 | Mean fitness (Train): 111907120.00 | Mean fitness (Test): 110759584.00
Generation 2700 | Best fitness (Train): 98072832.00 | Best fitness in generation (Train): 98072832.00 | Mean fitness (Train): 98395704.00 | Mean fitness (Test): 97375232.00
Generation 2800 | Best fitness (Train): 86636256.00 | Best fitness in generation (Train): 86636256.00 | Mean fitness (Train): 86876376.00 | Mean fitness (Test): 85977920.00
Generation 2900 | Best fitness (Train): 76804536.00 | Best fitness in generation (Train): 76804536.00 | Mean fitness (Train): 77093704.00 | Mean fitness (Test): 76281024.00
Generation 3000 | Best fitness (Train): 68238640.00 | Best fitness in generation (Train): 68238640.00 | Mean fitness (Train): 68444232.00 | Mean fitness (Test): 67726016.00
Generation 3100 | Best fitness (Train): 60858364.00 | Best fitness in generation (Train): 60858364.00 | Mean fitness (Train): 61035944.00 | Mean fitness (Test): 60399428.00
Generation 3200 | Best fitness (Train): 54454188.00 | Best fitness in generation (Train): 54454188.00 | Mean fitness (Train): 54613264.00 | Mean fitness (Test): 54041608.00
Generation 3300 | Best fitness (Train): 48927784.00 | Best fitness in generation (Train): 48927784.00 | Mean fitness (Train): 49052036.00 | Mean fitness (Test): 48545892.00
Generation 3400 | Best fitness (Train): 43811684.00 | Best fitness in generation (Train): 43811684.00 | Mean fitness (Train): 43953172.00 | Mean fitness (Test): 43495828.00
Generation 3500 | Best fitness (Train): 39396892.00 | Best fitness in generation (Train): 39396892.00 | Mean fitness (Train): 39511920.00 | Mean fitness (Test): 39105428.00
Generation 3600 | Best fitness (Train): 35465700.00 | Best fitness in generation (Train): 35465700.00 | Mean fitness (Train): 35555548.00 | Mean fitness (Test): 35189772.00
Generation 3700 | Best fitness (Train): 31922228.00 | Best fitness in generation (Train): 31922228.00 | Mean fitness (Train): 32009656.00 | Mean fitness (Test): 31678628.00
Generation 3800 | Best fitness (Train): 28811540.00 | Best fitness in generation (Train): 28811540.00 | Mean fitness (Train): 28900110.00 | Mean fitness (Test): 28607002.00
Generation 3900 | Best fitness (Train): 26111544.00 | Best fitness in generation (Train): 26111544.00 | Mean fitness (Train): 26179204.00 | Mean fitness (Test): 25917132.00
Generation 4000 | Best fitness (Train): 23724478.00 | Best fitness in generation (Train): 23724478.00 | Mean fitness (Train): 23782184.00 | Mean fitness (Test): 23549006.00
running the experiment ... [../../results/BBOBProblem/ellipsoidal/DiscoveredES_500_10000/1]
Generation 100 | Best fitness (Train): 8003798016.00 | Best fitness in generation (Train): 8003798016.00 | Mean fitness (Train): 8034787840.00 | Mean fitness (Test): 8011324416.00
Generation 200 | Best fitness (Train): 6633592832.00 | Best fitness in generation (Train): 6633592832.00 | Mean fitness (Train): 6666140672.00 | Mean fitness (Test): 6645307392.00
Generation 300 | Best fitness (Train): 5486743552.00 | Best fitness in generation (Train): 5486743552.00 | Mean fitness (Train): 5509822464.00 | Mean fitness (Test): 5491471360.00
Generation 400 | Best fitness (Train): 4511443968.00 | Best fitness in generation (Train): 4511443968.00 | Mean fitness (Train): 4534018048.00 | Mean fitness (Test): 4518104064.00
Generation 500 | Best fitness (Train): 3706504704.00 | Best fitness in generation (Train): 3706504704.00 | Mean fitness (Train): 3725332224.00 | Mean fitness (Test): 3711781376.00
Generation 600 | Best fitness (Train): 3052057856.00 | Best fitness in generation (Train): 3052057856.00 | Mean fitness (Train): 3066746624.00 | Mean fitness (Test): 3055064576.00
Generation 700 | Best fitness (Train): 2505015296.00 | Best fitness in generation (Train): 2505015296.00 | Mean fitness (Train): 2516592384.00 | Mean fitness (Test): 2505613312.00
Generation 800 | Best fitness (Train): 2062625536.00 | Best fitness in generation (Train): 2062625536.00 | Mean fitness (Train): 2074040704.00 | Mean fitness (Test): 2065053824.00
Generation 900 | Best fitness (Train): 1704389888.00 | Best fitness in generation (Train): 1704389888.00 | Mean fitness (Train): 1712760960.00 | Mean fitness (Test): 1704816128.00
Generation 1000 | Best fitness (Train): 1413958272.00 | Best fitness in generation (Train): 1413958272.00 | Mean fitness (Train): 1419959040.00 | Mean fitness (Test): 1412946432.00
Generation 1100 | Best fitness (Train): 1179253248.00 | Best fitness in generation (Train): 1179253248.00 | Mean fitness (Train): 1186134400.00 | Mean fitness (Test): 1179634816.00
Generation 1200 | Best fitness (Train): 984396416.00 | Best fitness in generation (Train): 984396416.00 | Mean fitness (Train): 989818816.00 | Mean fitness (Test): 983846592.00
Generation 1300 | Best fitness (Train): 826234368.00 | Best fitness in generation (Train): 826234368.00 | Mean fitness (Train): 829927168.00 | Mean fitness (Test): 824838912.00
Generation 1400 | Best fitness (Train): 697062784.00 | Best fitness in generation (Train): 697062784.00 | Mean fitness (Train): 699978944.00 | Mean fitness (Test): 695355840.00
Generation 1500 | Best fitness (Train): 589635136.00 | Best fitness in generation (Train): 589635136.00 | Mean fitness (Train): 592034752.00 | Mean fitness (Test): 587925376.00
Generation 1600 | Best fitness (Train): 499575552.00 | Best fitness in generation (Train): 499575552.00 | Mean fitness (Train): 501563168.00 | Mean fitness (Test): 497833440.00
Generation 1700 | Best fitness (Train): 423333600.00 | Best fitness in generation (Train): 423333600.00 | Mean fitness (Train): 424851744.00 | Mean fitness (Test): 421473664.00
Generation 1800 | Best fitness (Train): 360500352.00 | Best fitness in generation (Train): 360500352.00 | Mean fitness (Train): 362128480.00 | Mean fitness (Test): 359165280.00
Generation 1900 | Best fitness (Train): 308661600.00 | Best fitness in generation (Train): 308661600.00 | Mean fitness (Train): 309771584.00 | Mean fitness (Test): 307178752.00
Generation 2000 | Best fitness (Train): 264404720.00 | Best fitness in generation (Train): 264404720.00 | Mean fitness (Train): 265757600.00 | Mean fitness (Test): 263374352.00
Generation 2100 | Best fitness (Train): 227992816.00 | Best fitness in generation (Train): 227992816.00 | Mean fitness (Train): 229056832.00 | Mean fitness (Test): 227014032.00
Generation 2200 | Best fitness (Train): 196754352.00 | Best fitness in generation (Train): 196754352.00 | Mean fitness (Train): 197572672.00 | Mean fitness (Test): 195687440.00
Generation 2300 | Best fitness (Train): 170523808.00 | Best fitness in generation (Train): 170523808.00 | Mean fitness (Train): 171105008.00 | Mean fitness (Test): 169459728.00
Generation 2400 | Best fitness (Train): 148187920.00 | Best fitness in generation (Train): 148187920.00 | Mean fitness (Train): 148873776.00 | Mean fitness (Test): 147408272.00
Generation 2500 | Best fitness (Train): 129296792.00 | Best fitness in generation (Train): 129296792.00 | Mean fitness (Train): 129711104.00 | Mean fitness (Test): 128410816.00
Generation 2600 | Best fitness (Train): 112677488.00 | Best fitness in generation (Train): 112677488.00 | Mean fitness (Train): 113041936.00 | Mean fitness (Test): 111877936.00
Generation 2700 | Best fitness (Train): 98688992.00 | Best fitness in generation (Train): 98688992.00 | Mean fitness (Train): 99006024.00 | Mean fitness (Test): 97972048.00
Generation 2800 | Best fitness (Train): 86910016.00 | Best fitness in generation (Train): 86910016.00 | Mean fitness (Train): 87210024.00 | Mean fitness (Test): 86286928.00
Generation 2900 | Best fitness (Train): 76705808.00 | Best fitness in generation (Train): 76705808.00 | Mean fitness (Train): 76925552.00 | Mean fitness (Test): 76112976.00
Generation 3000 | Best fitness (Train): 67584432.00 | Best fitness in generation (Train): 67584432.00 | Mean fitness (Train): 67807384.00 | Mean fitness (Test): 67069956.00
Generation 3100 | Best fitness (Train): 59916644.00 | Best fitness in generation (Train): 59916644.00 | Mean fitness (Train): 60120080.00 | Mean fitness (Test): 59468116.00
Generation 3200 | Best fitness (Train): 53309620.00 | Best fitness in generation (Train): 53309620.00 | Mean fitness (Train): 53474256.00 | Mean fitness (Test): 52889396.00
Generation 3300 | Best fitness (Train): 47788340.00 | Best fitness in generation (Train): 47788340.00 | Mean fitness (Train): 47917384.00 | Mean fitness (Test): 47409156.00
Generation 3400 | Best fitness (Train): 42817660.00 | Best fitness in generation (Train): 42817660.00 | Mean fitness (Train): 42945236.00 | Mean fitness (Test): 42487948.00
Generation 3500 | Best fitness (Train): 38373468.00 | Best fitness in generation (Train): 38373468.00 | Mean fitness (Train): 38488616.00 | Mean fitness (Test): 38077500.00
Generation 3600 | Best fitness (Train): 34406100.00 | Best fitness in generation (Train): 34406100.00 | Mean fitness (Train): 34520268.00 | Mean fitness (Test): 34145884.00
Generation 3700 | Best fitness (Train): 30982348.00 | Best fitness in generation (Train): 30982348.00 | Mean fitness (Train): 31064666.00 | Mean fitness (Test): 30735204.00
Generation 3800 | Best fitness (Train): 27940840.00 | Best fitness in generation (Train): 27940840.00 | Mean fitness (Train): 28032792.00 | Mean fitness (Test): 27742126.00
Generation 3900 | Best fitness (Train): 25297920.00 | Best fitness in generation (Train): 25297920.00 | Mean fitness (Train): 25363082.00 | Mean fitness (Test): 25099392.00
Generation 4000 | Best fitness (Train): 22971114.00 | Best fitness in generation (Train): 22971114.00 | Mean fitness (Train): 23026212.00 | Mean fitness (Test): 22791722.00
running the experiment ... [../../results/BBOBProblem/ellipsoidal/DiscoveredES_500_10000/2]
Generation 100 | Best fitness (Train): 7792673792.00 | Best fitness in generation (Train): 7792673792.00 | Mean fitness (Train): 7825769472.00 | Mean fitness (Test): 7802337280.00
Generation 200 | Best fitness (Train): 6473966592.00 | Best fitness in generation (Train): 6473966592.00 | Mean fitness (Train): 6506403840.00 | Mean fitness (Test): 6486523904.00
Generation 300 | Best fitness (Train): 5355141120.00 | Best fitness in generation (Train): 5355141120.00 | Mean fitness (Train): 5380198400.00 | Mean fitness (Test): 5361403392.00
Generation 400 | Best fitness (Train): 4423506944.00 | Best fitness in generation (Train): 4423506944.00 | Mean fitness (Train): 4444902400.00 | Mean fitness (Test): 4429251584.00
Generation 500 | Best fitness (Train): 3631910912.00 | Best fitness in generation (Train): 3631910912.00 | Mean fitness (Train): 3652631808.00 | Mean fitness (Test): 3638732800.00
Generation 600 | Best fitness (Train): 2981821696.00 | Best fitness in generation (Train): 2981821696.00 | Mean fitness (Train): 2997999872.00 | Mean fitness (Test): 2985924352.00
Generation 700 | Best fitness (Train): 2455190272.00 | Best fitness in generation (Train): 2455190272.00 | Mean fitness (Train): 2467146752.00 | Mean fitness (Test): 2456424192.00
Generation 800 | Best fitness (Train): 2025280256.00 | Best fitness in generation (Train): 2025280256.00 | Mean fitness (Train): 2033862144.00 | Mean fitness (Test): 2025035264.00
Generation 900 | Best fitness (Train): 1677066368.00 | Best fitness in generation (Train): 1677066368.00 | Mean fitness (Train): 1684833664.00 | Mean fitness (Test): 1677133824.00
Generation 1000 | Best fitness (Train): 1391068928.00 | Best fitness in generation (Train): 1391068928.00 | Mean fitness (Train): 1398071168.00 | Mean fitness (Test): 1391169152.00
Generation 1100 | Best fitness (Train): 1156903936.00 | Best fitness in generation (Train): 1156903936.00 | Mean fitness (Train): 1162691584.00 | Mean fitness (Test): 1155957504.00
Generation 1200 | Best fitness (Train): 967724352.00 | Best fitness in generation (Train): 967724352.00 | Mean fitness (Train): 971457984.00 | Mean fitness (Test): 965462336.00
Generation 1300 | Best fitness (Train): 812472384.00 | Best fitness in generation (Train): 812472384.00 | Mean fitness (Train): 815882880.00 | Mean fitness (Test): 810690176.00
Generation 1400 | Best fitness (Train): 684416704.00 | Best fitness in generation (Train): 684416704.00 | Mean fitness (Train): 687952384.00 | Mean fitness (Test): 683364288.00
Generation 1500 | Best fitness (Train): 576751680.00 | Best fitness in generation (Train): 576751680.00 | Mean fitness (Train): 580322688.00 | Mean fitness (Test): 576181248.00
Generation 1600 | Best fitness (Train): 490608768.00 | Best fitness in generation (Train): 490608768.00 | Mean fitness (Train): 492620320.00 | Mean fitness (Test): 488945184.00
Generation 1700 | Best fitness (Train): 417238688.00 | Best fitness in generation (Train): 417238688.00 | Mean fitness (Train): 418695552.00 | Mean fitness (Test): 415329472.00
Generation 1800 | Best fitness (Train): 356591520.00 | Best fitness in generation (Train): 356591520.00 | Mean fitness (Train): 357872864.00 | Mean fitness (Test): 355053728.00
Generation 1900 | Best fitness (Train): 304710368.00 | Best fitness in generation (Train): 304710368.00 | Mean fitness (Train): 306060736.00 | Mean fitness (Test): 303452192.00
Generation 2000 | Best fitness (Train): 261395424.00 | Best fitness in generation (Train): 261395424.00 | Mean fitness (Train): 262416832.00 | Mean fitness (Test): 260062128.00
Generation 2100 | Best fitness (Train): 225298512.00 | Best fitness in generation (Train): 225298512.00 | Mean fitness (Train): 226054768.00 | Mean fitness (Test): 223979280.00
Generation 2200 | Best fitness (Train): 195082704.00 | Best fitness in generation (Train): 195082704.00 | Mean fitness (Train): 195730560.00 | Mean fitness (Test): 193912656.00
Generation 2300 | Best fitness (Train): 168696784.00 | Best fitness in generation (Train): 168696784.00 | Mean fitness (Train): 169268432.00 | Mean fitness (Test): 167602800.00
Generation 2400 | Best fitness (Train): 147115152.00 | Best fitness in generation (Train): 147115152.00 | Mean fitness (Train): 147567712.00 | Mean fitness (Test): 146104592.00
Generation 2500 | Best fitness (Train): 129206272.00 | Best fitness in generation (Train): 129206272.00 | Mean fitness (Train): 129612648.00 | Mean fitness (Test): 128335480.00
Generation 2600 | Best fitness (Train): 113439160.00 | Best fitness in generation (Train): 113439160.00 | Mean fitness (Train): 113784184.00 | Mean fitness (Test): 112660528.00
Generation 2700 | Best fitness (Train): 99775992.00 | Best fitness in generation (Train): 99775992.00 | Mean fitness (Train): 100090760.00 | Mean fitness (Test): 99081968.00
Generation 2800 | Best fitness (Train): 87925408.00 | Best fitness in generation (Train): 87925408.00 | Mean fitness (Train): 88241480.00 | Mean fitness (Test): 87316592.00
Generation 2900 | Best fitness (Train): 77828200.00 | Best fitness in generation (Train): 77828200.00 | Mean fitness (Train): 78043616.00 | Mean fitness (Test): 77239936.00
Generation 3000 | Best fitness (Train): 68921320.00 | Best fitness in generation (Train): 68921320.00 | Mean fitness (Train): 69131344.00 | Mean fitness (Test): 68406544.00
Generation 3100 | Best fitness (Train): 61430196.00 | Best fitness in generation (Train): 61430196.00 | Mean fitness (Train): 61630248.00 | Mean fitness (Test): 60986964.00
Generation 3200 | Best fitness (Train): 54843536.00 | Best fitness in generation (Train): 54843536.00 | Mean fitness (Train): 55005852.00 | Mean fitness (Test): 54434240.00
Generation 3300 | Best fitness (Train): 48979716.00 | Best fitness in generation (Train): 48979716.00 | Mean fitness (Train): 49129612.00 | Mean fitness (Test): 48613356.00
Generation 3400 | Best fitness (Train): 43811780.00 | Best fitness in generation (Train): 43811780.00 | Mean fitness (Train): 43965444.00 | Mean fitness (Test): 43504840.00
Generation 3500 | Best fitness (Train): 39406412.00 | Best fitness in generation (Train): 39406412.00 | Mean fitness (Train): 39521608.00 | Mean fitness (Test): 39111000.00
Generation 3600 | Best fitness (Train): 35565884.00 | Best fitness in generation (Train): 35565884.00 | Mean fitness (Train): 35657296.00 | Mean fitness (Test): 35290916.00
Generation 3700 | Best fitness (Train): 32170578.00 | Best fitness in generation (Train): 32170578.00 | Mean fitness (Train): 32249742.00 | Mean fitness (Test): 31924584.00
Generation 3800 | Best fitness (Train): 29123192.00 | Best fitness in generation (Train): 29123192.00 | Mean fitness (Train): 29210838.00 | Mean fitness (Test): 28920384.00
Generation 3900 | Best fitness (Train): 26454792.00 | Best fitness in generation (Train): 26454792.00 | Mean fitness (Train): 26525964.00 | Mean fitness (Test): 26266802.00
Generation 4000 | Best fitness (Train): 24015930.00 | Best fitness in generation (Train): 24015930.00 | Mean fitness (Train): 24082916.00 | Mean fitness (Test): 23848876.00
running the experiment ... [../../results/BBOBProblem/ellipsoidal/DiscoveredES_500_10000/3]
Generation 100 | Best fitness (Train): 8211557888.00 | Best fitness in generation (Train): 8211557888.00 | Mean fitness (Train): 8249782272.00 | Mean fitness (Test): 8225414144.00
Generation 200 | Best fitness (Train): 6815667712.00 | Best fitness in generation (Train): 6815667712.00 | Mean fitness (Train): 6842248704.00 | Mean fitness (Test): 6821899776.00
Generation 300 | Best fitness (Train): 5662617088.00 | Best fitness in generation (Train): 5662617088.00 | Mean fitness (Train): 5689785856.00 | Mean fitness (Test): 5671907840.00
Generation 400 | Best fitness (Train): 4674949120.00 | Best fitness in generation (Train): 4674949120.00 | Mean fitness (Train): 4695982080.00 | Mean fitness (Test): 4680028160.00
Generation 500 | Best fitness (Train): 3844382464.00 | Best fitness in generation (Train): 3844382464.00 | Mean fitness (Train): 3864337152.00 | Mean fitness (Test): 3850485760.00
Generation 600 | Best fitness (Train): 3149009920.00 | Best fitness in generation (Train): 3149009920.00 | Mean fitness (Train): 3166939392.00 | Mean fitness (Test): 3154161152.00
Generation 700 | Best fitness (Train): 2582201344.00 | Best fitness in generation (Train): 2582201344.00 | Mean fitness (Train): 2594289920.00 | Mean fitness (Test): 2583523072.00
Generation 800 | Best fitness (Train): 2127723648.00 | Best fitness in generation (Train): 2127723648.00 | Mean fitness (Train): 2136304128.00 | Mean fitness (Test): 2127029760.00
Generation 900 | Best fitness (Train): 1751349248.00 | Best fitness in generation (Train): 1751349248.00 | Mean fitness (Train): 1759371520.00 | Mean fitness (Test): 1750881792.00
Generation 1000 | Best fitness (Train): 1450207872.00 | Best fitness in generation (Train): 1450207872.00 | Mean fitness (Train): 1456206592.00 | Mean fitness (Test): 1448843392.00
Generation 1100 | Best fitness (Train): 1206185216.00 | Best fitness in generation (Train): 1206185216.00 | Mean fitness (Train): 1211047296.00 | Mean fitness (Test): 1204333824.00
Generation 1200 | Best fitness (Train): 1010900224.00 | Best fitness in generation (Train): 1010900224.00 | Mean fitness (Train): 1015447552.00 | Mean fitness (Test): 1009557056.00
Generation 1300 | Best fitness (Train): 848357824.00 | Best fitness in generation (Train): 848357824.00 | Mean fitness (Train): 852225536.00 | Mean fitness (Test): 846794432.00
Generation 1400 | Best fitness (Train): 715744320.00 | Best fitness in generation (Train): 715744320.00 | Mean fitness (Train): 718654848.00 | Mean fitness (Test): 713975360.00
Generation 1500 | Best fitness (Train): 604661440.00 | Best fitness in generation (Train): 604661440.00 | Mean fitness (Train): 607388096.00 | Mean fitness (Test): 603018176.00
Generation 1600 | Best fitness (Train): 511601824.00 | Best fitness in generation (Train): 511601824.00 | Mean fitness (Train): 513872128.00 | Mean fitness (Test): 510096448.00
Generation 1700 | Best fitness (Train): 437703392.00 | Best fitness in generation (Train): 437703392.00 | Mean fitness (Train): 439274016.00 | Mean fitness (Test): 435887968.00
Generation 1800 | Best fitness (Train): 374434720.00 | Best fitness in generation (Train): 374434720.00 | Mean fitness (Train): 376181664.00 | Mean fitness (Test): 373197792.00
Generation 1900 | Best fitness (Train): 322122368.00 | Best fitness in generation (Train): 322122368.00 | Mean fitness (Train): 323324352.00 | Mean fitness (Test): 320666784.00
Generation 2000 | Best fitness (Train): 277630816.00 | Best fitness in generation (Train): 277630816.00 | Mean fitness (Train): 278661760.00 | Mean fitness (Test): 276328032.00
Generation 2100 | Best fitness (Train): 239386256.00 | Best fitness in generation (Train): 239386256.00 | Mean fitness (Train): 240374944.00 | Mean fitness (Test): 238223024.00
Generation 2200 | Best fitness (Train): 207530256.00 | Best fitness in generation (Train): 207530256.00 | Mean fitness (Train): 208185312.00 | Mean fitness (Test): 206279792.00
Generation 2300 | Best fitness (Train): 180905136.00 | Best fitness in generation (Train): 180905136.00 | Mean fitness (Train): 181501920.00 | Mean fitness (Test): 179808272.00
Generation 2400 | Best fitness (Train): 157381552.00 | Best fitness in generation (Train): 157381552.00 | Mean fitness (Train): 158001904.00 | Mean fitness (Test): 156480864.00
Generation 2500 | Best fitness (Train): 137379696.00 | Best fitness in generation (Train): 137379696.00 | Mean fitness (Train): 137869568.00 | Mean fitness (Test): 136506112.00
Generation 2600 | Best fitness (Train): 120864392.00 | Best fitness in generation (Train): 120864392.00 | Mean fitness (Train): 121267440.00 | Mean fitness (Test): 120086720.00
Generation 2700 | Best fitness (Train): 106303008.00 | Best fitness in generation (Train): 106303008.00 | Mean fitness (Train): 106712640.00 | Mean fitness (Test): 105629608.00
Generation 2800 | Best fitness (Train): 94080720.00 | Best fitness in generation (Train): 94080720.00 | Mean fitness (Train): 94396912.00 | Mean fitness (Test): 93450304.00
Generation 2900 | Best fitness (Train): 83523072.00 | Best fitness in generation (Train): 83523072.00 | Mean fitness (Train): 83769888.00 | Mean fitness (Test): 82933648.00
Generation 3000 | Best fitness (Train): 73975456.00 | Best fitness in generation (Train): 73975456.00 | Mean fitness (Train): 74213560.00 | Mean fitness (Test): 73460200.00
Generation 3100 | Best fitness (Train): 65570208.00 | Best fitness in generation (Train): 65570208.00 | Mean fitness (Train): 65783968.00 | Mean fitness (Test): 65104032.00
Generation 3200 | Best fitness (Train): 58569528.00 | Best fitness in generation (Train): 58569528.00 | Mean fitness (Train): 58723300.00 | Mean fitness (Test): 58119796.00
Generation 3300 | Best fitness (Train): 52446832.00 | Best fitness in generation (Train): 52446832.00 | Mean fitness (Train): 52594656.00 | Mean fitness (Test): 52055876.00
Generation 3400 | Best fitness (Train): 46961840.00 | Best fitness in generation (Train): 46961840.00 | Mean fitness (Train): 47135960.00 | Mean fitness (Test): 46650148.00
Generation 3500 | Best fitness (Train): 42302052.00 | Best fitness in generation (Train): 42333452.00 | Mean fitness (Train): 42432488.00 | Mean fitness (Test): 42007832.00
Generation 3600 | Best fitness (Train): 38184260.00 | Best fitness in generation (Train): 38184260.00 | Mean fitness (Train): 38292732.00 | Mean fitness (Test): 37908352.00
Generation 3700 | Best fitness (Train): 34427476.00 | Best fitness in generation (Train): 34427476.00 | Mean fitness (Train): 34517116.00 | Mean fitness (Test): 34173432.00
Generation 3800 | Best fitness (Train): 31177916.00 | Best fitness in generation (Train): 31177916.00 | Mean fitness (Train): 31253920.00 | Mean fitness (Test): 30950484.00
Generation 3900 | Best fitness (Train): 28285112.00 | Best fitness in generation (Train): 28285112.00 | Mean fitness (Train): 28355078.00 | Mean fitness (Test): 28080776.00
Generation 4000 | Best fitness (Train): 25717728.00 | Best fitness in generation (Train): 25717728.00 | Mean fitness (Train): 25785814.00 | Mean fitness (Test): 25542112.00
running the experiment ... [../../results/BBOBProblem/ellipsoidal/DiscoveredES_500_10000/4]
Generation 100 | Best fitness (Train): 7797762560.00 | Best fitness in generation (Train): 7797762560.00 | Mean fitness (Train): 7839089152.00 | Mean fitness (Test): 7815479296.00
Generation 200 | Best fitness (Train): 6481718272.00 | Best fitness in generation (Train): 6481718272.00 | Mean fitness (Train): 6511309312.00 | Mean fitness (Test): 6490734080.00
Generation 300 | Best fitness (Train): 5368811520.00 | Best fitness in generation (Train): 5368811520.00 | Mean fitness (Train): 5391277568.00 | Mean fitness (Test): 5374023680.00
Generation 400 | Best fitness (Train): 4427715584.00 | Best fitness in generation (Train): 4427715584.00 | Mean fitness (Train): 4444524032.00 | Mean fitness (Test): 4428757504.00
Generation 500 | Best fitness (Train): 3637470720.00 | Best fitness in generation (Train): 3637470720.00 | Mean fitness (Train): 3654016512.00 | Mean fitness (Test): 3640273152.00
Generation 600 | Best fitness (Train): 2982286336.00 | Best fitness in generation (Train): 2982286336.00 | Mean fitness (Train): 2997321728.00 | Mean fitness (Test): 2985500928.00
Generation 700 | Best fitness (Train): 2437801984.00 | Best fitness in generation (Train): 2437801984.00 | Mean fitness (Train): 2449529856.00 | Mean fitness (Test): 2439515904.00
Generation 800 | Best fitness (Train): 1997830016.00 | Best fitness in generation (Train): 1997830016.00 | Mean fitness (Train): 2008015744.00 | Mean fitness (Test): 1999072256.00
Generation 900 | Best fitness (Train): 1640388352.00 | Best fitness in generation (Train): 1640388352.00 | Mean fitness (Train): 1648085248.00 | Mean fitness (Test): 1639779584.00
Generation 1000 | Best fitness (Train): 1356954880.00 | Best fitness in generation (Train): 1356954880.00 | Mean fitness (Train): 1363137024.00 | Mean fitness (Test): 1356376960.00
Generation 1100 | Best fitness (Train): 1123172736.00 | Best fitness in generation (Train): 1123172736.00 | Mean fitness (Train): 1127500032.00 | Mean fitness (Test): 1121225472.00
Generation 1200 | Best fitness (Train): 930807744.00 | Best fitness in generation (Train): 930807744.00 | Mean fitness (Train): 936645568.00 | Mean fitness (Test): 930939776.00
Generation 1300 | Best fitness (Train): 777890240.00 | Best fitness in generation (Train): 777890240.00 | Mean fitness (Train): 781586176.00 | Mean fitness (Test): 776480960.00
Generation 1400 | Best fitness (Train): 652101056.00 | Best fitness in generation (Train): 652101056.00 | Mean fitness (Train): 655226368.00 | Mean fitness (Test): 650790464.00
Generation 1500 | Best fitness (Train): 548742656.00 | Best fitness in generation (Train): 548742656.00 | Mean fitness (Train): 551195328.00 | Mean fitness (Test): 547036096.00
Generation 1600 | Best fitness (Train): 461421088.00 | Best fitness in generation (Train): 461421088.00 | Mean fitness (Train): 463523040.00 | Mean fitness (Test): 459897792.00
Generation 1700 | Best fitness (Train): 391976032.00 | Best fitness in generation (Train): 391976032.00 | Mean fitness (Train): 393622848.00 | Mean fitness (Test): 390300320.00
Generation 1800 | Best fitness (Train): 334679456.00 | Best fitness in generation (Train): 334679456.00 | Mean fitness (Train): 336059456.00 | Mean fitness (Test): 333156896.00
Generation 1900 | Best fitness (Train): 287231488.00 | Best fitness in generation (Train): 287231488.00 | Mean fitness (Train): 288351872.00 | Mean fitness (Test): 285855712.00
Generation 2000 | Best fitness (Train): 246366000.00 | Best fitness in generation (Train): 246366000.00 | Mean fitness (Train): 247432592.00 | Mean fitness (Test): 245164560.00
Generation 2100 | Best fitness (Train): 211983232.00 | Best fitness in generation (Train): 211983232.00 | Mean fitness (Train): 212733584.00 | Mean fitness (Test): 210672144.00
Generation 2200 | Best fitness (Train): 183720880.00 | Best fitness in generation (Train): 183720880.00 | Mean fitness (Train): 184359232.00 | Mean fitness (Test): 182584784.00
Generation 2300 | Best fitness (Train): 159873552.00 | Best fitness in generation (Train): 159873552.00 | Mean fitness (Train): 160473616.00 | Mean fitness (Test): 158858064.00
Generation 2400 | Best fitness (Train): 139818992.00 | Best fitness in generation (Train): 139818992.00 | Mean fitness (Train): 140325392.00 | Mean fitness (Test): 138908848.00
Generation 2500 | Best fitness (Train): 122879736.00 | Best fitness in generation (Train): 122879736.00 | Mean fitness (Train): 123321992.00 | Mean fitness (Test): 122090144.00
Generation 2600 | Best fitness (Train): 108481616.00 | Best fitness in generation (Train): 108481616.00 | Mean fitness (Train): 108841464.00 | Mean fitness (Test): 107741824.00
Generation 2700 | Best fitness (Train): 95938224.00 | Best fitness in generation (Train): 95938224.00 | Mean fitness (Train): 96234704.00 | Mean fitness (Test): 95257744.00
Generation 2800 | Best fitness (Train): 84913904.00 | Best fitness in generation (Train): 84913904.00 | Mean fitness (Train): 85280912.00 | Mean fitness (Test): 84407848.00
Generation 2900 | Best fitness (Train): 74986464.00 | Best fitness in generation (Train): 74986464.00 | Mean fitness (Train): 75263608.00 | Mean fitness (Test): 74463808.00
Generation 3000 | Best fitness (Train): 66576472.00 | Best fitness in generation (Train): 66576472.00 | Mean fitness (Train): 66815664.00 | Mean fitness (Test): 66116596.00
Generation 3100 | Best fitness (Train): 59494412.00 | Best fitness in generation (Train): 59494412.00 | Mean fitness (Train): 59672808.00 | Mean fitness (Test): 59049632.00
Generation 3200 | Best fitness (Train): 53226440.00 | Best fitness in generation (Train): 53226440.00 | Mean fitness (Train): 53378844.00 | Mean fitness (Test): 52829844.00
Generation 3300 | Best fitness (Train): 47634100.00 | Best fitness in generation (Train): 47634100.00 | Mean fitness (Train): 47799476.00 | Mean fitness (Test): 47298628.00
Generation 3400 | Best fitness (Train): 42730604.00 | Best fitness in generation (Train): 42730604.00 | Mean fitness (Train): 42855208.00 | Mean fitness (Test): 42410252.00
Generation 3500 | Best fitness (Train): 38296180.00 | Best fitness in generation (Train): 38296180.00 | Mean fitness (Train): 38411792.00 | Mean fitness (Test): 38015500.00
Generation 3600 | Best fitness (Train): 34455844.00 | Best fitness in generation (Train): 34455844.00 | Mean fitness (Train): 34556876.00 | Mean fitness (Test): 34201036.00
Generation 3700 | Best fitness (Train): 31071590.00 | Best fitness in generation (Train): 31071590.00 | Mean fitness (Train): 31161714.00 | Mean fitness (Test): 30844038.00
Generation 3800 | Best fitness (Train): 28083026.00 | Best fitness in generation (Train): 28083026.00 | Mean fitness (Train): 28160112.00 | Mean fitness (Test): 27871956.00
Generation 3900 | Best fitness (Train): 25498488.00 | Best fitness in generation (Train): 25498488.00 | Mean fitness (Train): 25560376.00 | Mean fitness (Test): 25304876.00
Generation 4000 | Best fitness (Train): 23146122.00 | Best fitness in generation (Train): 23146122.00 | Mean fitness (Train): 23209776.00 | Mean fitness (Test): 22977080.00
Running ES algorithms:  86%|████████████████████████████████████████████████████████████████████████████████████████████████████████████▊                  | 6/7 [6:44:47<1:06:07, 3967.26s/it][A
Running ES algorithms: 100%|█████████████████████████████████████████████████████████████████████████████████████████████████████████████████████████████████| 7/7 [6:45:43<00:00, 2990.05s/it][ARunning ES algorithms: 100%|█████████████████████████████████████████████████████████████████████████████████████████████████████████████████████████████████| 7/7 [6:45:43<00:00, 3477.63s/it]
Successfully loaded: rastrigin
Loading Problems ..:   8%|██████████▌                                                                                                                   | 2/24 [6:45:51<87:31:54, 14323.41s/it]
running the experiment ... [../../results/BBOBProblem/rastrigin/PGPE_500_10000/0]
Generation 100 | Best fitness (Train): 914106.75 | Best fitness in generation (Train): 914106.75 | Mean fitness (Train): 918018.25 | Mean fitness (Test): 907656.25
Generation 200 | Best fitness (Train): 698087.19 | Best fitness in generation (Train): 698087.19 | Mean fitness (Train): 701249.06 | Mean fitness (Test): 687471.31
Generation 300 | Best fitness (Train): 570758.25 | Best fitness in generation (Train): 570758.25 | Mean fitness (Train): 572629.50 | Mean fitness (Test): 556698.38
Generation 400 | Best fitness (Train): 489734.41 | Best fitness in generation (Train): 489734.41 | Mean fitness (Train): 491423.06 | Mean fitness (Test): 473755.03
Generation 500 | Best fitness (Train): 433675.94 | Best fitness in generation (Train): 434069.06 | Mean fitness (Train): 435622.34 | Mean fitness (Test): 416744.81
Generation 600 | Best fitness (Train): 391989.00 | Best fitness in generation (Train): 391989.00 | Mean fitness (Train): 393900.12 | Mean fitness (Test): 373526.75
Generation 700 | Best fitness (Train): 362068.84 | Best fitness in generation (Train): 362068.84 | Mean fitness (Train): 363787.34 | Mean fitness (Test): 342461.16
Generation 800 | Best fitness (Train): 339563.44 | Best fitness in generation (Train): 339797.16 | Mean fitness (Train): 341416.72 | Mean fitness (Test): 320035.41
Generation 900 | Best fitness (Train): 321254.81 | Best fitness in generation (Train): 321254.81 | Mean fitness (Train): 323039.50 | Mean fitness (Test): 300263.66
Generation 1000 | Best fitness (Train): 307278.25 | Best fitness in generation (Train): 307468.69 | Mean fitness (Train): 309098.84 | Mean fitness (Test): 286943.03
Generation 1100 | Best fitness (Train): 295692.72 | Best fitness in generation (Train): 295721.66 | Mean fitness (Train): 297148.34 | Mean fitness (Test): 274884.94
Generation 1200 | Best fitness (Train): 284909.44 | Best fitness in generation (Train): 284909.44 | Mean fitness (Train): 286840.66 | Mean fitness (Test): 264626.19
Generation 1300 | Best fitness (Train): 277689.91 | Best fitness in generation (Train): 277860.19 | Mean fitness (Train): 279270.72 | Mean fitness (Test): 257321.12
Generation 1400 | Best fitness (Train): 270566.12 | Best fitness in generation (Train): 270612.09 | Mean fitness (Train): 272191.81 | Mean fitness (Test): 250002.97
Generation 1500 | Best fitness (Train): 264801.31 | Best fitness in generation (Train): 264909.88 | Mean fitness (Train): 266250.16 | Mean fitness (Test): 244280.98
Generation 1600 | Best fitness (Train): 259040.12 | Best fitness in generation (Train): 259040.12 | Mean fitness (Train): 260985.58 | Mean fitness (Test): 239229.98
Generation 1700 | Best fitness (Train): 254686.59 | Best fitness in generation (Train): 254764.94 | Mean fitness (Train): 256257.91 | Mean fitness (Test): 235235.64
Generation 1800 | Best fitness (Train): 250629.78 | Best fitness in generation (Train): 250629.78 | Mean fitness (Train): 252144.09 | Mean fitness (Test): 230929.31
Generation 1900 | Best fitness (Train): 247781.97 | Best fitness in generation (Train): 247904.41 | Mean fitness (Train): 249071.38 | Mean fitness (Test): 228635.89
Generation 2000 | Best fitness (Train): 244416.92 | Best fitness in generation (Train): 244636.25 | Mean fitness (Train): 246037.72 | Mean fitness (Test): 225952.14
Generation 2100 | Best fitness (Train): 241439.22 | Best fitness in generation (Train): 241707.44 | Mean fitness (Train): 242956.02 | Mean fitness (Test): 223166.80
Generation 2200 | Best fitness (Train): 238704.00 | Best fitness in generation (Train): 238704.00 | Mean fitness (Train): 240056.69 | Mean fitness (Test): 220655.81
Generation 2300 | Best fitness (Train): 236200.69 | Best fitness in generation (Train): 236500.41 | Mean fitness (Train): 237853.47 | Mean fitness (Test): 218844.50
Generation 2400 | Best fitness (Train): 234623.41 | Best fitness in generation (Train): 234720.58 | Mean fitness (Train): 236025.52 | Mean fitness (Test): 217516.98
Generation 2500 | Best fitness (Train): 232191.31 | Best fitness in generation (Train): 232607.64 | Mean fitness (Train): 233648.03 | Mean fitness (Test): 215524.48
Generation 2600 | Best fitness (Train): 230531.45 | Best fitness in generation (Train): 230784.14 | Mean fitness (Train): 231880.62 | Mean fitness (Test): 214228.59
Generation 2700 | Best fitness (Train): 228721.98 | Best fitness in generation (Train): 228911.41 | Mean fitness (Train): 229977.97 | Mean fitness (Test): 212730.06
Generation 2800 | Best fitness (Train): 227324.03 | Best fitness in generation (Train): 227475.33 | Mean fitness (Train): 228568.72 | Mean fitness (Test): 211891.70
Generation 2900 | Best fitness (Train): 225685.72 | Best fitness in generation (Train): 226103.23 | Mean fitness (Train): 227058.39 | Mean fitness (Test): 210865.59
Generation 3000 | Best fitness (Train): 223789.70 | Best fitness in generation (Train): 224006.56 | Mean fitness (Train): 225065.80 | Mean fitness (Test): 209353.41
Generation 3100 | Best fitness (Train): 222446.50 | Best fitness in generation (Train): 222613.20 | Mean fitness (Train): 223744.20 | Mean fitness (Test): 208427.16
Generation 3200 | Best fitness (Train): 220861.19 | Best fitness in generation (Train): 221233.31 | Mean fitness (Train): 222169.91 | Mean fitness (Test): 207253.16
Generation 3300 | Best fitness (Train): 219579.70 | Best fitness in generation (Train): 219658.70 | Mean fitness (Train): 220918.88 | Mean fitness (Test): 206648.94
Generation 3400 | Best fitness (Train): 217608.70 | Best fitness in generation (Train): 217608.70 | Mean fitness (Train): 218856.75 | Mean fitness (Test): 204770.39
Generation 3500 | Best fitness (Train): 216359.89 | Best fitness in generation (Train): 216717.47 | Mean fitness (Train): 217728.55 | Mean fitness (Test): 204199.89
Generation 3600 | Best fitness (Train): 215458.62 | Best fitness in generation (Train): 215483.47 | Mean fitness (Train): 216526.50 | Mean fitness (Test): 203451.09
Generation 3700 | Best fitness (Train): 214634.45 | Best fitness in generation (Train): 214993.08 | Mean fitness (Train): 215859.62 | Mean fitness (Test): 203219.86
Generation 3800 | Best fitness (Train): 213823.36 | Best fitness in generation (Train): 213975.53 | Mean fitness (Train): 214849.64 | Mean fitness (Test): 202519.05
Generation 3900 | Best fitness (Train): 212567.30 | Best fitness in generation (Train): 212688.34 | Mean fitness (Train): 213672.52 | Mean fitness (Test): 201648.41
Generation 4000 | Best fitness (Train): 211291.14 | Best fitness in generation (Train): 211317.70 | Mean fitness (Train): 212441.52 | Mean fitness (Test): 200943.62
running the experiment ... [../../results/BBOBProblem/rastrigin/PGPE_500_10000/1]
Generation 100 | Best fitness (Train): 920013.94 | Best fitness in generation (Train): 920013.94 | Mean fitness (Train): 923817.00 | Mean fitness (Test): 913096.19
Generation 200 | Best fitness (Train): 702487.56 | Best fitness in generation (Train): 702487.56 | Mean fitness (Train): 704703.00 | Mean fitness (Test): 691366.50
Generation 300 | Best fitness (Train): 572192.56 | Best fitness in generation (Train): 572192.56 | Mean fitness (Train): 574331.06 | Mean fitness (Test): 558878.75
Generation 400 | Best fitness (Train): 490102.22 | Best fitness in generation (Train): 490102.22 | Mean fitness (Train): 492607.56 | Mean fitness (Test): 475051.88
Generation 500 | Best fitness (Train): 434523.81 | Best fitness in generation (Train): 434523.81 | Mean fitness (Train): 436392.09 | Mean fitness (Test): 417151.53
Generation 600 | Best fitness (Train): 394927.53 | Best fitness in generation (Train): 394927.53 | Mean fitness (Train): 396678.75 | Mean fitness (Test): 376869.22
Generation 700 | Best fitness (Train): 364337.94 | Best fitness in generation (Train): 364337.94 | Mean fitness (Train): 366043.22 | Mean fitness (Test): 344520.47
Generation 800 | Best fitness (Train): 341067.44 | Best fitness in generation (Train): 341067.44 | Mean fitness (Train): 342757.66 | Mean fitness (Test): 320726.66
Generation 900 | Best fitness (Train): 323557.59 | Best fitness in generation (Train): 323557.59 | Mean fitness (Train): 325187.22 | Mean fitness (Test): 303471.75
Generation 1000 | Best fitness (Train): 309702.06 | Best fitness in generation (Train): 309842.78 | Mean fitness (Train): 311125.00 | Mean fitness (Test): 288332.47
Generation 1100 | Best fitness (Train): 297571.12 | Best fitness in generation (Train): 297620.69 | Mean fitness (Train): 299175.25 | Mean fitness (Test): 276232.78
Generation 1200 | Best fitness (Train): 289256.91 | Best fitness in generation (Train): 289256.91 | Mean fitness (Train): 290592.25 | Mean fitness (Test): 268129.47
Generation 1300 | Best fitness (Train): 280605.09 | Best fitness in generation (Train): 281084.19 | Mean fitness (Train): 282476.88 | Mean fitness (Test): 260080.92
Generation 1400 | Best fitness (Train): 274273.03 | Best fitness in generation (Train): 274288.53 | Mean fitness (Train): 275652.62 | Mean fitness (Test): 253290.92
Generation 1500 | Best fitness (Train): 268576.66 | Best fitness in generation (Train): 268607.62 | Mean fitness (Train): 269825.25 | Mean fitness (Test): 247743.38
Generation 1600 | Best fitness (Train): 263287.47 | Best fitness in generation (Train): 263437.56 | Mean fitness (Train): 264768.00 | Mean fitness (Test): 243033.19
Generation 1700 | Best fitness (Train): 258386.95 | Best fitness in generation (Train): 258426.25 | Mean fitness (Train): 259880.83 | Mean fitness (Test): 238942.00
Generation 1800 | Best fitness (Train): 254056.78 | Best fitness in generation (Train): 254186.16 | Mean fitness (Train): 255508.56 | Mean fitness (Test): 234882.61
Generation 1900 | Best fitness (Train): 250359.89 | Best fitness in generation (Train): 250566.59 | Mean fitness (Train): 251995.31 | Mean fitness (Test): 231566.41
Generation 2000 | Best fitness (Train): 246520.33 | Best fitness in generation (Train): 246520.33 | Mean fitness (Train): 247986.55 | Mean fitness (Test): 227458.34
Generation 2100 | Best fitness (Train): 243934.02 | Best fitness in generation (Train): 244029.23 | Mean fitness (Train): 245317.67 | Mean fitness (Test): 225379.06
Generation 2200 | Best fitness (Train): 241360.69 | Best fitness in generation (Train): 241405.78 | Mean fitness (Train): 242767.02 | Mean fitness (Test): 223406.53
Generation 2300 | Best fitness (Train): 239231.25 | Best fitness in generation (Train): 239391.25 | Mean fitness (Train): 240726.44 | Mean fitness (Test): 221841.89
Generation 2400 | Best fitness (Train): 236555.05 | Best fitness in generation (Train): 236866.69 | Mean fitness (Train): 237968.03 | Mean fitness (Test): 219460.88
Generation 2500 | Best fitness (Train): 234647.75 | Best fitness in generation (Train): 234903.95 | Mean fitness (Train): 236105.09 | Mean fitness (Test): 218188.22
Generation 2600 | Best fitness (Train): 232752.75 | Best fitness in generation (Train): 232752.75 | Mean fitness (Train): 234117.33 | Mean fitness (Test): 216753.38
Generation 2700 | Best fitness (Train): 230419.38 | Best fitness in generation (Train): 230920.31 | Mean fitness (Train): 231973.84 | Mean fitness (Test): 215119.53
Generation 2800 | Best fitness (Train): 228343.70 | Best fitness in generation (Train): 228720.31 | Mean fitness (Train): 229796.98 | Mean fitness (Test): 213259.84
Generation 2900 | Best fitness (Train): 227054.28 | Best fitness in generation (Train): 227193.81 | Mean fitness (Train): 228584.36 | Mean fitness (Test): 212638.39
Generation 3000 | Best fitness (Train): 225229.92 | Best fitness in generation (Train): 225438.16 | Mean fitness (Train): 226496.98 | Mean fitness (Test): 210866.17
Generation 3100 | Best fitness (Train): 223860.05 | Best fitness in generation (Train): 224401.19 | Mean fitness (Train): 225509.48 | Mean fitness (Test): 210550.08
Generation 3200 | Best fitness (Train): 222548.75 | Best fitness in generation (Train): 222728.17 | Mean fitness (Train): 223796.20 | Mean fitness (Test): 208956.73
Generation 3300 | Best fitness (Train): 221249.09 | Best fitness in generation (Train): 221333.62 | Mean fitness (Train): 222270.11 | Mean fitness (Test): 208096.59
Generation 3400 | Best fitness (Train): 219584.81 | Best fitness in generation (Train): 219740.84 | Mean fitness (Train): 220771.41 | Mean fitness (Test): 206825.95
Generation 3500 | Best fitness (Train): 218907.28 | Best fitness in generation (Train): 219168.91 | Mean fitness (Train): 220021.11 | Mean fitness (Test): 206649.62
Generation 3600 | Best fitness (Train): 217417.80 | Best fitness in generation (Train): 217674.03 | Mean fitness (Train): 218624.64 | Mean fitness (Test): 205780.30
Generation 3700 | Best fitness (Train): 216586.19 | Best fitness in generation (Train): 216673.12 | Mean fitness (Train): 217625.55 | Mean fitness (Test): 204947.94
Generation 3800 | Best fitness (Train): 215259.77 | Best fitness in generation (Train): 215668.08 | Mean fitness (Train): 216481.19 | Mean fitness (Test): 204369.33
Generation 3900 | Best fitness (Train): 214357.53 | Best fitness in generation (Train): 214357.53 | Mean fitness (Train): 215562.41 | Mean fitness (Test): 203889.16
Generation 4000 | Best fitness (Train): 213467.98 | Best fitness in generation (Train): 213827.41 | Mean fitness (Train): 214710.00 | Mean fitness (Test): 203350.38
running the experiment ... [../../results/BBOBProblem/rastrigin/PGPE_500_10000/2]
Generation 100 | Best fitness (Train): 941352.44 | Best fitness in generation (Train): 941352.44 | Mean fitness (Train): 946116.00 | Mean fitness (Test): 936136.19
Generation 200 | Best fitness (Train): 721353.44 | Best fitness in generation (Train): 721353.44 | Mean fitness (Train): 723894.81 | Mean fitness (Test): 710870.31
Generation 300 | Best fitness (Train): 587375.94 | Best fitness in generation (Train): 587375.94 | Mean fitness (Train): 589590.88 | Mean fitness (Test): 574256.25
Generation 400 | Best fitness (Train): 501090.00 | Best fitness in generation (Train): 501090.00 | Mean fitness (Train): 502667.69 | Mean fitness (Test): 484861.41
Generation 500 | Best fitness (Train): 443001.06 | Best fitness in generation (Train): 443001.06 | Mean fitness (Train): 444815.84 | Mean fitness (Test): 425653.56
Generation 600 | Best fitness (Train): 401142.53 | Best fitness in generation (Train): 401142.53 | Mean fitness (Train): 402910.00 | Mean fitness (Test): 382907.62
Generation 700 | Best fitness (Train): 370595.69 | Best fitness in generation (Train): 370789.47 | Mean fitness (Train): 372331.09 | Mean fitness (Test): 351122.28
Generation 800 | Best fitness (Train): 346557.69 | Best fitness in generation (Train): 346557.69 | Mean fitness (Train): 348516.25 | Mean fitness (Test): 327098.53
Generation 900 | Best fitness (Train): 327935.34 | Best fitness in generation (Train): 327935.34 | Mean fitness (Train): 329615.00 | Mean fitness (Test): 307257.75
Generation 1000 | Best fitness (Train): 313814.34 | Best fitness in generation (Train): 313915.34 | Mean fitness (Train): 315403.56 | Mean fitness (Test): 293404.12
Generation 1100 | Best fitness (Train): 301113.09 | Best fitness in generation (Train): 301113.09 | Mean fitness (Train): 302797.81 | Mean fitness (Test): 280057.06
Generation 1200 | Best fitness (Train): 291261.44 | Best fitness in generation (Train): 291261.44 | Mean fitness (Train): 292754.53 | Mean fitness (Test): 269787.66
Generation 1300 | Best fitness (Train): 283116.88 | Best fitness in generation (Train): 283199.31 | Mean fitness (Train): 284658.19 | Mean fitness (Test): 262019.34
Generation 1400 | Best fitness (Train): 276189.88 | Best fitness in generation (Train): 276189.88 | Mean fitness (Train): 277877.38 | Mean fitness (Test): 256078.73
Generation 1500 | Best fitness (Train): 270305.78 | Best fitness in generation (Train): 270487.69 | Mean fitness (Train): 272022.59 | Mean fitness (Test): 250288.20
Generation 1600 | Best fitness (Train): 265459.44 | Best fitness in generation (Train): 265647.75 | Mean fitness (Train): 266990.62 | Mean fitness (Test): 245234.56
Generation 1700 | Best fitness (Train): 260711.12 | Best fitness in generation (Train): 260934.27 | Mean fitness (Train): 262188.34 | Mean fitness (Test): 240568.58
Generation 1800 | Best fitness (Train): 256477.53 | Best fitness in generation (Train): 256477.53 | Mean fitness (Train): 257968.50 | Mean fitness (Test): 236919.25
Generation 1900 | Best fitness (Train): 252694.00 | Best fitness in generation (Train): 252694.00 | Mean fitness (Train): 254355.38 | Mean fitness (Test): 233635.56
Generation 2000 | Best fitness (Train): 249670.59 | Best fitness in generation (Train): 249675.84 | Mean fitness (Train): 250990.81 | Mean fitness (Test): 230917.47
Generation 2100 | Best fitness (Train): 246251.72 | Best fitness in generation (Train): 246644.27 | Mean fitness (Train): 247984.88 | Mean fitness (Test): 228147.28
Generation 2200 | Best fitness (Train): 243922.31 | Best fitness in generation (Train): 243997.55 | Mean fitness (Train): 245440.80 | Mean fitness (Test): 226089.62
Generation 2300 | Best fitness (Train): 241271.69 | Best fitness in generation (Train): 241271.69 | Mean fitness (Train): 242671.36 | Mean fitness (Test): 224008.42
Generation 2400 | Best fitness (Train): 238040.16 | Best fitness in generation (Train): 238317.08 | Mean fitness (Train): 239446.38 | Mean fitness (Test): 220693.16
Generation 2500 | Best fitness (Train): 236372.33 | Best fitness in generation (Train): 236609.34 | Mean fitness (Train): 237771.56 | Mean fitness (Test): 219737.83
Generation 2600 | Best fitness (Train): 233995.12 | Best fitness in generation (Train): 233995.12 | Mean fitness (Train): 235380.45 | Mean fitness (Test): 217910.23
Generation 2700 | Best fitness (Train): 232915.94 | Best fitness in generation (Train): 233000.14 | Mean fitness (Train): 234136.16 | Mean fitness (Test): 217135.94
Generation 2800 | Best fitness (Train): 230912.53 | Best fitness in generation (Train): 231130.39 | Mean fitness (Train): 232224.81 | Mean fitness (Test): 215501.00
Generation 2900 | Best fitness (Train): 229704.97 | Best fitness in generation (Train): 230033.56 | Mean fitness (Train): 230989.42 | Mean fitness (Test): 214843.14
Generation 3000 | Best fitness (Train): 228081.50 | Best fitness in generation (Train): 228122.28 | Mean fitness (Train): 229348.72 | Mean fitness (Test): 213555.67
Generation 3100 | Best fitness (Train): 226567.31 | Best fitness in generation (Train): 226794.84 | Mean fitness (Train): 227755.17 | Mean fitness (Test): 212806.56
Generation 3200 | Best fitness (Train): 225270.89 | Best fitness in generation (Train): 225576.66 | Mean fitness (Train): 226588.03 | Mean fitness (Test): 211824.38
Generation 3300 | Best fitness (Train): 223874.86 | Best fitness in generation (Train): 223874.86 | Mean fitness (Train): 225104.69 | Mean fitness (Test): 210891.39
Generation 3400 | Best fitness (Train): 222583.62 | Best fitness in generation (Train): 222680.19 | Mean fitness (Train): 223699.62 | Mean fitness (Test): 209833.61
Generation 3500 | Best fitness (Train): 221560.53 | Best fitness in generation (Train): 221928.42 | Mean fitness (Train): 222815.52 | Mean fitness (Test): 209424.47
Generation 3600 | Best fitness (Train): 219914.91 | Best fitness in generation (Train): 219937.53 | Mean fitness (Train): 221016.14 | Mean fitness (Test): 208011.50
Generation 3700 | Best fitness (Train): 218536.09 | Best fitness in generation (Train): 218595.45 | Mean fitness (Train): 219551.55 | Mean fitness (Test): 206890.00
Generation 3800 | Best fitness (Train): 217316.11 | Best fitness in generation (Train): 217681.39 | Mean fitness (Train): 218618.75 | Mean fitness (Test): 206587.16
Generation 3900 | Best fitness (Train): 216424.09 | Best fitness in generation (Train): 216922.94 | Mean fitness (Train): 217684.94 | Mean fitness (Test): 205983.59
Generation 4000 | Best fitness (Train): 215133.02 | Best fitness in generation (Train): 215341.67 | Mean fitness (Train): 216367.89 | Mean fitness (Test): 204844.69
running the experiment ... [../../results/BBOBProblem/rastrigin/PGPE_500_10000/3]
Generation 100 | Best fitness (Train): 949198.25 | Best fitness in generation (Train): 949198.25 | Mean fitness (Train): 953767.19 | Mean fitness (Test): 942943.12
Generation 200 | Best fitness (Train): 723334.31 | Best fitness in generation (Train): 723334.31 | Mean fitness (Train): 726202.94 | Mean fitness (Test): 712590.12
Generation 300 | Best fitness (Train): 588858.00 | Best fitness in generation (Train): 588858.00 | Mean fitness (Train): 591396.44 | Mean fitness (Test): 575522.81
Generation 400 | Best fitness (Train): 502685.72 | Best fitness in generation (Train): 502685.72 | Mean fitness (Train): 504683.38 | Mean fitness (Test): 487205.19
Generation 500 | Best fitness (Train): 442855.75 | Best fitness in generation (Train): 442855.75 | Mean fitness (Train): 444528.78 | Mean fitness (Test): 426177.16
Generation 600 | Best fitness (Train): 400632.41 | Best fitness in generation (Train): 400809.84 | Mean fitness (Train): 402482.88 | Mean fitness (Test): 382434.00
Generation 700 | Best fitness (Train): 369070.91 | Best fitness in generation (Train): 369070.91 | Mean fitness (Train): 370703.97 | Mean fitness (Test): 349319.72
Generation 800 | Best fitness (Train): 345760.47 | Best fitness in generation (Train): 345760.47 | Mean fitness (Train): 347577.03 | Mean fitness (Test): 325544.31
Generation 900 | Best fitness (Train): 328085.12 | Best fitness in generation (Train): 328238.56 | Mean fitness (Train): 329597.56 | Mean fitness (Test): 307142.16
Generation 1000 | Best fitness (Train): 313117.66 | Best fitness in generation (Train): 313491.91 | Mean fitness (Train): 315176.38 | Mean fitness (Test): 292392.75
Generation 1100 | Best fitness (Train): 301984.09 | Best fitness in generation (Train): 301984.09 | Mean fitness (Train): 303533.81 | Mean fitness (Test): 280791.09
Generation 1200 | Best fitness (Train): 291535.03 | Best fitness in generation (Train): 291569.97 | Mean fitness (Train): 293093.34 | Mean fitness (Test): 271008.47
Generation 1300 | Best fitness (Train): 283352.28 | Best fitness in generation (Train): 283419.41 | Mean fitness (Train): 284926.06 | Mean fitness (Test): 262390.69
Generation 1400 | Best fitness (Train): 275670.47 | Best fitness in generation (Train): 275999.22 | Mean fitness (Train): 277375.88 | Mean fitness (Test): 255585.50
Generation 1500 | Best fitness (Train): 269275.28 | Best fitness in generation (Train): 269275.28 | Mean fitness (Train): 270724.22 | Mean fitness (Test): 248888.69
Generation 1600 | Best fitness (Train): 263819.72 | Best fitness in generation (Train): 264099.53 | Mean fitness (Train): 265493.25 | Mean fitness (Test): 243415.61
Generation 1700 | Best fitness (Train): 259754.59 | Best fitness in generation (Train): 259940.72 | Mean fitness (Train): 261198.06 | Mean fitness (Test): 239813.47
Generation 1800 | Best fitness (Train): 255994.08 | Best fitness in generation (Train): 256121.27 | Mean fitness (Train): 257313.58 | Mean fitness (Test): 236153.34
Generation 1900 | Best fitness (Train): 252410.97 | Best fitness in generation (Train): 252410.97 | Mean fitness (Train): 253828.27 | Mean fitness (Test): 233317.22
Generation 2000 | Best fitness (Train): 249001.52 | Best fitness in generation (Train): 249182.78 | Mean fitness (Train): 250581.70 | Mean fitness (Test): 230514.91
Generation 2100 | Best fitness (Train): 246528.16 | Best fitness in generation (Train): 246656.47 | Mean fitness (Train): 247914.73 | Mean fitness (Test): 228365.94
Generation 2200 | Best fitness (Train): 242524.31 | Best fitness in generation (Train): 242524.31 | Mean fitness (Train): 244055.81 | Mean fitness (Test): 224570.44
Generation 2300 | Best fitness (Train): 240375.00 | Best fitness in generation (Train): 240783.20 | Mean fitness (Train): 241952.17 | Mean fitness (Test): 223125.06
Generation 2400 | Best fitness (Train): 238258.53 | Best fitness in generation (Train): 238357.34 | Mean fitness (Train): 239759.30 | Mean fitness (Test): 221410.70
Generation 2500 | Best fitness (Train): 235862.00 | Best fitness in generation (Train): 236275.25 | Mean fitness (Train): 237433.73 | Mean fitness (Test): 219357.58
Generation 2600 | Best fitness (Train): 234026.12 | Best fitness in generation (Train): 234231.67 | Mean fitness (Train): 235388.02 | Mean fitness (Test): 217919.97
Generation 2700 | Best fitness (Train): 232359.08 | Best fitness in generation (Train): 232467.36 | Mean fitness (Train): 233596.31 | Mean fitness (Test): 216519.64
Generation 2800 | Best fitness (Train): 230249.30 | Best fitness in generation (Train): 230321.44 | Mean fitness (Train): 231425.73 | Mean fitness (Test): 214964.88
Generation 2900 | Best fitness (Train): 229061.53 | Best fitness in generation (Train): 229203.39 | Mean fitness (Train): 230339.78 | Mean fitness (Test): 214291.86
Generation 3000 | Best fitness (Train): 227522.56 | Best fitness in generation (Train): 227801.97 | Mean fitness (Train): 228809.05 | Mean fitness (Test): 213457.94
Generation 3100 | Best fitness (Train): 225934.47 | Best fitness in generation (Train): 226092.97 | Mean fitness (Train): 227179.14 | Mean fitness (Test): 211880.58
Generation 3200 | Best fitness (Train): 224384.61 | Best fitness in generation (Train): 224410.81 | Mean fitness (Train): 225664.03 | Mean fitness (Test): 211035.58
Generation 3300 | Best fitness (Train): 222929.53 | Best fitness in generation (Train): 223238.25 | Mean fitness (Train): 224191.11 | Mean fitness (Test): 209939.28
Generation 3400 | Best fitness (Train): 221911.88 | Best fitness in generation (Train): 222176.06 | Mean fitness (Train): 223185.36 | Mean fitness (Test): 209396.34
Generation 3500 | Best fitness (Train): 221093.31 | Best fitness in generation (Train): 221255.22 | Mean fitness (Train): 222107.80 | Mean fitness (Test): 208820.86
Generation 3600 | Best fitness (Train): 219429.50 | Best fitness in generation (Train): 219581.78 | Mean fitness (Train): 220458.14 | Mean fitness (Test): 207403.31
Generation 3700 | Best fitness (Train): 217884.19 | Best fitness in generation (Train): 218184.23 | Mean fitness (Train): 219150.94 | Mean fitness (Test): 206720.66
Generation 3800 | Best fitness (Train): 216867.69 | Best fitness in generation (Train): 216867.69 | Mean fitness (Train): 218055.06 | Mean fitness (Test): 205897.78
Generation 3900 | Best fitness (Train): 216068.70 | Best fitness in generation (Train): 216335.53 | Mean fitness (Train): 217119.77 | Mean fitness (Test): 205390.89
Generation 4000 | Best fitness (Train): 214436.58 | Best fitness in generation (Train): 214791.62 | Mean fitness (Train): 215663.59 | Mean fitness (Test): 204331.12
running the experiment ... [../../results/BBOBProblem/rastrigin/PGPE_500_10000/4]
Generation 100 | Best fitness (Train): 920445.75 | Best fitness in generation (Train): 920445.75 | Mean fitness (Train): 925476.62 | Mean fitness (Test): 915012.88
Generation 200 | Best fitness (Train): 700643.69 | Best fitness in generation (Train): 700643.69 | Mean fitness (Train): 703523.75 | Mean fitness (Test): 690550.00
Generation 300 | Best fitness (Train): 568859.31 | Best fitness in generation (Train): 568859.31 | Mean fitness (Train): 570916.88 | Mean fitness (Test): 555066.06
Generation 400 | Best fitness (Train): 486535.44 | Best fitness in generation (Train): 486535.44 | Mean fitness (Train): 488375.44 | Mean fitness (Test): 470570.44
Generation 500 | Best fitness (Train): 430620.31 | Best fitness in generation (Train): 430649.94 | Mean fitness (Train): 432810.81 | Mean fitness (Test): 413633.44
Generation 600 | Best fitness (Train): 390725.91 | Best fitness in generation (Train): 390725.91 | Mean fitness (Train): 392600.47 | Mean fitness (Test): 371799.19
Generation 700 | Best fitness (Train): 360786.56 | Best fitness in generation (Train): 361368.03 | Mean fitness (Train): 362931.38 | Mean fitness (Test): 341357.56
Generation 800 | Best fitness (Train): 338184.16 | Best fitness in generation (Train): 338184.16 | Mean fitness (Train): 340044.38 | Mean fitness (Test): 317733.88
Generation 900 | Best fitness (Train): 321035.19 | Best fitness in generation (Train): 321035.19 | Mean fitness (Train): 322668.47 | Mean fitness (Test): 299838.53
Generation 1000 | Best fitness (Train): 306989.03 | Best fitness in generation (Train): 307096.56 | Mean fitness (Train): 308584.28 | Mean fitness (Test): 286150.59
Generation 1100 | Best fitness (Train): 295985.72 | Best fitness in generation (Train): 296022.41 | Mean fitness (Train): 297522.31 | Mean fitness (Test): 275321.31
Generation 1200 | Best fitness (Train): 286400.34 | Best fitness in generation (Train): 287007.78 | Mean fitness (Train): 288241.59 | Mean fitness (Test): 265556.03
Generation 1300 | Best fitness (Train): 278619.84 | Best fitness in generation (Train): 278619.84 | Mean fitness (Train): 280302.62 | Mean fitness (Test): 258232.41
Generation 1400 | Best fitness (Train): 271925.59 | Best fitness in generation (Train): 271939.44 | Mean fitness (Train): 273397.31 | Mean fitness (Test): 251112.19
Generation 1500 | Best fitness (Train): 265527.00 | Best fitness in generation (Train): 265629.03 | Mean fitness (Train): 267226.50 | Mean fitness (Test): 245345.45
Generation 1600 | Best fitness (Train): 260598.09 | Best fitness in generation (Train): 260598.09 | Mean fitness (Train): 262103.12 | Mean fitness (Test): 240508.53
Generation 1700 | Best fitness (Train): 256191.16 | Best fitness in generation (Train): 256400.30 | Mean fitness (Train): 257748.80 | Mean fitness (Test): 236101.05
Generation 1800 | Best fitness (Train): 252197.78 | Best fitness in generation (Train): 252460.02 | Mean fitness (Train): 253718.55 | Mean fitness (Test): 232525.39
Generation 1900 | Best fitness (Train): 248617.19 | Best fitness in generation (Train): 248617.19 | Mean fitness (Train): 249984.11 | Mean fitness (Test): 229093.81
Generation 2000 | Best fitness (Train): 245902.95 | Best fitness in generation (Train): 246109.72 | Mean fitness (Train): 247295.12 | Mean fitness (Test): 226921.33
Generation 2100 | Best fitness (Train): 242973.89 | Best fitness in generation (Train): 242973.89 | Mean fitness (Train): 244275.92 | Mean fitness (Test): 224114.58
Generation 2200 | Best fitness (Train): 240887.30 | Best fitness in generation (Train): 240981.44 | Mean fitness (Train): 242209.55 | Mean fitness (Test): 223239.61
Generation 2300 | Best fitness (Train): 237907.59 | Best fitness in generation (Train): 237907.59 | Mean fitness (Train): 239383.20 | Mean fitness (Test): 220245.86
Generation 2400 | Best fitness (Train): 235732.44 | Best fitness in generation (Train): 235742.53 | Mean fitness (Train): 237119.80 | Mean fitness (Test): 218638.42
Generation 2500 | Best fitness (Train): 233510.31 | Best fitness in generation (Train): 233510.31 | Mean fitness (Train): 235006.22 | Mean fitness (Test): 216821.03
Generation 2600 | Best fitness (Train): 231621.69 | Best fitness in generation (Train): 231621.69 | Mean fitness (Train): 232972.27 | Mean fitness (Test): 215538.12
Generation 2700 | Best fitness (Train): 229392.67 | Best fitness in generation (Train): 229609.44 | Mean fitness (Train): 230709.19 | Mean fitness (Test): 213412.73
Generation 2800 | Best fitness (Train): 227879.22 | Best fitness in generation (Train): 228139.78 | Mean fitness (Train): 229165.58 | Mean fitness (Test): 212459.23
Generation 2900 | Best fitness (Train): 226380.81 | Best fitness in generation (Train): 226441.38 | Mean fitness (Train): 227636.75 | Mean fitness (Test): 211453.23
Generation 3000 | Best fitness (Train): 224874.59 | Best fitness in generation (Train): 224997.66 | Mean fitness (Train): 226143.20 | Mean fitness (Test): 210630.75
Generation 3100 | Best fitness (Train): 223032.22 | Best fitness in generation (Train): 223163.06 | Mean fitness (Train): 224228.06 | Mean fitness (Test): 208995.12
Generation 3200 | Best fitness (Train): 221663.64 | Best fitness in generation (Train): 221923.86 | Mean fitness (Train): 222893.95 | Mean fitness (Test): 208138.34
Generation 3300 | Best fitness (Train): 220294.03 | Best fitness in generation (Train): 220408.86 | Mean fitness (Train): 221485.72 | Mean fitness (Test): 207231.59
Generation 3400 | Best fitness (Train): 218954.22 | Best fitness in generation (Train): 219186.59 | Mean fitness (Train): 220147.47 | Mean fitness (Test): 206339.84
Generation 3500 | Best fitness (Train): 217904.78 | Best fitness in generation (Train): 218243.59 | Mean fitness (Train): 219189.16 | Mean fitness (Test): 205856.52
Generation 3600 | Best fitness (Train): 216268.34 | Best fitness in generation (Train): 216589.31 | Mean fitness (Train): 217576.50 | Mean fitness (Test): 204506.09
Generation 3700 | Best fitness (Train): 215244.28 | Best fitness in generation (Train): 215469.97 | Mean fitness (Train): 216417.16 | Mean fitness (Test): 203768.70
Generation 3800 | Best fitness (Train): 214278.59 | Best fitness in generation (Train): 214417.78 | Mean fitness (Train): 215339.62 | Mean fitness (Test): 203176.98
Generation 3900 | Best fitness (Train): 212851.67 | Best fitness in generation (Train): 213283.22 | Mean fitness (Train): 214071.94 | Mean fitness (Test): 202174.20
Generation 4000 | Best fitness (Train): 211660.12 | Best fitness in generation (Train): 211660.12 | Mean fitness (Train): 212614.45 | Mean fitness (Test): 201084.30
Running ES algorithms:   0%|                                                                                                                                             | 0/7 [00:00<?, ?it/s][A
running the experiment ... [../../results/BBOBProblem/rastrigin/Open_ES_500_10000/0]
Generation 100 | Best fitness (Train): 1068939.00 | Best fitness in generation (Train): 1068939.00 | Mean fitness (Train): 1071453.62 | Mean fitness (Test): 1063238.88
Generation 200 | Best fitness (Train): 910190.75 | Best fitness in generation (Train): 910190.75 | Mean fitness (Train): 912356.75 | Mean fitness (Test): 903929.50
Generation 300 | Best fitness (Train): 797780.38 | Best fitness in generation (Train): 797780.38 | Mean fitness (Train): 799287.44 | Mean fitness (Test): 790089.06
Generation 400 | Best fitness (Train): 716771.69 | Best fitness in generation (Train): 716771.69 | Mean fitness (Train): 718048.31 | Mean fitness (Test): 708016.00
Generation 500 | Best fitness (Train): 659127.75 | Best fitness in generation (Train): 659127.75 | Mean fitness (Train): 660204.94 | Mean fitness (Test): 649952.25
Generation 600 | Best fitness (Train): 618064.69 | Best fitness in generation (Train): 618064.69 | Mean fitness (Train): 618978.19 | Mean fitness (Test): 609080.19
Generation 700 | Best fitness (Train): 587439.25 | Best fitness in generation (Train): 587439.25 | Mean fitness (Train): 588373.75 | Mean fitness (Test): 578034.75
Generation 800 | Best fitness (Train): 566823.12 | Best fitness in generation (Train): 566823.12 | Mean fitness (Train): 567496.69 | Mean fitness (Test): 557245.75
Generation 900 | Best fitness (Train): 552628.62 | Best fitness in generation (Train): 552628.62 | Mean fitness (Train): 553412.56 | Mean fitness (Test): 543253.94
Generation 1000 | Best fitness (Train): 544077.06 | Best fitness in generation (Train): 544198.25 | Mean fitness (Train): 544899.88 | Mean fitness (Test): 534955.38
Generation 1100 | Best fitness (Train): 538719.12 | Best fitness in generation (Train): 538719.12 | Mean fitness (Train): 539446.12 | Mean fitness (Test): 529800.00
Generation 1200 | Best fitness (Train): 535267.88 | Best fitness in generation (Train): 535267.88 | Mean fitness (Train): 536014.31 | Mean fitness (Test): 526724.06
Generation 1300 | Best fitness (Train): 533206.38 | Best fitness in generation (Train): 533351.75 | Mean fitness (Train): 533894.25 | Mean fitness (Test): 524966.00
Generation 1400 | Best fitness (Train): 531751.69 | Best fitness in generation (Train): 531835.12 | Mean fitness (Train): 532351.00 | Mean fitness (Test): 523900.81
Generation 1500 | Best fitness (Train): 530686.19 | Best fitness in generation (Train): 530781.56 | Mean fitness (Train): 531228.94 | Mean fitness (Test): 523269.41
Generation 1600 | Best fitness (Train): 529792.56 | Best fitness in generation (Train): 529860.19 | Mean fitness (Train): 530335.69 | Mean fitness (Test): 522861.78
Generation 1700 | Best fitness (Train): 529016.56 | Best fitness in generation (Train): 529019.75 | Mean fitness (Train): 529463.56 | Mean fitness (Test): 522461.53
Generation 1800 | Best fitness (Train): 528143.12 | Best fitness in generation (Train): 528237.25 | Mean fitness (Train): 528611.25 | Mean fitness (Test): 522046.59
Generation 1900 | Best fitness (Train): 527367.12 | Best fitness in generation (Train): 527482.06 | Mean fitness (Train): 527881.00 | Mean fitness (Test): 521752.59
Generation 2000 | Best fitness (Train): 526845.75 | Best fitness in generation (Train): 526916.19 | Mean fitness (Train): 527283.94 | Mean fitness (Test): 521547.66
Generation 2100 | Best fitness (Train): 526333.62 | Best fitness in generation (Train): 526348.81 | Mean fitness (Train): 526697.81 | Mean fitness (Test): 521352.88
Generation 2200 | Best fitness (Train): 525793.31 | Best fitness in generation (Train): 525869.69 | Mean fitness (Train): 526183.31 | Mean fitness (Test): 521196.28
Generation 2300 | Best fitness (Train): 525263.19 | Best fitness in generation (Train): 525389.00 | Mean fitness (Train): 525642.38 | Mean fitness (Test): 520992.47
Generation 2400 | Best fitness (Train): 524834.38 | Best fitness in generation (Train): 524876.56 | Mean fitness (Train): 525167.81 | Mean fitness (Test): 520827.69
Generation 2500 | Best fitness (Train): 524480.75 | Best fitness in generation (Train): 524504.31 | Mean fitness (Train): 524770.81 | Mean fitness (Test): 520770.56
Generation 2600 | Best fitness (Train): 524078.59 | Best fitness in generation (Train): 524164.00 | Mean fitness (Train): 524372.00 | Mean fitness (Test): 520634.66
Generation 2700 | Best fitness (Train): 523751.31 | Best fitness in generation (Train): 523792.75 | Mean fitness (Train): 523974.00 | Mean fitness (Test): 520498.38
Generation 2800 | Best fitness (Train): 523419.12 | Best fitness in generation (Train): 523446.91 | Mean fitness (Train): 523616.84 | Mean fitness (Test): 520390.81
Generation 2900 | Best fitness (Train): 523116.06 | Best fitness in generation (Train): 523125.94 | Mean fitness (Train): 523316.25 | Mean fitness (Test): 520325.69
Generation 3000 | Best fitness (Train): 522820.50 | Best fitness in generation (Train): 522849.66 | Mean fitness (Train): 523022.03 | Mean fitness (Test): 520245.53
Generation 3100 | Best fitness (Train): 522486.06 | Best fitness in generation (Train): 522579.56 | Mean fitness (Train): 522744.53 | Mean fitness (Test): 520171.53
Generation 3200 | Best fitness (Train): 522327.44 | Best fitness in generation (Train): 522372.69 | Mean fitness (Train): 522502.09 | Mean fitness (Test): 520116.56
Generation 3300 | Best fitness (Train): 522064.06 | Best fitness in generation (Train): 522120.25 | Mean fitness (Train): 522249.97 | Mean fitness (Test): 520046.59
Generation 3400 | Best fitness (Train): 521863.12 | Best fitness in generation (Train): 521899.31 | Mean fitness (Train): 522038.59 | Mean fitness (Test): 519992.72
Generation 3500 | Best fitness (Train): 521683.72 | Best fitness in generation (Train): 521716.72 | Mean fitness (Train): 521839.19 | Mean fitness (Test): 519948.16
Generation 3600 | Best fitness (Train): 521513.69 | Best fitness in generation (Train): 521523.41 | Mean fitness (Train): 521655.41 | Mean fitness (Test): 519906.94
Generation 3700 | Best fitness (Train): 521354.22 | Best fitness in generation (Train): 521364.81 | Mean fitness (Train): 521481.44 | Mean fitness (Test): 519861.19
Generation 3800 | Best fitness (Train): 521216.38 | Best fitness in generation (Train): 521242.03 | Mean fitness (Train): 521322.06 | Mean fitness (Test): 519822.03
Generation 3900 | Best fitness (Train): 521072.91 | Best fitness in generation (Train): 521098.41 | Mean fitness (Train): 521175.19 | Mean fitness (Test): 519789.53
Generation 4000 | Best fitness (Train): 520931.00 | Best fitness in generation (Train): 520931.00 | Mean fitness (Train): 521042.59 | Mean fitness (Test): 519763.34
running the experiment ... [../../results/BBOBProblem/rastrigin/Open_ES_500_10000/1]
Generation 100 | Best fitness (Train): 1077767.88 | Best fitness in generation (Train): 1077767.88 | Mean fitness (Train): 1080591.00 | Mean fitness (Test): 1072942.38
Generation 200 | Best fitness (Train): 917330.81 | Best fitness in generation (Train): 917330.81 | Mean fitness (Train): 919851.00 | Mean fitness (Test): 911220.44
Generation 300 | Best fitness (Train): 803227.19 | Best fitness in generation (Train): 803227.19 | Mean fitness (Train): 804832.56 | Mean fitness (Test): 795250.69
Generation 400 | Best fitness (Train): 720015.69 | Best fitness in generation (Train): 720015.69 | Mean fitness (Train): 721733.00 | Mean fitness (Test): 711693.31
Generation 500 | Best fitness (Train): 660859.88 | Best fitness in generation (Train): 660859.88 | Mean fitness (Train): 662129.56 | Mean fitness (Test): 652012.75
Generation 600 | Best fitness (Train): 618162.12 | Best fitness in generation (Train): 618367.81 | Mean fitness (Train): 619190.62 | Mean fitness (Test): 609006.38
Generation 700 | Best fitness (Train): 587208.12 | Best fitness in generation (Train): 587208.12 | Mean fitness (Train): 588000.81 | Mean fitness (Test): 577950.94
Generation 800 | Best fitness (Train): 566361.38 | Best fitness in generation (Train): 566361.38 | Mean fitness (Train): 567374.50 | Mean fitness (Test): 557407.31
Generation 900 | Best fitness (Train): 552544.94 | Best fitness in generation (Train): 552569.56 | Mean fitness (Train): 553219.75 | Mean fitness (Test): 543207.88
Generation 1000 | Best fitness (Train): 543832.75 | Best fitness in generation (Train): 543901.62 | Mean fitness (Train): 544640.62 | Mean fitness (Test): 534799.44
Generation 1100 | Best fitness (Train): 538879.56 | Best fitness in generation (Train): 538949.44 | Mean fitness (Train): 539476.75 | Mean fitness (Test): 529803.00
Generation 1200 | Best fitness (Train): 535567.62 | Best fitness in generation (Train): 535658.19 | Mean fitness (Train): 536276.94 | Mean fitness (Test): 527009.12
Generation 1300 | Best fitness (Train): 533266.00 | Best fitness in generation (Train): 533329.50 | Mean fitness (Train): 533900.50 | Mean fitness (Test): 525041.75
Generation 1400 | Best fitness (Train): 531645.69 | Best fitness in generation (Train): 531667.00 | Mean fitness (Train): 532220.31 | Mean fitness (Test): 523772.66
Generation 1500 | Best fitness (Train): 530501.50 | Best fitness in generation (Train): 530589.75 | Mean fitness (Train): 531067.81 | Mean fitness (Test): 523116.09
Generation 1600 | Best fitness (Train): 529703.31 | Best fitness in generation (Train): 529703.31 | Mean fitness (Train): 530262.44 | Mean fitness (Test): 522776.34
Generation 1700 | Best fitness (Train): 528862.50 | Best fitness in generation (Train): 528932.69 | Mean fitness (Train): 529379.81 | Mean fitness (Test): 522396.72
Generation 1800 | Best fitness (Train): 528184.81 | Best fitness in generation (Train): 528315.44 | Mean fitness (Train): 528666.06 | Mean fitness (Test): 522098.78
Generation 1900 | Best fitness (Train): 527485.38 | Best fitness in generation (Train): 527597.88 | Mean fitness (Train): 527977.62 | Mean fitness (Test): 521842.22
Generation 2000 | Best fitness (Train): 527013.62 | Best fitness in generation (Train): 527013.62 | Mean fitness (Train): 527383.50 | Mean fitness (Test): 521638.53
Generation 2100 | Best fitness (Train): 526388.06 | Best fitness in generation (Train): 526539.38 | Mean fitness (Train): 526809.69 | Mean fitness (Test): 521454.91
Generation 2200 | Best fitness (Train): 525988.94 | Best fitness in generation (Train): 526001.69 | Mean fitness (Train): 526343.12 | Mean fitness (Test): 521351.22
Generation 2300 | Best fitness (Train): 525477.81 | Best fitness in generation (Train): 525477.81 | Mean fitness (Train): 525869.88 | Mean fitness (Test): 521231.50
Generation 2400 | Best fitness (Train): 525076.75 | Best fitness in generation (Train): 525080.94 | Mean fitness (Train): 525378.94 | Mean fitness (Test): 521060.06
Generation 2500 | Best fitness (Train): 524648.25 | Best fitness in generation (Train): 524680.25 | Mean fitness (Train): 524902.50 | Mean fitness (Test): 520892.34
Generation 2600 | Best fitness (Train): 524277.59 | Best fitness in generation (Train): 524277.59 | Mean fitness (Train): 524528.88 | Mean fitness (Test): 520797.59
Generation 2700 | Best fitness (Train): 523943.72 | Best fitness in generation (Train): 523943.72 | Mean fitness (Train): 524163.88 | Mean fitness (Test): 520711.38
Generation 2800 | Best fitness (Train): 523590.47 | Best fitness in generation (Train): 523643.62 | Mean fitness (Train): 523846.16 | Mean fitness (Test): 520634.53
Generation 2900 | Best fitness (Train): 523257.50 | Best fitness in generation (Train): 523292.97 | Mean fitness (Train): 523475.88 | Mean fitness (Test): 520495.41
Generation 3000 | Best fitness (Train): 522987.69 | Best fitness in generation (Train): 522987.69 | Mean fitness (Train): 523192.88 | Mean fitness (Test): 520422.72
Generation 3100 | Best fitness (Train): 522724.38 | Best fitness in generation (Train): 522749.66 | Mean fitness (Train): 522903.59 | Mean fitness (Test): 520339.69
Generation 3200 | Best fitness (Train): 522458.56 | Best fitness in generation (Train): 522490.31 | Mean fitness (Train): 522637.56 | Mean fitness (Test): 520264.78
Generation 3300 | Best fitness (Train): 522258.91 | Best fitness in generation (Train): 522275.72 | Mean fitness (Train): 522420.19 | Mean fitness (Test): 520214.53
Generation 3400 | Best fitness (Train): 522052.22 | Best fitness in generation (Train): 522064.66 | Mean fitness (Train): 522217.88 | Mean fitness (Test): 520180.59
Generation 3500 | Best fitness (Train): 521878.53 | Best fitness in generation (Train): 521883.66 | Mean fitness (Train): 522008.16 | Mean fitness (Test): 520117.41
Generation 3600 | Best fitness (Train): 521698.22 | Best fitness in generation (Train): 521698.22 | Mean fitness (Train): 521831.78 | Mean fitness (Test): 520083.28
Generation 3700 | Best fitness (Train): 521531.16 | Best fitness in generation (Train): 521540.09 | Mean fitness (Train): 521648.59 | Mean fitness (Test): 520028.25
Generation 3800 | Best fitness (Train): 521358.34 | Best fitness in generation (Train): 521382.28 | Mean fitness (Train): 521484.09 | Mean fitness (Test): 519986.91
Generation 3900 | Best fitness (Train): 521237.47 | Best fitness in generation (Train): 521252.97 | Mean fitness (Train): 521345.12 | Mean fitness (Test): 519966.25
Generation 4000 | Best fitness (Train): 521125.50 | Best fitness in generation (Train): 521125.50 | Mean fitness (Train): 521220.72 | Mean fitness (Test): 519942.47
running the experiment ... [../../results/BBOBProblem/rastrigin/Open_ES_500_10000/2]
Generation 100 | Best fitness (Train): 1105155.62 | Best fitness in generation (Train): 1105155.62 | Mean fitness (Train): 1107899.75 | Mean fitness (Test): 1100665.62
Generation 200 | Best fitness (Train): 938737.81 | Best fitness in generation (Train): 938737.81 | Mean fitness (Train): 941121.06 | Mean fitness (Test): 932797.25
Generation 300 | Best fitness (Train): 821856.62 | Best fitness in generation (Train): 821856.62 | Mean fitness (Train): 823824.25 | Mean fitness (Test): 814464.94
Generation 400 | Best fitness (Train): 738906.38 | Best fitness in generation (Train): 738906.38 | Mean fitness (Train): 740691.75 | Mean fitness (Test): 731138.25
Generation 500 | Best fitness (Train): 679459.50 | Best fitness in generation (Train): 679459.50 | Mean fitness (Train): 680797.88 | Mean fitness (Test): 670890.62
Generation 600 | Best fitness (Train): 634962.19 | Best fitness in generation (Train): 634962.19 | Mean fitness (Train): 636160.94 | Mean fitness (Test): 625985.44
Generation 700 | Best fitness (Train): 602870.38 | Best fitness in generation (Train): 602870.38 | Mean fitness (Train): 603866.19 | Mean fitness (Test): 593916.00
Generation 800 | Best fitness (Train): 580365.69 | Best fitness in generation (Train): 580365.69 | Mean fitness (Train): 581158.06 | Mean fitness (Test): 571168.38
Generation 900 | Best fitness (Train): 565333.38 | Best fitness in generation (Train): 565333.38 | Mean fitness (Train): 566001.69 | Mean fitness (Test): 556083.44
Generation 1000 | Best fitness (Train): 555603.62 | Best fitness in generation (Train): 555603.62 | Mean fitness (Train): 556455.06 | Mean fitness (Test): 546728.06
Generation 1100 | Best fitness (Train): 549520.62 | Best fitness in generation (Train): 549568.12 | Mean fitness (Train): 550183.50 | Mean fitness (Test): 540577.19
Generation 1200 | Best fitness (Train): 546039.62 | Best fitness in generation (Train): 546049.81 | Mean fitness (Train): 546640.38 | Mean fitness (Test): 537336.31
Generation 1300 | Best fitness (Train): 543640.31 | Best fitness in generation (Train): 543640.31 | Mean fitness (Train): 544204.31 | Mean fitness (Test): 535305.25
Generation 1400 | Best fitness (Train): 541977.44 | Best fitness in generation (Train): 542033.44 | Mean fitness (Train): 542523.31 | Mean fitness (Test): 534078.56
Generation 1500 | Best fitness (Train): 540556.38 | Best fitness in generation (Train): 540739.00 | Mean fitness (Train): 541110.19 | Mean fitness (Test): 533207.94
Generation 1600 | Best fitness (Train): 539519.56 | Best fitness in generation (Train): 539645.12 | Mean fitness (Train): 540086.31 | Mean fitness (Test): 532574.31
Generation 1700 | Best fitness (Train): 538578.62 | Best fitness in generation (Train): 538702.19 | Mean fitness (Train): 539126.44 | Mean fitness (Test): 532052.88
Generation 1800 | Best fitness (Train): 537864.25 | Best fitness in generation (Train): 538014.94 | Mean fitness (Train): 538387.25 | Mean fitness (Test): 531781.12
Generation 1900 | Best fitness (Train): 537290.06 | Best fitness in generation (Train): 537301.50 | Mean fitness (Train): 537712.50 | Mean fitness (Test): 531543.31
Generation 2000 | Best fitness (Train): 536633.50 | Best fitness in generation (Train): 536681.88 | Mean fitness (Train): 537023.88 | Mean fitness (Test): 531252.81
Generation 2100 | Best fitness (Train): 536132.31 | Best fitness in generation (Train): 536204.12 | Mean fitness (Train): 536521.00 | Mean fitness (Test): 531146.94
Generation 2200 | Best fitness (Train): 535639.44 | Best fitness in generation (Train): 535777.06 | Mean fitness (Train): 536038.00 | Mean fitness (Test): 530999.44
Generation 2300 | Best fitness (Train): 535155.44 | Best fitness in generation (Train): 535197.56 | Mean fitness (Train): 535496.50 | Mean fitness (Test): 530829.62
Generation 2400 | Best fitness (Train): 534743.12 | Best fitness in generation (Train): 534743.44 | Mean fitness (Train): 535009.56 | Mean fitness (Test): 530664.56
Generation 2500 | Best fitness (Train): 534277.62 | Best fitness in generation (Train): 534324.50 | Mean fitness (Train): 534560.50 | Mean fitness (Test): 530498.94
Generation 2600 | Best fitness (Train): 533851.75 | Best fitness in generation (Train): 533871.62 | Mean fitness (Train): 534118.50 | Mean fitness (Test): 530354.19
Generation 2700 | Best fitness (Train): 533408.62 | Best fitness in generation (Train): 533518.81 | Mean fitness (Train): 533736.31 | Mean fitness (Test): 530236.69
Generation 2800 | Best fitness (Train): 533165.06 | Best fitness in generation (Train): 533165.06 | Mean fitness (Train): 533402.00 | Mean fitness (Test): 530167.50
Generation 2900 | Best fitness (Train): 532850.81 | Best fitness in generation (Train): 532899.31 | Mean fitness (Train): 533080.19 | Mean fitness (Test): 530068.94
Generation 3000 | Best fitness (Train): 532563.25 | Best fitness in generation (Train): 532594.31 | Mean fitness (Train): 532750.31 | Mean fitness (Test): 529957.75
Generation 3100 | Best fitness (Train): 532274.25 | Best fitness in generation (Train): 532280.75 | Mean fitness (Train): 532473.88 | Mean fitness (Test): 529885.94
Generation 3200 | Best fitness (Train): 532031.62 | Best fitness in generation (Train): 532098.44 | Mean fitness (Train): 532210.12 | Mean fitness (Test): 529814.12
Generation 3300 | Best fitness (Train): 531809.19 | Best fitness in generation (Train): 531836.06 | Mean fitness (Train): 531990.69 | Mean fitness (Test): 529766.06
Generation 3400 | Best fitness (Train): 531606.56 | Best fitness in generation (Train): 531640.06 | Mean fitness (Train): 531768.50 | Mean fitness (Test): 529710.00
Generation 3500 | Best fitness (Train): 531444.88 | Best fitness in generation (Train): 531444.88 | Mean fitness (Train): 531573.75 | Mean fitness (Test): 529665.62
Generation 3600 | Best fitness (Train): 531217.00 | Best fitness in generation (Train): 531277.62 | Mean fitness (Train): 531371.38 | Mean fitness (Test): 529604.62
Generation 3700 | Best fitness (Train): 531095.19 | Best fitness in generation (Train): 531121.31 | Mean fitness (Train): 531215.94 | Mean fitness (Test): 529586.12
Generation 3800 | Best fitness (Train): 530923.44 | Best fitness in generation (Train): 530923.44 | Mean fitness (Train): 531050.31 | Mean fitness (Test): 529537.25
Generation 3900 | Best fitness (Train): 530804.38 | Best fitness in generation (Train): 530804.38 | Mean fitness (Train): 530906.31 | Mean fitness (Test): 529512.94
Generation 4000 | Best fitness (Train): 530667.19 | Best fitness in generation (Train): 530681.88 | Mean fitness (Train): 530764.38 | Mean fitness (Test): 529470.94
running the experiment ... [../../results/BBOBProblem/rastrigin/Open_ES_500_10000/3]
Generation 100 | Best fitness (Train): 1112086.00 | Best fitness in generation (Train): 1112086.00 | Mean fitness (Train): 1115075.62 | Mean fitness (Test): 1107600.12
Generation 200 | Best fitness (Train): 948686.94 | Best fitness in generation (Train): 948686.94 | Mean fitness (Train): 950500.38 | Mean fitness (Test): 942075.38
Generation 300 | Best fitness (Train): 829303.94 | Best fitness in generation (Train): 829303.94 | Mean fitness (Train): 830837.06 | Mean fitness (Test): 821484.00
Generation 400 | Best fitness (Train): 743352.69 | Best fitness in generation (Train): 743352.69 | Mean fitness (Train): 744997.94 | Mean fitness (Test): 735379.00
Generation 500 | Best fitness (Train): 681051.94 | Best fitness in generation (Train): 681051.94 | Mean fitness (Train): 682238.88 | Mean fitness (Test): 672575.69
Generation 600 | Best fitness (Train): 635825.75 | Best fitness in generation (Train): 635825.75 | Mean fitness (Train): 636833.94 | Mean fitness (Test): 626592.50
Generation 700 | Best fitness (Train): 602970.31 | Best fitness in generation (Train): 602970.31 | Mean fitness (Train): 604034.62 | Mean fitness (Test): 593794.12
Generation 800 | Best fitness (Train): 580132.81 | Best fitness in generation (Train): 580132.81 | Mean fitness (Train): 581084.56 | Mean fitness (Test): 571020.19
Generation 900 | Best fitness (Train): 565389.06 | Best fitness in generation (Train): 565389.06 | Mean fitness (Train): 566299.31 | Mean fitness (Test): 556472.88
Generation 1000 | Best fitness (Train): 555399.50 | Best fitness in generation (Train): 555399.50 | Mean fitness (Train): 556062.25 | Mean fitness (Test): 546466.56
Generation 1100 | Best fitness (Train): 549235.50 | Best fitness in generation (Train): 549235.50 | Mean fitness (Train): 549830.94 | Mean fitness (Test): 540267.06
Generation 1200 | Best fitness (Train): 545470.81 | Best fitness in generation (Train): 545521.50 | Mean fitness (Train): 546073.69 | Mean fitness (Test): 536819.62
Generation 1300 | Best fitness (Train): 542801.00 | Best fitness in generation (Train): 542801.00 | Mean fitness (Train): 543523.00 | Mean fitness (Test): 534681.94
Generation 1400 | Best fitness (Train): 541396.12 | Best fitness in generation (Train): 541464.94 | Mean fitness (Train): 541935.94 | Mean fitness (Test): 533553.00
Generation 1500 | Best fitness (Train): 540049.75 | Best fitness in generation (Train): 540135.81 | Mean fitness (Train): 540628.00 | Mean fitness (Test): 532685.94
Generation 1600 | Best fitness (Train): 539242.56 | Best fitness in generation (Train): 539416.81 | Mean fitness (Train): 539845.31 | Mean fitness (Test): 532364.12
Generation 1700 | Best fitness (Train): 538452.19 | Best fitness in generation (Train): 538497.12 | Mean fitness (Train): 538975.12 | Mean fitness (Test): 531949.94
Generation 1800 | Best fitness (Train): 537814.00 | Best fitness in generation (Train): 537814.12 | Mean fitness (Train): 538251.50 | Mean fitness (Test): 531685.19
Generation 1900 | Best fitness (Train): 537067.44 | Best fitness in generation (Train): 537255.75 | Mean fitness (Train): 537600.12 | Mean fitness (Test): 531442.88
Generation 2000 | Best fitness (Train): 536555.94 | Best fitness in generation (Train): 536631.56 | Mean fitness (Train): 536962.06 | Mean fitness (Test): 531225.81
Generation 2100 | Best fitness (Train): 536104.75 | Best fitness in generation (Train): 536113.12 | Mean fitness (Train): 536432.75 | Mean fitness (Test): 531080.62
Generation 2200 | Best fitness (Train): 535641.44 | Best fitness in generation (Train): 535654.19 | Mean fitness (Train): 535946.06 | Mean fitness (Test): 530963.25
Generation 2300 | Best fitness (Train): 535137.31 | Best fitness in generation (Train): 535219.81 | Mean fitness (Train): 535462.56 | Mean fitness (Test): 530825.25
Generation 2400 | Best fitness (Train): 534651.75 | Best fitness in generation (Train): 534651.75 | Mean fitness (Train): 534975.00 | Mean fitness (Test): 530653.94
Generation 2500 | Best fitness (Train): 534198.19 | Best fitness in generation (Train): 534231.12 | Mean fitness (Train): 534507.31 | Mean fitness (Test): 530474.50
Generation 2600 | Best fitness (Train): 533834.56 | Best fitness in generation (Train): 533860.94 | Mean fitness (Train): 534118.81 | Mean fitness (Test): 530375.75
Generation 2700 | Best fitness (Train): 533482.81 | Best fitness in generation (Train): 533491.44 | Mean fitness (Train): 533722.44 | Mean fitness (Test): 530254.62
Generation 2800 | Best fitness (Train): 533165.50 | Best fitness in generation (Train): 533179.69 | Mean fitness (Train): 533374.94 | Mean fitness (Test): 530148.00
Generation 2900 | Best fitness (Train): 532821.62 | Best fitness in generation (Train): 532847.06 | Mean fitness (Train): 533066.06 | Mean fitness (Test): 530073.06
Generation 3000 | Best fitness (Train): 532510.88 | Best fitness in generation (Train): 532510.88 | Mean fitness (Train): 532721.94 | Mean fitness (Test): 529955.38
Generation 3100 | Best fitness (Train): 532314.19 | Best fitness in generation (Train): 532314.62 | Mean fitness (Train): 532471.75 | Mean fitness (Test): 529904.12
Generation 3200 | Best fitness (Train): 532047.38 | Best fitness in generation (Train): 532098.06 | Mean fitness (Train): 532226.88 | Mean fitness (Test): 529844.81
Generation 3300 | Best fitness (Train): 531832.94 | Best fitness in generation (Train): 531857.81 | Mean fitness (Train): 531997.31 | Mean fitness (Test): 529794.25
Generation 3400 | Best fitness (Train): 531599.44 | Best fitness in generation (Train): 531599.44 | Mean fitness (Train): 531755.56 | Mean fitness (Test): 529707.44
Generation 3500 | Best fitness (Train): 531433.31 | Best fitness in generation (Train): 531446.06 | Mean fitness (Train): 531577.31 | Mean fitness (Test): 529683.81
Generation 3600 | Best fitness (Train): 531258.12 | Best fitness in generation (Train): 531281.31 | Mean fitness (Train): 531391.62 | Mean fitness (Test): 529642.62
Generation 3700 | Best fitness (Train): 531073.50 | Best fitness in generation (Train): 531073.50 | Mean fitness (Train): 531228.56 | Mean fitness (Test): 529607.50
Generation 3800 | Best fitness (Train): 530955.69 | Best fitness in generation (Train): 530980.12 | Mean fitness (Train): 531073.06 | Mean fitness (Test): 529576.12
Generation 3900 | Best fitness (Train): 530806.38 | Best fitness in generation (Train): 530833.50 | Mean fitness (Train): 530927.31 | Mean fitness (Test): 529539.50
Generation 4000 | Best fitness (Train): 530700.94 | Best fitness in generation (Train): 530725.88 | Mean fitness (Train): 530796.25 | Mean fitness (Test): 529515.25
running the experiment ... [../../results/BBOBProblem/rastrigin/Open_ES_500_10000/4]
Generation 100 | Best fitness (Train): 1079555.25 | Best fitness in generation (Train): 1079555.25 | Mean fitness (Train): 1082338.00 | Mean fitness (Test): 1075192.00
Generation 200 | Best fitness (Train): 920984.81 | Best fitness in generation (Train): 920984.81 | Mean fitness (Train): 923080.50 | Mean fitness (Test): 914394.62
Generation 300 | Best fitness (Train): 803888.56 | Best fitness in generation (Train): 803888.56 | Mean fitness (Train): 805777.69 | Mean fitness (Test): 796133.94
Generation 400 | Best fitness (Train): 720103.69 | Best fitness in generation (Train): 720103.69 | Mean fitness (Train): 721903.12 | Mean fitness (Test): 712005.44
Generation 500 | Best fitness (Train): 660945.81 | Best fitness in generation (Train): 660945.81 | Mean fitness (Train): 662254.94 | Mean fitness (Test): 652404.12
Generation 600 | Best fitness (Train): 616763.06 | Best fitness in generation (Train): 616763.06 | Mean fitness (Train): 617943.44 | Mean fitness (Test): 607450.44
Generation 700 | Best fitness (Train): 586385.12 | Best fitness in generation (Train): 586385.12 | Mean fitness (Train): 587272.12 | Mean fitness (Test): 577100.31
Generation 800 | Best fitness (Train): 565116.00 | Best fitness in generation (Train): 565116.00 | Mean fitness (Train): 566012.69 | Mean fitness (Test): 555829.31
Generation 900 | Best fitness (Train): 550542.75 | Best fitness in generation (Train): 550542.75 | Mean fitness (Train): 551365.25 | Mean fitness (Test): 541280.69
Generation 1000 | Best fitness (Train): 540896.38 | Best fitness in generation (Train): 540896.38 | Mean fitness (Train): 541703.69 | Mean fitness (Test): 531875.69
Generation 1100 | Best fitness (Train): 534835.25 | Best fitness in generation (Train): 535073.44 | Mean fitness (Train): 535635.56 | Mean fitness (Test): 525932.94
Generation 1200 | Best fitness (Train): 531206.81 | Best fitness in generation (Train): 531206.81 | Mean fitness (Train): 531846.75 | Mean fitness (Test): 522352.53
Generation 1300 | Best fitness (Train): 528974.75 | Best fitness in generation (Train): 529076.38 | Mean fitness (Train): 529685.25 | Mean fitness (Test): 520764.03
Generation 1400 | Best fitness (Train): 527496.75 | Best fitness in generation (Train): 527496.75 | Mean fitness (Train): 528047.81 | Mean fitness (Test): 519593.16
Generation 1500 | Best fitness (Train): 526245.56 | Best fitness in generation (Train): 526247.38 | Mean fitness (Train): 526792.25 | Mean fitness (Test): 518721.97
Generation 1600 | Best fitness (Train): 525332.44 | Best fitness in generation (Train): 525459.50 | Mean fitness (Train): 525846.94 | Mean fitness (Test): 518266.72
Generation 1700 | Best fitness (Train): 524503.06 | Best fitness in generation (Train): 524630.56 | Mean fitness (Train): 524991.06 | Mean fitness (Test): 517880.88
Generation 1800 | Best fitness (Train): 523873.16 | Best fitness in generation (Train): 523890.84 | Mean fitness (Train): 524338.19 | Mean fitness (Test): 517683.31
Generation 1900 | Best fitness (Train): 523141.69 | Best fitness in generation (Train): 523249.56 | Mean fitness (Train): 523609.03 | Mean fitness (Test): 517372.69
Generation 2000 | Best fitness (Train): 522651.53 | Best fitness in generation (Train): 522766.91 | Mean fitness (Train): 523033.00 | Mean fitness (Test): 517231.50
Generation 2100 | Best fitness (Train): 522058.84 | Best fitness in generation (Train): 522127.00 | Mean fitness (Train): 522482.72 | Mean fitness (Test): 517053.81
Generation 2200 | Best fitness (Train): 521548.97 | Best fitness in generation (Train): 521623.47 | Mean fitness (Train): 521953.62 | Mean fitness (Test): 516891.84
Generation 2300 | Best fitness (Train): 521045.25 | Best fitness in generation (Train): 521114.50 | Mean fitness (Train): 521395.78 | Mean fitness (Test): 516680.31
Generation 2400 | Best fitness (Train): 520621.72 | Best fitness in generation (Train): 520646.97 | Mean fitness (Train): 520942.94 | Mean fitness (Test): 516556.38
Generation 2500 | Best fitness (Train): 520215.53 | Best fitness in generation (Train): 520252.81 | Mean fitness (Train): 520499.09 | Mean fitness (Test): 516418.22
Generation 2600 | Best fitness (Train): 519795.97 | Best fitness in generation (Train): 519808.53 | Mean fitness (Train): 520071.09 | Mean fitness (Test): 516273.34
Generation 2700 | Best fitness (Train): 519467.84 | Best fitness in generation (Train): 519532.25 | Mean fitness (Train): 519727.91 | Mean fitness (Test): 516211.22
Generation 2800 | Best fitness (Train): 519157.03 | Best fitness in generation (Train): 519157.78 | Mean fitness (Train): 519381.09 | Mean fitness (Test): 516118.09
Generation 2900 | Best fitness (Train): 518832.78 | Best fitness in generation (Train): 518832.78 | Mean fitness (Train): 519044.25 | Mean fitness (Test): 516016.28
Generation 3000 | Best fitness (Train): 518553.22 | Best fitness in generation (Train): 518604.62 | Mean fitness (Train): 518763.84 | Mean fitness (Test): 515963.09
Generation 3100 | Best fitness (Train): 518256.62 | Best fitness in generation (Train): 518256.62 | Mean fitness (Train): 518460.38 | Mean fitness (Test): 515855.88
Generation 3200 | Best fitness (Train): 518014.31 | Best fitness in generation (Train): 518014.31 | Mean fitness (Train): 518201.66 | Mean fitness (Test): 515790.94
Generation 3300 | Best fitness (Train): 517798.28 | Best fitness in generation (Train): 517827.25 | Mean fitness (Train): 517975.19 | Mean fitness (Test): 515735.94
Generation 3400 | Best fitness (Train): 517566.84 | Best fitness in generation (Train): 517566.84 | Mean fitness (Train): 517735.91 | Mean fitness (Test): 515669.91
Generation 3500 | Best fitness (Train): 517394.97 | Best fitness in generation (Train): 517421.84 | Mean fitness (Train): 517537.03 | Mean fitness (Test): 515617.19
Generation 3600 | Best fitness (Train): 517214.16 | Best fitness in generation (Train): 517214.16 | Mean fitness (Train): 517339.38 | Mean fitness (Test): 515562.00
Generation 3700 | Best fitness (Train): 517024.41 | Best fitness in generation (Train): 517074.09 | Mean fitness (Train): 517181.75 | Mean fitness (Test): 515537.28
Generation 3800 | Best fitness (Train): 516898.88 | Best fitness in generation (Train): 516941.59 | Mean fitness (Train): 517027.53 | Mean fitness (Test): 515504.19
Generation 3900 | Best fitness (Train): 516760.84 | Best fitness in generation (Train): 516772.03 | Mean fitness (Train): 516869.53 | Mean fitness (Test): 515460.81
Generation 4000 | Best fitness (Train): 516609.38 | Best fitness in generation (Train): 516640.47 | Mean fitness (Train): 516732.50 | Mean fitness (Test): 515434.34
Running ES algorithms:  14%|███████████████████                                                                                                                  | 1/7 [01:39<09:55, 99.24s/it][A
running the experiment ... [../../results/BBOBProblem/rastrigin/SNES_500_10000/0]
Generation 100 | Best fitness (Train): 1033733.06 | Best fitness in generation (Train): 1033733.06 | Mean fitness (Train): 1038517.06 | Mean fitness (Test): 1027923.19
Generation 200 | Best fitness (Train): 866217.50 | Best fitness in generation (Train): 866217.50 | Mean fitness (Train): 869754.00 | Mean fitness (Test): 854762.62
Generation 300 | Best fitness (Train): 752621.56 | Best fitness in generation (Train): 752621.56 | Mean fitness (Train): 755294.12 | Mean fitness (Test): 738054.31
Generation 400 | Best fitness (Train): 668813.50 | Best fitness in generation (Train): 668813.50 | Mean fitness (Train): 671244.56 | Mean fitness (Test): 651099.44
Generation 500 | Best fitness (Train): 605547.69 | Best fitness in generation (Train): 605547.69 | Mean fitness (Train): 608449.81 | Mean fitness (Test): 586334.81
Generation 600 | Best fitness (Train): 559186.19 | Best fitness in generation (Train): 559186.19 | Mean fitness (Train): 561562.25 | Mean fitness (Test): 538752.94
Generation 700 | Best fitness (Train): 522490.69 | Best fitness in generation (Train): 522490.69 | Mean fitness (Train): 524728.69 | Mean fitness (Test): 500324.16
Generation 800 | Best fitness (Train): 493065.47 | Best fitness in generation (Train): 493065.47 | Mean fitness (Train): 495113.44 | Mean fitness (Test): 470065.59
Generation 900 | Best fitness (Train): 467489.16 | Best fitness in generation (Train): 467489.16 | Mean fitness (Train): 469432.19 | Mean fitness (Test): 444393.59
Generation 1000 | Best fitness (Train): 445682.34 | Best fitness in generation (Train): 445682.34 | Mean fitness (Train): 447526.34 | Mean fitness (Test): 422200.66
Generation 1100 | Best fitness (Train): 427466.59 | Best fitness in generation (Train): 427466.59 | Mean fitness (Train): 429143.50 | Mean fitness (Test): 403560.16
Generation 1200 | Best fitness (Train): 411848.16 | Best fitness in generation (Train): 411848.16 | Mean fitness (Train): 413510.38 | Mean fitness (Test): 387114.72
Generation 1300 | Best fitness (Train): 399138.94 | Best fitness in generation (Train): 399422.59 | Mean fitness (Train): 400830.25 | Mean fitness (Test): 374446.59
Generation 1400 | Best fitness (Train): 387720.34 | Best fitness in generation (Train): 388203.47 | Mean fitness (Train): 389574.03 | Mean fitness (Test): 362470.34
Generation 1500 | Best fitness (Train): 378517.62 | Best fitness in generation (Train): 378760.62 | Mean fitness (Train): 380119.00 | Mean fitness (Test): 352985.38
Generation 1600 | Best fitness (Train): 370256.91 | Best fitness in generation (Train): 370256.91 | Mean fitness (Train): 371949.66 | Mean fitness (Test): 345154.75
Generation 1700 | Best fitness (Train): 363496.31 | Best fitness in generation (Train): 363532.34 | Mean fitness (Train): 364895.44 | Mean fitness (Test): 338180.16
Generation 1800 | Best fitness (Train): 356940.81 | Best fitness in generation (Train): 357009.00 | Mean fitness (Train): 358318.56 | Mean fitness (Test): 331449.03
Generation 1900 | Best fitness (Train): 350878.88 | Best fitness in generation (Train): 351207.12 | Mean fitness (Train): 352498.19 | Mean fitness (Test): 325321.78
Generation 2000 | Best fitness (Train): 345632.47 | Best fitness in generation (Train): 345874.50 | Mean fitness (Train): 347337.16 | Mean fitness (Test): 320497.34
Generation 2100 | Best fitness (Train): 340823.81 | Best fitness in generation (Train): 341332.53 | Mean fitness (Train): 342585.47 | Mean fitness (Test): 315785.12
Generation 2200 | Best fitness (Train): 336893.31 | Best fitness in generation (Train): 337371.00 | Mean fitness (Train): 338606.97 | Mean fitness (Test): 311960.62
Generation 2300 | Best fitness (Train): 333057.94 | Best fitness in generation (Train): 333259.03 | Mean fitness (Train): 334609.16 | Mean fitness (Test): 307810.84
Generation 2400 | Best fitness (Train): 329841.19 | Best fitness in generation (Train): 329887.03 | Mean fitness (Train): 331259.28 | Mean fitness (Test): 304647.97
Generation 2500 | Best fitness (Train): 326876.03 | Best fitness in generation (Train): 326876.03 | Mean fitness (Train): 328462.00 | Mean fitness (Test): 302592.19
Generation 2600 | Best fitness (Train): 324130.91 | Best fitness in generation (Train): 324272.19 | Mean fitness (Train): 325609.88 | Mean fitness (Test): 299837.06
Generation 2700 | Best fitness (Train): 321637.28 | Best fitness in generation (Train): 321978.56 | Mean fitness (Train): 323238.19 | Mean fitness (Test): 297731.12
Generation 2800 | Best fitness (Train): 319762.78 | Best fitness in generation (Train): 320024.97 | Mean fitness (Train): 321187.47 | Mean fitness (Test): 296220.41
Generation 2900 | Best fitness (Train): 317669.78 | Best fitness in generation (Train): 318032.16 | Mean fitness (Train): 318978.03 | Mean fitness (Test): 294245.28
Generation 3000 | Best fitness (Train): 315597.88 | Best fitness in generation (Train): 315983.78 | Mean fitness (Train): 317049.56 | Mean fitness (Test): 292853.31
Generation 3100 | Best fitness (Train): 313990.91 | Best fitness in generation (Train): 313990.91 | Mean fitness (Train): 315271.12 | Mean fitness (Test): 291215.44
Generation 3200 | Best fitness (Train): 312417.38 | Best fitness in generation (Train): 312526.75 | Mean fitness (Train): 313647.38 | Mean fitness (Test): 290251.53
Generation 3300 | Best fitness (Train): 310890.25 | Best fitness in generation (Train): 311261.97 | Mean fitness (Train): 312275.97 | Mean fitness (Test): 289215.09
Generation 3400 | Best fitness (Train): 309413.12 | Best fitness in generation (Train): 309413.12 | Mean fitness (Train): 310660.19 | Mean fitness (Test): 287973.81
Generation 3500 | Best fitness (Train): 307958.91 | Best fitness in generation (Train): 308263.78 | Mean fitness (Train): 309208.94 | Mean fitness (Test): 287084.00
Generation 3600 | Best fitness (Train): 306763.59 | Best fitness in generation (Train): 306922.25 | Mean fitness (Train): 308033.19 | Mean fitness (Test): 286390.66
Generation 3700 | Best fitness (Train): 305244.06 | Best fitness in generation (Train): 305655.81 | Mean fitness (Train): 306576.16 | Mean fitness (Test): 285243.22
Generation 3800 | Best fitness (Train): 304374.69 | Best fitness in generation (Train): 304645.06 | Mean fitness (Train): 305574.28 | Mean fitness (Test): 284782.53
Generation 3900 | Best fitness (Train): 303355.59 | Best fitness in generation (Train): 303355.59 | Mean fitness (Train): 304515.59 | Mean fitness (Test): 284332.59
Generation 4000 | Best fitness (Train): 302375.34 | Best fitness in generation (Train): 302556.69 | Mean fitness (Train): 303476.19 | Mean fitness (Test): 283827.97
running the experiment ... [../../results/BBOBProblem/rastrigin/SNES_500_10000/1]
Generation 100 | Best fitness (Train): 1044205.25 | Best fitness in generation (Train): 1044205.25 | Mean fitness (Train): 1049236.38 | Mean fitness (Test): 1038276.75
Generation 200 | Best fitness (Train): 875173.81 | Best fitness in generation (Train): 875173.81 | Mean fitness (Train): 878222.12 | Mean fitness (Test): 862799.06
Generation 300 | Best fitness (Train): 759301.81 | Best fitness in generation (Train): 759301.81 | Mean fitness (Train): 762162.19 | Mean fitness (Test): 743613.19
Generation 400 | Best fitness (Train): 672238.69 | Best fitness in generation (Train): 672238.69 | Mean fitness (Train): 674876.62 | Mean fitness (Test): 654761.19
Generation 500 | Best fitness (Train): 607469.19 | Best fitness in generation (Train): 607469.19 | Mean fitness (Train): 609934.44 | Mean fitness (Test): 587724.88
Generation 600 | Best fitness (Train): 560653.00 | Best fitness in generation (Train): 560653.00 | Mean fitness (Train): 562707.88 | Mean fitness (Test): 539516.94
Generation 700 | Best fitness (Train): 524040.94 | Best fitness in generation (Train): 524040.94 | Mean fitness (Train): 526029.31 | Mean fitness (Test): 502083.78
Generation 800 | Best fitness (Train): 493851.25 | Best fitness in generation (Train): 493851.25 | Mean fitness (Train): 496057.62 | Mean fitness (Test): 471295.25
Generation 900 | Best fitness (Train): 469293.88 | Best fitness in generation (Train): 469293.88 | Mean fitness (Train): 471609.00 | Mean fitness (Test): 446407.84
Generation 1000 | Best fitness (Train): 448183.03 | Best fitness in generation (Train): 448479.12 | Mean fitness (Train): 450140.31 | Mean fitness (Test): 424631.59
Generation 1100 | Best fitness (Train): 430376.66 | Best fitness in generation (Train): 430457.25 | Mean fitness (Train): 432037.22 | Mean fitness (Test): 406198.31
Generation 1200 | Best fitness (Train): 415210.28 | Best fitness in generation (Train): 415251.38 | Mean fitness (Train): 416907.03 | Mean fitness (Test): 390352.69
Generation 1300 | Best fitness (Train): 402326.41 | Best fitness in generation (Train): 402326.41 | Mean fitness (Train): 403988.47 | Mean fitness (Test): 377504.50
Generation 1400 | Best fitness (Train): 391310.22 | Best fitness in generation (Train): 391310.22 | Mean fitness (Train): 392983.69 | Mean fitness (Test): 366031.00
Generation 1500 | Best fitness (Train): 381483.75 | Best fitness in generation (Train): 381651.12 | Mean fitness (Train): 383414.22 | Mean fitness (Test): 356214.41
Generation 1600 | Best fitness (Train): 373222.47 | Best fitness in generation (Train): 373222.47 | Mean fitness (Train): 374945.12 | Mean fitness (Test): 347754.41
Generation 1700 | Best fitness (Train): 366365.59 | Best fitness in generation (Train): 366365.59 | Mean fitness (Train): 367910.94 | Mean fitness (Test): 340573.59
Generation 1800 | Best fitness (Train): 359590.66 | Best fitness in generation (Train): 359590.66 | Mean fitness (Train): 361314.38 | Mean fitness (Test): 334417.88
Generation 1900 | Best fitness (Train): 354217.88 | Best fitness in generation (Train): 354271.75 | Mean fitness (Train): 355734.19 | Mean fitness (Test): 328714.59
Generation 2000 | Best fitness (Train): 349023.06 | Best fitness in generation (Train): 349295.72 | Mean fitness (Train): 350623.38 | Mean fitness (Test): 323746.75
Generation 2100 | Best fitness (Train): 344371.62 | Best fitness in generation (Train): 344449.62 | Mean fitness (Train): 345939.16 | Mean fitness (Test): 319047.50
Generation 2200 | Best fitness (Train): 340060.66 | Best fitness in generation (Train): 340060.66 | Mean fitness (Train): 341666.34 | Mean fitness (Test): 314534.75
Generation 2300 | Best fitness (Train): 336236.19 | Best fitness in generation (Train): 336236.19 | Mean fitness (Train): 338076.53 | Mean fitness (Test): 311546.38
Generation 2400 | Best fitness (Train): 333147.34 | Best fitness in generation (Train): 333392.81 | Mean fitness (Train): 334617.16 | Mean fitness (Test): 307936.19
Generation 2500 | Best fitness (Train): 330277.19 | Best fitness in generation (Train): 330277.19 | Mean fitness (Train): 331548.69 | Mean fitness (Test): 305367.91
Generation 2600 | Best fitness (Train): 327419.78 | Best fitness in generation (Train): 327615.31 | Mean fitness (Train): 328712.81 | Mean fitness (Test): 302969.44
Generation 2700 | Best fitness (Train): 325009.75 | Best fitness in generation (Train): 325009.75 | Mean fitness (Train): 326407.84 | Mean fitness (Test): 301172.34
Generation 2800 | Best fitness (Train): 322362.28 | Best fitness in generation (Train): 322625.84 | Mean fitness (Train): 323803.59 | Mean fitness (Test): 298585.72
Generation 2900 | Best fitness (Train): 319929.81 | Best fitness in generation (Train): 320184.22 | Mean fitness (Train): 321424.62 | Mean fitness (Test): 296564.66
Generation 3000 | Best fitness (Train): 318235.22 | Best fitness in generation (Train): 318390.97 | Mean fitness (Train): 319548.50 | Mean fitness (Test): 295080.19
Generation 3100 | Best fitness (Train): 316721.81 | Best fitness in generation (Train): 316899.69 | Mean fitness (Train): 317986.44 | Mean fitness (Test): 293812.88
Generation 3200 | Best fitness (Train): 314877.34 | Best fitness in generation (Train): 314877.34 | Mean fitness (Train): 316257.28 | Mean fitness (Test): 292627.59
Generation 3300 | Best fitness (Train): 313476.84 | Best fitness in generation (Train): 313695.09 | Mean fitness (Train): 314855.31 | Mean fitness (Test): 291842.69
Generation 3400 | Best fitness (Train): 312277.38 | Best fitness in generation (Train): 312492.62 | Mean fitness (Train): 313498.06 | Mean fitness (Test): 290696.66
Generation 3500 | Best fitness (Train): 310837.69 | Best fitness in generation (Train): 310983.38 | Mean fitness (Train): 311990.97 | Mean fitness (Test): 289642.75
Generation 3600 | Best fitness (Train): 309480.28 | Best fitness in generation (Train): 309763.81 | Mean fitness (Train): 310744.41 | Mean fitness (Test): 288882.84
Generation 3700 | Best fitness (Train): 308038.97 | Best fitness in generation (Train): 308242.41 | Mean fitness (Train): 309436.25 | Mean fitness (Test): 288004.25
Generation 3800 | Best fitness (Train): 307224.91 | Best fitness in generation (Train): 307334.09 | Mean fitness (Train): 308324.41 | Mean fitness (Test): 287380.88
Generation 3900 | Best fitness (Train): 306397.19 | Best fitness in generation (Train): 306402.44 | Mean fitness (Train): 307430.38 | Mean fitness (Test): 287084.66
Generation 4000 | Best fitness (Train): 305198.06 | Best fitness in generation (Train): 305202.31 | Mean fitness (Train): 306301.94 | Mean fitness (Test): 286360.34
running the experiment ... [../../results/BBOBProblem/rastrigin/SNES_500_10000/2]
Generation 100 | Best fitness (Train): 1065837.25 | Best fitness in generation (Train): 1065837.25 | Mean fitness (Train): 1070421.38 | Mean fitness (Test): 1059904.50
Generation 200 | Best fitness (Train): 891148.88 | Best fitness in generation (Train): 891148.88 | Mean fitness (Train): 894693.88 | Mean fitness (Test): 880744.56
Generation 300 | Best fitness (Train): 775447.06 | Best fitness in generation (Train): 775447.06 | Mean fitness (Train): 778053.00 | Mean fitness (Test): 760232.06
Generation 400 | Best fitness (Train): 688750.50 | Best fitness in generation (Train): 688750.50 | Mean fitness (Train): 691220.62 | Mean fitness (Test): 671050.50
Generation 500 | Best fitness (Train): 622864.75 | Best fitness in generation (Train): 623168.06 | Mean fitness (Train): 625312.62 | Mean fitness (Test): 604060.44
Generation 600 | Best fitness (Train): 573249.44 | Best fitness in generation (Train): 573249.44 | Mean fitness (Train): 575128.94 | Mean fitness (Test): 552802.75
Generation 700 | Best fitness (Train): 534369.69 | Best fitness in generation (Train): 534369.69 | Mean fitness (Train): 536325.38 | Mean fitness (Test): 513098.59
Generation 800 | Best fitness (Train): 503043.28 | Best fitness in generation (Train): 503043.28 | Mean fitness (Train): 505144.16 | Mean fitness (Test): 481260.75
Generation 900 | Best fitness (Train): 477407.72 | Best fitness in generation (Train): 477407.72 | Mean fitness (Train): 479072.16 | Mean fitness (Test): 454333.94
Generation 1000 | Best fitness (Train): 454391.06 | Best fitness in generation (Train): 454391.06 | Mean fitness (Train): 456283.19 | Mean fitness (Test): 431605.09
Generation 1100 | Best fitness (Train): 435145.28 | Best fitness in generation (Train): 435145.28 | Mean fitness (Train): 436923.03 | Mean fitness (Test): 411349.97
Generation 1200 | Best fitness (Train): 419139.59 | Best fitness in generation (Train): 419139.59 | Mean fitness (Train): 420906.84 | Mean fitness (Test): 394506.75
Generation 1300 | Best fitness (Train): 406136.44 | Best fitness in generation (Train): 406136.44 | Mean fitness (Train): 407998.81 | Mean fitness (Test): 381803.81
Generation 1400 | Best fitness (Train): 394755.53 | Best fitness in generation (Train): 394822.03 | Mean fitness (Train): 396517.19 | Mean fitness (Test): 369307.34
Generation 1500 | Best fitness (Train): 385073.59 | Best fitness in generation (Train): 385073.59 | Mean fitness (Train): 386960.12 | Mean fitness (Test): 360335.31
Generation 1600 | Best fitness (Train): 376828.12 | Best fitness in generation (Train): 376904.62 | Mean fitness (Train): 378399.69 | Mean fitness (Test): 351688.41
Generation 1700 | Best fitness (Train): 369068.00 | Best fitness in generation (Train): 369229.97 | Mean fitness (Train): 370704.94 | Mean fitness (Test): 343874.88
Generation 1800 | Best fitness (Train): 362940.03 | Best fitness in generation (Train): 363151.62 | Mean fitness (Train): 364469.41 | Mean fitness (Test): 337212.53
Generation 1900 | Best fitness (Train): 356810.78 | Best fitness in generation (Train): 356897.84 | Mean fitness (Train): 358403.66 | Mean fitness (Test): 331525.59
Generation 2000 | Best fitness (Train): 351340.44 | Best fitness in generation (Train): 351650.81 | Mean fitness (Train): 353031.69 | Mean fitness (Test): 325856.81
Generation 2100 | Best fitness (Train): 346835.44 | Best fitness in generation (Train): 346996.31 | Mean fitness (Train): 348285.84 | Mean fitness (Test): 321215.66
Generation 2200 | Best fitness (Train): 342810.16 | Best fitness in generation (Train): 343160.47 | Mean fitness (Train): 344462.47 | Mean fitness (Test): 317825.91
Generation 2300 | Best fitness (Train): 338901.28 | Best fitness in generation (Train): 339242.81 | Mean fitness (Train): 340367.31 | Mean fitness (Test): 313871.50
Generation 2400 | Best fitness (Train): 335123.59 | Best fitness in generation (Train): 335684.66 | Mean fitness (Train): 337053.00 | Mean fitness (Test): 310893.19
Generation 2500 | Best fitness (Train): 332442.03 | Best fitness in generation (Train): 332709.59 | Mean fitness (Train): 334028.62 | Mean fitness (Test): 308405.16
Generation 2600 | Best fitness (Train): 329435.22 | Best fitness in generation (Train): 329803.28 | Mean fitness (Train): 330916.12 | Mean fitness (Test): 305361.66
Generation 2700 | Best fitness (Train): 326681.34 | Best fitness in generation (Train): 326681.34 | Mean fitness (Train): 328145.94 | Mean fitness (Test): 302819.00
Generation 2800 | Best fitness (Train): 324335.38 | Best fitness in generation (Train): 324643.72 | Mean fitness (Train): 325867.47 | Mean fitness (Test): 300760.16
Generation 2900 | Best fitness (Train): 322351.38 | Best fitness in generation (Train): 322436.06 | Mean fitness (Train): 323667.62 | Mean fitness (Test): 298784.59
Generation 3000 | Best fitness (Train): 320492.97 | Best fitness in generation (Train): 320727.91 | Mean fitness (Train): 321709.25 | Mean fitness (Test): 297251.53
Generation 3100 | Best fitness (Train): 318523.06 | Best fitness in generation (Train): 318527.00 | Mean fitness (Train): 319741.25 | Mean fitness (Test): 295479.81
Generation 3200 | Best fitness (Train): 316779.25 | Best fitness in generation (Train): 316995.12 | Mean fitness (Train): 318069.06 | Mean fitness (Test): 294406.22
Generation 3300 | Best fitness (Train): 315248.16 | Best fitness in generation (Train): 315489.22 | Mean fitness (Train): 316579.91 | Mean fitness (Test): 293470.38
Generation 3400 | Best fitness (Train): 314024.12 | Best fitness in generation (Train): 314031.25 | Mean fitness (Train): 315095.25 | Mean fitness (Test): 292364.44
Generation 3500 | Best fitness (Train): 312348.66 | Best fitness in generation (Train): 312348.66 | Mean fitness (Train): 313670.91 | Mean fitness (Test): 291403.47
Generation 3600 | Best fitness (Train): 311143.53 | Best fitness in generation (Train): 311242.06 | Mean fitness (Train): 312306.56 | Mean fitness (Test): 290557.75
Generation 3700 | Best fitness (Train): 309608.88 | Best fitness in generation (Train): 310106.97 | Mean fitness (Train): 311071.38 | Mean fitness (Test): 289808.59
Generation 3800 | Best fitness (Train): 308575.59 | Best fitness in generation (Train): 308778.03 | Mean fitness (Train): 309787.56 | Mean fitness (Test): 288896.50
Generation 3900 | Best fitness (Train): 307235.97 | Best fitness in generation (Train): 307490.06 | Mean fitness (Train): 308585.62 | Mean fitness (Test): 288283.38
Generation 4000 | Best fitness (Train): 306430.00 | Best fitness in generation (Train): 306680.47 | Mean fitness (Train): 307580.69 | Mean fitness (Test): 287747.03
running the experiment ... [../../results/BBOBProblem/rastrigin/SNES_500_10000/3]
Generation 100 | Best fitness (Train): 1074764.12 | Best fitness in generation (Train): 1074764.12 | Mean fitness (Train): 1080136.00 | Mean fitness (Test): 1070156.12
Generation 200 | Best fitness (Train): 899658.25 | Best fitness in generation (Train): 899658.25 | Mean fitness (Train): 903184.81 | Mean fitness (Test): 889193.44
Generation 300 | Best fitness (Train): 779158.81 | Best fitness in generation (Train): 779158.81 | Mean fitness (Train): 782415.88 | Mean fitness (Test): 765154.50
Generation 400 | Best fitness (Train): 690084.81 | Best fitness in generation (Train): 690084.81 | Mean fitness (Train): 692850.88 | Mean fitness (Test): 673141.56
Generation 500 | Best fitness (Train): 623774.38 | Best fitness in generation (Train): 623774.38 | Mean fitness (Train): 626075.69 | Mean fitness (Test): 604555.00
Generation 600 | Best fitness (Train): 573619.44 | Best fitness in generation (Train): 573770.12 | Mean fitness (Train): 575641.62 | Mean fitness (Test): 552207.00
Generation 700 | Best fitness (Train): 535534.88 | Best fitness in generation (Train): 535696.19 | Mean fitness (Train): 537385.25 | Mean fitness (Test): 513560.59
Generation 800 | Best fitness (Train): 504647.78 | Best fitness in generation (Train): 504647.78 | Mean fitness (Train): 506544.53 | Mean fitness (Test): 482717.84
Generation 900 | Best fitness (Train): 477839.28 | Best fitness in generation (Train): 478135.62 | Mean fitness (Train): 480053.84 | Mean fitness (Test): 455618.22
Generation 1000 | Best fitness (Train): 455295.91 | Best fitness in generation (Train): 455776.66 | Mean fitness (Train): 457213.41 | Mean fitness (Test): 431717.38
Generation 1100 | Best fitness (Train): 436023.19 | Best fitness in generation (Train): 436023.19 | Mean fitness (Train): 437946.66 | Mean fitness (Test): 412493.62
Generation 1200 | Best fitness (Train): 419631.50 | Best fitness in generation (Train): 420132.41 | Mean fitness (Train): 421538.25 | Mean fitness (Test): 395512.50
Generation 1300 | Best fitness (Train): 406248.34 | Best fitness in generation (Train): 406248.34 | Mean fitness (Train): 407784.66 | Mean fitness (Test): 381141.78
Generation 1400 | Best fitness (Train): 394179.75 | Best fitness in generation (Train): 394179.75 | Mean fitness (Train): 396169.50 | Mean fitness (Test): 368985.78
Generation 1500 | Best fitness (Train): 384601.75 | Best fitness in generation (Train): 384601.75 | Mean fitness (Train): 386502.66 | Mean fitness (Test): 359272.47
Generation 1600 | Best fitness (Train): 375900.28 | Best fitness in generation (Train): 375900.28 | Mean fitness (Train): 377940.19 | Mean fitness (Test): 350917.66
Generation 1700 | Best fitness (Train): 368853.47 | Best fitness in generation (Train): 368853.47 | Mean fitness (Train): 370622.34 | Mean fitness (Test): 344052.91
Generation 1800 | Best fitness (Train): 362336.38 | Best fitness in generation (Train): 362593.59 | Mean fitness (Train): 363839.56 | Mean fitness (Test): 336613.12
Generation 1900 | Best fitness (Train): 356073.81 | Best fitness in generation (Train): 356650.50 | Mean fitness (Train): 357875.69 | Mean fitness (Test): 330908.50
Generation 2000 | Best fitness (Train): 351270.06 | Best fitness in generation (Train): 351425.59 | Mean fitness (Train): 352961.38 | Mean fitness (Test): 326325.66
Generation 2100 | Best fitness (Train): 346912.84 | Best fitness in generation (Train): 346993.03 | Mean fitness (Train): 348184.41 | Mean fitness (Test): 321629.59
Generation 2200 | Best fitness (Train): 342674.66 | Best fitness in generation (Train): 342674.66 | Mean fitness (Train): 343995.22 | Mean fitness (Test): 317370.41
Generation 2300 | Best fitness (Train): 338619.28 | Best fitness in generation (Train): 338842.94 | Mean fitness (Train): 340166.88 | Mean fitness (Test): 314076.31
Generation 2400 | Best fitness (Train): 335082.03 | Best fitness in generation (Train): 335513.88 | Mean fitness (Train): 336635.19 | Mean fitness (Test): 310082.22
Generation 2500 | Best fitness (Train): 332302.47 | Best fitness in generation (Train): 332511.69 | Mean fitness (Train): 333722.44 | Mean fitness (Test): 307929.56
Generation 2600 | Best fitness (Train): 329110.06 | Best fitness in generation (Train): 329110.06 | Mean fitness (Train): 330849.12 | Mean fitness (Test): 305271.88
Generation 2700 | Best fitness (Train): 326679.47 | Best fitness in generation (Train): 326882.62 | Mean fitness (Train): 328159.31 | Mean fitness (Test): 302880.53
Generation 2800 | Best fitness (Train): 324105.59 | Best fitness in generation (Train): 324232.34 | Mean fitness (Train): 325674.97 | Mean fitness (Test): 300902.72
Generation 2900 | Best fitness (Train): 322041.22 | Best fitness in generation (Train): 322157.91 | Mean fitness (Train): 323320.28 | Mean fitness (Test): 298624.00
Generation 3000 | Best fitness (Train): 320130.00 | Best fitness in generation (Train): 320426.72 | Mean fitness (Train): 321412.25 | Mean fitness (Test): 297335.78
Generation 3100 | Best fitness (Train): 318236.84 | Best fitness in generation (Train): 318236.84 | Mean fitness (Train): 319565.41 | Mean fitness (Test): 295806.53
Generation 3200 | Best fitness (Train): 316449.25 | Best fitness in generation (Train): 316812.91 | Mean fitness (Train): 317851.66 | Mean fitness (Test): 294525.56
Generation 3300 | Best fitness (Train): 315187.16 | Best fitness in generation (Train): 315192.41 | Mean fitness (Train): 316305.84 | Mean fitness (Test): 293381.69
Generation 3400 | Best fitness (Train): 313615.50 | Best fitness in generation (Train): 313615.50 | Mean fitness (Train): 314871.03 | Mean fitness (Test): 292363.19
Generation 3500 | Best fitness (Train): 312107.06 | Best fitness in generation (Train): 312377.53 | Mean fitness (Train): 313507.38 | Mean fitness (Test): 291470.09
Generation 3600 | Best fitness (Train): 310960.72 | Best fitness in generation (Train): 311177.25 | Mean fitness (Train): 312202.62 | Mean fitness (Test): 290527.69
Generation 3700 | Best fitness (Train): 309974.59 | Best fitness in generation (Train): 310007.31 | Mean fitness (Train): 311159.41 | Mean fitness (Test): 290014.62
Generation 3800 | Best fitness (Train): 308737.59 | Best fitness in generation (Train): 309087.44 | Mean fitness (Train): 310031.62 | Mean fitness (Test): 289373.47
Generation 3900 | Best fitness (Train): 307864.81 | Best fitness in generation (Train): 308070.16 | Mean fitness (Train): 308992.88 | Mean fitness (Test): 288830.03
Generation 4000 | Best fitness (Train): 306788.66 | Best fitness in generation (Train): 307076.31 | Mean fitness (Train): 308024.78 | Mean fitness (Test): 288447.78
running the experiment ... [../../results/BBOBProblem/rastrigin/SNES_500_10000/4]
Generation 100 | Best fitness (Train): 1048645.62 | Best fitness in generation (Train): 1048645.62 | Mean fitness (Train): 1052942.88 | Mean fitness (Test): 1042417.19
Generation 200 | Best fitness (Train): 877251.19 | Best fitness in generation (Train): 877251.19 | Mean fitness (Train): 880987.31 | Mean fitness (Test): 866492.88
Generation 300 | Best fitness (Train): 759317.38 | Best fitness in generation (Train): 759317.38 | Mean fitness (Train): 762281.50 | Mean fitness (Test): 744356.94
Generation 400 | Best fitness (Train): 671565.75 | Best fitness in generation (Train): 671565.75 | Mean fitness (Train): 674472.75 | Mean fitness (Test): 654068.31
Generation 500 | Best fitness (Train): 607654.06 | Best fitness in generation (Train): 607654.06 | Mean fitness (Train): 610034.69 | Mean fitness (Test): 587689.06
Generation 600 | Best fitness (Train): 558557.06 | Best fitness in generation (Train): 558587.62 | Mean fitness (Train): 560523.00 | Mean fitness (Test): 537414.75
Generation 700 | Best fitness (Train): 520592.31 | Best fitness in generation (Train): 520592.31 | Mean fitness (Train): 522715.78 | Mean fitness (Test): 498562.97
Generation 800 | Best fitness (Train): 490165.03 | Best fitness in generation (Train): 490165.03 | Mean fitness (Train): 492202.84 | Mean fitness (Test): 467355.44
Generation 900 | Best fitness (Train): 464731.00 | Best fitness in generation (Train): 464731.00 | Mean fitness (Train): 466805.47 | Mean fitness (Test): 441780.78
Generation 1000 | Best fitness (Train): 443521.62 | Best fitness in generation (Train): 443521.62 | Mean fitness (Train): 445116.44 | Mean fitness (Test): 419106.41
Generation 1100 | Best fitness (Train): 424762.53 | Best fitness in generation (Train): 424762.53 | Mean fitness (Train): 426764.66 | Mean fitness (Test): 400434.34
Generation 1200 | Best fitness (Train): 409857.22 | Best fitness in generation (Train): 409857.22 | Mean fitness (Train): 411372.97 | Mean fitness (Test): 385034.22
Generation 1300 | Best fitness (Train): 396901.12 | Best fitness in generation (Train): 396901.12 | Mean fitness (Train): 398482.69 | Mean fitness (Test): 371768.19
Generation 1400 | Best fitness (Train): 385382.22 | Best fitness in generation (Train): 385382.22 | Mean fitness (Train): 387059.81 | Mean fitness (Test): 359594.44
Generation 1500 | Best fitness (Train): 375487.97 | Best fitness in generation (Train): 375487.97 | Mean fitness (Train): 377224.44 | Mean fitness (Test): 350262.25
Generation 1600 | Best fitness (Train): 367137.50 | Best fitness in generation (Train): 367137.50 | Mean fitness (Train): 368679.38 | Mean fitness (Test): 341473.06
Generation 1700 | Best fitness (Train): 359460.38 | Best fitness in generation (Train): 359509.38 | Mean fitness (Train): 361003.09 | Mean fitness (Test): 333802.81
Generation 1800 | Best fitness (Train): 353001.34 | Best fitness in generation (Train): 353057.44 | Mean fitness (Train): 354578.56 | Mean fitness (Test): 327012.78
Generation 1900 | Best fitness (Train): 347251.72 | Best fitness in generation (Train): 347405.97 | Mean fitness (Train): 348790.22 | Mean fitness (Test): 321301.19
Generation 2000 | Best fitness (Train): 342251.66 | Best fitness in generation (Train): 342663.34 | Mean fitness (Train): 343894.91 | Mean fitness (Test): 316677.25
Generation 2100 | Best fitness (Train): 337768.94 | Best fitness in generation (Train): 338091.44 | Mean fitness (Train): 339487.03 | Mean fitness (Test): 312571.34
Generation 2200 | Best fitness (Train): 333802.16 | Best fitness in generation (Train): 334226.47 | Mean fitness (Train): 335450.72 | Mean fitness (Test): 308784.72
Generation 2300 | Best fitness (Train): 330067.41 | Best fitness in generation (Train): 330067.41 | Mean fitness (Train): 331726.06 | Mean fitness (Test): 304779.16
Generation 2400 | Best fitness (Train): 327173.19 | Best fitness in generation (Train): 327363.41 | Mean fitness (Train): 328747.59 | Mean fitness (Test): 302261.12
Generation 2500 | Best fitness (Train): 323873.81 | Best fitness in generation (Train): 323873.81 | Mean fitness (Train): 325664.16 | Mean fitness (Test): 299309.59
Generation 2600 | Best fitness (Train): 321606.88 | Best fitness in generation (Train): 321659.53 | Mean fitness (Train): 323066.91 | Mean fitness (Test): 297377.81
Generation 2700 | Best fitness (Train): 319115.47 | Best fitness in generation (Train): 319303.81 | Mean fitness (Train): 320474.66 | Mean fitness (Test): 295066.19
Generation 2800 | Best fitness (Train): 316350.41 | Best fitness in generation (Train): 316350.41 | Mean fitness (Train): 317908.12 | Mean fitness (Test): 292643.59
Generation 2900 | Best fitness (Train): 314446.06 | Best fitness in generation (Train): 314446.06 | Mean fitness (Train): 315942.66 | Mean fitness (Test): 290981.44
Generation 3000 | Best fitness (Train): 312659.38 | Best fitness in generation (Train): 313009.00 | Mean fitness (Train): 314107.78 | Mean fitness (Test): 289600.69
Generation 3100 | Best fitness (Train): 310909.38 | Best fitness in generation (Train): 310909.38 | Mean fitness (Train): 312253.97 | Mean fitness (Test): 288270.56
Generation 3200 | Best fitness (Train): 309503.84 | Best fitness in generation (Train): 309617.53 | Mean fitness (Train): 310734.25 | Mean fitness (Test): 287190.00
Generation 3300 | Best fitness (Train): 307606.12 | Best fitness in generation (Train): 307794.97 | Mean fitness (Train): 309086.44 | Mean fitness (Test): 285782.00
Generation 3400 | Best fitness (Train): 306351.34 | Best fitness in generation (Train): 306365.59 | Mean fitness (Train): 307614.62 | Mean fitness (Test): 284855.47
Generation 3500 | Best fitness (Train): 304979.88 | Best fitness in generation (Train): 305109.56 | Mean fitness (Train): 306219.91 | Mean fitness (Test): 283965.31
Generation 3600 | Best fitness (Train): 303906.53 | Best fitness in generation (Train): 303964.31 | Mean fitness (Train): 305074.12 | Mean fitness (Test): 283153.75
Generation 3700 | Best fitness (Train): 302456.72 | Best fitness in generation (Train): 302815.09 | Mean fitness (Train): 303898.00 | Mean fitness (Test): 282701.41
Generation 3800 | Best fitness (Train): 301615.03 | Best fitness in generation (Train): 301726.47 | Mean fitness (Train): 302806.78 | Mean fitness (Test): 281946.06
Generation 3900 | Best fitness (Train): 300389.06 | Best fitness in generation (Train): 300797.72 | Mean fitness (Train): 301700.16 | Mean fitness (Test): 281226.78
Generation 4000 | Best fitness (Train): 299574.91 | Best fitness in generation (Train): 299804.53 | Mean fitness (Train): 300807.75 | Mean fitness (Test): 280878.72
Running ES algorithms:  29%|██████████████████████████████████████                                                                                               | 2/7 [03:16<08:11, 98.24s/it][A
running the experiment ... [../../results/BBOBProblem/rastrigin/Sep_CMA_ES_500_10000/0]
Generation 100 | Best fitness (Train): 1044643.75 | Best fitness in generation (Train): 1044643.75 | Mean fitness (Train): 1050688.75 | Mean fitness (Test): 1038548.06
Generation 200 | Best fitness (Train): 762488.62 | Best fitness in generation (Train): 762488.62 | Mean fitness (Train): 772048.19 | Mean fitness (Test): 750069.06
Generation 300 | Best fitness (Train): 482463.50 | Best fitness in generation (Train): 483563.16 | Mean fitness (Train): 494647.72 | Mean fitness (Test): 408512.69
Generation 400 | Best fitness (Train): 448555.44 | Best fitness in generation (Train): 620659.19 | Mean fitness (Train): 666426.62 | Mean fitness (Test): 260482.62
Generation 500 | Best fitness (Train): 448555.44 | Best fitness in generation (Train): 751241.00 | Mean fitness (Train): 810790.56 | Mean fitness (Test): 312288.53
Generation 600 | Best fitness (Train): 448555.44 | Best fitness in generation (Train): 547543.31 | Mean fitness (Train): 572337.06 | Mean fitness (Test): 278957.28
Generation 700 | Best fitness (Train): 363286.78 | Best fitness in generation (Train): 363286.78 | Mean fitness (Train): 377346.81 | Mean fitness (Test): 210849.84
Generation 800 | Best fitness (Train): 265893.66 | Best fitness in generation (Train): 265893.66 | Mean fitness (Train): 276289.69 | Mean fitness (Test): 169143.98
Generation 900 | Best fitness (Train): 211998.27 | Best fitness in generation (Train): 212857.19 | Mean fitness (Train): 218355.11 | Mean fitness (Test): 144421.36
Generation 1000 | Best fitness (Train): 176179.47 | Best fitness in generation (Train): 176905.69 | Mean fitness (Train): 180661.48 | Mean fitness (Test): 130878.66
Generation 1100 | Best fitness (Train): 153627.84 | Best fitness in generation (Train): 153660.88 | Mean fitness (Train): 156785.16 | Mean fitness (Test): 122609.45
Generation 1200 | Best fitness (Train): 137222.75 | Best fitness in generation (Train): 137486.70 | Mean fitness (Train): 140606.34 | Mean fitness (Test): 115845.16
Generation 1300 | Best fitness (Train): 127856.85 | Best fitness in generation (Train): 128281.40 | Mean fitness (Train): 130453.65 | Mean fitness (Test): 112443.95
Generation 1400 | Best fitness (Train): 121386.82 | Best fitness in generation (Train): 122262.38 | Mean fitness (Train): 124390.20 | Mean fitness (Test): 112095.91
Generation 1500 | Best fitness (Train): 117735.20 | Best fitness in generation (Train): 118291.85 | Mean fitness (Train): 120437.23 | Mean fitness (Test): 109811.91
Generation 1600 | Best fitness (Train): 114946.95 | Best fitness in generation (Train): 115936.84 | Mean fitness (Train): 117677.36 | Mean fitness (Test): 108803.88
Generation 1700 | Best fitness (Train): 112775.35 | Best fitness in generation (Train): 112949.16 | Mean fitness (Train): 115177.48 | Mean fitness (Test): 106840.05
Generation 1800 | Best fitness (Train): 111314.61 | Best fitness in generation (Train): 111363.37 | Mean fitness (Train): 113644.93 | Mean fitness (Test): 105726.85
Generation 1900 | Best fitness (Train): 108921.74 | Best fitness in generation (Train): 109551.88 | Mean fitness (Train): 112164.74 | Mean fitness (Test): 103082.49
Generation 2000 | Best fitness (Train): 108480.13 | Best fitness in generation (Train): 109039.47 | Mean fitness (Train): 110993.06 | Mean fitness (Test): 100111.38
Generation 2100 | Best fitness (Train): 107151.38 | Best fitness in generation (Train): 107964.80 | Mean fitness (Train): 109665.20 | Mean fitness (Test): 96897.18
Generation 2200 | Best fitness (Train): 105751.84 | Best fitness in generation (Train): 106334.15 | Mean fitness (Train): 108170.01 | Mean fitness (Test): 94266.25
Generation 2300 | Best fitness (Train): 104210.66 | Best fitness in generation (Train): 104409.04 | Mean fitness (Train): 106457.14 | Mean fitness (Test): 90887.99
Generation 2400 | Best fitness (Train): 101683.06 | Best fitness in generation (Train): 102155.20 | Mean fitness (Train): 104376.70 | Mean fitness (Test): 85761.66
Generation 2500 | Best fitness (Train): 99616.38 | Best fitness in generation (Train): 99699.27 | Mean fitness (Train): 101921.35 | Mean fitness (Test): 81243.05
Generation 2600 | Best fitness (Train): 96302.10 | Best fitness in generation (Train): 96302.10 | Mean fitness (Train): 98583.08 | Mean fitness (Test): 76031.34
Generation 2700 | Best fitness (Train): 91176.39 | Best fitness in generation (Train): 91210.71 | Mean fitness (Train): 93288.38 | Mean fitness (Test): 66715.64
Generation 2800 | Best fitness (Train): 84672.06 | Best fitness in generation (Train): 84672.06 | Mean fitness (Train): 87006.82 | Mean fitness (Test): 58031.29
Generation 2900 | Best fitness (Train): 76810.25 | Best fitness in generation (Train): 76810.25 | Mean fitness (Train): 78614.44 | Mean fitness (Test): 49346.18
Generation 3000 | Best fitness (Train): 65128.79 | Best fitness in generation (Train): 65128.79 | Mean fitness (Train): 66924.21 | Mean fitness (Test): 38417.79
Generation 3100 | Best fitness (Train): 52703.63 | Best fitness in generation (Train): 53135.52 | Mean fitness (Train): 54349.61 | Mean fitness (Test): 29662.94
Generation 3200 | Best fitness (Train): 40542.68 | Best fitness in generation (Train): 40542.68 | Mean fitness (Train): 41861.41 | Mean fitness (Test): 22684.62
Generation 3300 | Best fitness (Train): 31281.19 | Best fitness in generation (Train): 31281.19 | Mean fitness (Train): 32010.84 | Mean fitness (Test): 19108.01
Generation 3400 | Best fitness (Train): 24704.91 | Best fitness in generation (Train): 24704.91 | Mean fitness (Train): 25201.12 | Mean fitness (Test): 16858.62
Generation 3500 | Best fitness (Train): 20457.02 | Best fitness in generation (Train): 20470.72 | Mean fitness (Train): 20757.64 | Mean fitness (Test): 15333.42
Generation 3600 | Best fitness (Train): 17725.83 | Best fitness in generation (Train): 17725.83 | Mean fitness (Train): 17966.63 | Mean fitness (Test): 14337.50
Generation 3700 | Best fitness (Train): 16023.89 | Best fitness in generation (Train): 16028.07 | Mean fitness (Train): 16173.64 | Mean fitness (Test): 13707.24
Generation 3800 | Best fitness (Train): 14806.72 | Best fitness in generation (Train): 14806.72 | Mean fitness (Train): 14935.66 | Mean fitness (Test): 13291.47
Generation 3900 | Best fitness (Train): 14030.07 | Best fitness in generation (Train): 14030.07 | Mean fitness (Train): 14107.61 | Mean fitness (Test): 12993.90
Generation 4000 | Best fitness (Train): 13505.47 | Best fitness in generation (Train): 13505.47 | Mean fitness (Train): 13564.78 | Mean fitness (Test): 12803.58
running the experiment ... [../../results/BBOBProblem/rastrigin/Sep_CMA_ES_500_10000/1]
Generation 100 | Best fitness (Train): 1054967.88 | Best fitness in generation (Train): 1054967.88 | Mean fitness (Train): 1061339.12 | Mean fitness (Test): 1048949.62
Generation 200 | Best fitness (Train): 767622.25 | Best fitness in generation (Train): 767622.25 | Mean fitness (Train): 776891.88 | Mean fitness (Test): 754404.75
Generation 300 | Best fitness (Train): 484830.31 | Best fitness in generation (Train): 486328.44 | Mean fitness (Train): 496563.16 | Mean fitness (Test): 407544.56
Generation 400 | Best fitness (Train): 452021.97 | Best fitness in generation (Train): 623981.31 | Mean fitness (Train): 668916.75 | Mean fitness (Test): 262432.97
Generation 500 | Best fitness (Train): 452021.97 | Best fitness in generation (Train): 779414.69 | Mean fitness (Train): 824091.56 | Mean fitness (Test): 323161.22
Generation 600 | Best fitness (Train): 452021.97 | Best fitness in generation (Train): 542551.44 | Mean fitness (Train): 568927.88 | Mean fitness (Test): 279466.09
Generation 700 | Best fitness (Train): 365623.03 | Best fitness in generation (Train): 365701.09 | Mean fitness (Train): 378833.22 | Mean fitness (Test): 213083.75
Generation 800 | Best fitness (Train): 268329.94 | Best fitness in generation (Train): 268329.94 | Mean fitness (Train): 278825.84 | Mean fitness (Test): 169721.70
Generation 900 | Best fitness (Train): 213021.16 | Best fitness in generation (Train): 213024.81 | Mean fitness (Train): 219538.12 | Mean fitness (Test): 145847.41
Generation 1000 | Best fitness (Train): 177497.25 | Best fitness in generation (Train): 177497.25 | Mean fitness (Train): 182282.56 | Mean fitness (Test): 130399.24
Generation 1100 | Best fitness (Train): 154106.52 | Best fitness in generation (Train): 154529.84 | Mean fitness (Train): 157263.33 | Mean fitness (Test): 120697.96
Generation 1200 | Best fitness (Train): 138559.03 | Best fitness in generation (Train): 138958.23 | Mean fitness (Train): 141406.75 | Mean fitness (Test): 117548.23
Generation 1300 | Best fitness (Train): 128554.84 | Best fitness in generation (Train): 128768.05 | Mean fitness (Train): 131269.83 | Mean fitness (Test): 113012.29
Generation 1400 | Best fitness (Train): 122265.52 | Best fitness in generation (Train): 122814.97 | Mean fitness (Train): 124837.63 | Mean fitness (Test): 111048.88
Generation 1500 | Best fitness (Train): 118241.04 | Best fitness in generation (Train): 118602.27 | Mean fitness (Train): 120864.38 | Mean fitness (Test): 111061.72
Generation 1600 | Best fitness (Train): 115295.63 | Best fitness in generation (Train): 115566.10 | Mean fitness (Train): 117889.34 | Mean fitness (Test): 107938.07
Generation 1700 | Best fitness (Train): 113166.59 | Best fitness in generation (Train): 113723.78 | Mean fitness (Train): 115812.73 | Mean fitness (Test): 108031.63
Generation 1800 | Best fitness (Train): 111403.24 | Best fitness in generation (Train): 112091.06 | Mean fitness (Train): 114158.01 | Mean fitness (Test): 106104.68
Generation 1900 | Best fitness (Train): 110268.13 | Best fitness in generation (Train): 111098.45 | Mean fitness (Train): 112773.59 | Mean fitness (Test): 102804.48
Generation 2000 | Best fitness (Train): 108911.17 | Best fitness in generation (Train): 109750.00 | Mean fitness (Train): 111646.87 | Mean fitness (Test): 102205.98
Generation 2100 | Best fitness (Train): 107406.95 | Best fitness in generation (Train): 107740.93 | Mean fitness (Train): 110292.23 | Mean fitness (Test): 98394.22
Generation 2200 | Best fitness (Train): 105931.63 | Best fitness in generation (Train): 106808.18 | Mean fitness (Train): 108841.57 | Mean fitness (Test): 95696.66
Generation 2300 | Best fitness (Train): 103865.39 | Best fitness in generation (Train): 105113.20 | Mean fitness (Train): 107039.67 | Mean fitness (Test): 91463.33
Generation 2400 | Best fitness (Train): 102727.94 | Best fitness in generation (Train): 102892.12 | Mean fitness (Train): 105101.16 | Mean fitness (Test): 87680.50
Generation 2500 | Best fitness (Train): 100095.77 | Best fitness in generation (Train): 100724.56 | Mean fitness (Train): 102647.86 | Mean fitness (Test): 82860.62
Generation 2600 | Best fitness (Train): 96971.09 | Best fitness in generation (Train): 97131.94 | Mean fitness (Train): 99238.26 | Mean fitness (Test): 78088.45
Generation 2700 | Best fitness (Train): 91745.15 | Best fitness in generation (Train): 91745.15 | Mean fitness (Train): 93988.13 | Mean fitness (Test): 68697.45
Generation 2800 | Best fitness (Train): 85771.29 | Best fitness in generation (Train): 85771.29 | Mean fitness (Train): 87878.85 | Mean fitness (Test): 60500.50
Generation 2900 | Best fitness (Train): 77764.95 | Best fitness in generation (Train): 77764.95 | Mean fitness (Train): 79632.37 | Mean fitness (Test): 50117.30
Generation 3000 | Best fitness (Train): 67244.25 | Best fitness in generation (Train): 67343.16 | Mean fitness (Train): 69000.69 | Mean fitness (Test): 40067.79
Generation 3100 | Best fitness (Train): 54729.37 | Best fitness in generation (Train): 54729.37 | Mean fitness (Train): 56132.79 | Mean fitness (Test): 30413.73
Generation 3200 | Best fitness (Train): 42533.21 | Best fitness in generation (Train): 42533.21 | Mean fitness (Train): 43672.41 | Mean fitness (Test): 23686.95
Generation 3300 | Best fitness (Train): 32522.25 | Best fitness in generation (Train): 32522.25 | Mean fitness (Train): 33321.17 | Mean fitness (Test): 19540.29
Generation 3400 | Best fitness (Train): 25470.77 | Best fitness in generation (Train): 25470.77 | Mean fitness (Train): 26156.71 | Mean fitness (Test): 17097.81
Generation 3500 | Best fitness (Train): 20812.23 | Best fitness in generation (Train): 20812.23 | Mean fitness (Train): 21234.85 | Mean fitness (Test): 15312.95
Generation 3600 | Best fitness (Train): 17775.48 | Best fitness in generation (Train): 17972.21 | Mean fitness (Train): 18200.50 | Mean fitness (Test): 14276.15
Generation 3700 | Best fitness (Train): 16063.43 | Best fitness in generation (Train): 16065.64 | Mean fitness (Train): 16251.61 | Mean fitness (Test): 13605.11
Generation 3800 | Best fitness (Train): 14789.43 | Best fitness in generation (Train): 14789.43 | Mean fitness (Train): 14906.53 | Mean fitness (Test): 13155.43
Generation 3900 | Best fitness (Train): 13906.54 | Best fitness in generation (Train): 13906.54 | Mean fitness (Train): 13991.74 | Mean fitness (Test): 12838.13
Generation 4000 | Best fitness (Train): 13368.89 | Best fitness in generation (Train): 13368.89 | Mean fitness (Train): 13426.43 | Mean fitness (Test): 12616.75
running the experiment ... [../../results/BBOBProblem/rastrigin/Sep_CMA_ES_500_10000/2]
Generation 100 | Best fitness (Train): 1078725.12 | Best fitness in generation (Train): 1078725.12 | Mean fitness (Train): 1084096.62 | Mean fitness (Test): 1072785.50
Generation 200 | Best fitness (Train): 786522.12 | Best fitness in generation (Train): 786522.12 | Mean fitness (Train): 796049.88 | Mean fitness (Test): 775349.00
Generation 300 | Best fitness (Train): 491575.81 | Best fitness in generation (Train): 491575.81 | Mean fitness (Train): 505697.25 | Mean fitness (Test): 417000.62
Generation 400 | Best fitness (Train): 458507.78 | Best fitness in generation (Train): 648140.25 | Mean fitness (Train): 685805.44 | Mean fitness (Test): 266175.25
Generation 500 | Best fitness (Train): 458507.78 | Best fitness in generation (Train): 793524.56 | Mean fitness (Train): 853478.81 | Mean fitness (Test): 326975.19
Generation 600 | Best fitness (Train): 458507.78 | Best fitness in generation (Train): 556919.56 | Mean fitness (Train): 588943.06 | Mean fitness (Test): 288843.03
Generation 700 | Best fitness (Train): 382182.81 | Best fitness in generation (Train): 382182.81 | Mean fitness (Train): 396917.28 | Mean fitness (Test): 219832.36
Generation 800 | Best fitness (Train): 278009.97 | Best fitness in generation (Train): 278009.97 | Mean fitness (Train): 288307.19 | Mean fitness (Test): 173111.48
Generation 900 | Best fitness (Train): 220670.62 | Best fitness in generation (Train): 220865.56 | Mean fitness (Train): 227095.34 | Mean fitness (Test): 146307.69
Generation 1000 | Best fitness (Train): 181389.64 | Best fitness in generation (Train): 181389.64 | Mean fitness (Train): 186032.59 | Mean fitness (Test): 130694.91
Generation 1100 | Best fitness (Train): 155937.02 | Best fitness in generation (Train): 155937.02 | Mean fitness (Train): 159838.83 | Mean fitness (Test): 122460.70
Generation 1200 | Best fitness (Train): 140624.98 | Best fitness in generation (Train): 140624.98 | Mean fitness (Train): 143305.55 | Mean fitness (Test): 117147.62
Generation 1300 | Best fitness (Train): 128785.38 | Best fitness in generation (Train): 129278.84 | Mean fitness (Train): 131908.61 | Mean fitness (Test): 113969.20
Generation 1400 | Best fitness (Train): 122227.91 | Best fitness in generation (Train): 122632.16 | Mean fitness (Train): 124666.52 | Mean fitness (Test): 111936.59
Generation 1500 | Best fitness (Train): 117690.24 | Best fitness in generation (Train): 118225.88 | Mean fitness (Train): 120390.79 | Mean fitness (Test): 110643.56
Generation 1600 | Best fitness (Train): 114339.21 | Best fitness in generation (Train): 114339.21 | Mean fitness (Train): 117537.62 | Mean fitness (Test): 109029.61
Generation 1700 | Best fitness (Train): 112539.06 | Best fitness in generation (Train): 113123.35 | Mean fitness (Train): 115401.05 | Mean fitness (Test): 107247.30
Generation 1800 | Best fitness (Train): 111433.73 | Best fitness in generation (Train): 112000.51 | Mean fitness (Train): 114057.84 | Mean fitness (Test): 104780.93
Generation 1900 | Best fitness (Train): 110112.07 | Best fitness in generation (Train): 110312.83 | Mean fitness (Train): 112598.52 | Mean fitness (Test): 104493.75
Generation 2000 | Best fitness (Train): 108112.82 | Best fitness in generation (Train): 108786.06 | Mean fitness (Train): 111303.06 | Mean fitness (Test): 102049.20
Generation 2100 | Best fitness (Train): 107138.59 | Best fitness in generation (Train): 107929.12 | Mean fitness (Train): 110009.94 | Mean fitness (Test): 97573.17
Generation 2200 | Best fitness (Train): 106020.57 | Best fitness in generation (Train): 106744.38 | Mean fitness (Train): 108522.33 | Mean fitness (Test): 95728.27
Generation 2300 | Best fitness (Train): 103943.18 | Best fitness in generation (Train): 104012.02 | Mean fitness (Train): 106626.66 | Mean fitness (Test): 90660.75
Generation 2400 | Best fitness (Train): 102273.91 | Best fitness in generation (Train): 102676.69 | Mean fitness (Train): 104729.76 | Mean fitness (Test): 86252.77
Generation 2500 | Best fitness (Train): 99781.73 | Best fitness in generation (Train): 100164.83 | Mean fitness (Train): 102377.05 | Mean fitness (Test): 81789.73
Generation 2600 | Best fitness (Train): 96100.19 | Best fitness in generation (Train): 96100.19 | Mean fitness (Train): 98708.91 | Mean fitness (Test): 75482.45
Generation 2700 | Best fitness (Train): 92237.74 | Best fitness in generation (Train): 92288.52 | Mean fitness (Train): 94362.44 | Mean fitness (Test): 68395.42
Generation 2800 | Best fitness (Train): 85660.35 | Best fitness in generation (Train): 85825.84 | Mean fitness (Train): 87598.04 | Mean fitness (Test): 59472.22
Generation 2900 | Best fitness (Train): 76430.66 | Best fitness in generation (Train): 76831.53 | Mean fitness (Train): 78596.84 | Mean fitness (Test): 49406.89
Generation 3000 | Best fitness (Train): 65541.87 | Best fitness in generation (Train): 65541.87 | Mean fitness (Train): 67161.46 | Mean fitness (Test): 38271.71
Generation 3100 | Best fitness (Train): 53078.79 | Best fitness in generation (Train): 53078.79 | Mean fitness (Train): 54520.89 | Mean fitness (Test): 29127.98
Generation 3200 | Best fitness (Train): 41030.42 | Best fitness in generation (Train): 41030.42 | Mean fitness (Train): 42367.14 | Mean fitness (Test): 23107.52
Generation 3300 | Best fitness (Train): 31544.62 | Best fitness in generation (Train): 31619.05 | Mean fitness (Train): 32279.25 | Mean fitness (Test): 19143.40
Generation 3400 | Best fitness (Train): 24828.10 | Best fitness in generation (Train): 24841.72 | Mean fitness (Train): 25320.61 | Mean fitness (Test): 16738.99
Generation 3500 | Best fitness (Train): 20570.82 | Best fitness in generation (Train): 20570.82 | Mean fitness (Train): 20943.63 | Mean fitness (Test): 15184.33
Generation 3600 | Best fitness (Train): 17769.25 | Best fitness in generation (Train): 17769.25 | Mean fitness (Train): 18028.78 | Mean fitness (Test): 14215.77
Generation 3700 | Best fitness (Train): 15924.98 | Best fitness in generation (Train): 15924.98 | Mean fitness (Train): 16078.54 | Mean fitness (Test): 13518.46
Generation 3800 | Best fitness (Train): 14687.63 | Best fitness in generation (Train): 14687.63 | Mean fitness (Train): 14808.48 | Mean fitness (Test): 13066.63
Generation 3900 | Best fitness (Train): 13865.96 | Best fitness in generation (Train): 13865.96 | Mean fitness (Train): 13951.75 | Mean fitness (Test): 12756.59
Generation 4000 | Best fitness (Train): 13310.04 | Best fitness in generation (Train): 13316.34 | Mean fitness (Train): 13360.87 | Mean fitness (Test): 12550.39
running the experiment ... [../../results/BBOBProblem/rastrigin/Sep_CMA_ES_500_10000/3]
Generation 100 | Best fitness (Train): 1086911.00 | Best fitness in generation (Train): 1086911.00 | Mean fitness (Train): 1092569.12 | Mean fitness (Test): 1080710.25
Generation 200 | Best fitness (Train): 789643.06 | Best fitness in generation (Train): 789643.06 | Mean fitness (Train): 798174.94 | Mean fitness (Test): 776444.81
Generation 300 | Best fitness (Train): 492698.78 | Best fitness in generation (Train): 495530.50 | Mean fitness (Train): 505891.03 | Mean fitness (Test): 417634.34
Generation 400 | Best fitness (Train): 460820.28 | Best fitness in generation (Train): 644470.19 | Mean fitness (Train): 691324.44 | Mean fitness (Test): 270672.00
Generation 500 | Best fitness (Train): 460820.28 | Best fitness in generation (Train): 817860.88 | Mean fitness (Train): 874483.19 | Mean fitness (Test): 335591.97
Generation 600 | Best fitness (Train): 460820.28 | Best fitness in generation (Train): 563675.94 | Mean fitness (Train): 590458.62 | Mean fitness (Test): 292596.53
Generation 700 | Best fitness (Train): 372119.78 | Best fitness in generation (Train): 374447.22 | Mean fitness (Train): 389073.38 | Mean fitness (Test): 215981.09
Generation 800 | Best fitness (Train): 279319.09 | Best fitness in generation (Train): 280191.28 | Mean fitness (Train): 287869.88 | Mean fitness (Test): 171280.06
Generation 900 | Best fitness (Train): 220693.06 | Best fitness in generation (Train): 220693.06 | Mean fitness (Train): 227550.61 | Mean fitness (Test): 147289.73
Generation 1000 | Best fitness (Train): 181936.72 | Best fitness in generation (Train): 181936.72 | Mean fitness (Train): 186402.39 | Mean fitness (Test): 131728.14
Generation 1100 | Best fitness (Train): 154497.94 | Best fitness in generation (Train): 155564.56 | Mean fitness (Train): 158874.95 | Mean fitness (Test): 122043.54
Generation 1200 | Best fitness (Train): 138716.88 | Best fitness in generation (Train): 138716.88 | Mean fitness (Train): 141912.56 | Mean fitness (Test): 116139.67
Generation 1300 | Best fitness (Train): 128561.30 | Best fitness in generation (Train): 128615.35 | Mean fitness (Train): 131183.06 | Mean fitness (Test): 114061.12
Generation 1400 | Best fitness (Train): 121664.66 | Best fitness in generation (Train): 121825.45 | Mean fitness (Train): 124244.39 | Mean fitness (Test): 111028.21
Generation 1500 | Best fitness (Train): 117232.73 | Best fitness in generation (Train): 117962.88 | Mean fitness (Train): 120249.62 | Mean fitness (Test): 110127.01
Generation 1600 | Best fitness (Train): 114509.56 | Best fitness in generation (Train): 114997.75 | Mean fitness (Train): 117311.22 | Mean fitness (Test): 110476.38
Generation 1700 | Best fitness (Train): 112741.91 | Best fitness in generation (Train): 113525.88 | Mean fitness (Train): 115429.70 | Mean fitness (Test): 108085.13
Generation 1800 | Best fitness (Train): 110750.20 | Best fitness in generation (Train): 111510.16 | Mean fitness (Train): 113768.06 | Mean fitness (Test): 105349.04
Generation 1900 | Best fitness (Train): 109852.62 | Best fitness in generation (Train): 109852.62 | Mean fitness (Train): 112556.77 | Mean fitness (Test): 103233.57
Generation 2000 | Best fitness (Train): 108539.15 | Best fitness in generation (Train): 108955.00 | Mean fitness (Train): 111175.79 | Mean fitness (Test): 100890.76
Generation 2100 | Best fitness (Train): 107704.69 | Best fitness in generation (Train): 107879.55 | Mean fitness (Train): 110081.55 | Mean fitness (Test): 97790.82
Generation 2200 | Best fitness (Train): 105837.69 | Best fitness in generation (Train): 106503.83 | Mean fitness (Train): 108430.65 | Mean fitness (Test): 94962.73
Generation 2300 | Best fitness (Train): 104719.98 | Best fitness in generation (Train): 104719.98 | Mean fitness (Train): 107239.45 | Mean fitness (Test): 91928.17
Generation 2400 | Best fitness (Train): 102622.44 | Best fitness in generation (Train): 102622.44 | Mean fitness (Train): 104892.30 | Mean fitness (Test): 86470.51
Generation 2500 | Best fitness (Train): 99214.17 | Best fitness in generation (Train): 99442.09 | Mean fitness (Train): 101915.52 | Mean fitness (Test): 80964.71
Generation 2600 | Best fitness (Train): 95958.54 | Best fitness in generation (Train): 96297.38 | Mean fitness (Train): 98146.90 | Mean fitness (Test): 75655.39
Generation 2700 | Best fitness (Train): 90214.00 | Best fitness in generation (Train): 90410.76 | Mean fitness (Train): 92669.66 | Mean fitness (Test): 67344.44
Generation 2800 | Best fitness (Train): 83635.23 | Best fitness in generation (Train): 83741.16 | Mean fitness (Train): 85772.68 | Mean fitness (Test): 57360.96
Generation 2900 | Best fitness (Train): 75315.45 | Best fitness in generation (Train): 75530.24 | Mean fitness (Train): 77293.80 | Mean fitness (Test): 48019.66
Generation 3000 | Best fitness (Train): 64229.29 | Best fitness in generation (Train): 64244.33 | Mean fitness (Train): 65736.08 | Mean fitness (Test): 37818.29
Generation 3100 | Best fitness (Train): 51055.04 | Best fitness in generation (Train): 51055.04 | Mean fitness (Train): 52620.17 | Mean fitness (Test): 28690.18
Generation 3200 | Best fitness (Train): 39517.14 | Best fitness in generation (Train): 39517.14 | Mean fitness (Train): 40552.75 | Mean fitness (Test): 22178.96
Generation 3300 | Best fitness (Train): 30431.43 | Best fitness in generation (Train): 30431.43 | Mean fitness (Train): 31261.80 | Mean fitness (Test): 18784.01
Generation 3400 | Best fitness (Train): 24236.43 | Best fitness in generation (Train): 24236.43 | Mean fitness (Train): 24699.91 | Mean fitness (Test): 16588.82
Generation 3500 | Best fitness (Train): 20154.95 | Best fitness in generation (Train): 20163.32 | Mean fitness (Train): 20461.19 | Mean fitness (Test): 15121.19
Generation 3600 | Best fitness (Train): 17571.89 | Best fitness in generation (Train): 17571.89 | Mean fitness (Train): 17785.28 | Mean fitness (Test): 14232.57
Generation 3700 | Best fitness (Train): 15806.36 | Best fitness in generation (Train): 15806.36 | Mean fitness (Train): 15955.36 | Mean fitness (Test): 13583.46
Generation 3800 | Best fitness (Train): 14644.15 | Best fitness in generation (Train): 14644.15 | Mean fitness (Train): 14754.09 | Mean fitness (Test): 13175.94
Generation 3900 | Best fitness (Train): 13919.46 | Best fitness in generation (Train): 13920.70 | Mean fitness (Train): 13981.68 | Mean fitness (Test): 12897.09
Generation 4000 | Best fitness (Train): 13396.10 | Best fitness in generation (Train): 13412.78 | Mean fitness (Train): 13452.44 | Mean fitness (Test): 12697.34
running the experiment ... [../../results/BBOBProblem/rastrigin/Sep_CMA_ES_500_10000/4]
Generation 100 | Best fitness (Train): 1059250.62 | Best fitness in generation (Train): 1059250.62 | Mean fitness (Train): 1064874.38 | Mean fitness (Test): 1053418.75
Generation 200 | Best fitness (Train): 771152.19 | Best fitness in generation (Train): 771152.19 | Mean fitness (Train): 782018.75 | Mean fitness (Test): 760647.44
Generation 300 | Best fitness (Train): 484613.81 | Best fitness in generation (Train): 484613.81 | Mean fitness (Train): 495165.94 | Mean fitness (Test): 409571.94
Generation 400 | Best fitness (Train): 451756.34 | Best fitness in generation (Train): 619990.56 | Mean fitness (Train): 666677.12 | Mean fitness (Test): 266380.97
Generation 500 | Best fitness (Train): 451756.34 | Best fitness in generation (Train): 783845.12 | Mean fitness (Train): 836579.69 | Mean fitness (Test): 324314.44
Generation 600 | Best fitness (Train): 451756.34 | Best fitness in generation (Train): 554236.94 | Mean fitness (Train): 583550.00 | Mean fitness (Test): 283900.81
Generation 700 | Best fitness (Train): 371393.28 | Best fitness in generation (Train): 371998.84 | Mean fitness (Train): 387196.28 | Mean fitness (Test): 213752.34
Generation 800 | Best fitness (Train): 276339.06 | Best fitness in generation (Train): 276339.06 | Mean fitness (Train): 285429.12 | Mean fitness (Test): 171605.38
Generation 900 | Best fitness (Train): 213322.38 | Best fitness in generation (Train): 214599.34 | Mean fitness (Train): 220506.52 | Mean fitness (Test): 143628.81
Generation 1000 | Best fitness (Train): 178505.66 | Best fitness in generation (Train): 178505.66 | Mean fitness (Train): 182423.41 | Mean fitness (Test): 130317.76
Generation 1100 | Best fitness (Train): 153097.72 | Best fitness in generation (Train): 153097.72 | Mean fitness (Train): 156415.56 | Mean fitness (Test): 121004.27
Generation 1200 | Best fitness (Train): 137653.00 | Best fitness in generation (Train): 137653.00 | Mean fitness (Train): 141054.52 | Mean fitness (Test): 115703.39
Generation 1300 | Best fitness (Train): 127713.84 | Best fitness in generation (Train): 128454.88 | Mean fitness (Train): 130777.89 | Mean fitness (Test): 113669.87
Generation 1400 | Best fitness (Train): 121920.36 | Best fitness in generation (Train): 121921.82 | Mean fitness (Train): 124461.34 | Mean fitness (Test): 111483.68
Generation 1500 | Best fitness (Train): 117365.73 | Best fitness in generation (Train): 118434.91 | Mean fitness (Train): 120348.52 | Mean fitness (Test): 112376.87
Generation 1600 | Best fitness (Train): 114576.91 | Best fitness in generation (Train): 115017.82 | Mean fitness (Train): 117497.23 | Mean fitness (Test): 109439.95
Generation 1700 | Best fitness (Train): 112123.63 | Best fitness in generation (Train): 113022.84 | Mean fitness (Train): 115181.84 | Mean fitness (Test): 106374.50
Generation 1800 | Best fitness (Train): 110186.24 | Best fitness in generation (Train): 111495.32 | Mean fitness (Train): 113555.01 | Mean fitness (Test): 105324.73
Generation 1900 | Best fitness (Train): 109492.29 | Best fitness in generation (Train): 109705.24 | Mean fitness (Train): 112265.98 | Mean fitness (Test): 103673.30
Generation 2000 | Best fitness (Train): 108143.10 | Best fitness in generation (Train): 108737.63 | Mean fitness (Train): 110872.72 | Mean fitness (Test): 100971.16
Generation 2100 | Best fitness (Train): 106764.07 | Best fitness in generation (Train): 107485.35 | Mean fitness (Train): 109499.86 | Mean fitness (Test): 97611.59
Generation 2200 | Best fitness (Train): 105020.74 | Best fitness in generation (Train): 105470.06 | Mean fitness (Train): 107903.87 | Mean fitness (Test): 93285.95
Generation 2300 | Best fitness (Train): 103353.66 | Best fitness in generation (Train): 103851.09 | Mean fitness (Train): 105922.20 | Mean fitness (Test): 89729.49
Generation 2400 | Best fitness (Train): 101070.68 | Best fitness in generation (Train): 101537.86 | Mean fitness (Train): 103516.01 | Mean fitness (Test): 84309.58
Generation 2500 | Best fitness (Train): 98053.25 | Best fitness in generation (Train): 98053.25 | Mean fitness (Train): 100338.39 | Mean fitness (Test): 79075.55
Generation 2600 | Best fitness (Train): 94151.40 | Best fitness in generation (Train): 94425.54 | Mean fitness (Train): 96249.28 | Mean fitness (Test): 72400.15
Generation 2700 | Best fitness (Train): 88521.35 | Best fitness in generation (Train): 88770.16 | Mean fitness (Train): 90463.06 | Mean fitness (Test): 64144.24
Generation 2800 | Best fitness (Train): 80635.95 | Best fitness in generation (Train): 80944.16 | Mean fitness (Train): 82737.26 | Mean fitness (Test): 53536.82
Generation 2900 | Best fitness (Train): 70897.35 | Best fitness in generation (Train): 71128.09 | Mean fitness (Train): 72687.04 | Mean fitness (Test): 43182.32
Generation 3000 | Best fitness (Train): 58668.29 | Best fitness in generation (Train): 58668.29 | Mean fitness (Train): 60351.27 | Mean fitness (Test): 33435.57
Generation 3100 | Best fitness (Train): 45962.41 | Best fitness in generation (Train): 45962.41 | Mean fitness (Train): 47196.85 | Mean fitness (Test): 25119.64
Generation 3200 | Best fitness (Train): 35234.59 | Best fitness in generation (Train): 35234.59 | Mean fitness (Train): 36206.38 | Mean fitness (Test): 20524.34
Generation 3300 | Best fitness (Train): 27442.07 | Best fitness in generation (Train): 27442.07 | Mean fitness (Train): 28032.27 | Mean fitness (Test): 17677.82
Generation 3400 | Best fitness (Train): 22207.82 | Best fitness in generation (Train): 22207.82 | Mean fitness (Train): 22666.31 | Mean fitness (Test): 15926.89
Generation 3500 | Best fitness (Train): 18912.15 | Best fitness in generation (Train): 18921.03 | Mean fitness (Train): 19194.67 | Mean fitness (Test): 14742.90
Generation 3600 | Best fitness (Train): 16825.42 | Best fitness in generation (Train): 16825.42 | Mean fitness (Train): 16992.22 | Mean fitness (Test): 13969.30
Generation 3700 | Best fitness (Train): 15359.90 | Best fitness in generation (Train): 15359.90 | Mean fitness (Train): 15482.94 | Mean fitness (Test): 13427.00
Generation 3800 | Best fitness (Train): 14406.54 | Best fitness in generation (Train): 14406.54 | Mean fitness (Train): 14494.12 | Mean fitness (Test): 13085.54
Generation 3900 | Best fitness (Train): 13729.63 | Best fitness in generation (Train): 13742.11 | Mean fitness (Train): 13794.38 | Mean fitness (Test): 12831.69
Generation 4000 | Best fitness (Train): 13279.90 | Best fitness in generation (Train): 13288.07 | Mean fitness (Train): 13324.24 | Mean fitness (Test): 12662.76
Running ES algorithms:  43%|█████████████████████████████████████████████████████████                                                                            | 3/7 [04:54<06:31, 97.82s/it][A
running the experiment ... [../../results/BBOBProblem/rastrigin/CMA_ES_500_10000/0]
Generation 100 | Best fitness (Train): 1040943.75 | Best fitness in generation (Train): 1040943.75 | Mean fitness (Train): 1048405.69 | Mean fitness (Test): 1036073.19
Running ES algorithms:  57%|███████████████████████████████████████████████████████████████████████████▍                                                        | 4/7 [06:38<05:01, 100.60s/it][A[2025-12-03T06:57:17.334] error: Detected 1 oom_kill event in StepId=8587275.0. Some of the step tasks have been OOM Killed.
srun: error: ise-6000-03: task 0: Out Of Memory
