Tue 02 Dec 2025 16:41:16 IST

SLURM_JOBID:		 8558335
SLURM_JOB_NODELIST:	 cs-3090-05 

configuration parmas running: problem_type=bbob es_algorithms=PGPE,ASEBO,Open_ES,SNES,Sep_CMA_ES,CMA_ES,LES,DES
Successfully loaded: sphere
Loading Problems ..:   0%|                                                                                                                                        | 0/24 [00:00<?, ?it/s]
running the experiment ... [../../results/BBOBProblem/sphere/PGPE_500_2000/0]
Generation 100 | Best fitness (Train): 19250.68 | Best fitness in generation (Train): 19250.68 | Mean fitness (Train): 19333.61 | Mean fitness (Test): 19239.34
Generation 200 | Best fitness (Train): 12497.45 | Best fitness in generation (Train): 12497.45 | Mean fitness (Train): 12567.70 | Mean fitness (Test): 12488.10
Generation 300 | Best fitness (Train): 7227.44 | Best fitness in generation (Train): 7227.44 | Mean fitness (Train): 7280.89 | Mean fitness (Test): 7215.06
Generation 400 | Best fitness (Train): 3433.43 | Best fitness in generation (Train): 3433.43 | Mean fitness (Train): 3468.73 | Mean fitness (Test): 3418.64
Generation 500 | Best fitness (Train): 1093.42 | Best fitness in generation (Train): 1093.42 | Mean fitness (Train): 1108.40 | Mean fitness (Test): 1072.64
Generation 600 | Best fitness (Train): 121.80 | Best fitness in generation (Train): 121.80 | Mean fitness (Train): 126.06 | Mean fitness (Test): 104.08
Generation 700 | Best fitness (Train): 59.10 | Best fitness in generation (Train): 59.10 | Mean fitness (Train): 60.75 | Mean fitness (Test): 44.56
Generation 800 | Best fitness (Train): 56.31 | Best fitness in generation (Train): 56.31 | Mean fitness (Train): 58.00 | Mean fitness (Test): 44.41
Generation 900 | Best fitness (Train): 54.67 | Best fitness in generation (Train): 54.92 | Mean fitness (Train): 55.79 | Mean fitness (Test): 44.41
Generation 1000 | Best fitness (Train): 53.05 | Best fitness in generation (Train): 53.11 | Mean fitness (Train): 53.92 | Mean fitness (Test): 44.41
Generation 1100 | Best fitness (Train): 51.60 | Best fitness in generation (Train): 51.77 | Mean fitness (Train): 52.39 | Mean fitness (Test): 44.41
Generation 1200 | Best fitness (Train): 50.41 | Best fitness in generation (Train): 50.46 | Mean fitness (Train): 51.06 | Mean fitness (Test): 44.41
Generation 1300 | Best fitness (Train): 49.39 | Best fitness in generation (Train): 49.51 | Mean fitness (Train): 50.00 | Mean fitness (Test): 44.41
Generation 1400 | Best fitness (Train): 48.61 | Best fitness in generation (Train): 48.70 | Mean fitness (Train): 49.08 | Mean fitness (Test): 44.41
Generation 1500 | Best fitness (Train): 47.89 | Best fitness in generation (Train): 48.02 | Mean fitness (Train): 48.31 | Mean fitness (Test): 44.41
Generation 1600 | Best fitness (Train): 47.38 | Best fitness in generation (Train): 47.41 | Mean fitness (Train): 47.68 | Mean fitness (Test): 44.41
Generation 1700 | Best fitness (Train): 46.86 | Best fitness in generation (Train): 46.86 | Mean fitness (Train): 47.14 | Mean fitness (Test): 44.42
Generation 1800 | Best fitness (Train): 46.45 | Best fitness in generation (Train): 46.50 | Mean fitness (Train): 46.70 | Mean fitness (Test): 44.42
Generation 1900 | Best fitness (Train): 46.13 | Best fitness in generation (Train): 46.18 | Mean fitness (Train): 46.34 | Mean fitness (Test): 44.43
Generation 2000 | Best fitness (Train): 45.91 | Best fitness in generation (Train): 45.91 | Mean fitness (Train): 46.08 | Mean fitness (Test): 44.48
Generation 2100 | Best fitness (Train): 45.72 | Best fitness in generation (Train): 45.72 | Mean fitness (Train): 45.91 | Mean fitness (Test): 44.56
Generation 2200 | Best fitness (Train): 45.64 | Best fitness in generation (Train): 45.64 | Mean fitness (Train): 45.80 | Mean fitness (Test): 44.64
Generation 2300 | Best fitness (Train): 45.51 | Best fitness in generation (Train): 45.58 | Mean fitness (Train): 45.68 | Mean fitness (Test): 44.68
Generation 2400 | Best fitness (Train): 45.47 | Best fitness in generation (Train): 45.51 | Mean fitness (Train): 45.60 | Mean fitness (Test): 44.73
Generation 2500 | Best fitness (Train): 45.33 | Best fitness in generation (Train): 45.37 | Mean fitness (Train): 45.46 | Mean fitness (Test): 44.70
Generation 2600 | Best fitness (Train): 45.31 | Best fitness in generation (Train): 45.33 | Mean fitness (Train): 45.43 | Mean fitness (Test): 44.77
Generation 2700 | Best fitness (Train): 45.25 | Best fitness in generation (Train): 45.28 | Mean fitness (Train): 45.36 | Mean fitness (Test): 44.76
Generation 2800 | Best fitness (Train): 45.20 | Best fitness in generation (Train): 45.22 | Mean fitness (Train): 45.28 | Mean fitness (Test): 44.76
Generation 2900 | Best fitness (Train): 45.16 | Best fitness in generation (Train): 45.17 | Mean fitness (Train): 45.25 | Mean fitness (Test): 44.78
Generation 3000 | Best fitness (Train): 45.10 | Best fitness in generation (Train): 45.12 | Mean fitness (Train): 45.19 | Mean fitness (Test): 44.78
Generation 3100 | Best fitness (Train): 45.05 | Best fitness in generation (Train): 45.06 | Mean fitness (Train): 45.12 | Mean fitness (Test): 44.74
Generation 3200 | Best fitness (Train): 45.05 | Best fitness in generation (Train): 45.11 | Mean fitness (Train): 45.17 | Mean fitness (Test): 44.83
Generation 3300 | Best fitness (Train): 45.02 | Best fitness in generation (Train): 45.05 | Mean fitness (Train): 45.09 | Mean fitness (Test): 44.78
Generation 3400 | Best fitness (Train): 45.01 | Best fitness in generation (Train): 45.02 | Mean fitness (Train): 45.08 | Mean fitness (Test): 44.79
Generation 3500 | Best fitness (Train): 44.96 | Best fitness in generation (Train): 45.02 | Mean fitness (Train): 45.06 | Mean fitness (Test): 44.80
Generation 3600 | Best fitness (Train): 44.96 | Best fitness in generation (Train): 44.97 | Mean fitness (Train): 45.03 | Mean fitness (Test): 44.79
Generation 3700 | Best fitness (Train): 44.96 | Best fitness in generation (Train): 44.99 | Mean fitness (Train): 45.03 | Mean fitness (Test): 44.81
Generation 3800 | Best fitness (Train): 44.95 | Best fitness in generation (Train): 44.97 | Mean fitness (Train): 45.02 | Mean fitness (Test): 44.83
Generation 3900 | Best fitness (Train): 44.95 | Best fitness in generation (Train): 44.98 | Mean fitness (Train): 45.03 | Mean fitness (Test): 44.84
Generation 4000 | Best fitness (Train): 44.94 | Best fitness in generation (Train): 44.97 | Mean fitness (Train): 45.00 | Mean fitness (Test): 44.83
running the experiment ... [../../results/BBOBProblem/sphere/PGPE_500_2000/1]
Generation 100 | Best fitness (Train): 19020.80 | Best fitness in generation (Train): 19020.80 | Mean fitness (Train): 19103.60 | Mean fitness (Test): 19008.76
Generation 200 | Best fitness (Train): 12293.16 | Best fitness in generation (Train): 12293.16 | Mean fitness (Train): 12353.84 | Mean fitness (Test): 12274.76
Generation 300 | Best fitness (Train): 7131.93 | Best fitness in generation (Train): 7131.93 | Mean fitness (Train): 7177.29 | Mean fitness (Test): 7113.49
Generation 400 | Best fitness (Train): 3377.25 | Best fitness in generation (Train): 3377.25 | Mean fitness (Train): 3415.50 | Mean fitness (Test): 3364.94
Generation 500 | Best fitness (Train): 1052.36 | Best fitness in generation (Train): 1052.36 | Mean fitness (Train): 1076.26 | Mean fitness (Test): 1040.50
Generation 600 | Best fitness (Train): 115.62 | Best fitness in generation (Train): 115.62 | Mean fitness (Train): 122.73 | Mean fitness (Test): 100.81
Generation 700 | Best fitness (Train): 59.12 | Best fitness in generation (Train): 59.53 | Mean fitness (Train): 60.77 | Mean fitness (Test): 44.55
Generation 800 | Best fitness (Train): 56.62 | Best fitness in generation (Train): 56.70 | Mean fitness (Train): 58.00 | Mean fitness (Test): 44.41
Generation 900 | Best fitness (Train): 54.69 | Best fitness in generation (Train): 54.77 | Mean fitness (Train): 55.75 | Mean fitness (Test): 44.41
Generation 1000 | Best fitness (Train): 52.85 | Best fitness in generation (Train): 52.99 | Mean fitness (Train): 53.91 | Mean fitness (Test): 44.41
Generation 1100 | Best fitness (Train): 51.57 | Best fitness in generation (Train): 51.76 | Mean fitness (Train): 52.36 | Mean fitness (Test): 44.41
Generation 1200 | Best fitness (Train): 50.37 | Best fitness in generation (Train): 50.50 | Mean fitness (Train): 51.08 | Mean fitness (Test): 44.41
Generation 1300 | Best fitness (Train): 49.45 | Best fitness in generation (Train): 49.62 | Mean fitness (Train): 50.00 | Mean fitness (Test): 44.41
Generation 1400 | Best fitness (Train): 48.53 | Best fitness in generation (Train): 48.70 | Mean fitness (Train): 49.06 | Mean fitness (Test): 44.41
Generation 1500 | Best fitness (Train): 47.95 | Best fitness in generation (Train): 48.00 | Mean fitness (Train): 48.33 | Mean fitness (Test): 44.41
Generation 1600 | Best fitness (Train): 47.38 | Best fitness in generation (Train): 47.38 | Mean fitness (Train): 47.68 | Mean fitness (Test): 44.41
Generation 1700 | Best fitness (Train): 46.87 | Best fitness in generation (Train): 46.92 | Mean fitness (Train): 47.16 | Mean fitness (Test): 44.42
Generation 1800 | Best fitness (Train): 46.49 | Best fitness in generation (Train): 46.51 | Mean fitness (Train): 46.71 | Mean fitness (Test): 44.42
Generation 1900 | Best fitness (Train): 46.15 | Best fitness in generation (Train): 46.18 | Mean fitness (Train): 46.37 | Mean fitness (Test): 44.44
Generation 2000 | Best fitness (Train): 45.92 | Best fitness in generation (Train): 45.97 | Mean fitness (Train): 46.11 | Mean fitness (Test): 44.50
Generation 2100 | Best fitness (Train): 45.78 | Best fitness in generation (Train): 45.83 | Mean fitness (Train): 45.97 | Mean fitness (Test): 44.59
Generation 2200 | Best fitness (Train): 45.70 | Best fitness in generation (Train): 45.72 | Mean fitness (Train): 45.84 | Mean fitness (Test): 44.66
Generation 2300 | Best fitness (Train): 45.59 | Best fitness in generation (Train): 45.59 | Mean fitness (Train): 45.71 | Mean fitness (Test): 44.70
Generation 2400 | Best fitness (Train): 45.49 | Best fitness in generation (Train): 45.49 | Mean fitness (Train): 45.60 | Mean fitness (Test): 44.71
Generation 2500 | Best fitness (Train): 45.38 | Best fitness in generation (Train): 45.41 | Mean fitness (Train): 45.50 | Mean fitness (Test): 44.73
Generation 2600 | Best fitness (Train): 45.29 | Best fitness in generation (Train): 45.29 | Mean fitness (Train): 45.40 | Mean fitness (Test): 44.72
Generation 2700 | Best fitness (Train): 45.23 | Best fitness in generation (Train): 45.26 | Mean fitness (Train): 45.34 | Mean fitness (Test): 44.74
Generation 2800 | Best fitness (Train): 45.21 | Best fitness in generation (Train): 45.21 | Mean fitness (Train): 45.29 | Mean fitness (Test): 44.76
Generation 2900 | Best fitness (Train): 45.16 | Best fitness in generation (Train): 45.16 | Mean fitness (Train): 45.23 | Mean fitness (Test): 44.76
Generation 3000 | Best fitness (Train): 45.11 | Best fitness in generation (Train): 45.13 | Mean fitness (Train): 45.20 | Mean fitness (Test): 44.78
Generation 3100 | Best fitness (Train): 45.07 | Best fitness in generation (Train): 45.11 | Mean fitness (Train): 45.17 | Mean fitness (Test): 44.79
Generation 3200 | Best fitness (Train): 45.04 | Best fitness in generation (Train): 45.07 | Mean fitness (Train): 45.13 | Mean fitness (Test): 44.79
Generation 3300 | Best fitness (Train): 45.02 | Best fitness in generation (Train): 45.05 | Mean fitness (Train): 45.10 | Mean fitness (Test): 44.79
Generation 3400 | Best fitness (Train): 45.02 | Best fitness in generation (Train): 45.02 | Mean fitness (Train): 45.07 | Mean fitness (Test): 44.78
Generation 3500 | Best fitness (Train): 44.99 | Best fitness in generation (Train): 45.03 | Mean fitness (Train): 45.07 | Mean fitness (Test): 44.81
Generation 3600 | Best fitness (Train): 44.97 | Best fitness in generation (Train): 45.02 | Mean fitness (Train): 45.06 | Mean fitness (Test): 44.83
Generation 3700 | Best fitness (Train): 44.96 | Best fitness in generation (Train): 44.99 | Mean fitness (Train): 45.04 | Mean fitness (Test): 44.82
Generation 3800 | Best fitness (Train): 44.95 | Best fitness in generation (Train): 45.00 | Mean fitness (Train): 45.04 | Mean fitness (Test): 44.84
Generation 3900 | Best fitness (Train): 44.94 | Best fitness in generation (Train): 45.00 | Mean fitness (Train): 45.04 | Mean fitness (Test): 44.85
Generation 4000 | Best fitness (Train): 44.92 | Best fitness in generation (Train): 44.93 | Mean fitness (Train): 44.96 | Mean fitness (Test): 44.80
running the experiment ... [../../results/BBOBProblem/sphere/PGPE_500_2000/2]
Generation 100 | Best fitness (Train): 20033.08 | Best fitness in generation (Train): 20033.08 | Mean fitness (Train): 20124.50 | Mean fitness (Test): 20027.87
Generation 200 | Best fitness (Train): 13078.28 | Best fitness in generation (Train): 13078.28 | Mean fitness (Train): 13162.80 | Mean fitness (Test): 13081.63
Generation 300 | Best fitness (Train): 7669.10 | Best fitness in generation (Train): 7669.10 | Mean fitness (Train): 7729.36 | Mean fitness (Test): 7661.82
Generation 400 | Best fitness (Train): 3737.57 | Best fitness in generation (Train): 3737.57 | Mean fitness (Train): 3770.64 | Mean fitness (Test): 3719.17
Generation 500 | Best fitness (Train): 1250.98 | Best fitness in generation (Train): 1250.98 | Mean fitness (Train): 1273.98 | Mean fitness (Test): 1236.58
Generation 600 | Best fitness (Train): 160.25 | Best fitness in generation (Train): 160.25 | Mean fitness (Train): 165.49 | Mean fitness (Test): 142.30
Generation 700 | Best fitness (Train): 59.60 | Best fitness in generation (Train): 59.69 | Mean fitness (Train): 61.20 | Mean fitness (Test): 44.65
Generation 800 | Best fitness (Train): 56.46 | Best fitness in generation (Train): 57.16 | Mean fitness (Train): 58.23 | Mean fitness (Test): 44.42
Generation 900 | Best fitness (Train): 54.80 | Best fitness in generation (Train): 55.14 | Mean fitness (Train): 55.99 | Mean fitness (Test): 44.41
Generation 1000 | Best fitness (Train): 53.08 | Best fitness in generation (Train): 53.36 | Mean fitness (Train): 54.07 | Mean fitness (Test): 44.41
Generation 1100 | Best fitness (Train): 51.67 | Best fitness in generation (Train): 51.72 | Mean fitness (Train): 52.54 | Mean fitness (Test): 44.41
Generation 1200 | Best fitness (Train): 50.53 | Best fitness in generation (Train): 50.72 | Mean fitness (Train): 51.20 | Mean fitness (Test): 44.41
Generation 1300 | Best fitness (Train): 49.48 | Best fitness in generation (Train): 49.56 | Mean fitness (Train): 50.10 | Mean fitness (Test): 44.41
Generation 1400 | Best fitness (Train): 48.72 | Best fitness in generation (Train): 48.73 | Mean fitness (Train): 49.16 | Mean fitness (Test): 44.41
Generation 1500 | Best fitness (Train): 47.91 | Best fitness in generation (Train): 48.10 | Mean fitness (Train): 48.40 | Mean fitness (Test): 44.41
Generation 1600 | Best fitness (Train): 47.39 | Best fitness in generation (Train): 47.39 | Mean fitness (Train): 47.74 | Mean fitness (Test): 44.41
Generation 1700 | Best fitness (Train): 46.92 | Best fitness in generation (Train): 46.96 | Mean fitness (Train): 47.19 | Mean fitness (Test): 44.42
Generation 1800 | Best fitness (Train): 46.53 | Best fitness in generation (Train): 46.59 | Mean fitness (Train): 46.76 | Mean fitness (Test): 44.42
Generation 1900 | Best fitness (Train): 46.21 | Best fitness in generation (Train): 46.21 | Mean fitness (Train): 46.39 | Mean fitness (Test): 44.43
Generation 2000 | Best fitness (Train): 45.93 | Best fitness in generation (Train): 45.94 | Mean fitness (Train): 46.09 | Mean fitness (Test): 44.46
Generation 2100 | Best fitness (Train): 45.75 | Best fitness in generation (Train): 45.77 | Mean fitness (Train): 45.93 | Mean fitness (Test): 44.55
Generation 2200 | Best fitness (Train): 45.65 | Best fitness in generation (Train): 45.70 | Mean fitness (Train): 45.81 | Mean fitness (Test): 44.63
Generation 2300 | Best fitness (Train): 45.56 | Best fitness in generation (Train): 45.59 | Mean fitness (Train): 45.69 | Mean fitness (Test): 44.67
Generation 2400 | Best fitness (Train): 45.45 | Best fitness in generation (Train): 45.47 | Mean fitness (Train): 45.58 | Mean fitness (Test): 44.70
Generation 2500 | Best fitness (Train): 45.37 | Best fitness in generation (Train): 45.40 | Mean fitness (Train): 45.50 | Mean fitness (Test): 44.72
Generation 2600 | Best fitness (Train): 45.29 | Best fitness in generation (Train): 45.33 | Mean fitness (Train): 45.40 | Mean fitness (Test): 44.73
Generation 2700 | Best fitness (Train): 45.23 | Best fitness in generation (Train): 45.25 | Mean fitness (Train): 45.32 | Mean fitness (Test): 44.73
Generation 2800 | Best fitness (Train): 45.18 | Best fitness in generation (Train): 45.19 | Mean fitness (Train): 45.28 | Mean fitness (Test): 44.75
Generation 2900 | Best fitness (Train): 45.14 | Best fitness in generation (Train): 45.17 | Mean fitness (Train): 45.24 | Mean fitness (Test): 44.77
Generation 3000 | Best fitness (Train): 45.10 | Best fitness in generation (Train): 45.10 | Mean fitness (Train): 45.17 | Mean fitness (Test): 44.75
Generation 3100 | Best fitness (Train): 45.07 | Best fitness in generation (Train): 45.09 | Mean fitness (Train): 45.15 | Mean fitness (Test): 44.77
Generation 3200 | Best fitness (Train): 45.02 | Best fitness in generation (Train): 45.08 | Mean fitness (Train): 45.13 | Mean fitness (Test): 44.79
Generation 3300 | Best fitness (Train): 45.01 | Best fitness in generation (Train): 45.05 | Mean fitness (Train): 45.10 | Mean fitness (Test): 44.79
Generation 3400 | Best fitness (Train): 44.97 | Best fitness in generation (Train): 44.99 | Mean fitness (Train): 45.04 | Mean fitness (Test): 44.76
Generation 3500 | Best fitness (Train): 44.97 | Best fitness in generation (Train): 44.98 | Mean fitness (Train): 45.03 | Mean fitness (Test): 44.77
Generation 3600 | Best fitness (Train): 44.96 | Best fitness in generation (Train): 44.97 | Mean fitness (Train): 45.01 | Mean fitness (Test): 44.77
Generation 3700 | Best fitness (Train): 44.94 | Best fitness in generation (Train): 44.96 | Mean fitness (Train): 45.00 | Mean fitness (Test): 44.79
Generation 3800 | Best fitness (Train): 44.92 | Best fitness in generation (Train): 44.94 | Mean fitness (Train): 44.99 | Mean fitness (Test): 44.79
Generation 3900 | Best fitness (Train): 44.92 | Best fitness in generation (Train): 44.97 | Mean fitness (Train): 45.01 | Mean fitness (Test): 44.83
Generation 4000 | Best fitness (Train): 44.92 | Best fitness in generation (Train): 44.96 | Mean fitness (Train): 44.99 | Mean fitness (Test): 44.82
running the experiment ... [../../results/BBOBProblem/sphere/PGPE_500_2000/3]
Generation 100 | Best fitness (Train): 18283.64 | Best fitness in generation (Train): 18283.64 | Mean fitness (Train): 18361.16 | Mean fitness (Test): 18267.69
Generation 200 | Best fitness (Train): 11699.35 | Best fitness in generation (Train): 11699.35 | Mean fitness (Train): 11753.04 | Mean fitness (Test): 11675.88
Generation 300 | Best fitness (Train): 6637.32 | Best fitness in generation (Train): 6637.32 | Mean fitness (Train): 6683.20 | Mean fitness (Test): 6620.15
Generation 400 | Best fitness (Train): 3031.36 | Best fitness in generation (Train): 3031.36 | Mean fitness (Train): 3059.86 | Mean fitness (Test): 3011.22
Generation 500 | Best fitness (Train): 879.50 | Best fitness in generation (Train): 879.50 | Mean fitness (Train): 895.64 | Mean fitness (Test): 861.66
Generation 600 | Best fitness (Train): 89.16 | Best fitness in generation (Train): 89.16 | Mean fitness (Train): 92.47 | Mean fitness (Test): 71.91
Generation 700 | Best fitness (Train): 58.67 | Best fitness in generation (Train): 59.02 | Mean fitness (Train): 60.37 | Mean fitness (Test): 44.49
Generation 800 | Best fitness (Train): 56.23 | Best fitness in generation (Train): 56.71 | Mean fitness (Train): 57.74 | Mean fitness (Test): 44.41
Generation 900 | Best fitness (Train): 54.50 | Best fitness in generation (Train): 54.65 | Mean fitness (Train): 55.51 | Mean fitness (Test): 44.41
Generation 1000 | Best fitness (Train): 52.79 | Best fitness in generation (Train): 52.81 | Mean fitness (Train): 53.72 | Mean fitness (Test): 44.41
Generation 1100 | Best fitness (Train): 51.32 | Best fitness in generation (Train): 51.41 | Mean fitness (Train): 52.18 | Mean fitness (Test): 44.41
Generation 1200 | Best fitness (Train): 50.34 | Best fitness in generation (Train): 50.34 | Mean fitness (Train): 50.91 | Mean fitness (Test): 44.41
Generation 1300 | Best fitness (Train): 49.31 | Best fitness in generation (Train): 49.35 | Mean fitness (Train): 49.85 | Mean fitness (Test): 44.41
Generation 1400 | Best fitness (Train): 48.52 | Best fitness in generation (Train): 48.52 | Mean fitness (Train): 48.96 | Mean fitness (Test): 44.41
Generation 1500 | Best fitness (Train): 47.90 | Best fitness in generation (Train): 47.93 | Mean fitness (Train): 48.23 | Mean fitness (Test): 44.41
Generation 1600 | Best fitness (Train): 47.25 | Best fitness in generation (Train): 47.35 | Mean fitness (Train): 47.60 | Mean fitness (Test): 44.41
Generation 1700 | Best fitness (Train): 46.74 | Best fitness in generation (Train): 46.88 | Mean fitness (Train): 47.07 | Mean fitness (Test): 44.42
Generation 1800 | Best fitness (Train): 46.41 | Best fitness in generation (Train): 46.48 | Mean fitness (Train): 46.66 | Mean fitness (Test): 44.42
Generation 1900 | Best fitness (Train): 46.10 | Best fitness in generation (Train): 46.12 | Mean fitness (Train): 46.31 | Mean fitness (Test): 44.44
Generation 2000 | Best fitness (Train): 45.90 | Best fitness in generation (Train): 45.93 | Mean fitness (Train): 46.07 | Mean fitness (Test): 44.50
Generation 2100 | Best fitness (Train): 45.76 | Best fitness in generation (Train): 45.82 | Mean fitness (Train): 45.94 | Mean fitness (Test): 44.60
Generation 2200 | Best fitness (Train): 45.68 | Best fitness in generation (Train): 45.70 | Mean fitness (Train): 45.82 | Mean fitness (Test): 44.67
Generation 2300 | Best fitness (Train): 45.52 | Best fitness in generation (Train): 45.54 | Mean fitness (Train): 45.68 | Mean fitness (Test): 44.69
Generation 2400 | Best fitness (Train): 45.47 | Best fitness in generation (Train): 45.49 | Mean fitness (Train): 45.60 | Mean fitness (Test): 44.73
Generation 2500 | Best fitness (Train): 45.40 | Best fitness in generation (Train): 45.43 | Mean fitness (Train): 45.52 | Mean fitness (Test): 44.76
Generation 2600 | Best fitness (Train): 45.33 | Best fitness in generation (Train): 45.33 | Mean fitness (Train): 45.43 | Mean fitness (Test): 44.76
Generation 2700 | Best fitness (Train): 45.28 | Best fitness in generation (Train): 45.29 | Mean fitness (Train): 45.37 | Mean fitness (Test): 44.78
Generation 2800 | Best fitness (Train): 45.20 | Best fitness in generation (Train): 45.22 | Mean fitness (Train): 45.31 | Mean fitness (Test): 44.78
Generation 2900 | Best fitness (Train): 45.18 | Best fitness in generation (Train): 45.19 | Mean fitness (Train): 45.26 | Mean fitness (Test): 44.79
Generation 3000 | Best fitness (Train): 45.13 | Best fitness in generation (Train): 45.13 | Mean fitness (Train): 45.21 | Mean fitness (Test): 44.79
Generation 3100 | Best fitness (Train): 45.07 | Best fitness in generation (Train): 45.12 | Mean fitness (Train): 45.17 | Mean fitness (Test): 44.79
Generation 3200 | Best fitness (Train): 45.07 | Best fitness in generation (Train): 45.08 | Mean fitness (Train): 45.14 | Mean fitness (Test): 44.80
Generation 3300 | Best fitness (Train): 45.04 | Best fitness in generation (Train): 45.06 | Mean fitness (Train): 45.11 | Mean fitness (Test): 44.80
Generation 3400 | Best fitness (Train): 45.03 | Best fitness in generation (Train): 45.03 | Mean fitness (Train): 45.09 | Mean fitness (Test): 44.81
Generation 3500 | Best fitness (Train): 44.98 | Best fitness in generation (Train): 44.98 | Mean fitness (Train): 45.03 | Mean fitness (Test): 44.77
Generation 3600 | Best fitness (Train): 44.97 | Best fitness in generation (Train): 45.03 | Mean fitness (Train): 45.07 | Mean fitness (Test): 44.84
Generation 3700 | Best fitness (Train): 44.97 | Best fitness in generation (Train): 45.00 | Mean fitness (Train): 45.05 | Mean fitness (Test): 44.83
Generation 3800 | Best fitness (Train): 44.96 | Best fitness in generation (Train): 44.99 | Mean fitness (Train): 45.03 | Mean fitness (Test): 44.83
Generation 3900 | Best fitness (Train): 44.94 | Best fitness in generation (Train): 44.99 | Mean fitness (Train): 45.02 | Mean fitness (Test): 44.83
Generation 4000 | Best fitness (Train): 44.94 | Best fitness in generation (Train): 44.99 | Mean fitness (Train): 45.03 | Mean fitness (Test): 44.85
running the experiment ... [../../results/BBOBProblem/sphere/PGPE_500_2000/4]
Generation 100 | Best fitness (Train): 19114.02 | Best fitness in generation (Train): 19114.02 | Mean fitness (Train): 19186.76 | Mean fitness (Test): 19092.58
Generation 200 | Best fitness (Train): 12345.81 | Best fitness in generation (Train): 12345.81 | Mean fitness (Train): 12413.30 | Mean fitness (Test): 12333.77
Generation 300 | Best fitness (Train): 7123.64 | Best fitness in generation (Train): 7123.64 | Mean fitness (Train): 7175.67 | Mean fitness (Test): 7110.50
Generation 400 | Best fitness (Train): 3336.87 | Best fitness in generation (Train): 3336.87 | Mean fitness (Train): 3378.94 | Mean fitness (Test): 3328.44
Generation 500 | Best fitness (Train): 1034.12 | Best fitness in generation (Train): 1034.12 | Mean fitness (Train): 1051.13 | Mean fitness (Test): 1015.60
Generation 600 | Best fitness (Train): 111.06 | Best fitness in generation (Train): 111.06 | Mean fitness (Train): 115.75 | Mean fitness (Test): 94.02
Generation 700 | Best fitness (Train): 59.30 | Best fitness in generation (Train): 59.35 | Mean fitness (Train): 60.72 | Mean fitness (Test): 44.55
Generation 800 | Best fitness (Train): 56.67 | Best fitness in generation (Train): 56.67 | Mean fitness (Train): 57.88 | Mean fitness (Test): 44.41
Generation 900 | Best fitness (Train): 54.54 | Best fitness in generation (Train): 54.54 | Mean fitness (Train): 55.69 | Mean fitness (Test): 44.41
Generation 1000 | Best fitness (Train): 52.98 | Best fitness in generation (Train): 53.17 | Mean fitness (Train): 53.87 | Mean fitness (Test): 44.41
Generation 1100 | Best fitness (Train): 51.44 | Best fitness in generation (Train): 51.61 | Mean fitness (Train): 52.30 | Mean fitness (Test): 44.41
Generation 1200 | Best fitness (Train): 50.22 | Best fitness in generation (Train): 50.38 | Mean fitness (Train): 51.03 | Mean fitness (Test): 44.41
Generation 1300 | Best fitness (Train): 49.25 | Best fitness in generation (Train): 49.25 | Mean fitness (Train): 49.94 | Mean fitness (Test): 44.41
Generation 1400 | Best fitness (Train): 48.58 | Best fitness in generation (Train): 48.71 | Mean fitness (Train): 49.05 | Mean fitness (Test): 44.41
Generation 1500 | Best fitness (Train): 47.94 | Best fitness in generation (Train): 47.98 | Mean fitness (Train): 48.28 | Mean fitness (Test): 44.41
Generation 1600 | Best fitness (Train): 47.34 | Best fitness in generation (Train): 47.35 | Mean fitness (Train): 47.65 | Mean fitness (Test): 44.41
Generation 1700 | Best fitness (Train): 46.86 | Best fitness in generation (Train): 46.87 | Mean fitness (Train): 47.13 | Mean fitness (Test): 44.42
Generation 1800 | Best fitness (Train): 46.43 | Best fitness in generation (Train): 46.43 | Mean fitness (Train): 46.68 | Mean fitness (Test): 44.42
Generation 1900 | Best fitness (Train): 46.13 | Best fitness in generation (Train): 46.17 | Mean fitness (Train): 46.34 | Mean fitness (Test): 44.43
Generation 2000 | Best fitness (Train): 45.89 | Best fitness in generation (Train): 45.93 | Mean fitness (Train): 46.07 | Mean fitness (Test): 44.47
Generation 2100 | Best fitness (Train): 45.73 | Best fitness in generation (Train): 45.77 | Mean fitness (Train): 45.91 | Mean fitness (Test): 44.56
Generation 2200 | Best fitness (Train): 45.69 | Best fitness in generation (Train): 45.72 | Mean fitness (Train): 45.85 | Mean fitness (Test): 44.69
Generation 2300 | Best fitness (Train): 45.56 | Best fitness in generation (Train): 45.58 | Mean fitness (Train): 45.70 | Mean fitness (Test): 44.71
Generation 2400 | Best fitness (Train): 45.48 | Best fitness in generation (Train): 45.49 | Mean fitness (Train): 45.61 | Mean fitness (Test): 44.74
Generation 2500 | Best fitness (Train): 45.40 | Best fitness in generation (Train): 45.40 | Mean fitness (Train): 45.51 | Mean fitness (Test): 44.75
Generation 2600 | Best fitness (Train): 45.31 | Best fitness in generation (Train): 45.34 | Mean fitness (Train): 45.41 | Mean fitness (Test): 44.74
Generation 2700 | Best fitness (Train): 45.27 | Best fitness in generation (Train): 45.29 | Mean fitness (Train): 45.37 | Mean fitness (Test): 44.77
Generation 2800 | Best fitness (Train): 45.19 | Best fitness in generation (Train): 45.22 | Mean fitness (Train): 45.30 | Mean fitness (Test): 44.77
Generation 2900 | Best fitness (Train): 45.18 | Best fitness in generation (Train): 45.20 | Mean fitness (Train): 45.27 | Mean fitness (Test): 44.79
Generation 3000 | Best fitness (Train): 45.12 | Best fitness in generation (Train): 45.12 | Mean fitness (Train): 45.19 | Mean fitness (Test): 44.77
Generation 3100 | Best fitness (Train): 45.07 | Best fitness in generation (Train): 45.12 | Mean fitness (Train): 45.18 | Mean fitness (Test): 44.80
Generation 3200 | Best fitness (Train): 45.05 | Best fitness in generation (Train): 45.06 | Mean fitness (Train): 45.11 | Mean fitness (Test): 44.77
Generation 3300 | Best fitness (Train): 45.01 | Best fitness in generation (Train): 45.02 | Mean fitness (Train): 45.08 | Mean fitness (Test): 44.76
Generation 3400 | Best fitness (Train): 45.00 | Best fitness in generation (Train): 45.01 | Mean fitness (Train): 45.06 | Mean fitness (Test): 44.78
Generation 3500 | Best fitness (Train): 44.99 | Best fitness in generation (Train): 45.05 | Mean fitness (Train): 45.10 | Mean fitness (Test): 44.84
Generation 3600 | Best fitness (Train): 44.97 | Best fitness in generation (Train): 44.99 | Mean fitness (Train): 45.03 | Mean fitness (Test): 44.79
Generation 3700 | Best fitness (Train): 44.93 | Best fitness in generation (Train): 44.97 | Mean fitness (Train): 45.01 | Mean fitness (Test): 44.80
Generation 3800 | Best fitness (Train): 44.93 | Best fitness in generation (Train): 44.98 | Mean fitness (Train): 45.03 | Mean fitness (Test): 44.83
Generation 3900 | Best fitness (Train): 44.93 | Best fitness in generation (Train): 44.97 | Mean fitness (Train): 45.02 | Mean fitness (Test): 44.83
Generation 4000 | Best fitness (Train): 44.93 | Best fitness in generation (Train): 44.96 | Mean fitness (Train): 45.01 | Mean fitness (Test): 44.83
Running ES algorithms:   0%|                                                                                                                                       | 0/7 [00:00<?, ?it/s][A
running the experiment ... [../../results/BBOBProblem/sphere/Open_ES_500_2000/0]
Generation 100 | Best fitness (Train): 23229.74 | Best fitness in generation (Train): 23229.74 | Mean fitness (Train): 23274.18 | Mean fitness (Test): 23230.13
Generation 200 | Best fitness (Train): 19488.30 | Best fitness in generation (Train): 19488.30 | Mean fitness (Train): 19530.01 | Mean fitness (Test): 19490.89
Generation 300 | Best fitness (Train): 16204.60 | Best fitness in generation (Train): 16204.60 | Mean fitness (Train): 16240.29 | Mean fitness (Test): 16205.19
Generation 400 | Best fitness (Train): 13341.12 | Best fitness in generation (Train): 13341.12 | Mean fitness (Train): 13372.62 | Mean fitness (Test): 13342.50
Generation 500 | Best fitness (Train): 10866.14 | Best fitness in generation (Train): 10866.14 | Mean fitness (Train): 10886.41 | Mean fitness (Test): 10860.06
Generation 600 | Best fitness (Train): 8727.25 | Best fitness in generation (Train): 8727.25 | Mean fitness (Train): 8746.58 | Mean fitness (Test): 8723.67
Generation 700 | Best fitness (Train): 6898.87 | Best fitness in generation (Train): 6898.87 | Mean fitness (Train): 6918.21 | Mean fitness (Test): 6898.59
Generation 800 | Best fitness (Train): 5345.92 | Best fitness in generation (Train): 5345.92 | Mean fitness (Train): 5361.52 | Mean fitness (Test): 5344.83
Generation 900 | Best fitness (Train): 4066.98 | Best fitness in generation (Train): 4066.98 | Mean fitness (Train): 4078.77 | Mean fitness (Test): 4064.73
Generation 1000 | Best fitness (Train): 3004.08 | Best fitness in generation (Train): 3004.08 | Mean fitness (Train): 3013.72 | Mean fitness (Test): 3001.82
Generation 1100 | Best fitness (Train): 2148.23 | Best fitness in generation (Train): 2148.23 | Mean fitness (Train): 2155.60 | Mean fitness (Test): 2146.01
Generation 1200 | Best fitness (Train): 1469.22 | Best fitness in generation (Train): 1469.22 | Mean fitness (Train): 1475.92 | Mean fitness (Test): 1468.14
Generation 1300 | Best fitness (Train): 946.14 | Best fitness in generation (Train): 946.14 | Mean fitness (Train): 950.94 | Mean fitness (Test): 944.65
Generation 1400 | Best fitness (Train): 560.38 | Best fitness in generation (Train): 560.38 | Mean fitness (Train): 564.52 | Mean fitness (Test): 559.69
Generation 1500 | Best fitness (Train): 296.26 | Best fitness in generation (Train): 296.26 | Mean fitness (Train): 298.66 | Mean fitness (Test): 295.06
Generation 1600 | Best fitness (Train): 132.96 | Best fitness in generation (Train): 132.96 | Mean fitness (Train): 135.00 | Mean fitness (Test): 132.42
Generation 1700 | Best fitness (Train): 57.95 | Best fitness in generation (Train): 57.95 | Mean fitness (Train): 58.48 | Mean fitness (Test): 56.83
Generation 1800 | Best fitness (Train): 45.51 | Best fitness in generation (Train): 45.51 | Mean fitness (Train): 45.63 | Mean fitness (Test): 44.45
Generation 1900 | Best fitness (Train): 45.37 | Best fitness in generation (Train): 45.41 | Mean fitness (Train): 45.50 | Mean fitness (Test): 44.41
Generation 2000 | Best fitness (Train): 45.31 | Best fitness in generation (Train): 45.31 | Mean fitness (Train): 45.41 | Mean fitness (Test): 44.41
Generation 2100 | Best fitness (Train): 45.24 | Best fitness in generation (Train): 45.24 | Mean fitness (Train): 45.33 | Mean fitness (Test): 44.41
Generation 2200 | Best fitness (Train): 45.18 | Best fitness in generation (Train): 45.18 | Mean fitness (Train): 45.26 | Mean fitness (Test): 44.41
Generation 2300 | Best fitness (Train): 45.11 | Best fitness in generation (Train): 45.14 | Mean fitness (Train): 45.20 | Mean fitness (Test): 44.41
Generation 2400 | Best fitness (Train): 45.07 | Best fitness in generation (Train): 45.09 | Mean fitness (Train): 45.14 | Mean fitness (Test): 44.41
Generation 2500 | Best fitness (Train): 44.99 | Best fitness in generation (Train): 45.03 | Mean fitness (Train): 45.08 | Mean fitness (Test): 44.41
Generation 2600 | Best fitness (Train): 44.96 | Best fitness in generation (Train): 44.98 | Mean fitness (Train): 45.03 | Mean fitness (Test): 44.41
Generation 2700 | Best fitness (Train): 44.92 | Best fitness in generation (Train): 44.93 | Mean fitness (Train): 44.98 | Mean fitness (Test): 44.41
Generation 2800 | Best fitness (Train): 44.89 | Best fitness in generation (Train): 44.89 | Mean fitness (Train): 44.94 | Mean fitness (Test): 44.41
Generation 2900 | Best fitness (Train): 44.85 | Best fitness in generation (Train): 44.86 | Mean fitness (Train): 44.90 | Mean fitness (Test): 44.41
Generation 3000 | Best fitness (Train): 44.81 | Best fitness in generation (Train): 44.82 | Mean fitness (Train): 44.86 | Mean fitness (Test): 44.41
Generation 3100 | Best fitness (Train): 44.78 | Best fitness in generation (Train): 44.80 | Mean fitness (Train): 44.83 | Mean fitness (Test): 44.42
Generation 3200 | Best fitness (Train): 44.76 | Best fitness in generation (Train): 44.77 | Mean fitness (Train): 44.81 | Mean fitness (Test): 44.42
Generation 3300 | Best fitness (Train): 44.74 | Best fitness in generation (Train): 44.75 | Mean fitness (Train): 44.78 | Mean fitness (Test): 44.43
Generation 3400 | Best fitness (Train): 44.72 | Best fitness in generation (Train): 44.72 | Mean fitness (Train): 44.76 | Mean fitness (Test): 44.43
Generation 3500 | Best fitness (Train): 44.69 | Best fitness in generation (Train): 44.69 | Mean fitness (Train): 44.72 | Mean fitness (Test): 44.43
Generation 3600 | Best fitness (Train): 44.67 | Best fitness in generation (Train): 44.67 | Mean fitness (Train): 44.70 | Mean fitness (Test): 44.42
Generation 3700 | Best fitness (Train): 44.65 | Best fitness in generation (Train): 44.65 | Mean fitness (Train): 44.67 | Mean fitness (Test): 44.42
Generation 3800 | Best fitness (Train): 44.63 | Best fitness in generation (Train): 44.63 | Mean fitness (Train): 44.66 | Mean fitness (Test): 44.42
Generation 3900 | Best fitness (Train): 44.61 | Best fitness in generation (Train): 44.61 | Mean fitness (Train): 44.64 | Mean fitness (Test): 44.42
Generation 4000 | Best fitness (Train): 44.59 | Best fitness in generation (Train): 44.60 | Mean fitness (Train): 44.62 | Mean fitness (Test): 44.42
running the experiment ... [../../results/BBOBProblem/sphere/Open_ES_500_2000/1]
Generation 100 | Best fitness (Train): 22995.06 | Best fitness in generation (Train): 22995.06 | Mean fitness (Train): 23037.84 | Mean fitness (Test): 22993.44
Generation 200 | Best fitness (Train): 19261.67 | Best fitness in generation (Train): 19261.67 | Mean fitness (Train): 19296.32 | Mean fitness (Test): 19257.44
Generation 300 | Best fitness (Train): 16033.37 | Best fitness in generation (Train): 16033.37 | Mean fitness (Train): 16064.46 | Mean fitness (Test): 16030.62
Generation 400 | Best fitness (Train): 13187.69 | Best fitness in generation (Train): 13187.69 | Mean fitness (Train): 13220.81 | Mean fitness (Test): 13190.13
Generation 500 | Best fitness (Train): 10708.54 | Best fitness in generation (Train): 10708.54 | Mean fitness (Train): 10741.97 | Mean fitness (Test): 10715.42
Generation 600 | Best fitness (Train): 8589.65 | Best fitness in generation (Train): 8589.65 | Mean fitness (Train): 8616.02 | Mean fitness (Test): 8593.18
Generation 700 | Best fitness (Train): 6792.13 | Best fitness in generation (Train): 6792.13 | Mean fitness (Train): 6813.23 | Mean fitness (Test): 6793.77
Generation 800 | Best fitness (Train): 5283.70 | Best fitness in generation (Train): 5283.70 | Mean fitness (Train): 5296.97 | Mean fitness (Test): 5280.35
Generation 900 | Best fitness (Train): 4004.33 | Best fitness in generation (Train): 4004.33 | Mean fitness (Train): 4021.04 | Mean fitness (Test): 4006.90
Generation 1000 | Best fitness (Train): 2958.24 | Best fitness in generation (Train): 2958.24 | Mean fitness (Train): 2970.83 | Mean fitness (Test): 2959.32
Generation 1100 | Best fitness (Train): 2111.02 | Best fitness in generation (Train): 2111.02 | Mean fitness (Train): 2120.76 | Mean fitness (Test): 2111.31
Generation 1200 | Best fitness (Train): 1441.04 | Best fitness in generation (Train): 1441.04 | Mean fitness (Train): 1446.74 | Mean fitness (Test): 1438.97
Generation 1300 | Best fitness (Train): 928.22 | Best fitness in generation (Train): 928.22 | Mean fitness (Train): 933.32 | Mean fitness (Test): 927.06
Generation 1400 | Best fitness (Train): 545.77 | Best fitness in generation (Train): 545.77 | Mean fitness (Train): 549.89 | Mean fitness (Test): 545.09
Generation 1500 | Best fitness (Train): 286.47 | Best fitness in generation (Train): 286.47 | Mean fitness (Train): 289.64 | Mean fitness (Test): 286.11
Generation 1600 | Best fitness (Train): 128.93 | Best fitness in generation (Train): 128.93 | Mean fitness (Train): 130.36 | Mean fitness (Test): 127.83
Generation 1700 | Best fitness (Train): 56.40 | Best fitness in generation (Train): 56.40 | Mean fitness (Train): 56.94 | Mean fitness (Test): 55.31
Generation 1800 | Best fitness (Train): 45.50 | Best fitness in generation (Train): 45.51 | Mean fitness (Train): 45.62 | Mean fitness (Test): 44.44
Generation 1900 | Best fitness (Train): 45.37 | Best fitness in generation (Train): 45.39 | Mean fitness (Train): 45.50 | Mean fitness (Test): 44.41
Generation 2000 | Best fitness (Train): 45.31 | Best fitness in generation (Train): 45.33 | Mean fitness (Train): 45.41 | Mean fitness (Test): 44.41
Generation 2100 | Best fitness (Train): 45.23 | Best fitness in generation (Train): 45.26 | Mean fitness (Train): 45.34 | Mean fitness (Test): 44.41
Generation 2200 | Best fitness (Train): 45.17 | Best fitness in generation (Train): 45.20 | Mean fitness (Train): 45.26 | Mean fitness (Test): 44.41
Generation 2300 | Best fitness (Train): 45.11 | Best fitness in generation (Train): 45.12 | Mean fitness (Train): 45.20 | Mean fitness (Test): 44.41
Generation 2400 | Best fitness (Train): 45.06 | Best fitness in generation (Train): 45.08 | Mean fitness (Train): 45.14 | Mean fitness (Test): 44.41
Generation 2500 | Best fitness (Train): 45.02 | Best fitness in generation (Train): 45.03 | Mean fitness (Train): 45.08 | Mean fitness (Test): 44.41
Generation 2600 | Best fitness (Train): 44.96 | Best fitness in generation (Train): 44.97 | Mean fitness (Train): 45.03 | Mean fitness (Test): 44.41
Generation 2700 | Best fitness (Train): 44.93 | Best fitness in generation (Train): 44.93 | Mean fitness (Train): 44.98 | Mean fitness (Test): 44.41
Generation 2800 | Best fitness (Train): 44.88 | Best fitness in generation (Train): 44.89 | Mean fitness (Train): 44.94 | Mean fitness (Test): 44.41
Generation 2900 | Best fitness (Train): 44.85 | Best fitness in generation (Train): 44.86 | Mean fitness (Train): 44.90 | Mean fitness (Test): 44.41
Generation 3000 | Best fitness (Train): 44.81 | Best fitness in generation (Train): 44.83 | Mean fitness (Train): 44.86 | Mean fitness (Test): 44.41
Generation 3100 | Best fitness (Train): 44.78 | Best fitness in generation (Train): 44.80 | Mean fitness (Train): 44.83 | Mean fitness (Test): 44.41
Generation 3200 | Best fitness (Train): 44.76 | Best fitness in generation (Train): 44.77 | Mean fitness (Train): 44.80 | Mean fitness (Test): 44.42
Generation 3300 | Best fitness (Train): 44.74 | Best fitness in generation (Train): 44.75 | Mean fitness (Train): 44.78 | Mean fitness (Test): 44.43
Generation 3400 | Best fitness (Train): 44.72 | Best fitness in generation (Train): 44.73 | Mean fitness (Train): 44.76 | Mean fitness (Test): 44.43
Generation 3500 | Best fitness (Train): 44.70 | Best fitness in generation (Train): 44.70 | Mean fitness (Train): 44.73 | Mean fitness (Test): 44.43
Generation 3600 | Best fitness (Train): 44.67 | Best fitness in generation (Train): 44.67 | Mean fitness (Train): 44.70 | Mean fitness (Test): 44.42
Generation 3700 | Best fitness (Train): 44.64 | Best fitness in generation (Train): 44.65 | Mean fitness (Train): 44.67 | Mean fitness (Test): 44.42
Generation 3800 | Best fitness (Train): 44.63 | Best fitness in generation (Train): 44.64 | Mean fitness (Train): 44.65 | Mean fitness (Test): 44.42
Generation 3900 | Best fitness (Train): 44.61 | Best fitness in generation (Train): 44.61 | Mean fitness (Train): 44.64 | Mean fitness (Test): 44.42
Generation 4000 | Best fitness (Train): 44.59 | Best fitness in generation (Train): 44.60 | Mean fitness (Train): 44.62 | Mean fitness (Test): 44.42
running the experiment ... [../../results/BBOBProblem/sphere/Open_ES_500_2000/2]
Generation 100 | Best fitness (Train): 24148.08 | Best fitness in generation (Train): 24148.08 | Mean fitness (Train): 24196.04 | Mean fitness (Test): 24150.78
Generation 200 | Best fitness (Train): 20305.01 | Best fitness in generation (Train): 20305.01 | Mean fitness (Train): 20353.16 | Mean fitness (Test): 20313.28
Generation 300 | Best fitness (Train): 16947.16 | Best fitness in generation (Train): 16947.16 | Mean fitness (Train): 16986.89 | Mean fitness (Test): 16950.88
Generation 400 | Best fitness (Train): 14012.18 | Best fitness in generation (Train): 14012.18 | Mean fitness (Train): 14041.26 | Mean fitness (Test): 14010.41
Generation 500 | Best fitness (Train): 11461.88 | Best fitness in generation (Train): 11461.88 | Mean fitness (Train): 11490.63 | Mean fitness (Test): 11463.36
Generation 600 | Best fitness (Train): 9261.78 | Best fitness in generation (Train): 9261.78 | Mean fitness (Train): 9281.40 | Mean fitness (Test): 9258.26
Generation 700 | Best fitness (Train): 7362.65 | Best fitness in generation (Train): 7362.65 | Mean fitness (Train): 7384.62 | Mean fitness (Test): 7364.39
Generation 800 | Best fitness (Train): 5773.35 | Best fitness in generation (Train): 5773.35 | Mean fitness (Train): 5786.48 | Mean fitness (Test): 5769.37
Generation 900 | Best fitness (Train): 4423.21 | Best fitness in generation (Train): 4423.21 | Mean fitness (Train): 4438.39 | Mean fitness (Test): 4423.82
Generation 1000 | Best fitness (Train): 3321.91 | Best fitness in generation (Train): 3321.91 | Mean fitness (Train): 3334.05 | Mean fitness (Test): 3321.60
Generation 1100 | Best fitness (Train): 2410.61 | Best fitness in generation (Train): 2410.61 | Mean fitness (Train): 2421.20 | Mean fitness (Test): 2411.04
Generation 1200 | Best fitness (Train): 1684.27 | Best fitness in generation (Train): 1684.27 | Mean fitness (Train): 1691.74 | Mean fitness (Test): 1683.32
Generation 1300 | Best fitness (Train): 1116.92 | Best fitness in generation (Train): 1116.92 | Mean fitness (Train): 1123.50 | Mean fitness (Test): 1116.72
Generation 1400 | Best fitness (Train): 689.51 | Best fitness in generation (Train): 689.51 | Mean fitness (Train): 694.02 | Mean fitness (Test): 688.78
Generation 1500 | Best fitness (Train): 383.89 | Best fitness in generation (Train): 383.89 | Mean fitness (Train): 386.79 | Mean fitness (Test): 382.79
Generation 1600 | Best fitness (Train): 186.31 | Best fitness in generation (Train): 186.31 | Mean fitness (Train): 187.96 | Mean fitness (Test): 185.08
Generation 1700 | Best fitness (Train): 79.37 | Best fitness in generation (Train): 79.37 | Mean fitness (Train): 80.27 | Mean fitness (Test): 78.33
Generation 1800 | Best fitness (Train): 46.17 | Best fitness in generation (Train): 46.17 | Mean fitness (Train): 46.33 | Mean fitness (Test): 45.10
Generation 1900 | Best fitness (Train): 45.40 | Best fitness in generation (Train): 45.41 | Mean fitness (Train): 45.50 | Mean fitness (Test): 44.41
Generation 2000 | Best fitness (Train): 45.31 | Best fitness in generation (Train): 45.32 | Mean fitness (Train): 45.41 | Mean fitness (Test): 44.41
Generation 2100 | Best fitness (Train): 45.24 | Best fitness in generation (Train): 45.24 | Mean fitness (Train): 45.34 | Mean fitness (Test): 44.41
Generation 2200 | Best fitness (Train): 45.19 | Best fitness in generation (Train): 45.20 | Mean fitness (Train): 45.26 | Mean fitness (Test): 44.41
Generation 2300 | Best fitness (Train): 45.12 | Best fitness in generation (Train): 45.13 | Mean fitness (Train): 45.20 | Mean fitness (Test): 44.41
Generation 2400 | Best fitness (Train): 45.05 | Best fitness in generation (Train): 45.07 | Mean fitness (Train): 45.14 | Mean fitness (Test): 44.41
Generation 2500 | Best fitness (Train): 45.01 | Best fitness in generation (Train): 45.04 | Mean fitness (Train): 45.08 | Mean fitness (Test): 44.41
Generation 2600 | Best fitness (Train): 44.97 | Best fitness in generation (Train): 45.00 | Mean fitness (Train): 45.03 | Mean fitness (Test): 44.41
Generation 2700 | Best fitness (Train): 44.92 | Best fitness in generation (Train): 44.94 | Mean fitness (Train): 44.98 | Mean fitness (Test): 44.41
Generation 2800 | Best fitness (Train): 44.87 | Best fitness in generation (Train): 44.88 | Mean fitness (Train): 44.94 | Mean fitness (Test): 44.41
Generation 2900 | Best fitness (Train): 44.85 | Best fitness in generation (Train): 44.86 | Mean fitness (Train): 44.90 | Mean fitness (Test): 44.41
Generation 3000 | Best fitness (Train): 44.82 | Best fitness in generation (Train): 44.82 | Mean fitness (Train): 44.86 | Mean fitness (Test): 44.41
Generation 3100 | Best fitness (Train): 44.78 | Best fitness in generation (Train): 44.79 | Mean fitness (Train): 44.83 | Mean fitness (Test): 44.41
Generation 3200 | Best fitness (Train): 44.75 | Best fitness in generation (Train): 44.75 | Mean fitness (Train): 44.80 | Mean fitness (Test): 44.42
Generation 3300 | Best fitness (Train): 44.73 | Best fitness in generation (Train): 44.74 | Mean fitness (Train): 44.78 | Mean fitness (Test): 44.43
Generation 3400 | Best fitness (Train): 44.72 | Best fitness in generation (Train): 44.73 | Mean fitness (Train): 44.76 | Mean fitness (Test): 44.44
Generation 3500 | Best fitness (Train): 44.70 | Best fitness in generation (Train): 44.71 | Mean fitness (Train): 44.73 | Mean fitness (Test): 44.43
Generation 3600 | Best fitness (Train): 44.67 | Best fitness in generation (Train): 44.68 | Mean fitness (Train): 44.70 | Mean fitness (Test): 44.42
Generation 3700 | Best fitness (Train): 44.64 | Best fitness in generation (Train): 44.65 | Mean fitness (Train): 44.68 | Mean fitness (Test): 44.42
Generation 3800 | Best fitness (Train): 44.63 | Best fitness in generation (Train): 44.63 | Mean fitness (Train): 44.65 | Mean fitness (Test): 44.42
Generation 3900 | Best fitness (Train): 44.61 | Best fitness in generation (Train): 44.61 | Mean fitness (Train): 44.63 | Mean fitness (Test): 44.42
Generation 4000 | Best fitness (Train): 44.60 | Best fitness in generation (Train): 44.60 | Mean fitness (Train): 44.62 | Mean fitness (Test): 44.42
running the experiment ... [../../results/BBOBProblem/sphere/Open_ES_500_2000/3]
Generation 100 | Best fitness (Train): 22166.76 | Best fitness in generation (Train): 22166.76 | Mean fitness (Train): 22208.18 | Mean fitness (Test): 22164.44
Generation 200 | Best fitness (Train): 18504.57 | Best fitness in generation (Train): 18504.57 | Mean fitness (Train): 18535.96 | Mean fitness (Test): 18498.04
Generation 300 | Best fitness (Train): 15316.74 | Best fitness in generation (Train): 15316.74 | Mean fitness (Train): 15346.93 | Mean fitness (Test): 15313.29
Generation 400 | Best fitness (Train): 12530.85 | Best fitness in generation (Train): 12530.85 | Mean fitness (Train): 12556.67 | Mean fitness (Test): 12527.04
Generation 500 | Best fitness (Train): 10133.43 | Best fitness in generation (Train): 10133.43 | Mean fitness (Train): 10158.49 | Mean fitness (Test): 10132.67
Generation 600 | Best fitness (Train): 8082.79 | Best fitness in generation (Train): 8082.79 | Mean fitness (Train): 8107.03 | Mean fitness (Test): 8085.08
Generation 700 | Best fitness (Train): 6340.30 | Best fitness in generation (Train): 6340.30 | Mean fitness (Train): 6355.64 | Mean fitness (Test): 6336.81
Generation 800 | Best fitness (Train): 4875.88 | Best fitness in generation (Train): 4875.88 | Mean fitness (Train): 4889.54 | Mean fitness (Test): 4873.36
Generation 900 | Best fitness (Train): 3637.18 | Best fitness in generation (Train): 3637.18 | Mean fitness (Train): 3650.36 | Mean fitness (Test): 3636.76
Generation 1000 | Best fitness (Train): 2626.77 | Best fitness in generation (Train): 2626.77 | Mean fitness (Train): 2640.89 | Mean fitness (Test): 2629.57
Generation 1100 | Best fitness (Train): 1831.67 | Best fitness in generation (Train): 1831.67 | Mean fitness (Train): 1839.99 | Mean fitness (Test): 1830.81
Generation 1200 | Best fitness (Train): 1214.74 | Best fitness in generation (Train): 1214.74 | Mean fitness (Train): 1220.76 | Mean fitness (Test): 1213.44
Generation 1300 | Best fitness (Train): 751.03 | Best fitness in generation (Train): 751.03 | Mean fitness (Train): 755.41 | Mean fitness (Test): 749.71
Generation 1400 | Best fitness (Train): 418.42 | Best fitness in generation (Train): 418.42 | Mean fitness (Train): 421.86 | Mean fitness (Test): 417.46
Generation 1500 | Best fitness (Train): 200.53 | Best fitness in generation (Train): 200.53 | Mean fitness (Train): 202.44 | Mean fitness (Test): 199.31
Generation 1600 | Best fitness (Train): 83.48 | Best fitness in generation (Train): 83.48 | Mean fitness (Train): 84.47 | Mean fitness (Test): 82.34
Generation 1700 | Best fitness (Train): 46.33 | Best fitness in generation (Train): 46.33 | Mean fitness (Train): 46.49 | Mean fitness (Test): 45.16
Generation 1800 | Best fitness (Train): 45.45 | Best fitness in generation (Train): 45.50 | Mean fitness (Train): 45.59 | Mean fitness (Test): 44.41
Generation 1900 | Best fitness (Train): 45.37 | Best fitness in generation (Train): 45.39 | Mean fitness (Train): 45.50 | Mean fitness (Test): 44.41
Generation 2000 | Best fitness (Train): 45.31 | Best fitness in generation (Train): 45.33 | Mean fitness (Train): 45.41 | Mean fitness (Test): 44.41
Generation 2100 | Best fitness (Train): 45.23 | Best fitness in generation (Train): 45.27 | Mean fitness (Train): 45.34 | Mean fitness (Test): 44.41
Generation 2200 | Best fitness (Train): 45.17 | Best fitness in generation (Train): 45.19 | Mean fitness (Train): 45.27 | Mean fitness (Test): 44.41
Generation 2300 | Best fitness (Train): 45.10 | Best fitness in generation (Train): 45.13 | Mean fitness (Train): 45.20 | Mean fitness (Test): 44.41
Generation 2400 | Best fitness (Train): 45.06 | Best fitness in generation (Train): 45.09 | Mean fitness (Train): 45.14 | Mean fitness (Test): 44.41
Generation 2500 | Best fitness (Train): 45.01 | Best fitness in generation (Train): 45.03 | Mean fitness (Train): 45.08 | Mean fitness (Test): 44.41
Generation 2600 | Best fitness (Train): 44.97 | Best fitness in generation (Train): 44.98 | Mean fitness (Train): 45.03 | Mean fitness (Test): 44.41
Generation 2700 | Best fitness (Train): 44.91 | Best fitness in generation (Train): 44.94 | Mean fitness (Train): 44.98 | Mean fitness (Test): 44.41
Generation 2800 | Best fitness (Train): 44.88 | Best fitness in generation (Train): 44.88 | Mean fitness (Train): 44.94 | Mean fitness (Test): 44.41
Generation 2900 | Best fitness (Train): 44.85 | Best fitness in generation (Train): 44.85 | Mean fitness (Train): 44.90 | Mean fitness (Test): 44.41
Generation 3000 | Best fitness (Train): 44.81 | Best fitness in generation (Train): 44.83 | Mean fitness (Train): 44.86 | Mean fitness (Test): 44.41
Generation 3100 | Best fitness (Train): 44.79 | Best fitness in generation (Train): 44.80 | Mean fitness (Train): 44.83 | Mean fitness (Test): 44.42
Generation 3200 | Best fitness (Train): 44.76 | Best fitness in generation (Train): 44.78 | Mean fitness (Train): 44.81 | Mean fitness (Test): 44.43
Generation 3300 | Best fitness (Train): 44.75 | Best fitness in generation (Train): 44.75 | Mean fitness (Train): 44.79 | Mean fitness (Test): 44.44
Generation 3400 | Best fitness (Train): 44.71 | Best fitness in generation (Train): 44.71 | Mean fitness (Train): 44.75 | Mean fitness (Test): 44.43
Generation 3500 | Best fitness (Train): 44.69 | Best fitness in generation (Train): 44.69 | Mean fitness (Train): 44.72 | Mean fitness (Test): 44.42
Generation 3600 | Best fitness (Train): 44.67 | Best fitness in generation (Train): 44.67 | Mean fitness (Train): 44.70 | Mean fitness (Test): 44.42
Generation 3700 | Best fitness (Train): 44.64 | Best fitness in generation (Train): 44.65 | Mean fitness (Train): 44.67 | Mean fitness (Test): 44.42
Generation 3800 | Best fitness (Train): 44.63 | Best fitness in generation (Train): 44.63 | Mean fitness (Train): 44.65 | Mean fitness (Test): 44.42
Generation 3900 | Best fitness (Train): 44.61 | Best fitness in generation (Train): 44.62 | Mean fitness (Train): 44.64 | Mean fitness (Test): 44.42
Generation 4000 | Best fitness (Train): 44.60 | Best fitness in generation (Train): 44.60 | Mean fitness (Train): 44.62 | Mean fitness (Test): 44.42
running the experiment ... [../../results/BBOBProblem/sphere/Open_ES_500_2000/4]
Generation 100 | Best fitness (Train): 23104.24 | Best fitness in generation (Train): 23104.24 | Mean fitness (Train): 23142.72 | Mean fitness (Test): 23098.69
Generation 200 | Best fitness (Train): 19352.88 | Best fitness in generation (Train): 19352.88 | Mean fitness (Train): 19392.47 | Mean fitness (Test): 19353.31
Generation 300 | Best fitness (Train): 16088.77 | Best fitness in generation (Train): 16088.77 | Mean fitness (Train): 16124.11 | Mean fitness (Test): 16089.30
Generation 400 | Best fitness (Train): 13216.23 | Best fitness in generation (Train): 13216.23 | Mean fitness (Train): 13251.74 | Mean fitness (Test): 13221.06
Generation 500 | Best fitness (Train): 10742.98 | Best fitness in generation (Train): 10742.98 | Mean fitness (Train): 10764.85 | Mean fitness (Test): 10738.44
Generation 600 | Best fitness (Train): 8615.54 | Best fitness in generation (Train): 8615.54 | Mean fitness (Train): 8642.92 | Mean fitness (Test): 8620.25
Generation 700 | Best fitness (Train): 6807.72 | Best fitness in generation (Train): 6807.72 | Mean fitness (Train): 6828.02 | Mean fitness (Test): 6808.43
Generation 800 | Best fitness (Train): 5284.88 | Best fitness in generation (Train): 5284.88 | Mean fitness (Train): 5299.88 | Mean fitness (Test): 5282.97
Generation 900 | Best fitness (Train): 3993.12 | Best fitness in generation (Train): 3993.12 | Mean fitness (Train): 4005.80 | Mean fitness (Test): 3991.74
Generation 1000 | Best fitness (Train): 2942.90 | Best fitness in generation (Train): 2942.90 | Mean fitness (Train): 2952.82 | Mean fitness (Test): 2941.19
Generation 1100 | Best fitness (Train): 2094.24 | Best fitness in generation (Train): 2094.24 | Mean fitness (Train): 2104.72 | Mean fitness (Test): 2095.12
Generation 1200 | Best fitness (Train): 1422.41 | Best fitness in generation (Train): 1422.41 | Mean fitness (Train): 1430.14 | Mean fitness (Test): 1422.34
Generation 1300 | Best fitness (Train): 910.07 | Best fitness in generation (Train): 910.07 | Mean fitness (Train): 915.64 | Mean fitness (Test): 909.34
Generation 1400 | Best fitness (Train): 533.19 | Best fitness in generation (Train): 533.19 | Mean fitness (Train): 537.13 | Mean fitness (Test): 532.33
Generation 1500 | Best fitness (Train): 277.24 | Best fitness in generation (Train): 277.24 | Mean fitness (Train): 279.50 | Mean fitness (Test): 275.94
Generation 1600 | Best fitness (Train): 122.02 | Best fitness in generation (Train): 122.02 | Mean fitness (Train): 123.43 | Mean fitness (Test): 120.98
Generation 1700 | Best fitness (Train): 54.40 | Best fitness in generation (Train): 54.40 | Mean fitness (Train): 54.82 | Mean fitness (Test): 53.23
Generation 1800 | Best fitness (Train): 45.48 | Best fitness in generation (Train): 45.48 | Mean fitness (Train): 45.61 | Mean fitness (Test): 44.43
Generation 1900 | Best fitness (Train): 45.38 | Best fitness in generation (Train): 45.42 | Mean fitness (Train): 45.50 | Mean fitness (Test): 44.41
Generation 2000 | Best fitness (Train): 45.30 | Best fitness in generation (Train): 45.34 | Mean fitness (Train): 45.41 | Mean fitness (Test): 44.41
Generation 2100 | Best fitness (Train): 45.24 | Best fitness in generation (Train): 45.25 | Mean fitness (Train): 45.34 | Mean fitness (Test): 44.41
Generation 2200 | Best fitness (Train): 45.18 | Best fitness in generation (Train): 45.21 | Mean fitness (Train): 45.26 | Mean fitness (Test): 44.41
Generation 2300 | Best fitness (Train): 45.11 | Best fitness in generation (Train): 45.13 | Mean fitness (Train): 45.20 | Mean fitness (Test): 44.41
Generation 2400 | Best fitness (Train): 45.06 | Best fitness in generation (Train): 45.06 | Mean fitness (Train): 45.14 | Mean fitness (Test): 44.41
Generation 2500 | Best fitness (Train): 45.01 | Best fitness in generation (Train): 45.03 | Mean fitness (Train): 45.08 | Mean fitness (Test): 44.41
Generation 2600 | Best fitness (Train): 44.97 | Best fitness in generation (Train): 44.98 | Mean fitness (Train): 45.03 | Mean fitness (Test): 44.41
Generation 2700 | Best fitness (Train): 44.92 | Best fitness in generation (Train): 44.94 | Mean fitness (Train): 44.98 | Mean fitness (Test): 44.41
Generation 2800 | Best fitness (Train): 44.88 | Best fitness in generation (Train): 44.89 | Mean fitness (Train): 44.94 | Mean fitness (Test): 44.41
Generation 2900 | Best fitness (Train): 44.85 | Best fitness in generation (Train): 44.86 | Mean fitness (Train): 44.90 | Mean fitness (Test): 44.41
Generation 3000 | Best fitness (Train): 44.80 | Best fitness in generation (Train): 44.80 | Mean fitness (Train): 44.86 | Mean fitness (Test): 44.41
Generation 3100 | Best fitness (Train): 44.78 | Best fitness in generation (Train): 44.80 | Mean fitness (Train): 44.83 | Mean fitness (Test): 44.42
Generation 3200 | Best fitness (Train): 44.76 | Best fitness in generation (Train): 44.78 | Mean fitness (Train): 44.80 | Mean fitness (Test): 44.42
Generation 3300 | Best fitness (Train): 44.74 | Best fitness in generation (Train): 44.76 | Mean fitness (Train): 44.79 | Mean fitness (Test): 44.43
Generation 3400 | Best fitness (Train): 44.72 | Best fitness in generation (Train): 44.72 | Mean fitness (Train): 44.76 | Mean fitness (Test): 44.43
Generation 3500 | Best fitness (Train): 44.69 | Best fitness in generation (Train): 44.69 | Mean fitness (Train): 44.73 | Mean fitness (Test): 44.43
Generation 3600 | Best fitness (Train): 44.67 | Best fitness in generation (Train): 44.67 | Mean fitness (Train): 44.70 | Mean fitness (Test): 44.42
Generation 3700 | Best fitness (Train): 44.65 | Best fitness in generation (Train): 44.65 | Mean fitness (Train): 44.67 | Mean fitness (Test): 44.42
Generation 3800 | Best fitness (Train): 44.62 | Best fitness in generation (Train): 44.63 | Mean fitness (Train): 44.65 | Mean fitness (Test): 44.42
Generation 3900 | Best fitness (Train): 44.61 | Best fitness in generation (Train): 44.61 | Mean fitness (Train): 44.64 | Mean fitness (Test): 44.42
Generation 4000 | Best fitness (Train): 44.59 | Best fitness in generation (Train): 44.60 | Mean fitness (Train): 44.62 | Mean fitness (Test): 44.42
Running ES algorithms:  14%|██████████████████▏                                                                                                            | 1/7 [00:13<01:19, 13.29s/it][A
running the experiment ... [../../results/BBOBProblem/sphere/SNES_500_2000/0]
Generation 100 | Best fitness (Train): 23080.83 | Best fitness in generation (Train): 23080.83 | Mean fitness (Train): 23181.98 | Mean fitness (Test): 23120.47
Generation 200 | Best fitness (Train): 19120.78 | Best fitness in generation (Train): 19120.78 | Mean fitness (Train): 19197.63 | Mean fitness (Test): 19140.44
Generation 300 | Best fitness (Train): 15491.61 | Best fitness in generation (Train): 15491.61 | Mean fitness (Train): 15575.18 | Mean fitness (Test): 15518.90
Generation 400 | Best fitness (Train): 12266.61 | Best fitness in generation (Train): 12266.61 | Mean fitness (Train): 12336.91 | Mean fitness (Test): 12282.95
Generation 500 | Best fitness (Train): 9430.59 | Best fitness in generation (Train): 9430.59 | Mean fitness (Train): 9480.20 | Mean fitness (Test): 9438.31
Generation 600 | Best fitness (Train): 6964.66 | Best fitness in generation (Train): 6964.66 | Mean fitness (Train): 7017.25 | Mean fitness (Test): 6976.43
Generation 700 | Best fitness (Train): 4886.81 | Best fitness in generation (Train): 4886.81 | Mean fitness (Train): 4931.59 | Mean fitness (Test): 4893.01
Generation 800 | Best fitness (Train): 3185.85 | Best fitness in generation (Train): 3185.85 | Mean fitness (Train): 3214.79 | Mean fitness (Test): 3180.21
Generation 900 | Best fitness (Train): 1870.95 | Best fitness in generation (Train): 1870.95 | Mean fitness (Train): 1890.51 | Mean fitness (Test): 1860.69
Generation 1000 | Best fitness (Train): 911.72 | Best fitness in generation (Train): 911.72 | Mean fitness (Train): 928.27 | Mean fitness (Test): 901.28
Generation 1100 | Best fitness (Train): 332.59 | Best fitness in generation (Train): 332.59 | Mean fitness (Train): 341.16 | Mean fitness (Test): 318.16
Generation 1200 | Best fitness (Train): 85.70 | Best fitness in generation (Train): 85.70 | Mean fitness (Train): 88.72 | Mean fitness (Test): 70.22
Generation 1300 | Best fitness (Train): 58.91 | Best fitness in generation (Train): 59.00 | Mean fitness (Train): 60.57 | Mean fitness (Test): 45.56
Generation 1400 | Best fitness (Train): 56.31 | Best fitness in generation (Train): 56.61 | Mean fitness (Train): 57.71 | Mean fitness (Test): 45.31
Generation 1500 | Best fitness (Train): 54.33 | Best fitness in generation (Train): 54.38 | Mean fitness (Train): 55.38 | Mean fitness (Test): 45.18
Generation 1600 | Best fitness (Train): 52.59 | Best fitness in generation (Train): 52.63 | Mean fitness (Train): 53.49 | Mean fitness (Test): 45.04
Generation 1700 | Best fitness (Train): 51.05 | Best fitness in generation (Train): 51.13 | Mean fitness (Train): 51.88 | Mean fitness (Test): 44.91
Generation 1800 | Best fitness (Train): 49.92 | Best fitness in generation (Train): 49.99 | Mean fitness (Train): 50.58 | Mean fitness (Test): 44.83
Generation 1900 | Best fitness (Train): 49.04 | Best fitness in generation (Train): 49.12 | Mean fitness (Train): 49.53 | Mean fitness (Test): 44.78
Generation 2000 | Best fitness (Train): 48.18 | Best fitness in generation (Train): 48.25 | Mean fitness (Train): 48.64 | Mean fitness (Test): 44.70
Generation 2100 | Best fitness (Train): 47.56 | Best fitness in generation (Train): 47.60 | Mean fitness (Train): 47.91 | Mean fitness (Test): 44.66
Generation 2200 | Best fitness (Train): 46.97 | Best fitness in generation (Train): 46.99 | Mean fitness (Train): 47.30 | Mean fitness (Test): 44.61
Generation 2300 | Best fitness (Train): 46.53 | Best fitness in generation (Train): 46.57 | Mean fitness (Train): 46.81 | Mean fitness (Test): 44.57
Generation 2400 | Best fitness (Train): 46.21 | Best fitness in generation (Train): 46.21 | Mean fitness (Train): 46.39 | Mean fitness (Test): 44.54
Generation 2500 | Best fitness (Train): 45.86 | Best fitness in generation (Train): 45.90 | Mean fitness (Train): 46.05 | Mean fitness (Test): 44.52
Generation 2600 | Best fitness (Train): 45.63 | Best fitness in generation (Train): 45.65 | Mean fitness (Train): 45.77 | Mean fitness (Test): 44.50
Generation 2700 | Best fitness (Train): 45.42 | Best fitness in generation (Train): 45.44 | Mean fitness (Train): 45.54 | Mean fitness (Test): 44.49
Generation 2800 | Best fitness (Train): 45.25 | Best fitness in generation (Train): 45.27 | Mean fitness (Train): 45.34 | Mean fitness (Test): 44.48
Generation 2900 | Best fitness (Train): 45.10 | Best fitness in generation (Train): 45.12 | Mean fitness (Train): 45.18 | Mean fitness (Test): 44.46
Generation 3000 | Best fitness (Train): 44.98 | Best fitness in generation (Train): 44.98 | Mean fitness (Train): 45.05 | Mean fitness (Test): 44.46
Generation 3100 | Best fitness (Train): 44.88 | Best fitness in generation (Train): 44.89 | Mean fitness (Train): 44.94 | Mean fitness (Test): 44.45
Generation 3200 | Best fitness (Train): 44.80 | Best fitness in generation (Train): 44.80 | Mean fitness (Train): 44.85 | Mean fitness (Test): 44.44
Generation 3300 | Best fitness (Train): 44.73 | Best fitness in generation (Train): 44.74 | Mean fitness (Train): 44.77 | Mean fitness (Test): 44.44
Generation 3400 | Best fitness (Train): 44.68 | Best fitness in generation (Train): 44.68 | Mean fitness (Train): 44.71 | Mean fitness (Test): 44.43
Generation 3500 | Best fitness (Train): 44.63 | Best fitness in generation (Train): 44.64 | Mean fitness (Train): 44.66 | Mean fitness (Test): 44.43
Generation 3600 | Best fitness (Train): 44.59 | Best fitness in generation (Train): 44.60 | Mean fitness (Train): 44.62 | Mean fitness (Test): 44.43
Generation 3700 | Best fitness (Train): 44.56 | Best fitness in generation (Train): 44.56 | Mean fitness (Train): 44.58 | Mean fitness (Test): 44.42
Generation 3800 | Best fitness (Train): 44.54 | Best fitness in generation (Train): 44.54 | Mean fitness (Train): 44.55 | Mean fitness (Test): 44.42
Generation 3900 | Best fitness (Train): 44.52 | Best fitness in generation (Train): 44.52 | Mean fitness (Train): 44.53 | Mean fitness (Test): 44.42
Generation 4000 | Best fitness (Train): 44.50 | Best fitness in generation (Train): 44.50 | Mean fitness (Train): 44.51 | Mean fitness (Test): 44.42
running the experiment ... [../../results/BBOBProblem/sphere/SNES_500_2000/1]
Generation 100 | Best fitness (Train): 22865.07 | Best fitness in generation (Train): 22865.07 | Mean fitness (Train): 22952.35 | Mean fitness (Test): 22890.17
Generation 200 | Best fitness (Train): 18910.92 | Best fitness in generation (Train): 18910.92 | Mean fitness (Train): 19002.01 | Mean fitness (Test): 18942.38
Generation 300 | Best fitness (Train): 15376.58 | Best fitness in generation (Train): 15376.58 | Mean fitness (Train): 15444.01 | Mean fitness (Test): 15391.81
Generation 400 | Best fitness (Train): 12148.77 | Best fitness in generation (Train): 12148.77 | Mean fitness (Train): 12225.71 | Mean fitness (Test): 12173.54
Generation 500 | Best fitness (Train): 9323.40 | Best fitness in generation (Train): 9323.40 | Mean fitness (Train): 9381.37 | Mean fitness (Test): 9337.97
Generation 600 | Best fitness (Train): 6898.13 | Best fitness in generation (Train): 6898.13 | Mean fitness (Train): 6938.53 | Mean fitness (Test): 6896.60
Generation 700 | Best fitness (Train): 4829.49 | Best fitness in generation (Train): 4829.49 | Mean fitness (Train): 4867.97 | Mean fitness (Test): 4830.58
Generation 800 | Best fitness (Train): 3148.89 | Best fitness in generation (Train): 3148.89 | Mean fitness (Train): 3177.18 | Mean fitness (Test): 3142.52
Generation 900 | Best fitness (Train): 1821.82 | Best fitness in generation (Train): 1821.82 | Mean fitness (Train): 1854.79 | Mean fitness (Test): 1822.94
Generation 1000 | Best fitness (Train): 888.55 | Best fitness in generation (Train): 888.55 | Mean fitness (Train): 909.13 | Mean fitness (Test): 882.68
Generation 1100 | Best fitness (Train): 318.96 | Best fitness in generation (Train): 318.96 | Mean fitness (Train): 329.30 | Mean fitness (Test): 306.64
Generation 1200 | Best fitness (Train): 83.18 | Best fitness in generation (Train): 83.18 | Mean fitness (Train): 86.17 | Mean fitness (Test): 67.53
Generation 1300 | Best fitness (Train): 58.96 | Best fitness in generation (Train): 59.27 | Mean fitness (Train): 60.57 | Mean fitness (Test): 45.60
Generation 1400 | Best fitness (Train): 56.28 | Best fitness in generation (Train): 56.28 | Mean fitness (Train): 57.74 | Mean fitness (Test): 45.34
Generation 1500 | Best fitness (Train): 54.26 | Best fitness in generation (Train): 54.26 | Mean fitness (Train): 55.39 | Mean fitness (Test): 45.11
Generation 1600 | Best fitness (Train): 52.56 | Best fitness in generation (Train): 52.56 | Mean fitness (Train): 53.52 | Mean fitness (Test): 45.05
Generation 1700 | Best fitness (Train): 51.14 | Best fitness in generation (Train): 51.18 | Mean fitness (Train): 51.92 | Mean fitness (Test): 44.89
Generation 1800 | Best fitness (Train): 50.04 | Best fitness in generation (Train): 50.04 | Mean fitness (Train): 50.63 | Mean fitness (Test): 44.83
Generation 1900 | Best fitness (Train): 49.00 | Best fitness in generation (Train): 49.10 | Mean fitness (Train): 49.57 | Mean fitness (Test): 44.76
Generation 2000 | Best fitness (Train): 48.23 | Best fitness in generation (Train): 48.31 | Mean fitness (Train): 48.66 | Mean fitness (Test): 44.70
Generation 2100 | Best fitness (Train): 47.57 | Best fitness in generation (Train): 47.62 | Mean fitness (Train): 47.94 | Mean fitness (Test): 44.64
Generation 2200 | Best fitness (Train): 47.04 | Best fitness in generation (Train): 47.10 | Mean fitness (Train): 47.33 | Mean fitness (Test): 44.61
Generation 2300 | Best fitness (Train): 46.55 | Best fitness in generation (Train): 46.61 | Mean fitness (Train): 46.83 | Mean fitness (Test): 44.58
Generation 2400 | Best fitness (Train): 46.21 | Best fitness in generation (Train): 46.25 | Mean fitness (Train): 46.41 | Mean fitness (Test): 44.55
Generation 2500 | Best fitness (Train): 45.90 | Best fitness in generation (Train): 45.92 | Mean fitness (Train): 46.06 | Mean fitness (Test): 44.52
Generation 2600 | Best fitness (Train): 45.64 | Best fitness in generation (Train): 45.65 | Mean fitness (Train): 45.79 | Mean fitness (Test): 44.51
Generation 2700 | Best fitness (Train): 45.42 | Best fitness in generation (Train): 45.45 | Mean fitness (Train): 45.54 | Mean fitness (Test): 44.49
Generation 2800 | Best fitness (Train): 45.26 | Best fitness in generation (Train): 45.27 | Mean fitness (Train): 45.35 | Mean fitness (Test): 44.48
Generation 2900 | Best fitness (Train): 45.10 | Best fitness in generation (Train): 45.12 | Mean fitness (Train): 45.19 | Mean fitness (Test): 44.46
Generation 3000 | Best fitness (Train): 44.98 | Best fitness in generation (Train): 45.00 | Mean fitness (Train): 45.05 | Mean fitness (Test): 44.45
Generation 3100 | Best fitness (Train): 44.88 | Best fitness in generation (Train): 44.89 | Mean fitness (Train): 44.94 | Mean fitness (Test): 44.45
Generation 3200 | Best fitness (Train): 44.81 | Best fitness in generation (Train): 44.81 | Mean fitness (Train): 44.85 | Mean fitness (Test): 44.44
Generation 3300 | Best fitness (Train): 44.73 | Best fitness in generation (Train): 44.73 | Mean fitness (Train): 44.77 | Mean fitness (Test): 44.44
Generation 3400 | Best fitness (Train): 44.67 | Best fitness in generation (Train): 44.67 | Mean fitness (Train): 44.71 | Mean fitness (Test): 44.43
Generation 3500 | Best fitness (Train): 44.63 | Best fitness in generation (Train): 44.64 | Mean fitness (Train): 44.66 | Mean fitness (Test): 44.43
Generation 3600 | Best fitness (Train): 44.60 | Best fitness in generation (Train): 44.60 | Mean fitness (Train): 44.62 | Mean fitness (Test): 44.43
Generation 3700 | Best fitness (Train): 44.56 | Best fitness in generation (Train): 44.57 | Mean fitness (Train): 44.58 | Mean fitness (Test): 44.42
Generation 3800 | Best fitness (Train): 44.54 | Best fitness in generation (Train): 44.54 | Mean fitness (Train): 44.55 | Mean fitness (Test): 44.42
Generation 3900 | Best fitness (Train): 44.52 | Best fitness in generation (Train): 44.52 | Mean fitness (Train): 44.53 | Mean fitness (Test): 44.42
Generation 4000 | Best fitness (Train): 44.50 | Best fitness in generation (Train): 44.50 | Mean fitness (Train): 44.51 | Mean fitness (Test): 44.42
running the experiment ... [../../results/BBOBProblem/sphere/SNES_500_2000/2]
Generation 100 | Best fitness (Train): 24046.28 | Best fitness in generation (Train): 24046.28 | Mean fitness (Train): 24132.46 | Mean fitness (Test): 24071.67
Generation 200 | Best fitness (Train): 19989.97 | Best fitness in generation (Train): 19989.97 | Mean fitness (Train): 20082.04 | Mean fitness (Test): 20022.35
Generation 300 | Best fitness (Train): 16302.19 | Best fitness in generation (Train): 16302.19 | Mean fitness (Train): 16389.24 | Mean fitness (Test): 16333.48
Generation 400 | Best fitness (Train): 12997.99 | Best fitness in generation (Train): 12997.99 | Mean fitness (Train): 13074.28 | Mean fitness (Test): 13023.08
Generation 500 | Best fitness (Train): 10080.78 | Best fitness in generation (Train): 10080.78 | Mean fitness (Train): 10153.43 | Mean fitness (Test): 10107.90
Generation 600 | Best fitness (Train): 7549.78 | Best fitness in generation (Train): 7549.78 | Mean fitness (Train): 7604.22 | Mean fitness (Test): 7561.86
Generation 700 | Best fitness (Train): 5374.40 | Best fitness in generation (Train): 5374.40 | Mean fitness (Train): 5424.59 | Mean fitness (Test): 5384.12
Generation 800 | Best fitness (Train): 3588.30 | Best fitness in generation (Train): 3588.75 | Mean fitness (Train): 3621.08 | Mean fitness (Test): 3586.28
Generation 900 | Best fitness (Train): 2171.30 | Best fitness in generation (Train): 2171.30 | Mean fitness (Train): 2197.87 | Mean fitness (Test): 2166.01
Generation 1000 | Best fitness (Train): 1131.89 | Best fitness in generation (Train): 1131.89 | Mean fitness (Train): 1152.70 | Mean fitness (Test): 1124.27
Generation 1100 | Best fitness (Train): 450.82 | Best fitness in generation (Train): 450.82 | Mean fitness (Train): 465.19 | Mean fitness (Test): 440.69
Generation 1200 | Best fitness (Train): 120.74 | Best fitness in generation (Train): 120.74 | Mean fitness (Train): 126.04 | Mean fitness (Test): 106.00
Generation 1300 | Best fitness (Train): 60.15 | Best fitness in generation (Train): 60.15 | Mean fitness (Train): 61.80 | Mean fitness (Test): 45.91
Generation 1400 | Best fitness (Train): 56.92 | Best fitness in generation (Train): 57.22 | Mean fitness (Train): 58.43 | Mean fitness (Test): 45.32
Generation 1500 | Best fitness (Train): 54.67 | Best fitness in generation (Train): 55.00 | Mean fitness (Train): 56.04 | Mean fitness (Test): 45.21
Generation 1600 | Best fitness (Train): 52.97 | Best fitness in generation (Train): 53.10 | Mean fitness (Train): 54.04 | Mean fitness (Test): 45.08
Generation 1700 | Best fitness (Train): 51.56 | Best fitness in generation (Train): 51.63 | Mean fitness (Train): 52.36 | Mean fitness (Test): 44.94
Generation 1800 | Best fitness (Train): 50.38 | Best fitness in generation (Train): 50.56 | Mean fitness (Train): 51.00 | Mean fitness (Test): 44.87
Generation 1900 | Best fitness (Train): 49.30 | Best fitness in generation (Train): 49.40 | Mean fitness (Train): 49.85 | Mean fitness (Test): 44.77
Generation 2000 | Best fitness (Train): 48.44 | Best fitness in generation (Train): 48.54 | Mean fitness (Train): 48.92 | Mean fitness (Test): 44.72
Generation 2100 | Best fitness (Train): 47.78 | Best fitness in generation (Train): 47.84 | Mean fitness (Train): 48.15 | Mean fitness (Test): 44.67
Generation 2200 | Best fitness (Train): 47.07 | Best fitness in generation (Train): 47.24 | Mean fitness (Train): 47.49 | Mean fitness (Test): 44.62
Generation 2300 | Best fitness (Train): 46.68 | Best fitness in generation (Train): 46.76 | Mean fitness (Train): 46.96 | Mean fitness (Test): 44.58
Generation 2400 | Best fitness (Train): 46.32 | Best fitness in generation (Train): 46.33 | Mean fitness (Train): 46.53 | Mean fitness (Test): 44.56
Generation 2500 | Best fitness (Train): 46.00 | Best fitness in generation (Train): 46.03 | Mean fitness (Train): 46.17 | Mean fitness (Test): 44.53
Generation 2600 | Best fitness (Train): 45.69 | Best fitness in generation (Train): 45.69 | Mean fitness (Train): 45.85 | Mean fitness (Test): 44.51
Generation 2700 | Best fitness (Train): 45.50 | Best fitness in generation (Train): 45.51 | Mean fitness (Train): 45.60 | Mean fitness (Test): 44.49
Generation 2800 | Best fitness (Train): 45.29 | Best fitness in generation (Train): 45.29 | Mean fitness (Train): 45.40 | Mean fitness (Test): 44.48
Generation 2900 | Best fitness (Train): 45.14 | Best fitness in generation (Train): 45.14 | Mean fitness (Train): 45.23 | Mean fitness (Test): 44.47
Generation 3000 | Best fitness (Train): 45.01 | Best fitness in generation (Train): 45.02 | Mean fitness (Train): 45.09 | Mean fitness (Test): 44.46
Generation 3100 | Best fitness (Train): 44.92 | Best fitness in generation (Train): 44.92 | Mean fitness (Train): 44.97 | Mean fitness (Test): 44.45
Generation 3200 | Best fitness (Train): 44.82 | Best fitness in generation (Train): 44.82 | Mean fitness (Train): 44.88 | Mean fitness (Test): 44.44
Generation 3300 | Best fitness (Train): 44.76 | Best fitness in generation (Train): 44.76 | Mean fitness (Train): 44.80 | Mean fitness (Test): 44.44
Generation 3400 | Best fitness (Train): 44.70 | Best fitness in generation (Train): 44.70 | Mean fitness (Train): 44.73 | Mean fitness (Test): 44.43
Generation 3500 | Best fitness (Train): 44.65 | Best fitness in generation (Train): 44.65 | Mean fitness (Train): 44.68 | Mean fitness (Test): 44.43
Generation 3600 | Best fitness (Train): 44.61 | Best fitness in generation (Train): 44.61 | Mean fitness (Train): 44.63 | Mean fitness (Test): 44.43
Generation 3700 | Best fitness (Train): 44.57 | Best fitness in generation (Train): 44.57 | Mean fitness (Train): 44.59 | Mean fitness (Test): 44.42
Generation 3800 | Best fitness (Train): 44.54 | Best fitness in generation (Train): 44.55 | Mean fitness (Train): 44.56 | Mean fitness (Test): 44.42
Generation 3900 | Best fitness (Train): 44.52 | Best fitness in generation (Train): 44.52 | Mean fitness (Train): 44.53 | Mean fitness (Test): 44.42
Generation 4000 | Best fitness (Train): 44.50 | Best fitness in generation (Train): 44.51 | Mean fitness (Train): 44.51 | Mean fitness (Test): 44.42
running the experiment ... [../../results/BBOBProblem/sphere/SNES_500_2000/3]
Generation 100 | Best fitness (Train): 22010.29 | Best fitness in generation (Train): 22010.29 | Mean fitness (Train): 22095.89 | Mean fitness (Test): 22035.63
Generation 200 | Best fitness (Train): 18134.13 | Best fitness in generation (Train): 18134.13 | Mean fitness (Train): 18215.21 | Mean fitness (Test): 18160.72
Generation 300 | Best fitness (Train): 14634.46 | Best fitness in generation (Train): 14634.46 | Mean fitness (Train): 14723.03 | Mean fitness (Test): 14669.95
Generation 400 | Best fitness (Train): 11517.11 | Best fitness in generation (Train): 11517.11 | Mean fitness (Train): 11580.43 | Mean fitness (Test): 11530.78
Generation 500 | Best fitness (Train): 8778.66 | Best fitness in generation (Train): 8778.66 | Mean fitness (Train): 8834.28 | Mean fitness (Test): 8788.64
Generation 600 | Best fitness (Train): 6412.04 | Best fitness in generation (Train): 6412.04 | Mean fitness (Train): 6468.85 | Mean fitness (Test): 6428.23
Generation 700 | Best fitness (Train): 4435.97 | Best fitness in generation (Train): 4435.97 | Mean fitness (Train): 4474.20 | Mean fitness (Test): 4437.18
Generation 800 | Best fitness (Train): 2835.25 | Best fitness in generation (Train): 2835.25 | Mean fitness (Train): 2861.86 | Mean fitness (Test): 2828.20
Generation 900 | Best fitness (Train): 1591.39 | Best fitness in generation (Train): 1591.39 | Mean fitness (Train): 1612.66 | Mean fitness (Test): 1583.68
Generation 1000 | Best fitness (Train): 722.98 | Best fitness in generation (Train): 722.98 | Mean fitness (Train): 742.09 | Mean fitness (Test): 716.01
Generation 1100 | Best fitness (Train): 235.36 | Best fitness in generation (Train): 235.36 | Mean fitness (Train): 242.61 | Mean fitness (Test): 220.74
Generation 1200 | Best fitness (Train): 67.64 | Best fitness in generation (Train): 67.64 | Mean fitness (Train): 69.97 | Mean fitness (Test): 52.41
Generation 1300 | Best fitness (Train): 58.15 | Best fitness in generation (Train): 58.15 | Mean fitness (Train): 59.75 | Mean fitness (Test): 45.45
Generation 1400 | Best fitness (Train): 55.75 | Best fitness in generation (Train): 55.82 | Mean fitness (Train): 57.08 | Mean fitness (Test): 45.24
Generation 1500 | Best fitness (Train): 53.91 | Best fitness in generation (Train): 53.99 | Mean fitness (Train): 54.89 | Mean fitness (Test): 45.12
Generation 1600 | Best fitness (Train): 52.17 | Best fitness in generation (Train): 52.36 | Mean fitness (Train): 53.09 | Mean fitness (Test): 44.99
Generation 1700 | Best fitness (Train): 50.77 | Best fitness in generation (Train): 50.88 | Mean fitness (Train): 51.58 | Mean fitness (Test): 44.90
Generation 1800 | Best fitness (Train): 49.71 | Best fitness in generation (Train): 49.87 | Mean fitness (Train): 50.35 | Mean fitness (Test): 44.82
Generation 1900 | Best fitness (Train): 48.83 | Best fitness in generation (Train): 48.83 | Mean fitness (Train): 49.32 | Mean fitness (Test): 44.73
Generation 2000 | Best fitness (Train): 48.07 | Best fitness in generation (Train): 48.13 | Mean fitness (Train): 48.47 | Mean fitness (Test): 44.69
Generation 2100 | Best fitness (Train): 47.37 | Best fitness in generation (Train): 47.48 | Mean fitness (Train): 47.76 | Mean fitness (Test): 44.63
Generation 2200 | Best fitness (Train): 46.87 | Best fitness in generation (Train): 46.87 | Mean fitness (Train): 47.19 | Mean fitness (Test): 44.60
Generation 2300 | Best fitness (Train): 46.46 | Best fitness in generation (Train): 46.52 | Mean fitness (Train): 46.71 | Mean fitness (Test): 44.57
Generation 2400 | Best fitness (Train): 46.12 | Best fitness in generation (Train): 46.12 | Mean fitness (Train): 46.31 | Mean fitness (Test): 44.54
Generation 2500 | Best fitness (Train): 45.81 | Best fitness in generation (Train): 45.84 | Mean fitness (Train): 45.99 | Mean fitness (Test): 44.52
Generation 2600 | Best fitness (Train): 45.58 | Best fitness in generation (Train): 45.60 | Mean fitness (Train): 45.72 | Mean fitness (Test): 44.50
Generation 2700 | Best fitness (Train): 45.38 | Best fitness in generation (Train): 45.41 | Mean fitness (Train): 45.49 | Mean fitness (Test): 44.49
Generation 2800 | Best fitness (Train): 45.21 | Best fitness in generation (Train): 45.21 | Mean fitness (Train): 45.30 | Mean fitness (Test): 44.47
Generation 2900 | Best fitness (Train): 45.07 | Best fitness in generation (Train): 45.07 | Mean fitness (Train): 45.15 | Mean fitness (Test): 44.46
Generation 3000 | Best fitness (Train): 44.97 | Best fitness in generation (Train): 44.97 | Mean fitness (Train): 45.02 | Mean fitness (Test): 44.45
Generation 3100 | Best fitness (Train): 44.85 | Best fitness in generation (Train): 44.87 | Mean fitness (Train): 44.92 | Mean fitness (Test): 44.45
Generation 3200 | Best fitness (Train): 44.79 | Best fitness in generation (Train): 44.79 | Mean fitness (Train): 44.83 | Mean fitness (Test): 44.44
Generation 3300 | Best fitness (Train): 44.72 | Best fitness in generation (Train): 44.73 | Mean fitness (Train): 44.76 | Mean fitness (Test): 44.43
Generation 3400 | Best fitness (Train): 44.67 | Best fitness in generation (Train): 44.67 | Mean fitness (Train): 44.70 | Mean fitness (Test): 44.43
Generation 3500 | Best fitness (Train): 44.63 | Best fitness in generation (Train): 44.63 | Mean fitness (Train): 44.65 | Mean fitness (Test): 44.43
Generation 3600 | Best fitness (Train): 44.59 | Best fitness in generation (Train): 44.59 | Mean fitness (Train): 44.61 | Mean fitness (Test): 44.42
Generation 3700 | Best fitness (Train): 44.56 | Best fitness in generation (Train): 44.56 | Mean fitness (Train): 44.57 | Mean fitness (Test): 44.42
Generation 3800 | Best fitness (Train): 44.53 | Best fitness in generation (Train): 44.53 | Mean fitness (Train): 44.55 | Mean fitness (Test): 44.42
Generation 3900 | Best fitness (Train): 44.51 | Best fitness in generation (Train): 44.51 | Mean fitness (Train): 44.52 | Mean fitness (Test): 44.42
Generation 4000 | Best fitness (Train): 44.49 | Best fitness in generation (Train): 44.50 | Mean fitness (Train): 44.50 | Mean fitness (Test): 44.42
running the experiment ... [../../results/BBOBProblem/sphere/SNES_500_2000/4]
Generation 100 | Best fitness (Train): 22976.65 | Best fitness in generation (Train): 22976.65 | Mean fitness (Train): 23061.87 | Mean fitness (Test): 23001.78
Generation 200 | Best fitness (Train): 19015.88 | Best fitness in generation (Train): 19015.88 | Mean fitness (Train): 19094.88 | Mean fitness (Test): 19038.43
Generation 300 | Best fitness (Train): 15449.91 | Best fitness in generation (Train): 15449.91 | Mean fitness (Train): 15524.65 | Mean fitness (Test): 15468.84
Generation 400 | Best fitness (Train): 12219.70 | Best fitness in generation (Train): 12219.70 | Mean fitness (Train): 12301.34 | Mean fitness (Test): 12250.09
Generation 500 | Best fitness (Train): 9399.06 | Best fitness in generation (Train): 9399.06 | Mean fitness (Train): 9452.16 | Mean fitness (Test): 9405.93
Generation 600 | Best fitness (Train): 6961.81 | Best fitness in generation (Train): 6961.81 | Mean fitness (Train): 7008.73 | Mean fitness (Test): 6967.59
Generation 700 | Best fitness (Train): 4874.45 | Best fitness in generation (Train): 4874.45 | Mean fitness (Train): 4921.01 | Mean fitness (Test): 4880.02
Generation 800 | Best fitness (Train): 3184.68 | Best fitness in generation (Train): 3184.68 | Mean fitness (Train): 3215.37 | Mean fitness (Test): 3180.41
Generation 900 | Best fitness (Train): 1856.94 | Best fitness in generation (Train): 1856.94 | Mean fitness (Train): 1883.25 | Mean fitness (Test): 1851.57
Generation 1000 | Best fitness (Train): 908.13 | Best fitness in generation (Train): 908.13 | Mean fitness (Train): 925.83 | Mean fitness (Test): 899.61
Generation 1100 | Best fitness (Train): 326.74 | Best fitness in generation (Train): 326.74 | Mean fitness (Train): 335.33 | Mean fitness (Test): 312.23
Generation 1200 | Best fitness (Train): 82.70 | Best fitness in generation (Train): 82.70 | Mean fitness (Train): 86.70 | Mean fitness (Test): 67.98
Generation 1300 | Best fitness (Train): 58.75 | Best fitness in generation (Train): 58.75 | Mean fitness (Train): 60.60 | Mean fitness (Test): 45.52
Generation 1400 | Best fitness (Train): 56.22 | Best fitness in generation (Train): 56.22 | Mean fitness (Train): 57.82 | Mean fitness (Test): 45.33
Generation 1500 | Best fitness (Train): 54.27 | Best fitness in generation (Train): 54.27 | Mean fitness (Train): 55.47 | Mean fitness (Test): 45.15
Generation 1600 | Best fitness (Train): 52.65 | Best fitness in generation (Train): 52.68 | Mean fitness (Train): 53.57 | Mean fitness (Test): 45.04
Generation 1700 | Best fitness (Train): 51.15 | Best fitness in generation (Train): 51.15 | Mean fitness (Train): 51.96 | Mean fitness (Test): 44.93
Generation 1800 | Best fitness (Train): 49.91 | Best fitness in generation (Train): 49.95 | Mean fitness (Train): 50.65 | Mean fitness (Test): 44.85
Generation 1900 | Best fitness (Train): 49.08 | Best fitness in generation (Train): 49.15 | Mean fitness (Train): 49.59 | Mean fitness (Test): 44.76
Generation 2000 | Best fitness (Train): 48.22 | Best fitness in generation (Train): 48.32 | Mean fitness (Train): 48.67 | Mean fitness (Test): 44.68
Generation 2100 | Best fitness (Train): 47.58 | Best fitness in generation (Train): 47.64 | Mean fitness (Train): 47.95 | Mean fitness (Test): 44.65
Generation 2200 | Best fitness (Train): 47.03 | Best fitness in generation (Train): 47.03 | Mean fitness (Train): 47.33 | Mean fitness (Test): 44.60
Generation 2300 | Best fitness (Train): 46.59 | Best fitness in generation (Train): 46.59 | Mean fitness (Train): 46.83 | Mean fitness (Test): 44.58
Generation 2400 | Best fitness (Train): 46.21 | Best fitness in generation (Train): 46.24 | Mean fitness (Train): 46.42 | Mean fitness (Test): 44.55
Generation 2500 | Best fitness (Train): 45.91 | Best fitness in generation (Train): 45.91 | Mean fitness (Train): 46.07 | Mean fitness (Test): 44.52
Generation 2600 | Best fitness (Train): 45.66 | Best fitness in generation (Train): 45.67 | Mean fitness (Train): 45.79 | Mean fitness (Test): 44.51
Generation 2700 | Best fitness (Train): 45.43 | Best fitness in generation (Train): 45.44 | Mean fitness (Train): 45.54 | Mean fitness (Test): 44.48
Generation 2800 | Best fitness (Train): 45.26 | Best fitness in generation (Train): 45.26 | Mean fitness (Train): 45.35 | Mean fitness (Test): 44.48
Generation 2900 | Best fitness (Train): 45.10 | Best fitness in generation (Train): 45.12 | Mean fitness (Train): 45.19 | Mean fitness (Test): 44.46
Generation 3000 | Best fitness (Train): 44.98 | Best fitness in generation (Train): 44.98 | Mean fitness (Train): 45.05 | Mean fitness (Test): 44.45
Generation 3100 | Best fitness (Train): 44.88 | Best fitness in generation (Train): 44.90 | Mean fitness (Train): 44.94 | Mean fitness (Test): 44.45
Generation 3200 | Best fitness (Train): 44.80 | Best fitness in generation (Train): 44.81 | Mean fitness (Train): 44.85 | Mean fitness (Test): 44.44
Generation 3300 | Best fitness (Train): 44.74 | Best fitness in generation (Train): 44.74 | Mean fitness (Train): 44.78 | Mean fitness (Test): 44.44
Generation 3400 | Best fitness (Train): 44.68 | Best fitness in generation (Train): 44.69 | Mean fitness (Train): 44.71 | Mean fitness (Test): 44.43
Generation 3500 | Best fitness (Train): 44.63 | Best fitness in generation (Train): 44.64 | Mean fitness (Train): 44.66 | Mean fitness (Test): 44.43
Generation 3600 | Best fitness (Train): 44.59 | Best fitness in generation (Train): 44.60 | Mean fitness (Train): 44.62 | Mean fitness (Test): 44.43
Generation 3700 | Best fitness (Train): 44.56 | Best fitness in generation (Train): 44.57 | Mean fitness (Train): 44.58 | Mean fitness (Test): 44.42
Generation 3800 | Best fitness (Train): 44.54 | Best fitness in generation (Train): 44.54 | Mean fitness (Train): 44.55 | Mean fitness (Test): 44.42
Generation 3900 | Best fitness (Train): 44.51 | Best fitness in generation (Train): 44.52 | Mean fitness (Train): 44.53 | Mean fitness (Test): 44.42
Generation 4000 | Best fitness (Train): 44.50 | Best fitness in generation (Train): 44.50 | Mean fitness (Train): 44.51 | Mean fitness (Test): 44.42
Running ES algorithms:  29%|████████████████████████████████████▎                                                                                          | 2/7 [00:25<01:03, 12.68s/it][A
running the experiment ... [../../results/BBOBProblem/sphere/Sep_CMA_ES_500_2000/0]
Generation 100 | Best fitness (Train): 21162.30 | Best fitness in generation (Train): 89037.18 | Mean fitness (Train): 100774.90 | Mean fitness (Test): 7414.08
Generation 200 | Best fitness (Train): 17332.18 | Best fitness in generation (Train): 17332.18 | Mean fitness (Train): 19013.51 | Mean fitness (Test): 2203.41
Generation 300 | Best fitness (Train): 2650.56 | Best fitness in generation (Train): 2650.56 | Mean fitness (Train): 2946.39 | Mean fitness (Test): 371.33
Generation 400 | Best fitness (Train): 449.11 | Best fitness in generation (Train): 449.11 | Mean fitness (Train): 489.61 | Mean fitness (Test): 96.03
Generation 500 | Best fitness (Train): 110.74 | Best fitness in generation (Train): 110.74 | Mean fitness (Train): 116.35 | Mean fitness (Test): 52.46
Generation 600 | Best fitness (Train): 54.34 | Best fitness in generation (Train): 54.34 | Mean fitness (Train): 55.27 | Mean fitness (Test): 45.61
Generation 700 | Best fitness (Train): 45.98 | Best fitness in generation (Train): 45.98 | Mean fitness (Train): 46.17 | Mean fitness (Test): 44.61
Generation 800 | Best fitness (Train): 44.66 | Best fitness in generation (Train): 44.66 | Mean fitness (Train): 44.69 | Mean fitness (Test): 44.44
Generation 900 | Best fitness (Train): 44.45 | Best fitness in generation (Train): 44.45 | Mean fitness (Train): 44.46 | Mean fitness (Test): 44.42
Generation 1000 | Best fitness (Train): 44.42 | Best fitness in generation (Train): 44.42 | Mean fitness (Train): 44.42 | Mean fitness (Test): 44.41
Generation 1100 | Best fitness (Train): 44.41 | Best fitness in generation (Train): 44.41 | Mean fitness (Train): 44.41 | Mean fitness (Test): 44.41
Generation 1200 | Best fitness (Train): 44.41 | Best fitness in generation (Train): 44.41 | Mean fitness (Train): 44.41 | Mean fitness (Test): 44.41
Generation 1300 | Best fitness (Train): 44.41 | Best fitness in generation (Train): 44.41 | Mean fitness (Train): 44.41 | Mean fitness (Test): 44.41
Generation 1400 | Best fitness (Train): 44.41 | Best fitness in generation (Train): 44.41 | Mean fitness (Train): 44.41 | Mean fitness (Test): 44.41
Generation 1500 | Best fitness (Train): 44.41 | Best fitness in generation (Train): 44.41 | Mean fitness (Train): 44.41 | Mean fitness (Test): 44.41
Generation 1600 | Best fitness (Train): 44.41 | Best fitness in generation (Train): 44.41 | Mean fitness (Train): 44.41 | Mean fitness (Test): 44.41
Generation 1700 | Best fitness (Train): 44.41 | Best fitness in generation (Train): 44.41 | Mean fitness (Train): 44.41 | Mean fitness (Test): 44.41
Generation 1800 | Best fitness (Train): 44.41 | Best fitness in generation (Train): 44.41 | Mean fitness (Train): 44.41 | Mean fitness (Test): 44.41
Generation 1900 | Best fitness (Train): 44.41 | Best fitness in generation (Train): 44.41 | Mean fitness (Train): 44.41 | Mean fitness (Test): 44.41
Generation 2000 | Best fitness (Train): 44.41 | Best fitness in generation (Train): 44.41 | Mean fitness (Train): 44.41 | Mean fitness (Test): 44.41
Generation 2100 | Best fitness (Train): 44.41 | Best fitness in generation (Train): 44.41 | Mean fitness (Train): 44.41 | Mean fitness (Test): 44.41
Generation 2200 | Best fitness (Train): 44.41 | Best fitness in generation (Train): 44.41 | Mean fitness (Train): 44.41 | Mean fitness (Test): 44.41
Generation 2300 | Best fitness (Train): 44.41 | Best fitness in generation (Train): 44.41 | Mean fitness (Train): 44.41 | Mean fitness (Test): 44.41
Generation 2400 | Best fitness (Train): 44.41 | Best fitness in generation (Train): 44.41 | Mean fitness (Train): 44.41 | Mean fitness (Test): 44.41
Generation 2500 | Best fitness (Train): 44.41 | Best fitness in generation (Train): 44.41 | Mean fitness (Train): 44.41 | Mean fitness (Test): 44.41
Generation 2600 | Best fitness (Train): 44.41 | Best fitness in generation (Train): 44.41 | Mean fitness (Train): 44.41 | Mean fitness (Test): 44.41
Generation 2700 | Best fitness (Train): 44.41 | Best fitness in generation (Train): 44.41 | Mean fitness (Train): 44.41 | Mean fitness (Test): 44.41
Generation 2800 | Best fitness (Train): 44.41 | Best fitness in generation (Train): 44.41 | Mean fitness (Train): 44.41 | Mean fitness (Test): 44.41
Generation 2900 | Best fitness (Train): 44.41 | Best fitness in generation (Train): 44.41 | Mean fitness (Train): 44.41 | Mean fitness (Test): 44.41
Generation 3000 | Best fitness (Train): 44.41 | Best fitness in generation (Train): 44.41 | Mean fitness (Train): 44.41 | Mean fitness (Test): 44.41
Generation 3100 | Best fitness (Train): 44.41 | Best fitness in generation (Train): 44.41 | Mean fitness (Train): 44.41 | Mean fitness (Test): 44.41
Generation 3200 | Best fitness (Train): 44.41 | Best fitness in generation (Train): 44.41 | Mean fitness (Train): 44.41 | Mean fitness (Test): 44.41
Generation 3300 | Best fitness (Train): 44.41 | Best fitness in generation (Train): 44.41 | Mean fitness (Train): 44.41 | Mean fitness (Test): 44.41
Generation 3400 | Best fitness (Train): 44.41 | Best fitness in generation (Train): 44.41 | Mean fitness (Train): 44.41 | Mean fitness (Test): 44.41
Generation 3500 | Best fitness (Train): 44.41 | Best fitness in generation (Train): 44.41 | Mean fitness (Train): 44.41 | Mean fitness (Test): 44.41
Generation 3600 | Best fitness (Train): 44.41 | Best fitness in generation (Train): 44.41 | Mean fitness (Train): 44.41 | Mean fitness (Test): 44.41
Generation 3700 | Best fitness (Train): 44.41 | Best fitness in generation (Train): 44.41 | Mean fitness (Train): 44.41 | Mean fitness (Test): 44.41
Generation 3800 | Best fitness (Train): 44.41 | Best fitness in generation (Train): 44.41 | Mean fitness (Train): 44.41 | Mean fitness (Test): 44.41
Generation 3900 | Best fitness (Train): 44.41 | Best fitness in generation (Train): 44.41 | Mean fitness (Train): 44.41 | Mean fitness (Test): 44.41
Generation 4000 | Best fitness (Train): 44.41 | Best fitness in generation (Train): 44.41 | Mean fitness (Train): 44.41 | Mean fitness (Test): 44.41
running the experiment ... [../../results/BBOBProblem/sphere/Sep_CMA_ES_500_2000/1]
Generation 100 | Best fitness (Train): 21084.62 | Best fitness in generation (Train): 89768.14 | Mean fitness (Train): 99298.77 | Mean fitness (Test): 7224.56
Generation 200 | Best fitness (Train): 15743.81 | Best fitness in generation (Train): 15743.81 | Mean fitness (Train): 17320.69 | Mean fitness (Test): 1967.77
Generation 300 | Best fitness (Train): 2422.53 | Best fitness in generation (Train): 2422.53 | Mean fitness (Train): 2684.08 | Mean fitness (Test): 348.70
Generation 400 | Best fitness (Train): 426.91 | Best fitness in generation (Train): 426.91 | Mean fitness (Train): 466.71 | Mean fitness (Test): 93.01
Generation 500 | Best fitness (Train): 104.35 | Best fitness in generation (Train): 104.35 | Mean fitness (Train): 111.64 | Mean fitness (Test): 52.15
Generation 600 | Best fitness (Train): 53.76 | Best fitness in generation (Train): 53.76 | Mean fitness (Train): 54.67 | Mean fitness (Test): 45.54
Generation 700 | Best fitness (Train): 45.95 | Best fitness in generation (Train): 45.95 | Mean fitness (Train): 46.12 | Mean fitness (Test): 44.61
Generation 800 | Best fitness (Train): 44.66 | Best fitness in generation (Train): 44.66 | Mean fitness (Train): 44.68 | Mean fitness (Test): 44.44
Generation 900 | Best fitness (Train): 44.45 | Best fitness in generation (Train): 44.45 | Mean fitness (Train): 44.45 | Mean fitness (Test): 44.42
Generation 1000 | Best fitness (Train): 44.42 | Best fitness in generation (Train): 44.42 | Mean fitness (Train): 44.42 | Mean fitness (Test): 44.41
Generation 1100 | Best fitness (Train): 44.41 | Best fitness in generation (Train): 44.41 | Mean fitness (Train): 44.41 | Mean fitness (Test): 44.41
Generation 1200 | Best fitness (Train): 44.41 | Best fitness in generation (Train): 44.41 | Mean fitness (Train): 44.41 | Mean fitness (Test): 44.41
Generation 1300 | Best fitness (Train): 44.41 | Best fitness in generation (Train): 44.41 | Mean fitness (Train): 44.41 | Mean fitness (Test): 44.41
Generation 1400 | Best fitness (Train): 44.41 | Best fitness in generation (Train): 44.41 | Mean fitness (Train): 44.41 | Mean fitness (Test): 44.41
Generation 1500 | Best fitness (Train): 44.41 | Best fitness in generation (Train): 44.41 | Mean fitness (Train): 44.41 | Mean fitness (Test): 44.41
Generation 1600 | Best fitness (Train): 44.41 | Best fitness in generation (Train): 44.41 | Mean fitness (Train): 44.41 | Mean fitness (Test): 44.41
Generation 1700 | Best fitness (Train): 44.41 | Best fitness in generation (Train): 44.41 | Mean fitness (Train): 44.41 | Mean fitness (Test): 44.41
Generation 1800 | Best fitness (Train): 44.41 | Best fitness in generation (Train): 44.41 | Mean fitness (Train): 44.41 | Mean fitness (Test): 44.41
Generation 1900 | Best fitness (Train): 44.41 | Best fitness in generation (Train): 44.41 | Mean fitness (Train): 44.41 | Mean fitness (Test): 44.41
Generation 2000 | Best fitness (Train): 44.41 | Best fitness in generation (Train): 44.41 | Mean fitness (Train): 44.41 | Mean fitness (Test): 44.41
Generation 2100 | Best fitness (Train): 44.41 | Best fitness in generation (Train): 44.41 | Mean fitness (Train): 44.41 | Mean fitness (Test): 44.41
Generation 2200 | Best fitness (Train): 44.41 | Best fitness in generation (Train): 44.41 | Mean fitness (Train): 44.41 | Mean fitness (Test): 44.41
Generation 2300 | Best fitness (Train): 44.41 | Best fitness in generation (Train): 44.41 | Mean fitness (Train): 44.41 | Mean fitness (Test): 44.41
Generation 2400 | Best fitness (Train): 44.41 | Best fitness in generation (Train): 44.41 | Mean fitness (Train): 44.41 | Mean fitness (Test): 44.41
Generation 2500 | Best fitness (Train): 44.41 | Best fitness in generation (Train): 44.41 | Mean fitness (Train): 44.41 | Mean fitness (Test): 44.41
Generation 2600 | Best fitness (Train): 44.41 | Best fitness in generation (Train): 44.41 | Mean fitness (Train): 44.41 | Mean fitness (Test): 44.41
Generation 2700 | Best fitness (Train): 44.41 | Best fitness in generation (Train): 44.41 | Mean fitness (Train): 44.41 | Mean fitness (Test): 44.41
Generation 2800 | Best fitness (Train): 44.41 | Best fitness in generation (Train): 44.41 | Mean fitness (Train): 44.41 | Mean fitness (Test): 44.41
Generation 2900 | Best fitness (Train): 44.41 | Best fitness in generation (Train): 44.41 | Mean fitness (Train): 44.41 | Mean fitness (Test): 44.41
Generation 3000 | Best fitness (Train): 44.41 | Best fitness in generation (Train): 44.41 | Mean fitness (Train): 44.41 | Mean fitness (Test): 44.41
Generation 3100 | Best fitness (Train): 44.41 | Best fitness in generation (Train): 44.41 | Mean fitness (Train): 44.41 | Mean fitness (Test): 44.41
Generation 3200 | Best fitness (Train): 44.41 | Best fitness in generation (Train): 44.41 | Mean fitness (Train): 44.41 | Mean fitness (Test): 44.41
Generation 3300 | Best fitness (Train): 44.41 | Best fitness in generation (Train): 44.41 | Mean fitness (Train): 44.41 | Mean fitness (Test): 44.41
Generation 3400 | Best fitness (Train): 44.41 | Best fitness in generation (Train): 44.41 | Mean fitness (Train): 44.41 | Mean fitness (Test): 44.41
Generation 3500 | Best fitness (Train): 44.41 | Best fitness in generation (Train): 44.41 | Mean fitness (Train): 44.41 | Mean fitness (Test): 44.41
Generation 3600 | Best fitness (Train): 44.41 | Best fitness in generation (Train): 44.41 | Mean fitness (Train): 44.41 | Mean fitness (Test): 44.41
Generation 3700 | Best fitness (Train): 44.41 | Best fitness in generation (Train): 44.41 | Mean fitness (Train): 44.41 | Mean fitness (Test): 44.41
Generation 3800 | Best fitness (Train): 44.41 | Best fitness in generation (Train): 44.41 | Mean fitness (Train): 44.41 | Mean fitness (Test): 44.41
Generation 3900 | Best fitness (Train): 44.41 | Best fitness in generation (Train): 44.41 | Mean fitness (Train): 44.41 | Mean fitness (Test): 44.41
Generation 4000 | Best fitness (Train): 44.41 | Best fitness in generation (Train): 44.41 | Mean fitness (Train): 44.41 | Mean fitness (Test): 44.41
running the experiment ... [../../results/BBOBProblem/sphere/Sep_CMA_ES_500_2000/2]
Generation 100 | Best fitness (Train): 22031.43 | Best fitness in generation (Train): 90457.26 | Mean fitness (Train): 100145.02 | Mean fitness (Test): 7835.72
Generation 200 | Best fitness (Train): 16970.76 | Best fitness in generation (Train): 16970.76 | Mean fitness (Train): 18627.77 | Mean fitness (Test): 2104.63
Generation 300 | Best fitness (Train): 2769.28 | Best fitness in generation (Train): 2769.28 | Mean fitness (Train): 3043.93 | Mean fitness (Test): 388.21
Generation 400 | Best fitness (Train): 473.99 | Best fitness in generation (Train): 473.99 | Mean fitness (Train): 517.37 | Mean fitness (Test): 99.00
Generation 500 | Best fitness (Train): 110.68 | Best fitness in generation (Train): 110.68 | Mean fitness (Train): 118.68 | Mean fitness (Test): 52.78
Generation 600 | Best fitness (Train): 54.24 | Best fitness in generation (Train): 54.33 | Mean fitness (Train): 55.31 | Mean fitness (Test): 45.59
Generation 700 | Best fitness (Train): 45.91 | Best fitness in generation (Train): 45.91 | Mean fitness (Train): 46.06 | Mean fitness (Test): 44.58
Generation 800 | Best fitness (Train): 44.63 | Best fitness in generation (Train): 44.63 | Mean fitness (Train): 44.65 | Mean fitness (Test): 44.44
Generation 900 | Best fitness (Train): 44.45 | Best fitness in generation (Train): 44.45 | Mean fitness (Train): 44.45 | Mean fitness (Test): 44.42
Generation 1000 | Best fitness (Train): 44.42 | Best fitness in generation (Train): 44.42 | Mean fitness (Train): 44.42 | Mean fitness (Test): 44.41
Generation 1100 | Best fitness (Train): 44.41 | Best fitness in generation (Train): 44.41 | Mean fitness (Train): 44.41 | Mean fitness (Test): 44.41
Generation 1200 | Best fitness (Train): 44.41 | Best fitness in generation (Train): 44.41 | Mean fitness (Train): 44.41 | Mean fitness (Test): 44.41
Generation 1300 | Best fitness (Train): 44.41 | Best fitness in generation (Train): 44.41 | Mean fitness (Train): 44.41 | Mean fitness (Test): 44.41
Generation 1400 | Best fitness (Train): 44.41 | Best fitness in generation (Train): 44.41 | Mean fitness (Train): 44.41 | Mean fitness (Test): 44.41
Generation 1500 | Best fitness (Train): 44.41 | Best fitness in generation (Train): 44.41 | Mean fitness (Train): 44.41 | Mean fitness (Test): 44.41
Generation 1600 | Best fitness (Train): 44.41 | Best fitness in generation (Train): 44.41 | Mean fitness (Train): 44.41 | Mean fitness (Test): 44.41
Generation 1700 | Best fitness (Train): 44.41 | Best fitness in generation (Train): 44.41 | Mean fitness (Train): 44.41 | Mean fitness (Test): 44.41
Generation 1800 | Best fitness (Train): 44.41 | Best fitness in generation (Train): 44.41 | Mean fitness (Train): 44.41 | Mean fitness (Test): 44.41
Generation 1900 | Best fitness (Train): 44.41 | Best fitness in generation (Train): 44.41 | Mean fitness (Train): 44.41 | Mean fitness (Test): 44.41
Generation 2000 | Best fitness (Train): 44.41 | Best fitness in generation (Train): 44.41 | Mean fitness (Train): 44.41 | Mean fitness (Test): 44.41
Generation 2100 | Best fitness (Train): 44.41 | Best fitness in generation (Train): 44.41 | Mean fitness (Train): 44.41 | Mean fitness (Test): 44.41
Generation 2200 | Best fitness (Train): 44.41 | Best fitness in generation (Train): 44.41 | Mean fitness (Train): 44.41 | Mean fitness (Test): 44.41
Generation 2300 | Best fitness (Train): 44.41 | Best fitness in generation (Train): 44.41 | Mean fitness (Train): 44.41 | Mean fitness (Test): 44.41
Generation 2400 | Best fitness (Train): 44.41 | Best fitness in generation (Train): 44.41 | Mean fitness (Train): 44.41 | Mean fitness (Test): 44.41
Generation 2500 | Best fitness (Train): 44.41 | Best fitness in generation (Train): 44.41 | Mean fitness (Train): 44.41 | Mean fitness (Test): 44.41
Generation 2600 | Best fitness (Train): 44.41 | Best fitness in generation (Train): 44.41 | Mean fitness (Train): 44.41 | Mean fitness (Test): 44.41
Generation 2700 | Best fitness (Train): 44.41 | Best fitness in generation (Train): 44.41 | Mean fitness (Train): 44.41 | Mean fitness (Test): 44.41
Generation 2800 | Best fitness (Train): 44.41 | Best fitness in generation (Train): 44.41 | Mean fitness (Train): 44.41 | Mean fitness (Test): 44.41
Generation 2900 | Best fitness (Train): 44.41 | Best fitness in generation (Train): 44.41 | Mean fitness (Train): 44.41 | Mean fitness (Test): 44.41
Generation 3000 | Best fitness (Train): 44.41 | Best fitness in generation (Train): 44.41 | Mean fitness (Train): 44.41 | Mean fitness (Test): 44.41
Generation 3100 | Best fitness (Train): 44.41 | Best fitness in generation (Train): 44.41 | Mean fitness (Train): 44.41 | Mean fitness (Test): 44.41
Generation 3200 | Best fitness (Train): 44.41 | Best fitness in generation (Train): 44.41 | Mean fitness (Train): 44.41 | Mean fitness (Test): 44.41
Generation 3300 | Best fitness (Train): 44.41 | Best fitness in generation (Train): 44.41 | Mean fitness (Train): 44.41 | Mean fitness (Test): 44.41
Generation 3400 | Best fitness (Train): 44.41 | Best fitness in generation (Train): 44.41 | Mean fitness (Train): 44.41 | Mean fitness (Test): 44.41
Generation 3500 | Best fitness (Train): 44.41 | Best fitness in generation (Train): 44.41 | Mean fitness (Train): 44.41 | Mean fitness (Test): 44.41
Generation 3600 | Best fitness (Train): 44.41 | Best fitness in generation (Train): 44.41 | Mean fitness (Train): 44.41 | Mean fitness (Test): 44.41
Generation 3700 | Best fitness (Train): 44.41 | Best fitness in generation (Train): 44.41 | Mean fitness (Train): 44.41 | Mean fitness (Test): 44.41
Generation 3800 | Best fitness (Train): 44.41 | Best fitness in generation (Train): 44.41 | Mean fitness (Train): 44.41 | Mean fitness (Test): 44.41
Generation 3900 | Best fitness (Train): 44.41 | Best fitness in generation (Train): 44.41 | Mean fitness (Train): 44.41 | Mean fitness (Test): 44.41
Generation 4000 | Best fitness (Train): 44.41 | Best fitness in generation (Train): 44.41 | Mean fitness (Train): 44.41 | Mean fitness (Test): 44.41
running the experiment ... [../../results/BBOBProblem/sphere/Sep_CMA_ES_500_2000/3]
Generation 100 | Best fitness (Train): 19984.55 | Best fitness in generation (Train): 84874.85 | Mean fitness (Train): 93591.34 | Mean fitness (Test): 6951.93
Generation 200 | Best fitness (Train): 15181.96 | Best fitness in generation (Train): 15181.96 | Mean fitness (Train): 17033.36 | Mean fitness (Test): 2003.10
Generation 300 | Best fitness (Train): 2399.85 | Best fitness in generation (Train): 2399.85 | Mean fitness (Train): 2683.29 | Mean fitness (Test): 339.46
Generation 400 | Best fitness (Train): 415.76 | Best fitness in generation (Train): 415.76 | Mean fitness (Train): 453.09 | Mean fitness (Test): 91.26
Generation 500 | Best fitness (Train): 102.69 | Best fitness in generation (Train): 102.69 | Mean fitness (Train): 108.66 | Mean fitness (Test): 51.86
Generation 600 | Best fitness (Train): 53.31 | Best fitness in generation (Train): 53.31 | Mean fitness (Train): 54.21 | Mean fitness (Test): 45.45
Generation 700 | Best fitness (Train): 45.76 | Best fitness in generation (Train): 45.76 | Mean fitness (Train): 45.88 | Mean fitness (Test): 44.58
Generation 800 | Best fitness (Train): 44.63 | Best fitness in generation (Train): 44.63 | Mean fitness (Train): 44.65 | Mean fitness (Test): 44.44
Generation 900 | Best fitness (Train): 44.44 | Best fitness in generation (Train): 44.44 | Mean fitness (Train): 44.45 | Mean fitness (Test): 44.42
Generation 1000 | Best fitness (Train): 44.42 | Best fitness in generation (Train): 44.42 | Mean fitness (Train): 44.42 | Mean fitness (Test): 44.41
Generation 1100 | Best fitness (Train): 44.41 | Best fitness in generation (Train): 44.41 | Mean fitness (Train): 44.41 | Mean fitness (Test): 44.41
Generation 1200 | Best fitness (Train): 44.41 | Best fitness in generation (Train): 44.41 | Mean fitness (Train): 44.41 | Mean fitness (Test): 44.41
Generation 1300 | Best fitness (Train): 44.41 | Best fitness in generation (Train): 44.41 | Mean fitness (Train): 44.41 | Mean fitness (Test): 44.41
Generation 1400 | Best fitness (Train): 44.41 | Best fitness in generation (Train): 44.41 | Mean fitness (Train): 44.41 | Mean fitness (Test): 44.41
Generation 1500 | Best fitness (Train): 44.41 | Best fitness in generation (Train): 44.41 | Mean fitness (Train): 44.41 | Mean fitness (Test): 44.41
Generation 1600 | Best fitness (Train): 44.41 | Best fitness in generation (Train): 44.41 | Mean fitness (Train): 44.41 | Mean fitness (Test): 44.41
Generation 1700 | Best fitness (Train): 44.41 | Best fitness in generation (Train): 44.41 | Mean fitness (Train): 44.41 | Mean fitness (Test): 44.41
Generation 1800 | Best fitness (Train): 44.41 | Best fitness in generation (Train): 44.41 | Mean fitness (Train): 44.41 | Mean fitness (Test): 44.41
Generation 1900 | Best fitness (Train): 44.41 | Best fitness in generation (Train): 44.41 | Mean fitness (Train): 44.41 | Mean fitness (Test): 44.41
Generation 2000 | Best fitness (Train): 44.41 | Best fitness in generation (Train): 44.41 | Mean fitness (Train): 44.41 | Mean fitness (Test): 44.41
Generation 2100 | Best fitness (Train): 44.41 | Best fitness in generation (Train): 44.41 | Mean fitness (Train): 44.41 | Mean fitness (Test): 44.41
Generation 2200 | Best fitness (Train): 44.41 | Best fitness in generation (Train): 44.41 | Mean fitness (Train): 44.41 | Mean fitness (Test): 44.41
Generation 2300 | Best fitness (Train): 44.41 | Best fitness in generation (Train): 44.41 | Mean fitness (Train): 44.41 | Mean fitness (Test): 44.41
Generation 2400 | Best fitness (Train): 44.41 | Best fitness in generation (Train): 44.41 | Mean fitness (Train): 44.41 | Mean fitness (Test): 44.41
Generation 2500 | Best fitness (Train): 44.41 | Best fitness in generation (Train): 44.41 | Mean fitness (Train): 44.41 | Mean fitness (Test): 44.41
Generation 2600 | Best fitness (Train): 44.41 | Best fitness in generation (Train): 44.41 | Mean fitness (Train): 44.41 | Mean fitness (Test): 44.41
Generation 2700 | Best fitness (Train): 44.41 | Best fitness in generation (Train): 44.41 | Mean fitness (Train): 44.41 | Mean fitness (Test): 44.41
Generation 2800 | Best fitness (Train): 44.41 | Best fitness in generation (Train): 44.41 | Mean fitness (Train): 44.41 | Mean fitness (Test): 44.41
Generation 2900 | Best fitness (Train): 44.41 | Best fitness in generation (Train): 44.41 | Mean fitness (Train): 44.41 | Mean fitness (Test): 44.41
Generation 3000 | Best fitness (Train): 44.41 | Best fitness in generation (Train): 44.41 | Mean fitness (Train): 44.41 | Mean fitness (Test): 44.41
Generation 3100 | Best fitness (Train): 44.41 | Best fitness in generation (Train): 44.41 | Mean fitness (Train): 44.41 | Mean fitness (Test): 44.41
Generation 3200 | Best fitness (Train): 44.41 | Best fitness in generation (Train): 44.41 | Mean fitness (Train): 44.41 | Mean fitness (Test): 44.41
Generation 3300 | Best fitness (Train): 44.41 | Best fitness in generation (Train): 44.41 | Mean fitness (Train): 44.41 | Mean fitness (Test): 44.41
Generation 3400 | Best fitness (Train): 44.41 | Best fitness in generation (Train): 44.41 | Mean fitness (Train): 44.41 | Mean fitness (Test): 44.41
Generation 3500 | Best fitness (Train): 44.41 | Best fitness in generation (Train): 44.41 | Mean fitness (Train): 44.41 | Mean fitness (Test): 44.41
Generation 3600 | Best fitness (Train): 44.41 | Best fitness in generation (Train): 44.41 | Mean fitness (Train): 44.41 | Mean fitness (Test): 44.41
Generation 3700 | Best fitness (Train): 44.41 | Best fitness in generation (Train): 44.41 | Mean fitness (Train): 44.41 | Mean fitness (Test): 44.41
Generation 3800 | Best fitness (Train): 44.41 | Best fitness in generation (Train): 44.41 | Mean fitness (Train): 44.41 | Mean fitness (Test): 44.41
Generation 3900 | Best fitness (Train): 44.41 | Best fitness in generation (Train): 44.41 | Mean fitness (Train): 44.41 | Mean fitness (Test): 44.41
Generation 4000 | Best fitness (Train): 44.41 | Best fitness in generation (Train): 44.41 | Mean fitness (Train): 44.41 | Mean fitness (Test): 44.41
running the experiment ... [../../results/BBOBProblem/sphere/Sep_CMA_ES_500_2000/4]
Generation 100 | Best fitness (Train): 21161.36 | Best fitness in generation (Train): 92356.30 | Mean fitness (Train): 101449.65 | Mean fitness (Test): 7356.05
Generation 200 | Best fitness (Train): 16137.24 | Best fitness in generation (Train): 16137.24 | Mean fitness (Train): 18007.34 | Mean fitness (Test): 2137.90
Generation 300 | Best fitness (Train): 2682.23 | Best fitness in generation (Train): 2682.23 | Mean fitness (Train): 2919.90 | Mean fitness (Test): 357.69
Generation 400 | Best fitness (Train): 460.15 | Best fitness in generation (Train): 472.33 | Mean fitness (Train): 506.93 | Mean fitness (Test): 98.42
Generation 500 | Best fitness (Train): 111.73 | Best fitness in generation (Train): 112.98 | Mean fitness (Train): 119.23 | Mean fitness (Test): 53.08
Generation 600 | Best fitness (Train): 55.22 | Best fitness in generation (Train): 55.25 | Mean fitness (Train): 56.27 | Mean fitness (Test): 45.76
Generation 700 | Best fitness (Train): 46.03 | Best fitness in generation (Train): 46.03 | Mean fitness (Train): 46.18 | Mean fitness (Test): 44.60
Generation 800 | Best fitness (Train): 44.66 | Best fitness in generation (Train): 44.66 | Mean fitness (Train): 44.69 | Mean fitness (Test): 44.44
Generation 900 | Best fitness (Train): 44.45 | Best fitness in generation (Train): 44.45 | Mean fitness (Train): 44.45 | Mean fitness (Test): 44.42
Generation 1000 | Best fitness (Train): 44.42 | Best fitness in generation (Train): 44.42 | Mean fitness (Train): 44.42 | Mean fitness (Test): 44.41
Generation 1100 | Best fitness (Train): 44.41 | Best fitness in generation (Train): 44.41 | Mean fitness (Train): 44.41 | Mean fitness (Test): 44.41
Generation 1200 | Best fitness (Train): 44.41 | Best fitness in generation (Train): 44.41 | Mean fitness (Train): 44.41 | Mean fitness (Test): 44.41
Generation 1300 | Best fitness (Train): 44.41 | Best fitness in generation (Train): 44.41 | Mean fitness (Train): 44.41 | Mean fitness (Test): 44.41
Generation 1400 | Best fitness (Train): 44.41 | Best fitness in generation (Train): 44.41 | Mean fitness (Train): 44.41 | Mean fitness (Test): 44.41
Generation 1500 | Best fitness (Train): 44.41 | Best fitness in generation (Train): 44.41 | Mean fitness (Train): 44.41 | Mean fitness (Test): 44.41
Generation 1600 | Best fitness (Train): 44.41 | Best fitness in generation (Train): 44.41 | Mean fitness (Train): 44.41 | Mean fitness (Test): 44.41
Generation 1700 | Best fitness (Train): 44.41 | Best fitness in generation (Train): 44.41 | Mean fitness (Train): 44.41 | Mean fitness (Test): 44.41
Generation 1800 | Best fitness (Train): 44.41 | Best fitness in generation (Train): 44.41 | Mean fitness (Train): 44.41 | Mean fitness (Test): 44.41
Generation 1900 | Best fitness (Train): 44.41 | Best fitness in generation (Train): 44.41 | Mean fitness (Train): 44.41 | Mean fitness (Test): 44.41
Generation 2000 | Best fitness (Train): 44.41 | Best fitness in generation (Train): 44.41 | Mean fitness (Train): 44.41 | Mean fitness (Test): 44.41
Generation 2100 | Best fitness (Train): 44.41 | Best fitness in generation (Train): 44.41 | Mean fitness (Train): 44.41 | Mean fitness (Test): 44.41
Generation 2200 | Best fitness (Train): 44.41 | Best fitness in generation (Train): 44.41 | Mean fitness (Train): 44.41 | Mean fitness (Test): 44.41
Generation 2300 | Best fitness (Train): 44.41 | Best fitness in generation (Train): 44.41 | Mean fitness (Train): 44.41 | Mean fitness (Test): 44.41
Generation 2400 | Best fitness (Train): 44.41 | Best fitness in generation (Train): 44.41 | Mean fitness (Train): 44.41 | Mean fitness (Test): 44.41
Generation 2500 | Best fitness (Train): 44.41 | Best fitness in generation (Train): 44.41 | Mean fitness (Train): 44.41 | Mean fitness (Test): 44.41
Generation 2600 | Best fitness (Train): 44.41 | Best fitness in generation (Train): 44.41 | Mean fitness (Train): 44.41 | Mean fitness (Test): 44.41
Generation 2700 | Best fitness (Train): 44.41 | Best fitness in generation (Train): 44.41 | Mean fitness (Train): 44.41 | Mean fitness (Test): 44.41
Generation 2800 | Best fitness (Train): 44.41 | Best fitness in generation (Train): 44.41 | Mean fitness (Train): 44.41 | Mean fitness (Test): 44.41
Generation 2900 | Best fitness (Train): 44.41 | Best fitness in generation (Train): 44.41 | Mean fitness (Train): 44.41 | Mean fitness (Test): 44.41
Generation 3000 | Best fitness (Train): 44.41 | Best fitness in generation (Train): 44.41 | Mean fitness (Train): 44.41 | Mean fitness (Test): 44.41
Generation 3100 | Best fitness (Train): 44.41 | Best fitness in generation (Train): 44.41 | Mean fitness (Train): 44.41 | Mean fitness (Test): 44.41
Generation 3200 | Best fitness (Train): 44.41 | Best fitness in generation (Train): 44.41 | Mean fitness (Train): 44.41 | Mean fitness (Test): 44.41
Generation 3300 | Best fitness (Train): 44.41 | Best fitness in generation (Train): 44.41 | Mean fitness (Train): 44.41 | Mean fitness (Test): 44.41
Generation 3400 | Best fitness (Train): 44.41 | Best fitness in generation (Train): 44.41 | Mean fitness (Train): 44.41 | Mean fitness (Test): 44.41
Generation 3500 | Best fitness (Train): 44.41 | Best fitness in generation (Train): 44.41 | Mean fitness (Train): 44.41 | Mean fitness (Test): 44.41
Generation 3600 | Best fitness (Train): 44.41 | Best fitness in generation (Train): 44.41 | Mean fitness (Train): 44.41 | Mean fitness (Test): 44.41
Generation 3700 | Best fitness (Train): 44.41 | Best fitness in generation (Train): 44.41 | Mean fitness (Train): 44.41 | Mean fitness (Test): 44.41
Generation 3800 | Best fitness (Train): 44.41 | Best fitness in generation (Train): 44.41 | Mean fitness (Train): 44.41 | Mean fitness (Test): 44.41
Generation 3900 | Best fitness (Train): 44.41 | Best fitness in generation (Train): 44.41 | Mean fitness (Train): 44.41 | Mean fitness (Test): 44.41
Generation 4000 | Best fitness (Train): 44.41 | Best fitness in generation (Train): 44.41 | Mean fitness (Train): 44.41 | Mean fitness (Test): 44.41
Running ES algorithms:  43%|██████████████████████████████████████████████████████▍                                                                        | 3/7 [00:38<00:51, 12.76s/it][A
running the experiment ... [../../results/BBOBProblem/sphere/CMA_ES_500_2000/0]
Generation 100 | Best fitness (Train): 21351.83 | Best fitness in generation (Train): 85770.36 | Mean fitness (Train): 95125.03 | Mean fitness (Test): 7520.17
Generation 200 | Best fitness (Train): 15160.53 | Best fitness in generation (Train): 15160.53 | Mean fitness (Train): 16653.47 | Mean fitness (Test): 1939.54
Generation 300 | Best fitness (Train): 2497.97 | Best fitness in generation (Train): 2497.97 | Mean fitness (Train): 2750.79 | Mean fitness (Test): 351.27
Generation 400 | Best fitness (Train): 426.87 | Best fitness in generation (Train): 426.87 | Mean fitness (Train): 466.82 | Mean fitness (Test): 90.87
Generation 500 | Best fitness (Train): 104.73 | Best fitness in generation (Train): 104.73 | Mean fitness (Train): 110.64 | Mean fitness (Test): 52.05
Generation 600 | Best fitness (Train): 53.90 | Best fitness in generation (Train): 53.90 | Mean fitness (Train): 54.78 | Mean fitness (Test): 45.58
Generation 700 | Best fitness (Train): 45.93 | Best fitness in generation (Train): 45.93 | Mean fitness (Train): 46.07 | Mean fitness (Test): 44.61
Generation 800 | Best fitness (Train): 44.63 | Best fitness in generation (Train): 44.63 | Mean fitness (Train): 44.66 | Mean fitness (Test): 44.44
Generation 900 | Best fitness (Train): 44.45 | Best fitness in generation (Train): 44.45 | Mean fitness (Train): 44.45 | Mean fitness (Test): 44.42
Generation 1000 | Best fitness (Train): 44.42 | Best fitness in generation (Train): 44.42 | Mean fitness (Train): 44.42 | Mean fitness (Test): 44.41
Generation 1100 | Best fitness (Train): 44.41 | Best fitness in generation (Train): 44.41 | Mean fitness (Train): 44.41 | Mean fitness (Test): 44.41
Generation 1200 | Best fitness (Train): 44.41 | Best fitness in generation (Train): 44.41 | Mean fitness (Train): 44.41 | Mean fitness (Test): 44.41
Generation 1300 | Best fitness (Train): 44.41 | Best fitness in generation (Train): 44.41 | Mean fitness (Train): 44.41 | Mean fitness (Test): 44.41
Generation 1400 | Best fitness (Train): 44.41 | Best fitness in generation (Train): 44.41 | Mean fitness (Train): 44.41 | Mean fitness (Test): 44.41
Generation 1500 | Best fitness (Train): 44.41 | Best fitness in generation (Train): 44.41 | Mean fitness (Train): 44.41 | Mean fitness (Test): 44.41
Generation 1600 | Best fitness (Train): 44.41 | Best fitness in generation (Train): 44.41 | Mean fitness (Train): 44.41 | Mean fitness (Test): 44.41
Generation 1700 | Best fitness (Train): 44.41 | Best fitness in generation (Train): 44.41 | Mean fitness (Train): 44.41 | Mean fitness (Test): 44.41
Generation 1800 | Best fitness (Train): 44.41 | Best fitness in generation (Train): 44.41 | Mean fitness (Train): 44.41 | Mean fitness (Test): 44.41
Generation 1900 | Best fitness (Train): 44.41 | Best fitness in generation (Train): 44.41 | Mean fitness (Train): 44.41 | Mean fitness (Test): 44.41
Generation 2000 | Best fitness (Train): 44.41 | Best fitness in generation (Train): 44.41 | Mean fitness (Train): 44.41 | Mean fitness (Test): 44.41
Generation 2100 | Best fitness (Train): 44.41 | Best fitness in generation (Train): 44.41 | Mean fitness (Train): 44.41 | Mean fitness (Test): 44.41
Generation 2200 | Best fitness (Train): 44.41 | Best fitness in generation (Train): 44.41 | Mean fitness (Train): 44.41 | Mean fitness (Test): 44.41
Generation 2300 | Best fitness (Train): 44.41 | Best fitness in generation (Train): 44.41 | Mean fitness (Train): 44.41 | Mean fitness (Test): 44.41
Generation 2400 | Best fitness (Train): 44.41 | Best fitness in generation (Train): 44.41 | Mean fitness (Train): 44.41 | Mean fitness (Test): 44.41
Generation 2500 | Best fitness (Train): 44.41 | Best fitness in generation (Train): 44.41 | Mean fitness (Train): 44.41 | Mean fitness (Test): 44.41
Generation 2600 | Best fitness (Train): 44.41 | Best fitness in generation (Train): 44.41 | Mean fitness (Train): 44.41 | Mean fitness (Test): 44.41
Generation 2700 | Best fitness (Train): 44.41 | Best fitness in generation (Train): 44.41 | Mean fitness (Train): 44.41 | Mean fitness (Test): 44.41
Generation 2800 | Best fitness (Train): 44.41 | Best fitness in generation (Train): 44.41 | Mean fitness (Train): 44.41 | Mean fitness (Test): 44.41
Generation 2900 | Best fitness (Train): 44.41 | Best fitness in generation (Train): 44.41 | Mean fitness (Train): 44.41 | Mean fitness (Test): 44.41
Generation 3000 | Best fitness (Train): 44.41 | Best fitness in generation (Train): 44.41 | Mean fitness (Train): 44.41 | Mean fitness (Test): 44.41
Generation 3100 | Best fitness (Train): 44.41 | Best fitness in generation (Train): 44.41 | Mean fitness (Train): 44.41 | Mean fitness (Test): 44.41
Generation 3200 | Best fitness (Train): 44.41 | Best fitness in generation (Train): 44.41 | Mean fitness (Train): 44.41 | Mean fitness (Test): 44.41
Generation 3300 | Best fitness (Train): 44.41 | Best fitness in generation (Train): 44.41 | Mean fitness (Train): 44.41 | Mean fitness (Test): 44.41
Generation 3400 | Best fitness (Train): 44.41 | Best fitness in generation (Train): 44.41 | Mean fitness (Train): 44.41 | Mean fitness (Test): 44.41
Generation 3500 | Best fitness (Train): 44.41 | Best fitness in generation (Train): 44.41 | Mean fitness (Train): 44.41 | Mean fitness (Test): 44.41
Generation 3600 | Best fitness (Train): 44.41 | Best fitness in generation (Train): 44.41 | Mean fitness (Train): 44.41 | Mean fitness (Test): 44.41
Generation 3700 | Best fitness (Train): 44.41 | Best fitness in generation (Train): 44.41 | Mean fitness (Train): 44.41 | Mean fitness (Test): 44.41
Generation 3800 | Best fitness (Train): 44.41 | Best fitness in generation (Train): 44.41 | Mean fitness (Train): 44.41 | Mean fitness (Test): 44.41
Generation 3900 | Best fitness (Train): 44.41 | Best fitness in generation (Train): 44.41 | Mean fitness (Train): 44.41 | Mean fitness (Test): 44.41
Generation 4000 | Best fitness (Train): 44.41 | Best fitness in generation (Train): 44.41 | Mean fitness (Train): 44.41 | Mean fitness (Test): 44.41
running the experiment ... [../../results/BBOBProblem/sphere/CMA_ES_500_2000/1]
Generation 100 | Best fitness (Train): 21094.01 | Best fitness in generation (Train): 88592.45 | Mean fitness (Train): 96929.03 | Mean fitness (Test): 7319.28
Generation 200 | Best fitness (Train): 16577.35 | Best fitness in generation (Train): 16577.35 | Mean fitness (Train): 18105.35 | Mean fitness (Test): 2113.85
Generation 300 | Best fitness (Train): 2651.21 | Best fitness in generation (Train): 2651.21 | Mean fitness (Train): 2917.54 | Mean fitness (Test): 374.22
Generation 400 | Best fitness (Train): 431.74 | Best fitness in generation (Train): 431.74 | Mean fitness (Train): 478.62 | Mean fitness (Test): 91.98
Generation 500 | Best fitness (Train): 102.39 | Best fitness in generation (Train): 102.39 | Mean fitness (Train): 109.31 | Mean fitness (Test): 51.71
Generation 600 | Best fitness (Train): 53.04 | Best fitness in generation (Train): 53.04 | Mean fitness (Train): 53.94 | Mean fitness (Test): 45.50
