{
    "best_fitness": [
        324044.8125,
        225084.40625
    ],
    "best_fitness_in_generation": [
        324044.8125,
        225084.40625
    ],
    "gen_time_sec": [
        0.04888463020324707,
        0.09776926040649414
    ],
    "generation_counter": [
        0,
        1
    ],
    "mean_fitness_in_generation": [
        450172.9375,
        477146.5
    ]
}