{
    "best_fitness": [
        324134.40625,
        144084.40625
    ],
    "best_fitness_in_generation": [
        324134.40625,
        144084.40625
    ],
    "gen_time_sec": [
        0.10204458236694336,
        0.20408916473388672
    ],
    "generation_counter": [
        0,
        1
    ],
    "mean_fitness_in_generation": [
        450217.75,
        184645.40625
    ]
}