{
    "best_fitness": [
        359.63726806640625,
        250.1709442138672
    ],
    "best_fitness_in_generation": [
        359.63726806640625,
        250.1709442138672
    ],
    "gen_time_sec": [
        0.05279731750488281,
        0.10559463500976562
    ],
    "generation_counter": [
        0,
        1
    ],
    "mean_fitness_in_generation": [
        825.6585693359375,
        277.6748962402344
    ]
}