{
    "best_fitness": [
        359.63726806640625,
        213.83157348632812
    ],
    "best_fitness_in_generation": [
        359.63726806640625,
        213.83157348632812
    ],
    "gen_time_sec": [
        0.055426836013793945,
        0.11085367202758789
    ],
    "generation_counter": [
        0,
        1
    ],
    "mean_fitness_in_generation": [
        825.6585693359375,
        383.37249755859375
    ]
}