{
    "best_fitness": [
        359.63726806640625,
        216.0117645263672
    ],
    "best_fitness_in_generation": [
        359.63726806640625,
        216.0117645263672
    ],
    "gen_time_sec": [
        1.1904773712158203,
        2.3809547424316406
    ],
    "generation_counter": [
        0,
        1
    ],
    "mean_fitness_in_generation": [
        825.6585693359375,
        413.6394348144531
    ]
}