{
    "best_fitness": [
        354.27874755859375,
        284.6644287109375
    ],
    "best_fitness_in_generation": [
        354.27874755859375,
        284.6644287109375
    ],
    "gen_time_sec": [
        0.01757979393005371,
        0.03515958786010742
    ],
    "generation_counter": [
        0,
        1
    ],
    "mean_fitness_in_generation": [
        822.979248046875,
        741.8516235351562
    ]
}