{
    "best_fitness": [
        354.27874755859375,
        285.01763916015625
    ],
    "best_fitness_in_generation": [
        354.27874755859375,
        285.01763916015625
    ],
    "gen_time_sec": [
        0.041770219802856445,
        0.08354043960571289
    ],
    "generation_counter": [
        0,
        1
    ],
    "mean_fitness_in_generation": [
        822.979248046875,
        740.6475830078125
    ]
}