{
    "best_fitness": [
        359.63726806640625,
        214.58865356445312
    ],
    "best_fitness_in_generation": [
        359.63726806640625,
        214.58865356445312
    ],
    "gen_time_sec": [
        0.0535581111907959,
        0.1071162223815918
    ],
    "generation_counter": [
        0,
        1
    ],
    "mean_fitness_in_generation": [
        825.6585693359375,
        355.3233337402344
    ]
}