{
    "best_fitness": [
        359.63726806640625,
        213.83157348632812
    ],
    "best_fitness_in_generation": [
        359.63726806640625,
        213.83157348632812
    ],
    "gen_time_sec": [
        0.06887435913085938,
        0.13774871826171875
    ],
    "generation_counter": [
        0,
        1
    ],
    "mean_fitness_in_generation": [
        825.6585693359375,
        383.37249755859375
    ]
}