{
    "best_fitness": [
        359.63726806640625,
        198.3562774658203
    ],
    "best_fitness_in_generation": [
        359.63726806640625,
        198.3562774658203
    ],
    "gen_time_sec": [
        0.06353902816772461,
        0.12707805633544922
    ],
    "generation_counter": [
        0,
        1
    ],
    "mean_fitness_in_generation": [
        825.6585693359375,
        241.47390747070312
    ]
}