{
    "best_fitness": [
        21847.072265625,
        3711.1103515625
    ],
    "best_fitness_in_generation": [
        21847.072265625,
        3711.1103515625
    ],
    "gen_time_sec": [
        0.07990074157714844,
        0.15980148315429688
    ],
    "generation_counter": [
        0,
        1
    ],
    "mean_fitness_in_generation": [
        48463.1015625,
        18999.220703125
    ]
}