{
    "best_fitness": [
        21847.072265625,
        8500.146484375
    ],
    "best_fitness_in_generation": [
        21847.072265625,
        8500.146484375
    ],
    "gen_time_sec": [
        0.05171966552734375,
        0.1034393310546875
    ],
    "generation_counter": [
        0,
        1
    ],
    "mean_fitness_in_generation": [
        48463.1015625,
        35022.234375
    ]
}