{
    "best_fitness": [
        21847.072265625,
        7426.3154296875
    ],
    "best_fitness_in_generation": [
        21847.072265625,
        7426.3154296875
    ],
    "gen_time_sec": [
        0.3270237445831299,
        0.6540474891662598
    ],
    "generation_counter": [
        0,
        1
    ],
    "mean_fitness_in_generation": [
        48463.1015625,
        35219.7265625
    ]
}