{
    "best_fitness": [
        476.6396179199219,
        476.6396179199219
    ],
    "best_fitness_in_generation": [
        476.6396179199219,
        8874.3515625
    ],
    "gen_time_sec": [
        0.03640174865722656,
        0.07280349731445312
    ],
    "generation_counter": [
        0,
        1
    ],
    "mean_fitness_in_generation": [
        37777.88671875,
        28531.306640625
    ]
}