{
    "best_fitness": [
        476.6396179199219,
        476.6396179199219
    ],
    "best_fitness_in_generation": [
        476.6396179199219,
        8768.1484375
    ],
    "gen_time_sec": [
        0.04078269004821777,
        0.08156538009643555
    ],
    "generation_counter": [
        0,
        1
    ],
    "mean_fitness_in_generation": [
        37777.88671875,
        28315.451171875
    ]
}