{
    "best_fitness": [
        21847.072265625,
        9703.0146484375
    ],
    "best_fitness_in_generation": [
        21847.072265625,
        9703.0146484375
    ],
    "gen_time_sec": [
        0.051261186599731445,
        0.10252237319946289
    ],
    "generation_counter": [
        0,
        1
    ],
    "mean_fitness_in_generation": [
        48463.1015625,
        34175.79296875
    ]
}