{
    "best_fitness": [
        21847.072265625,
        8500.146484375
    ],
    "best_fitness_in_generation": [
        21847.072265625,
        8500.146484375
    ],
    "gen_time_sec": [
        0.04198408126831055,
        0.0839681625366211
    ],
    "generation_counter": [
        0,
        1
    ],
    "mean_fitness_in_generation": [
        48463.1015625,
        35022.234375
    ]
}