{
    "best_fitness": [
        21847.072265625,
        3675.401611328125
    ],
    "best_fitness_in_generation": [
        21847.072265625,
        3675.401611328125
    ],
    "gen_time_sec": [
        0.03255033493041992,
        0.06510066986083984
    ],
    "generation_counter": [
        0,
        1
    ],
    "mean_fitness_in_generation": [
        48463.1015625,
        10722.0087890625
    ]
}