{
    "best_fitness": [
        359.63726806640625,
        217.1938934326172
    ],
    "best_fitness_in_generation": [
        359.63726806640625,
        217.1938934326172
    ],
    "gen_time_sec": [
        0.6912598609924316,
        1.3825197219848633
    ],
    "generation_counter": [
        0,
        1
    ],
    "mean_fitness_in_generation": [
        494.9335632324219,
        261.1863708496094
    ]
}