{
    "best_fitness": [
        359.63726806640625,
        213.83157348632812
    ],
    "best_fitness_in_generation": [
        359.63726806640625,
        213.83157348632812
    ],
    "gen_time_sec": [
        0.031844139099121094,
        0.06368827819824219
    ],
    "generation_counter": [
        0,
        1
    ],
    "mean_fitness_in_generation": [
        494.9335632324219,
        261.63165283203125
    ]
}