{
    "best_fitness": [
        359.63726806640625,
        216.0117645263672
    ],
    "best_fitness_in_generation": [
        359.63726806640625,
        216.0117645263672
    ],
    "gen_time_sec": [
        0.3276071548461914,
        0.6552143096923828
    ],
    "generation_counter": [
        0,
        1
    ],
    "mean_fitness_in_generation": [
        494.9335632324219,
        264.27484130859375
    ]
}