{
    "best_fitness": [
        354.27874755859375,
        284.6644287109375
    ],
    "best_fitness_in_generation": [
        354.27874755859375,
        284.6644287109375
    ],
    "gen_time_sec": [
        0.035581111907958984,
        0.07116222381591797
    ],
    "generation_counter": [
        0,
        1
    ],
    "mean_fitness_in_generation": [
        492.2543029785156,
        535.0780029296875
    ]
}