{
    "best_fitness": [
        354.27874755859375,
        285.01763916015625
    ],
    "best_fitness_in_generation": [
        354.27874755859375,
        285.01763916015625
    ],
    "gen_time_sec": [
        0.24390292167663574,
        0.4878058433532715
    ],
    "generation_counter": [
        0,
        1
    ],
    "mean_fitness_in_generation": [
        492.2543029785156,
        535.3147583007812
    ]
}