{
    "best_fitness": [
        359.63726806640625,
        214.58865356445312
    ],
    "best_fitness_in_generation": [
        359.63726806640625,
        214.58865356445312
    ],
    "gen_time_sec": [
        0.08137106895446777,
        0.16274213790893555
    ],
    "generation_counter": [
        0,
        1
    ],
    "mean_fitness_in_generation": [
        494.9335632324219,
        255.34901428222656
    ]
}