{
    "best_fitness": [
        359.63726806640625,
        213.83157348632812
    ],
    "best_fitness_in_generation": [
        359.63726806640625,
        213.83157348632812
    ],
    "gen_time_sec": [
        0.05430865287780762,
        0.10861730575561523
    ],
    "generation_counter": [
        0,
        1
    ],
    "mean_fitness_in_generation": [
        494.9335632324219,
        261.63165283203125
    ]
}