{
    "best_fitness": [
        359.63726806640625,
        198.3562774658203
    ],
    "best_fitness_in_generation": [
        359.63726806640625,
        198.3562774658203
    ],
    "gen_time_sec": [
        0.11995768547058105,
        0.2399153709411621
    ],
    "generation_counter": [
        0,
        1
    ],
    "mean_fitness_in_generation": [
        494.9335632324219,
        241.47390747070312
    ]
}