{
    "best_fitness": [
        28907474.0,
        13683568.0
    ],
    "best_fitness_in_generation": [
        28907474.0,
        13683568.0
    ],
    "gen_time_sec": [
        0.5107219219207764,
        1.0214438438415527
    ],
    "generation_counter": [
        0,
        1
    ],
    "mean_fitness_in_generation": [
        41629136.0,
        17710160.0
    ]
}