{
    "best_fitness": [
        220.9478302001953,
        95.05844116210938
    ],
    "best_fitness_in_generation": [
        220.9478302001953,
        95.05844116210938
    ],
    "gen_time_sec": [
        0.3578615188598633,
        0.7157230377197266
    ],
    "generation_counter": [
        0,
        1
    ],
    "mean_fitness_in_generation": [
        362.10369873046875,
        122.06143188476562
    ]
}