{
    "best_fitness": [
        1825.197265625,
        1240.6143798828125
    ],
    "best_fitness_in_generation": [
        1825.197265625,
        1240.6143798828125
    ],
    "gen_time_sec": [
        0.08366179466247559,
        0.16732358932495117
    ],
    "generation_counter": [
        0,
        1
    ],
    "mean_fitness_in_generation": [
        2168.192626953125,
        1430.52197265625
    ]
}