{
    "best_fitness": [
        1825.197265625,
        1211.405029296875
    ],
    "best_fitness_in_generation": [
        1825.197265625,
        1211.405029296875
    ],
    "gen_time_sec": [
        0.032709360122680664,
        0.06541872024536133
    ],
    "generation_counter": [
        0,
        1
    ],
    "mean_fitness_in_generation": [
        2168.192626953125,
        1381.1846923828125
    ]
}