{
    "best_fitness": [
        1825.197265625,
        1825.197265625
    ],
    "best_fitness_in_generation": [
        1825.197265625,
        NaN
    ],
    "gen_time_sec": [
        0.9894208908081055,
        1.978841781616211
    ],
    "generation_counter": [
        0,
        1
    ],
    "mean_fitness_in_generation": [
        2168.192626953125,
        NaN
    ]
}