{
    "best_fitness": [
        1825.197265625,
        1216.309326171875
    ],
    "best_fitness_in_generation": [
        1825.197265625,
        1216.309326171875
    ],
    "gen_time_sec": [
        0.3360114097595215,
        0.672022819519043
    ],
    "generation_counter": [
        0,
        1
    ],
    "mean_fitness_in_generation": [
        2168.192626953125,
        1385.614013671875
    ]
}