{
    "best_fitness": [
        1840.278564453125,
        1560.0474853515625
    ],
    "best_fitness_in_generation": [
        1840.278564453125,
        1560.0474853515625
    ],
    "gen_time_sec": [
        0.024582862854003906,
        0.04916572570800781
    ],
    "generation_counter": [
        0,
        1
    ],
    "mean_fitness_in_generation": [
        2175.7333984375,
        2170.65625
    ]
}