{
    "best_fitness": [
        1840.278564453125,
        1558.99755859375
    ],
    "best_fitness_in_generation": [
        1840.278564453125,
        1558.99755859375
    ],
    "gen_time_sec": [
        0.058292388916015625,
        0.11658477783203125
    ],
    "generation_counter": [
        0,
        1
    ],
    "mean_fitness_in_generation": [
        2175.7333984375,
        2169.58740234375
    ]
}