{
    "best_fitness": [
        1825.197265625,
        1265.87451171875
    ],
    "best_fitness_in_generation": [
        1825.197265625,
        1265.87451171875
    ],
    "gen_time_sec": [
        0.06998610496520996,
        0.13997220993041992
    ],
    "generation_counter": [
        0,
        1
    ],
    "mean_fitness_in_generation": [
        2168.192626953125,
        1420.531982421875
    ]
}