{
    "best_fitness": [
        1825.197265625,
        1214.4285888671875
    ],
    "best_fitness_in_generation": [
        1825.197265625,
        1214.4285888671875
    ],
    "gen_time_sec": [
        0.044901371002197266,
        0.08980274200439453
    ],
    "generation_counter": [
        0,
        1
    ],
    "mean_fitness_in_generation": [
        2168.192626953125,
        1379.642333984375
    ]
}