{
    "best_fitness": [
        131.6632537841797,
        112.82563781738281
    ],
    "best_fitness_in_generation": [
        131.6632537841797,
        112.82563781738281
    ],
    "gen_time_sec": [
        0.10312104225158691,
        0.20624208450317383
    ],
    "generation_counter": [
        0,
        1
    ],
    "mean_fitness_in_generation": [
        142.07794189453125,
        119.95318603515625
    ]
}