{
    "best_fitness": [
        131.6632537841797,
        44.411869049072266
    ],
    "best_fitness_in_generation": [
        131.6632537841797,
        44.411869049072266
    ],
    "gen_time_sec": [
        0.6991136074066162,
        1.3982272148132324
    ],
    "generation_counter": [
        0,
        1
    ],
    "mean_fitness_in_generation": [
        142.07794189453125,
        44.411869049072266
    ]
}