{
    "best_fitness": [
        131.6632537841797,
        113.75016784667969
    ],
    "best_fitness_in_generation": [
        131.6632537841797,
        113.75016784667969
    ],
    "gen_time_sec": [
        0.27835965156555176,
        0.5567193031311035
    ],
    "generation_counter": [
        0,
        1
    ],
    "mean_fitness_in_generation": [
        142.07794189453125,
        118.11225891113281
    ]
}