{
    "best_fitness": [
        134.74037170410156,
        124.47879028320312
    ],
    "best_fitness_in_generation": [
        134.74037170410156,
        124.47879028320312
    ],
    "gen_time_sec": [
        0.033138275146484375,
        0.06627655029296875
    ],
    "generation_counter": [
        0,
        1
    ],
    "mean_fitness_in_generation": [
        143.6165008544922,
        142.9492645263672
    ]
}