{
    "best_fitness": [
        134.74037170410156,
        124.45439147949219
    ],
    "best_fitness_in_generation": [
        134.74037170410156,
        124.45439147949219
    ],
    "gen_time_sec": [
        0.06485295295715332,
        0.12970590591430664
    ],
    "generation_counter": [
        0,
        1
    ],
    "mean_fitness_in_generation": [
        143.6165008544922,
        142.92086791992188
    ]
}