{
    "best_fitness": [
        131.6632537841797,
        115.10533142089844
    ],
    "best_fitness_in_generation": [
        131.6632537841797,
        115.10533142089844
    ],
    "gen_time_sec": [
        0.032045841217041016,
        0.06409168243408203
    ],
    "generation_counter": [
        0,
        1
    ],
    "mean_fitness_in_generation": [
        142.07794189453125,
        119.15408325195312
    ]
}