{
    "best_fitness": [
        131.6632537841797,
        113.48196411132812
    ],
    "best_fitness_in_generation": [
        131.6632537841797,
        113.48196411132812
    ],
    "gen_time_sec": [
        0.032792091369628906,
        0.06558418273925781
    ],
    "generation_counter": [
        0,
        1
    ],
    "mean_fitness_in_generation": [
        142.07794189453125,
        117.93939208984375
    ]
}