{
    "best_fitness": [
        131.6632537841797,
        114.25465393066406
    ],
    "best_fitness_in_generation": [
        131.6632537841797,
        114.25465393066406
    ],
    "gen_time_sec": [
        0.03306221961975098,
        0.06612443923950195
    ],
    "generation_counter": [
        0,
        1
    ],
    "mean_fitness_in_generation": [
        142.07794189453125,
        118.72516632080078
    ]
}