{
    "best_fitness": [
        82.76744079589844,
        70.01983642578125
    ],
    "best_fitness_in_generation": [
        82.76744079589844,
        70.01983642578125
    ],
    "best_solution": [
        [
            -4.796710014343262,
            -3.7048087120056152
        ],
        [
            -5.574256420135498,
            -1.8413761854171753
        ]
    ],
    "best_solution_in_generation": [
        [
            -4.796710014343262,
            -3.7048087120056152
        ],
        [
            -5.574256420135498,
            -1.8413761854171753
        ]
    ],
    "best_solution_norm": [
        6.060861110687256,
        5.870519638061523
    ],
    "gen_time_sec": [
        0.03583121299743652,
        0.07166242599487305
    ],
    "generation_counter": [
        0,
        1
    ],
    "mean": [
        [
            -4.927062034606934,
            -4.791088104248047
        ],
        [
            -4.796710014343262,
            -3.7048087120056152
        ]
    ],
    "mean_fitness": [
        107.21728515625,
        70.04727172851562
    ],
    "mean_norm": [
        6.872442245483398,
        6.060861110687256
    ]
}