{
    "best_fitness": [
        82.76744079589844,
        70.01983642578125
    ],
    "best_fitness_in_generation": [
        82.76744079589844,
        70.01983642578125
    ],
    "gen_time_sec": [
        0.0854954719543457,
        0.1709909439086914
    ],
    "generation_counter": [
        0,
        1
    ],
    "mean_fitness_in_generation": [
        107.21728515625,
        70.04727172851562
    ]
}