{
    "best_fitness": [
        82.76744079589844,
        60.3438606262207
    ],
    "best_fitness_in_generation": [
        82.76744079589844,
        60.3438606262207
    ],
    "best_solution": [
        [
            -4.796710014343262,
            -3.7048087120056152
        ],
        [
            -3.711108684539795,
            -1.7781203985214233
        ]
    ],
    "best_solution_in_generation": [
        [
            -4.796710014343262,
            -3.7048087120056152
        ],
        [
            -3.711108684539795,
            -1.7781203985214233
        ]
    ],
    "best_solution_norm": [
        6.060861110687256,
        4.11509895324707
    ],
    "gen_time_sec": [
        0.07065510749816895,
        0.1413102149963379
    ],
    "generation_counter": [
        0,
        1
    ],
    "mean": [
        [
            -4.927062034606934,
            -4.791088104248047
        ],
        [
            -4.796710014343262,
            -3.7048087120056152
        ]
    ],
    "mean_fitness": [
        107.21728515625,
        73.06655883789062
    ],
    "mean_norm": [
        6.872442245483398,
        6.060861110687256
    ]
}