{
    "best_fitness": [
        82.76744079589844,
        60.157958984375
    ],
    "best_fitness_in_generation": [
        82.76744079589844,
        60.157958984375
    ],
    "gen_time_sec": [
        0.28531765937805176,
        0.5706353187561035
    ],
    "generation_counter": [
        0,
        1
    ],
    "mean_fitness_in_generation": [
        107.21728515625,
        73.76139831542969
    ]
}