{
    "best_fitness": [
        82.76744079589844,
        60.157958984375
    ],
    "best_fitness_in_generation": [
        82.76744079589844,
        60.157958984375
    ],
    "best_solution": [
        [
            -4.796710014343262,
            -3.7048087120056152
        ],
        [
            -3.607708215713501,
            -1.7946017980575562
        ]
    ],
    "best_solution_in_generation": [
        [
            -4.796710014343262,
            -3.7048087120056152
        ],
        [
            -3.607708215713501,
            -1.7946017980575562
        ]
    ],
    "best_solution_norm": [
        6.060861110687256,
        4.029411315917969
    ],
    "gen_time_sec": [
        0.25321125984191895,
        0.5064225196838379
    ],
    "generation_counter": [
        0,
        1
    ],
    "mean": [
        [
            -4.927062034606934,
            -4.791088104248047
        ],
        [
            -4.796710968017578,
            -3.7048091888427734
        ]
    ],
    "mean_fitness": [
        107.21728515625,
        73.76139831542969
    ],
    "mean_norm": [
        6.872442245483398,
        6.060862064361572
    ]
}