{
    "best_fitness": [
        76.71894836425781,
        69.75746154785156
    ],
    "best_fitness_in_generation": [
        76.71894836425781,
        69.75746154785156
    ],
    "gen_time_sec": [
        0.04969048500061035,
        0.0993809700012207
    ],
    "generation_counter": [
        0,
        1
    ],
    "mean_fitness_in_generation": [
        104.19303894042969,
        101.88465881347656
    ]
}