{
    "best_fitness": [
        76.71894836425781,
        69.7014389038086
    ],
    "best_fitness_in_generation": [
        76.71894836425781,
        69.7014389038086
    ],
    "best_solution": [
        [
            -2.412503242492676,
            -3.7741003036499023
        ],
        [
            -3.7287886142730713,
            -2.877131462097168
        ]
    ],
    "best_solution_in_generation": [
        [
            -2.412503242492676,
            -3.7741003036499023
        ],
        [
            -3.7287886142730713,
            -2.877131462097168
        ]
    ],
    "best_solution_norm": [
        4.479286193847656,
        4.709750652313232
    ],
    "gen_time_sec": [
        0.048168182373046875,
        0.09633636474609375
    ],
    "generation_counter": [
        0,
        1
    ],
    "mean": [
        [
            -4.927062034606934,
            -4.791088104248047
        ],
        [
            -4.917791366577148,
            -4.787338733673096
        ]
    ],
    "mean_fitness": [
        104.19303894042969,
        101.79719543457031
    ],
    "mean_norm": [
        6.872442245483398,
        6.86318302154541
    ]
}