{
    "best_fitness": [
        76.71894836425781,
        69.7014389038086
    ],
    "best_fitness_in_generation": [
        76.71894836425781,
        69.7014389038086
    ],
    "gen_time_sec": [
        0.12345409393310547,
        0.24690818786621094
    ],
    "generation_counter": [
        0,
        1
    ],
    "mean_fitness_in_generation": [
        104.19303894042969,
        101.79719543457031
    ]
}