{
    "best_fitness": [
        82.76744079589844,
        61.92070770263672
    ],
    "best_fitness_in_generation": [
        82.76744079589844,
        61.92070770263672
    ],
    "gen_time_sec": [
        0.1052241325378418,
        0.2104482650756836
    ],
    "generation_counter": [
        0,
        1
    ],
    "mean_fitness_in_generation": [
        107.21728515625,
        73.60577392578125
    ]
}