{
    "best_fitness": [
        82.76744079589844,
        61.92070770263672
    ],
    "best_fitness_in_generation": [
        82.76744079589844,
        61.92070770263672
    ],
    "best_solution": [
        [
            -4.796710014343262,
            -3.7048087120056152
        ],
        [
            -3.801196813583374,
            -1.9494655132293701
        ]
    ],
    "best_solution_in_generation": [
        [
            -4.796710014343262,
            -3.7048087120056152
        ],
        [
            -3.801196813583374,
            -1.9494655132293701
        ]
    ],
    "best_solution_norm": [
        6.060861110687256,
        4.271944999694824
    ],
    "gen_time_sec": [
        0.03996562957763672,
        0.07993125915527344
    ],
    "generation_counter": [
        0,
        1
    ],
    "mean": [
        [
            -4.927062034606934,
            -4.791088104248047
        ],
        [
            -4.796710014343262,
            -3.7048087120056152
        ]
    ],
    "mean_fitness": [
        107.21728515625,
        73.60577392578125
    ],
    "mean_norm": [
        6.872442245483398,
        6.060861110687256
    ]
}