{
    "best_fitness": [
        82.76744079589844,
        60.3438606262207
    ],
    "best_fitness_in_generation": [
        82.76744079589844,
        60.3438606262207
    ],
    "gen_time_sec": [
        0.017171144485473633,
        0.034342288970947266
    ],
    "generation_counter": [
        0,
        1
    ],
    "mean_fitness_in_generation": [
        107.21728515625,
        73.06655883789062
    ]
}