{
    "best_fitness": [
        82.76744079589844,
        58.91102600097656
    ],
    "best_fitness_in_generation": [
        82.76744079589844,
        58.91102600097656
    ],
    "best_solution": [
        [
            -4.796710014343262,
            -3.7048087120056152
        ],
        [
            -3.082705497741699,
            -1.7925490140914917
        ]
    ],
    "best_solution_in_generation": [
        [
            -4.796710014343262,
            -3.7048087120056152
        ],
        [
            -3.082705497741699,
            -1.7925490140914917
        ]
    ],
    "best_solution_norm": [
        6.060861110687256,
        3.565992832183838
    ],
    "gen_time_sec": [
        0.01605701446533203,
        0.03211402893066406
    ],
    "generation_counter": [
        0,
        1
    ],
    "mean": [
        [
            -4.927062034606934,
            -4.791088104248047
        ],
        [
            -3.6046066284179688,
            -3.739454507827759
        ]
    ],
    "mean_fitness": [
        107.21728515625,
        65.44027709960938
    ],
    "mean_norm": [
        6.872442245483398,
        5.193910598754883
    ]
}