{
    "best_fitness": [
        82.76744079589844,
        58.91102600097656
    ],
    "best_fitness_in_generation": [
        82.76744079589844,
        58.91102600097656
    ],
    "gen_time_sec": [
        0.09536552429199219,
        0.19073104858398438
    ],
    "generation_counter": [
        0,
        1
    ],
    "mean_fitness_in_generation": [
        107.21728515625,
        65.44027709960938
    ]
}