{
    "best_fitness": [
        28907474.0,
        14055484.0
    ],
    "best_fitness_in_generation": [
        28907474.0,
        14055484.0
    ],
    "gen_time_sec": [
        0.07945418357849121,
        0.15890836715698242
    ],
    "generation_counter": [
        0,
        1
    ],
    "mean_fitness_in_generation": [
        41629136.0,
        18950020.0
    ]
}