{
    "best_fitness": [
        28907474.0,
        28907474.0
    ],
    "best_fitness_in_generation": [
        28907474.0,
        NaN
    ],
    "gen_time_sec": [
        0.7422206401824951,
        1.4844412803649902
    ],
    "generation_counter": [
        0,
        1
    ],
    "mean_fitness_in_generation": [
        41629136.0,
        NaN
    ]
}