{
    "best_fitness": [
        28907474.0,
        13683568.0
    ],
    "best_fitness_in_generation": [
        28907474.0,
        13683568.0
    ],
    "gen_time_sec": [
        0.5711808204650879,
        1.1423616409301758
    ],
    "generation_counter": [
        0,
        1
    ],
    "mean_fitness_in_generation": [
        41629136.0,
        17710160.0
    ]
}