{
    "best_fitness": [
        28907474.0,
        13552950.0
    ],
    "best_fitness_in_generation": [
        28907474.0,
        13552950.0
    ],
    "gen_time_sec": [
        0.035817623138427734,
        0.07163524627685547
    ],
    "generation_counter": [
        0,
        1
    ],
    "mean_fitness_in_generation": [
        41629136.0,
        17614560.0
    ]
}