{
    "best_fitness": [
        2343.8525390625,
        2259.87548828125,
        1837.6724853515625,
        1620.179931640625,
        1620.179931640625,
        1619.386962890625,
        1580.6624755859375,
        1580.6624755859375,
        1405.35205078125,
        1205.443359375,
        1205.443359375,
        1205.443359375,
        1205.443359375,
        1054.021484375,
        1054.021484375,
        1054.021484375,
        762.95166015625,
        762.95166015625,
        762.95166015625,
        762.95166015625,
        700.6009521484375,
        700.6009521484375,
        700.6009521484375,
        700.6009521484375,
        700.6009521484375,
        700.6009521484375,
        576.4613037109375,
        572.7646484375,
        473.36590576171875,
        473.36590576171875,
        407.75189208984375,
        407.75189208984375,
        407.75189208984375,
        400.5218811035156,
        340.5574645996094,
        340.5574645996094,
        314.8580322265625,
        295.53350830078125,
        244.5281219482422,
        244.5281219482422,
        235.2527618408203,
        235.2527618408203,
        235.2527618408203,
        235.2527618408203,
        213.07736206054688,
        213.07736206054688,
        186.3372802734375,
        186.3372802734375,
        160.56887817382812,
        151.81593322753906,
        150.02554321289062,
        150.02554321289062,
        150.02554321289062,
        150.02554321289062,
        140.41285705566406,
        128.3865966796875,
        107.14506530761719,
        107.14506530761719,
        107.14506530761719,
        101.35015869140625,
        99.40470886230469,
        86.4866943359375,
        83.15255737304688,
        83.15255737304688
    ],
    "best_fitness_in_generation": [
        2343.8525390625,
        2259.87548828125,
        1837.6724853515625,
        1620.179931640625,
        1631.69287109375,
        1619.386962890625,
        1580.6624755859375,
        1606.189453125,
        1405.35205078125,
        1205.443359375,
        1398.725341796875,
        1220.6259765625,
        1295.1361083984375,
        1054.021484375,
        1145.873046875,
        1109.005859375,
        762.95166015625,
        814.5049438476562,
        956.0643920898438,
        849.2837524414062,
        700.6009521484375,
        761.6008911132812,
        702.8741455078125,
        710.3364868164062,
        832.3367309570312,
        805.2538452148438,
        576.4613037109375,
        572.7646484375,
        473.36590576171875,
        527.26318359375,
        407.75189208984375,
        464.58001708984375,
        438.19842529296875,
        400.5218811035156,
        340.5574645996094,
        352.8725891113281,
        314.8580322265625,
        295.53350830078125,
        244.5281219482422,
        293.94158935546875,
        235.2527618408203,
        239.174560546875,
        250.865966796875,
        254.19322204589844,
        213.07736206054688,
        213.803955078125,
        186.3372802734375,
        191.70248413085938,
        160.56887817382812,
        151.81593322753906,
        150.02554321289062,
        150.99383544921875,
        150.97181701660156,
        152.14895629882812,
        140.41285705566406,
        128.3865966796875,
        107.14506530761719,
        109.36415100097656,
        117.52932739257812,
        101.35015869140625,
        99.40470886230469,
        86.4866943359375,
        83.15255737304688,
        86.16032409667969
    ],
    "gen_time_sec": [
        5.2151360511779785,
        1.7658166885375977,
        0.1167137622833252,
        0.11539554595947266,
        0.11465120315551758,
        0.11511421203613281,
        0.11472606658935547,
        0.11464881896972656,
        0.11514592170715332,
        0.11503958702087402,
        0.11442828178405762,
        0.11424851417541504,
        0.11525321006774902,
        0.11490654945373535,
        0.11509466171264648,
        0.11437773704528809,
        0.11430120468139648,
        0.11475419998168945,
        0.11470460891723633,
        0.11436891555786133,
        0.11464953422546387,
        0.11505484580993652,
        0.1148688793182373,
        0.11481666564941406,
        0.11440205574035645,
        0.11525702476501465,
        0.11510992050170898,
        0.11432218551635742,
        0.11421442031860352,
        0.11418557167053223,
        0.11436104774475098,
        0.11435055732727051,
        0.11423969268798828,
        0.11518025398254395,
        0.1149141788482666,
        0.1144099235534668,
        0.1143028736114502,
        0.11450004577636719,
        0.11459231376647949,
        0.11430954933166504,
        0.11473464965820312,
        0.11481881141662598,
        0.11484265327453613,
        0.11442375183105469,
        0.11473965644836426,
        0.1154179573059082,
        0.11521625518798828,
        0.1146245002746582,
        0.11427688598632812,
        0.11462926864624023,
        0.11501383781433105,
        0.11462044715881348,
        0.11482715606689453,
        0.11521315574645996,
        0.11545753479003906,
        0.11501574516296387,
        0.1141812801361084,
        0.1143651008605957,
        0.11438417434692383,
        0.11463189125061035,
        0.11444234848022461,
        0.11485433578491211,
        0.11517834663391113,
        0.1148519515991211
    ],
    "generation_counter": [
        0,
        1,
        2,
        3,
        4,
        5,
        6,
        7,
        8,
        9,
        10,
        11,
        12,
        13,
        14,
        15,
        16,
        17,
        18,
        19,
        20,
        21,
        22,
        23,
        24,
        25,
        26,
        27,
        28,
        29,
        30,
        31,
        32,
        33,
        34,
        35,
        36,
        37,
        38,
        39,
        40,
        41,
        42,
        43,
        44,
        45,
        46,
        47,
        48,
        49,
        50,
        51,
        52,
        53,
        54,
        55,
        56,
        57,
        58,
        59,
        60,
        61,
        62,
        63
    ],
    "mean_fitness": [
        6962.97119140625,
        5889.3349609375,
        4944.20703125,
        4210.796875,
        3882.567138671875,
        3524.907470703125,
        3500.3740234375,
        3325.14990234375,
        3105.96337890625,
        2791.67724609375,
        2856.006103515625,
        2636.282470703125,
        2530.6787109375,
        2380.2578125,
        2161.7744140625,
        2028.7418212890625,
        2059.30615234375,
        1891.05712890625,
        1782.7093505859375,
        1685.142822265625,
        1709.8052978515625,
        1476.1986083984375,
        1508.6871337890625,
        1409.7386474609375,
        1300.455322265625,
        1272.23046875,
        1145.73681640625,
        1012.1100463867188,
        874.531982421875,
        920.31396484375,
        784.504150390625,
        822.7343139648438,
        741.827880859375,
        686.2451171875,
        646.74951171875,
        611.4766845703125,
        577.1430053710938,
        551.2042236328125,
        513.1016845703125,
        474.55889892578125,
        426.2171630859375,
        409.0836181640625,
        400.31439208984375,
        403.37872314453125,
        374.3934326171875,
        347.4576416015625,
        340.50408935546875,
        313.40771484375,
        301.42095947265625,
        291.12646484375,
        265.9292907714844,
        258.174072265625,
        245.3104248046875,
        242.01527404785156,
        221.79893493652344,
        216.37713623046875,
        202.6050262451172,
        193.08627319335938,
        178.1392822265625,
        181.2452392578125,
        159.8729248046875,
        149.4300079345703,
        143.09762573242188,
        149.37249755859375
    ],