{
    "best_fitness": [
        2664.95166015625,
        2664.95166015625,
        2664.95166015625,
        2511.414306640625,
        2353.98095703125,
        2353.98095703125,
        2353.98095703125,
        2353.98095703125,
        2353.98095703125,
        2353.98095703125,
        2203.544921875,
        2203.544921875,
        2049.03173828125,
        2049.03173828125,
        2049.03173828125,
        2049.03173828125,
        2049.03173828125,
        2049.03173828125,
        2049.03173828125,
        2049.03173828125,
        2049.03173828125,
        2049.03173828125,
        2049.03173828125,
        2049.03173828125,
        2049.03173828125,
        2049.03173828125,
        2049.03173828125,
        2049.03173828125,
        2043.8890380859375,
        2043.8890380859375,
        2043.8890380859375,
        2043.8890380859375,
        2043.8890380859375,
        2043.8890380859375,
        2043.8890380859375,
        1723.6881103515625,
        1723.6881103515625,
        1723.6881103515625,
        1723.6881103515625,
        1723.6881103515625,
        1723.6881103515625,
        1723.6881103515625,
        1723.6881103515625,
        1723.6881103515625,
        1723.6881103515625,
        1723.6881103515625,
        1723.6881103515625,
        1565.239013671875,
        1565.239013671875,
        1565.239013671875,
        1565.239013671875,
        1565.239013671875,
        1565.239013671875,
        1565.239013671875,
        1565.239013671875,
        1565.239013671875,
        1565.239013671875,
        1565.239013671875,
        1565.239013671875,
        1565.239013671875,
        1565.239013671875,
        1565.239013671875,
        1565.239013671875,
        1565.239013671875
    ],
    "best_fitness_in_generation": [
        2664.95166015625,
        2881.78564453125,
        2695.34521484375,
        2511.414306640625,
        2353.98095703125,
        2637.615478515625,
        2734.146484375,
        2563.169921875,
        2838.384033203125,
        2456.0693359375,
        2203.544921875,
        2762.806640625,
        2049.03173828125,
        2526.8896484375,
        2937.52490234375,
        2294.53515625,
        2656.928955078125,
        2674.51123046875,
        2702.359619140625,
        2610.64306640625,
        2635.988525390625,
        2742.73876953125,
        2610.25,
        2484.021484375,
        2754.446533203125,
        2411.231201171875,
        2253.0888671875,
        2646.928955078125,
        2043.8890380859375,
        2881.59228515625,
        2678.261474609375,
        2596.8271484375,
        2111.226318359375,
        2509.4326171875,
        2424.553955078125,
        1723.6881103515625,
        2415.16064453125,
        2569.531982421875,
        2289.067138671875,
        2664.9775390625,
        3056.072998046875,
        2611.297607421875,
        3038.61181640625,
        2776.690185546875,
        2560.9326171875,
        2232.29541015625,
        2828.138671875,
        1565.239013671875,
        2785.39306640625,
        1857.804931640625,
        2251.174560546875,
        2377.546142578125,
        2730.59228515625,
        2437.82861328125,
        2693.86083984375,
        2861.815673828125,
        2419.34912109375,
        2967.539794921875,
        2395.01708984375,
        2745.68896484375,
        2884.06201171875,
        2165.078857421875,
        2804.029541015625,
        2054.7294921875
    ],
    "gen_time_sec": [
        1.1025779247283936,
        1.0992047786712646,
        0.11561107635498047,
        0.11548066139221191,
        0.11533164978027344,
        0.11551880836486816,
        0.11533427238464355,
        0.1152956485748291,
        0.11565971374511719,
        0.1153709888458252,
        0.11540699005126953,
        0.11528396606445312,
        0.11560249328613281,
        0.115509033203125,
        0.11567902565002441,
        0.11539316177368164,
        0.11538362503051758,
        0.11591696739196777,
        0.11564946174621582,
        0.11556839942932129,
        0.11560845375061035,
        0.11523866653442383,
        0.11523222923278809,
        0.11552214622497559,
        0.11567401885986328,
        0.11541962623596191,
        0.11544275283813477,
        0.11553478240966797,
        0.11580061912536621,
        0.11558651924133301,
        0.11544084548950195,
        0.11544990539550781,
        0.11589360237121582,
        0.11583566665649414,
        0.11608457565307617,
        0.11541914939880371,
        0.11523890495300293,
        0.11562633514404297,
        0.11574411392211914,
        0.11551475524902344,
        0.11568522453308105,
        0.1155405044555664,
        0.1155233383178711,
        0.11622166633605957,
        0.1158597469329834,
        0.11558079719543457,
        0.11551403999328613,
        0.11540484428405762,
        0.11438298225402832,
        0.11615467071533203,
        0.11572599411010742,
        0.11586999893188477,
        0.11551642417907715,
        0.11614131927490234,
        0.11600923538208008,
        0.11546039581298828,
        0.11576247215270996,
        0.11561107635498047,
        0.11554551124572754,
        0.11607909202575684,
        0.11598849296569824,
        0.11545944213867188,
        0.11566329002380371,
        0.11589717864990234
    ],
    "generation_counter": [
        0,
        1,
        2,
        3,
        4,
        5,
        6,
        7,
        8,
        9,
        10,
        11,
        12,
        13,
        14,
        15,
        16,
        17,
        18,
        19,
        20,
        21,
        22,
        23,
        24,
        25,
        26,
        27,
        28,
        29,
        30,
        31,
        32,
        33,
        34,
        35,
        36,
        37,
        38,
        39,
        40,
        41,
        42,
        43,
        44,
        45,
        46,
        47,
        48,
        49,
        50,
        51,
        52,
        53,
        54,
        55,
        56,
        57,
        58,
        59,
        60,
        61,
        62,
        63
    ],
    "mean_fitness": [
        6820.4267578125,
        7179.51953125,
        7056.9443359375,
        7197.70263671875,
        7158.25341796875,
        6587.83984375,
        6730.19775390625,
        6545.78515625,
        6891.1416015625,
        6553.6708984375,
        6984.9736328125,
        6526.91943359375,
        6531.23046875,
        6787.66796875,
        7004.2509765625,
        6720.724609375,
        6813.03369140625,
        7023.21435546875,
        6784.986328125,
        7309.1103515625,
        7244.93994140625,
        7009.7734375,
        6907.953125,
        6767.0751953125,
        6914.75537109375,
        7053.9814453125,
        6978.95751953125,
        7004.05810546875,
        7044.779296875,
        7206.4833984375,
        6805.26171875,
        6911.451171875,
        6710.12451171875,
        6801.0712890625,
        7120.1328125,
        6659.37451171875,
        6870.0234375,
        6997.94189453125,
        6658.7548828125,
        6789.91015625,
        6843.3046875,
        6821.337890625,
        7050.2705078125,
        7298.90625,
        6976.298828125,
        6822.154296875,
        6666.986328125,
        6506.73486328125,
        6949.6689453125,
        6563.89599609375,
        7065.54931640625,
        7171.60498046875,
        6511.86328125,
        7296.947265625,
        6663.5126953125,
        6447.59375,
        6513.2001953125,
        6638.82568359375,
        6505.11279296875,
        7144.54052734375,
        6520.498046875,
        6527.490234375,
        6723.71923828125,
        7190.9833984375
    ],