{
    "best_fitness": [
        2664.95166015625,
        2664.95166015625,
        2664.95166015625,
        2498.17041015625,
        2344.11572265625,
        2344.11572265625,
        2344.11572265625,
        2344.11572265625,
        2344.11572265625,
        2344.11572265625,
        2196.642578125,
        2196.642578125,
        2044.4244384765625,
        2044.4244384765625,
        2044.4244384765625,
        2044.4244384765625,
        2044.4244384765625,
        2044.4244384765625,
        2044.4244384765625,
        2044.4244384765625,
        2044.4244384765625,
        2044.4244384765625,
        2044.4244384765625,
        2044.4244384765625,
        2044.4244384765625,
        2044.4244384765625,
        2044.4244384765625,
        2044.4244384765625,
        2006.2391357421875,
        2006.2391357421875,
        2006.2391357421875,
        2006.2391357421875,
        2006.2391357421875,
        2006.2391357421875,
        2006.2391357421875,
        1708.409423828125,
        1708.409423828125,
        1708.409423828125,
        1708.409423828125,
        1708.409423828125,
        1708.409423828125,
        1708.409423828125,
        1708.409423828125,
        1708.409423828125,
        1708.409423828125,
        1708.409423828125,
        1708.409423828125,
        1533.7972412109375,
        1533.7972412109375,
        1533.7972412109375,
        1533.7972412109375,
        1533.7972412109375,
        1533.7972412109375,
        1533.7972412109375,
        1533.7972412109375,
        1533.7972412109375,
        1533.7972412109375,
        1533.7972412109375,
        1533.7972412109375,
        1533.7972412109375,
        1533.7972412109375,
        1533.7972412109375,
        1533.7972412109375,
        1533.7972412109375
    ],
    "best_fitness_in_generation": [
        2664.95166015625,
        2892.68359375,
        2705.412109375,
        2498.17041015625,
        2344.11572265625,
        2632.193359375,
        2717.26953125,
        2553.257080078125,
        2836.047607421875,
        2460.93701171875,
        2196.642578125,
        2709.01171875,
        2044.4244384765625,
        2530.12109375,
        2916.281982421875,
        2310.3466796875,
        2643.39990234375,
        2679.66455078125,
        2713.39013671875,
        2619.194580078125,
        2619.1484375,
        2649.41162109375,
        2571.51513671875,
        2490.6611328125,
        2724.03125,
        2419.7373046875,
        2229.97265625,
        2607.359130859375,
        2006.2391357421875,
        2829.59912109375,
        2552.30908203125,
        2550.7587890625,
        2112.55615234375,
        2462.407470703125,
        2388.290771484375,
        1708.409423828125,
        2403.12060546875,
        2528.92724609375,
        2240.55859375,
        2656.756103515625,
        2938.8759765625,
        2574.95849609375,
        2961.80810546875,
        2715.94921875,
        2481.803466796875,
        2122.34228515625,
        2693.01953125,
        1533.7972412109375,
        2671.259765625,
        1788.50146484375,
        2190.652587890625,
        2415.2470703125,
        2684.705078125,
        2399.565673828125,
        2606.332275390625,
        2691.499267578125,
        2342.31396484375,
        2929.52880859375,
        2336.053466796875,
        2583.5673828125,
        2756.04052734375,
        2072.32568359375,
        2688.001953125,
        2000.169189453125
    ],
    "gen_time_sec": [
        1.22908353805542,
        1.2263154983520508,
        0.11647415161132812,
        0.1153864860534668,
        0.11498832702636719,
        0.11514520645141602,
        0.11464881896972656,
        0.11515474319458008,
        0.11554193496704102,
        0.11509537696838379,
        0.11502528190612793,
        0.11518621444702148,
        0.11513829231262207,
        0.11534357070922852,
        0.11546802520751953,
        0.11503744125366211,
        0.11518645286560059,
        0.11554431915283203,
        0.11508584022521973,
        0.1151735782623291,
        0.11539936065673828,
        0.11536359786987305,
        0.11548089981079102,
        0.11548256874084473,
        0.11555218696594238,
        0.11525893211364746,
        0.1157841682434082,
        0.11524438858032227,
        0.11513638496398926,
        0.11545729637145996,
        0.11524438858032227,
        0.11539554595947266,
        0.1154477596282959,
        0.11488580703735352,
        0.11526322364807129,
        0.1154322624206543,
        0.11572670936584473,
        0.11554837226867676,
        0.11532974243164062,
        0.11506271362304688,
        0.11553502082824707,
        0.11560583114624023,
        0.11532902717590332,
        0.11530065536499023,
        0.11521291732788086,
        0.1154632568359375,
        0.11561274528503418,
        0.11547183990478516,
        0.11571526527404785,
        0.1149590015411377,
        0.11526322364807129,
        0.11557459831237793,
        0.11560916900634766,
        0.11544108390808105,
        0.11529970169067383,
        0.11536979675292969,
        0.11523318290710449,
        0.11513328552246094,
        0.11537933349609375,
        0.11508917808532715,
        0.11533546447753906,
        0.11561775207519531,
        0.11559343338012695,
        0.11534261703491211
    ],
    "generation_counter": [
        0,
        1,
        2,
        3,
        4,
        5,
        6,
        7,
        8,
        9,
        10,
        11,
        12,
        13,
        14,
        15,
        16,
        17,
        18,
        19,
        20,
        21,
        22,
        23,
        24,
        25,
        26,
        27,
        28,
        29,
        30,
        31,
        32,
        33,
        34,
        35,
        36,
        37,
        38,
        39,
        40,
        41,
        42,
        43,
        44,
        45,
        46,
        47,
        48,
        49,
        50,
        51,
        52,
        53,
        54,
        55,
        56,
        57,
        58,
        59,
        60,
        61,
        62,
        63
    ],
    "mean_fitness": [
        6820.4267578125,
        7177.87451171875,
        7053.8583984375,
        7190.28125,
        7156.8857421875,
        6579.896484375,
        6719.361328125,
        6534.7197265625,
        6875.6494140625,
        6531.4091796875,
        6949.85546875,
        6499.4521484375,
        6491.5556640625,
        6748.91357421875,
        6958.5048828125,
        6668.4541015625,
        6772.4990234375,
        6976.7880859375,
        6729.40478515625,
        7236.4658203125,
        7178.0751953125,
        6941.84033203125,
        6826.05859375,
        6679.96044921875,
        6844.6279296875,
        6962.85400390625,
        6890.8193359375,
        6909.7958984375,
        6952.63427734375,
        7108.30517578125,
        6688.3896484375,
        6790.298828125,
        6604.16796875,
        6668.814453125,
        7011.19091796875,
        6532.68212890625,
        6751.7080078125,
        6854.95703125,
        6526.42919921875,
        6641.91455078125,
        6686.31591796875,
        6676.34765625,
        6882.24560546875,
        7124.6103515625,
        6809.0576171875,
        6665.30078125,
        6489.70849609375,
        6324.0888671875,
        6758.04248046875,
        6374.2099609375,
        6876.77978515625,
        6950.06640625,
        6308.3173828125,
        7074.39111328125,
        6466.37158203125,
        6232.95458984375,
        6302.0390625,
        6442.83544921875,
        6285.30078125,
        6901.25732421875,
        6323.19580078125,
        6297.255859375,
        6492.9052734375,
        6951.2431640625
    ],