{
    "best_fitness": [
        2343.8525390625,
        2245.94921875,
        1781.289306640625,
        1769.5029296875,
        1703.8760986328125,
        1568.4898681640625,
        1378.397705078125,
        1160.3447265625,
        1160.3447265625,
        976.3740234375,
        976.3740234375,
        976.3740234375,
        754.51025390625,
        754.51025390625,
        754.51025390625,
        754.51025390625,
        705.8056640625,
        663.3743286132812,
        644.7144165039062,
        644.7144165039062,
        644.7144165039062,
        630.7999267578125,
        562.3531494140625,
        562.3531494140625,
        562.3531494140625,
        562.3531494140625,
        448.17803955078125,
        447.15899658203125,
        439.8615417480469,
        425.83941650390625,
        425.83941650390625,
        394.4760437011719,
        346.44805908203125,
        324.755859375,
        295.13037109375,
        279.95361328125,
        249.756103515625,
        249.756103515625,
        249.756103515625,
        243.10714721679688,
        237.82046508789062,
        237.82046508789062,
        192.25418090820312,
        192.25418090820312,
        177.7843017578125,
        177.7843017578125,
        166.7852020263672,
        166.7852020263672,
        166.7852020263672,
        164.60296630859375,
        164.60296630859375,
        159.16629028320312,
        159.16629028320312,
        139.4647216796875,
        139.4647216796875,
        128.33253479003906,
        107.42166137695312,
        107.42166137695312,
        107.42166137695312,
        107.42166137695312,
        107.42166137695312,
        100.5047378540039,
        100.5047378540039,
        100.5047378540039
    ],
    "best_fitness_in_generation": [
        2343.8525390625,
        2245.94921875,
        1781.289306640625,
        1769.5029296875,
        1703.8760986328125,
        1568.4898681640625,
        1378.397705078125,
        1160.3447265625,
        1188.2705078125,
        976.3740234375,
        1118.5743408203125,
        1017.8667602539062,
        754.51025390625,
        1032.00830078125,
        976.5181884765625,
        896.1036376953125,
        705.8056640625,
        663.3743286132812,
        644.7144165039062,
        676.83544921875,
        706.9918212890625,
        630.7999267578125,
        562.3531494140625,
        583.057373046875,
        564.3983154296875,
        569.72021484375,
        448.17803955078125,
        447.15899658203125,
        439.8615417480469,
        425.83941650390625,
        457.98028564453125,
        394.4760437011719,
        346.44805908203125,
        324.755859375,
        295.13037109375,
        279.95361328125,
        249.756103515625,
        250.7389373779297,
        275.89666748046875,
        243.10714721679688,
        237.82046508789062,
        243.28738403320312,
        192.25418090820312,
        211.23878479003906,
        177.7843017578125,
        188.74798583984375,
        166.7852020263672,
        184.20884704589844,
        203.76217651367188,
        164.60296630859375,
        171.17091369628906,
        159.16629028320312,
        167.271240234375,
        139.4647216796875,
        161.21372985839844,
        128.33253479003906,
        107.42166137695312,
        141.97726440429688,
        139.59390258789062,
        140.32034301757812,
        115.10004425048828,
        100.5047378540039,
        108.04322814941406,
        105.5260238647461
    ],
    "gen_time_sec": [
        1.626666784286499,
        1.6308729648590088,
        0.11655402183532715,
        0.11565780639648438,
        0.11573958396911621,
        0.11563897132873535,
        0.11554789543151855,
        0.11553144454956055,
        0.11592507362365723,
        0.11596441268920898,
        0.11590766906738281,
        0.11538076400756836,
        0.11525321006774902,
        0.11551976203918457,
        0.11580777168273926,
        0.11557459831237793,
        0.11559462547302246,
        0.1152949333190918,
        0.11517810821533203,
        0.11578583717346191,
        0.11573100090026855,
        0.11531424522399902,
        0.11540341377258301,
        0.1150965690612793,
        0.11552715301513672,
        0.1152493953704834,
        0.11569738388061523,
        0.11518597602844238,
        0.11551523208618164,
        0.11548447608947754,
        0.11573624610900879,
        0.11487293243408203,
        0.11540722846984863,
        0.11549687385559082,
        0.1149592399597168,
        0.11553168296813965,
        0.1155085563659668,
        0.11507773399353027,
        0.115478515625,
        0.11537003517150879,
        0.11527752876281738,
        0.11508631706237793,
        0.11539292335510254,
        0.11593914031982422,
        0.11570453643798828,
        0.1159818172454834,
        0.11544919013977051,
        0.1149451732635498,
        0.11541414260864258,
        0.11533236503601074,
        0.11510682106018066,
        0.11540579795837402,
        0.11523699760437012,
        0.11532974243164062,
        0.11516714096069336,
        0.11536240577697754,
        0.1152031421661377,
        0.11521458625793457,
        0.11603546142578125,
        0.11548972129821777,
        0.11541748046875,
        0.11509585380554199,
        0.1149754524230957,
        0.11521363258361816
    ],
    "generation_counter": [
        0,
        1,
        2,
        3,
        4,
        5,
        6,
        7,
        8,
        9,
        10,
        11,
        12,
        13,
        14,
        15,
        16,
        17,
        18,
        19,
        20,
        21,
        22,
        23,
        24,
        25,
        26,
        27,
        28,
        29,
        30,
        31,
        32,
        33,
        34,
        35,
        36,
        37,
        38,
        39,
        40,
        41,
        42,
        43,
        44,
        45,
        46,
        47,
        48,
        49,
        50,
        51,
        52,
        53,
        54,
        55,
        56,
        57,
        58,
        59,
        60,
        61,
        62,
        63
    ],
    "mean_fitness": [
        6962.97119140625,
        5802.7236328125,
        5053.45361328125,
        4293.2724609375,
        3973.1572265625,
        3403.29248046875,
        3257.2529296875,
        2989.64208984375,
        2743.470703125,
        2562.32958984375,
        2527.59619140625,
        2261.318603515625,
        2185.97216796875,
        1976.26953125,
        1901.944580078125,
        1747.808349609375,
        1824.626953125,
        1572.1044921875,
        1540.902099609375,
        1515.76220703125,
        1463.5341796875,
        1274.153076171875,
        1230.1630859375,
        1234.60107421875,
        1074.129150390625,
        1101.2628173828125,
        986.779541015625,
        910.2750854492188,
        819.3311767578125,
        907.503173828125,
        753.75146484375,
        790.6262817382812,
        700.523193359375,
        643.0826416015625,
        632.1824340820312,
        641.52880859375,
        559.401611328125,
        542.741455078125,
        525.4837646484375,
        483.8314208984375,
        446.26800537109375,
        425.88873291015625,
        415.22430419921875,
        400.23480224609375,
        391.9040222167969,
        382.2047119140625,
        370.4437561035156,
        354.4930114746094,
        367.8630676269531,
        332.122802734375,
        320.74371337890625,
        314.54156494140625,
        304.398681640625,
        301.775146484375,
        289.4647216796875,
        268.3604431152344,
        258.1807861328125,
        245.30972290039062,
        238.18673706054688,
        256.34686279296875,
        229.22628784179688,
        220.5425262451172,
        225.60690307617188,
        228.22225952148438
    ],