{
    "best_fitness": [
        2343.8525390625,
        2343.8525390625,
        1792.856689453125,
        1792.856689453125,
        1792.856689453125,
        1792.856689453125,
        1643.626953125,
        1387.888427734375,
        1387.888427734375,
        1286.274169921875,
        1286.274169921875,
        1286.274169921875,
        1165.9349365234375,
        1165.9349365234375,
        1165.9349365234375,
        1165.9349365234375,
        1165.9349365234375,
        1125.6331787109375,
        1125.6331787109375,
        972.4475708007812,
        972.4475708007812,
        972.4475708007812,
        972.4475708007812,
        972.4475708007812,
        897.7847900390625,
        897.7847900390625,
        832.95947265625,
        824.4964599609375,
        764.7946166992188,
        764.7946166992188,
        752.8872680664062,
        752.8872680664062,
        672.818603515625,
        672.818603515625,
        566.2918701171875,
        566.2918701171875,
        566.2918701171875,
        566.2918701171875,
        566.2918701171875,
        566.2918701171875,
        529.8458862304688,
        529.8458862304688,
        520.842529296875,
        520.842529296875,
        457.7933349609375,
        457.7933349609375,
        413.1207275390625,
        335.3605041503906,
        335.3605041503906,
        335.3605041503906,
        335.3605041503906,
        335.3605041503906,
        335.3605041503906,
        313.99365234375,
        313.99365234375,
        313.99365234375,
        309.40869140625,
        309.40869140625,
        309.40869140625,
        309.40869140625,
        295.12823486328125,
        251.03396606445312,
        251.03396606445312,
        251.03396606445312
    ],
    "best_fitness_in_generation": [
        2343.8525390625,
        2425.03466796875,
        1792.856689453125,
        2015.7607421875,
        2406.99853515625,
        1822.78125,
        1643.626953125,
        1387.888427734375,
        1730.4951171875,
        1286.274169921875,
        1569.1849365234375,
        1492.964599609375,
        1165.9349365234375,
        1210.86376953125,
        1487.298828125,
        1407.4368896484375,
        1213.9013671875,
        1125.6331787109375,
        1241.207763671875,
        972.4475708007812,
        1134.899658203125,
        1113.775390625,
        979.0775756835938,
        983.9253540039062,
        897.7847900390625,
        919.8968505859375,
        832.95947265625,
        824.4964599609375,
        764.7946166992188,
        958.5177001953125,
        752.8872680664062,
        834.0017700195312,
        672.818603515625,
        730.459228515625,
        566.2918701171875,
        603.5919799804688,
        609.5137329101562,
        678.5094604492188,
        685.7490234375,
        583.9066162109375,
        529.8458862304688,
        551.225830078125,
        520.842529296875,
        540.8068237304688,
        457.7933349609375,
        503.661376953125,
        413.1207275390625,
        335.3605041503906,
        435.60107421875,
        349.0031433105469,
        360.202880859375,
        382.84771728515625,
        368.407470703125,
        313.99365234375,
        374.247802734375,
        329.21063232421875,
        309.40869140625,
        361.4105224609375,
        318.4894714355469,
        360.9102478027344,
        295.12823486328125,
        251.03396606445312,
        282.76806640625,
        294.9317321777344
    ],
    "gen_time_sec": [
        1.2427575588226318,
        1.246673822402954,
        0.11581277847290039,
        0.11621832847595215,
        0.11470723152160645,
        0.1151127815246582,
        0.11537313461303711,
        0.11542010307312012,
        0.1151435375213623,
        0.11473298072814941,
        0.11506843566894531,
        0.11523842811584473,
        0.11530828475952148,
        0.11505699157714844,
        0.11495852470397949,
        0.11540532112121582,
        0.1153726577758789,
        0.11519718170166016,
        0.11507081985473633,
        0.11572670936584473,
        0.11508345603942871,
        0.11487436294555664,
        0.11519122123718262,
        0.1148681640625,
        0.11538863182067871,
        0.11546874046325684,
        0.1152341365814209,
        0.11468362808227539,
        0.1150670051574707,
        0.11513376235961914,
        0.11495852470397949,
        0.1148824691772461,
        0.11435627937316895,
        0.11547589302062988,
        0.11560416221618652,
        0.1147623062133789,
        0.11475944519042969,
        0.11518716812133789,
        0.11525535583496094,
        0.11478161811828613,
        0.1151573657989502,
        0.11464858055114746,
        0.11542057991027832,
        0.11579608917236328,
        0.11487412452697754,
        0.11484003067016602,
        0.11495733261108398,
        0.1153106689453125,
        0.1151432991027832,
        0.11509990692138672,
        0.11484599113464355,
        0.11470794677734375,
        0.11558079719543457,
        0.1152505874633789,
        0.11500334739685059,
        0.1151266098022461,
        0.1150822639465332,
        0.11518430709838867,
        0.11501073837280273,
        0.11458516120910645,
        0.11510419845581055,
        0.11481022834777832,
        0.11479616165161133,
        0.1148526668548584
    ],
    "generation_counter": [
        0,
        1,
        2,
        3,
        4,
        5,
        6,
        7,
        8,
        9,
        10,
        11,
        12,
        13,
        14,
        15,
        16,
        17,
        18,
        19,
        20,
        21,
        22,
        23,
        24,
        25,
        26,
        27,
        28,
        29,
        30,
        31,
        32,
        33,
        34,
        35,
        36,
        37,
        38,
        39,
        40,
        41,
        42,
        43,
        44,
        45,
        46,
        47,
        48,
        49,
        50,
        51,
        52,
        53,
        54,
        55,
        56,
        57,
        58,
        59,
        60,
        61,
        62,
        63
    ],
    "mean_fitness": [
        6962.97119140625,
        6246.0390625,
        5768.0947265625,
        5039.7333984375,
        4855.18505859375,
        4158.1904296875,
        3914.62060546875,
        3683.4130859375,
        3625.830078125,
        3392.76171875,
        3451.503662109375,
        3234.4453125,
        3047.758056640625,
        2940.89453125,
        2943.777587890625,
        2720.2900390625,
        2888.05517578125,
        2608.558349609375,
        2594.236572265625,
        2592.9091796875,
        2472.12939453125,
        2397.510498046875,
        2157.3994140625,
        2219.56591796875,
        1930.739990234375,
        1977.495361328125,
        1834.6729736328125,
        1801.851806640625,
        1756.60107421875,
        1862.531494140625,
        1634.5966796875,
        1659.22021484375,
        1499.6435546875,
        1432.6304931640625,
        1397.8966064453125,
        1473.827880859375,
        1323.508056640625,
        1333.7708740234375,
        1253.1619873046875,
        1194.325927734375,
        1191.2620849609375,
        1098.474609375,
        1082.2886962890625,
        1110.06591796875,
        988.6420288085938,
        961.1414794921875,
        897.651611328125,
        864.906982421875,
        891.907958984375,
        846.5596923828125,
        795.2841796875,
        791.7269287109375,
        762.1942749023438,
        761.6881103515625,
        713.6326904296875,
        676.3267822265625,
        642.8563842773438,
        614.0151977539062,
        598.4014282226562,
        604.1748657226562,
        597.0347290039062,
        545.0422973632812,
        541.5150146484375,
        535.3095703125
    ],