{
    "best_fitness": [
        2343.8525390625,
        2235.654296875,
        1684.2445068359375,
        1679.2861328125,
        1679.2861328125,
        1563.9468994140625,
        1521.195068359375,
        1081.258544921875,
        1081.258544921875,
        1057.062255859375,
        934.2079467773438,
        934.2079467773438,
        757.76025390625,
        757.76025390625,
        757.76025390625,
        757.76025390625,
        716.8462524414062,
        623.130126953125,
        592.59033203125,
        592.59033203125,
        449.6945495605469,
        449.6945495605469,
        449.6945495605469,
        449.6945495605469,
        449.6945495605469,
        449.6945495605469,
        353.16168212890625,
        353.16168212890625,
        327.3165283203125,
        327.3165283203125,
        327.3165283203125,
        327.3165283203125,
        312.1702880859375,
        239.56588745117188,
        239.56588745117188,
        230.51461791992188,
        219.20152282714844,
        206.15374755859375,
        206.15374755859375,
        194.63128662109375,
        194.63128662109375,
        191.61837768554688,
        149.50125122070312,
        149.50125122070312,
        140.52023315429688,
        140.52023315429688,
        140.52023315429688,
        140.52023315429688,
        140.52023315429688,
        122.48162841796875,
        122.48162841796875,
        122.48162841796875,
        113.70916748046875,
        90.9306869506836,
        90.9306869506836,
        90.9306869506836,
        90.9306869506836,
        83.44209289550781,
        83.44209289550781,
        83.44209289550781,
        83.44209289550781,
        83.44209289550781,
        83.44209289550781,
        83.44209289550781
    ],
    "best_fitness_in_generation": [
        2343.8525390625,
        2235.654296875,
        1684.2445068359375,
        1679.2861328125,
        1746.182373046875,
        1563.9468994140625,
        1521.195068359375,
        1081.258544921875,
        1167.529296875,
        1057.062255859375,
        934.2079467773438,
        1029.552734375,
        757.76025390625,
        980.3196411132812,
        925.6925659179688,
        766.5488891601562,
        716.8462524414062,
        623.130126953125,
        592.59033203125,
        670.4881591796875,
        449.6945495605469,
        599.1031494140625,
        576.2581787109375,
        511.69915771484375,
        463.4072570800781,
        485.9512634277344,
        353.16168212890625,
        373.7712707519531,
        327.3165283203125,
        367.2337646484375,
        362.37445068359375,
        336.4876708984375,
        312.1702880859375,
        239.56588745117188,
        246.58029174804688,
        230.51461791992188,
        219.20152282714844,
        206.15374755859375,
        210.08450317382812,
        194.63128662109375,
        195.30899047851562,
        191.61837768554688,
        149.50125122070312,
        179.8372344970703,
        140.52023315429688,
        164.90420532226562,
        148.26116943359375,
        151.2623748779297,
        148.70989990234375,
        122.48162841796875,
        125.10186767578125,
        124.2135009765625,
        113.70916748046875,
        90.9306869506836,
        114.67141723632812,
        95.97309112548828,
        112.42969512939453,
        83.44209289550781,
        110.91481018066406,
        88.32290649414062,
        93.40248107910156,
        95.29158020019531,
        86.63825225830078,
        90.79722595214844
    ],
    "gen_time_sec": [
        1.3665637969970703,
        1.3752586841583252,
        0.11627197265625,
        0.11645221710205078,
        0.11526966094970703,
        0.11598682403564453,
        0.11557841300964355,
        0.11565685272216797,
        0.11552643775939941,
        0.1153407096862793,
        0.11537027359008789,
        0.11546444892883301,
        0.11554074287414551,
        0.1154179573059082,
        0.11550283432006836,
        0.11594319343566895,
        0.11606979370117188,
        0.11569499969482422,
        0.1155555248260498,
        0.11526036262512207,
        0.115631103515625,
        0.11602663993835449,
        0.1155858039855957,
        0.11562395095825195,
        0.1152501106262207,
        0.1152503490447998,
        0.11542224884033203,
        0.1156775951385498,
        0.11549592018127441,
        0.1153106689453125,
        0.11528849601745605,
        0.11535477638244629,
        0.11583518981933594,
        0.11503052711486816,
        0.11519408226013184,
        0.11568927764892578,
        0.11557459831237793,
        0.11576056480407715,
        0.11513686180114746,
        0.1150672435760498,
        0.11528849601745605,
        0.11527156829833984,
        0.11536598205566406,
        0.11523771286010742,
        0.11479425430297852,
        0.11607813835144043,
        0.11548495292663574,
        0.11523056030273438,
        0.11522340774536133,
        0.11502385139465332,
        0.1153566837310791,
        0.11552977561950684,
        0.1153879165649414,
        0.11548733711242676,
        0.11529970169067383,
        0.1152946949005127,
        0.1154623031616211,
        0.11510944366455078,
        0.1151268482208252,
        0.11611795425415039,
        0.11542725563049316,
        0.11547183990478516,
        0.11498212814331055,
        0.11544346809387207
    ],
    "generation_counter": [
        0,
        1,
        2,
        3,
        4,
        5,
        6,
        7,
        8,
        9,
        10,
        11,
        12,
        13,
        14,
        15,
        16,
        17,
        18,
        19,
        20,
        21,
        22,
        23,
        24,
        25,
        26,
        27,
        28,
        29,
        30,
        31,
        32,
        33,
        34,
        35,
        36,
        37,
        38,
        39,
        40,
        41,
        42,
        43,
        44,
        45,
        46,
        47,
        48,
        49,
        50,
        51,
        52,
        53,
        54,
        55,
        56,
        57,
        58,
        59,
        60,
        61,
        62,
        63
    ],
    "mean_fitness": [
        6962.97119140625,
        5752.18017578125,
        5044.68359375,
        4228.3515625,
        4018.11669921875,
        3476.732177734375,
        3235.642333984375,
        2934.39453125,
        2681.69677734375,
        2447.275390625,
        2468.79541015625,
        2184.1533203125,
        2108.97998046875,
        1887.494873046875,
        1762.413330078125,
        1634.1405029296875,
        1748.49072265625,
        1511.4073486328125,
        1462.6873779296875,
        1427.317138671875,
        1379.9415283203125,
        1192.1900634765625,
        1072.6533203125,
        1073.08642578125,
        947.3919067382812,
        942.436279296875,
        828.3936767578125,
        791.9298095703125,
        718.8876953125,
        795.0233764648438,
        654.573486328125,
        640.2078857421875,
        586.63330078125,
        542.9864501953125,
        538.59716796875,
        550.6284790039062,
        463.8808288574219,
        460.9140625,
        423.673828125,
        403.0304260253906,
        360.0524597167969,
        360.41424560546875,
        344.94287109375,
        323.586181640625,
        313.4919738769531,
        297.46148681640625,
        289.166259765625,
        274.784423828125,
        284.287841796875,
        261.1273498535156,
        250.01486206054688,
        238.0408935546875,
        228.5018768310547,
        229.996826171875,
        218.1394805908203,
        203.31390380859375,
        201.0675048828125,
        192.9613494873047,
        187.24002075195312,
        188.61935424804688,
        180.28799438476562,
        172.33596801757812,
        176.94735717773438,
        176.8040771484375
    ],