{
    "best_fitness": [
        47016.29296875,
        8723.8330078125
    ],
    "best_fitness_in_generation": [
        47016.29296875,
        8723.8330078125
    ],
    "gen_time_sec": [
        0.0866384506225586,
        0.1732769012451172
    ],
    "generation_counter": [
        0,
        1
    ],
    "mean_fitness_in_generation": [
        166643.203125,
        41094.50390625
    ]
}