{
    "best_fitness": [
        47016.29296875,
        13493.4248046875
    ],
    "best_fitness_in_generation": [
        47016.29296875,
        13493.4248046875
    ],
    "gen_time_sec": [
        0.05579090118408203,
        0.11158180236816406
    ],
    "generation_counter": [
        0,
        1
    ],
    "mean_fitness_in_generation": [
        166643.203125,
        82948.4765625
    ]
}