{
    "best_fitness": [
        47016.29296875,
        47016.29296875
    ],
    "best_fitness_in_generation": [
        47016.29296875,
        NaN
    ],
    "gen_time_sec": [
        1.0324020385742188,
        2.0648040771484375
    ],
    "generation_counter": [
        0,
        1
    ],
    "mean_fitness_in_generation": [
        166643.203125,
        NaN
    ]
}