{
    "best_fitness": [
        47016.29296875,
        12056.9052734375
    ],
    "best_fitness_in_generation": [
        47016.29296875,
        12056.9052734375
    ],
    "gen_time_sec": [
        0.3859140872955322,
        0.7718281745910645
    ],
    "generation_counter": [
        0,
        1
    ],
    "mean_fitness_in_generation": [
        166643.203125,
        90532.9453125
    ]
}