{
    "best_fitness": [
        4857.8369140625,
        4857.8369140625
    ],
    "best_fitness_in_generation": [
        4857.8369140625,
        16593.2734375
    ],
    "gen_time_sec": [
        0.05045294761657715,
        0.1009058952331543
    ],
    "generation_counter": [
        0,
        1
    ],
    "mean_fitness_in_generation": [
        145563.984375,
        79506.453125
    ]
}