{
    "best_fitness": [
        4857.8369140625,
        4857.8369140625
    ],
    "best_fitness_in_generation": [
        4857.8369140625,
        16451.9453125
    ],
    "gen_time_sec": [
        0.10705447196960449,
        0.21410894393920898
    ],
    "generation_counter": [
        0,
        1
    ],
    "mean_fitness_in_generation": [
        145563.984375,
        79084.734375
    ]
}