{
    "best_fitness": [
        47016.29296875,
        15308.658203125
    ],
    "best_fitness_in_generation": [
        47016.29296875,
        15308.658203125
    ],
    "gen_time_sec": [
        0.09045886993408203,
        0.18091773986816406
    ],
    "generation_counter": [
        0,
        1
    ],
    "mean_fitness_in_generation": [
        166643.203125,
        77469.75
    ]
}