{
    "best_fitness": [
        47016.29296875,
        6398.05224609375
    ],
    "best_fitness_in_generation": [
        47016.29296875,
        6398.05224609375
    ],
    "gen_time_sec": [
        0.1118624210357666,
        0.2237248420715332
    ],
    "generation_counter": [
        0,
        1
    ],
    "mean_fitness_in_generation": [
        166643.203125,
        19336.140625
    ]
}