{
    "best_fitness": [
        5305.87939453125,
        1634.9517822265625
    ],
    "best_fitness_in_generation": [
        5305.87939453125,
        1634.9517822265625
    ],
    "gen_time_sec": [
        0.050012826919555664,
        0.10002565383911133
    ],
    "generation_counter": [
        0,
        1
    ],
    "mean_fitness_in_generation": [
        33792.84375,
        4471.90673828125
    ]
}