{
    "best_fitness": [
        5305.87939453125,
        5305.87939453125
    ],
    "best_fitness_in_generation": [
        5305.87939453125,
        NaN
    ],
    "gen_time_sec": [
        0.8514528274536133,
        1.7029056549072266
    ],
    "generation_counter": [
        0,
        1
    ],
    "mean_fitness_in_generation": [
        33792.84375,
        NaN
    ]
}