{
    "best_fitness": [
        5305.87939453125,
        881.1539916992188
    ],
    "best_fitness_in_generation": [
        5305.87939453125,
        881.1539916992188
    ],
    "gen_time_sec": [
        0.8518579006195068,
        1.7037158012390137
    ],
    "generation_counter": [
        0,
        1
    ],
    "mean_fitness_in_generation": [
        33792.84375,
        13852.318359375
    ]
}