{
    "best_fitness": [
        2806.88037109375,
        1731.1285400390625
    ],
    "best_fitness_in_generation": [
        2806.88037109375,
        1731.1285400390625
    ],
    "gen_time_sec": [
        0.03235030174255371,
        0.06470060348510742
    ],
    "generation_counter": [
        0,
        1
    ],
    "mean_fitness_in_generation": [
        32543.34375,
        14122.95703125
    ]
}