{
    "best_fitness": [
        2806.88037109375,
        1721.0828857421875
    ],
    "best_fitness_in_generation": [
        2806.88037109375,
        1721.0828857421875
    ],
    "gen_time_sec": [
        0.04752469062805176,
        0.09504938125610352
    ],
    "generation_counter": [
        0,
        1
    ],
    "mean_fitness_in_generation": [
        32543.34375,
        14036.1591796875
    ]
}