{
    "best_fitness": [
        5305.87939453125,
        1103.2825927734375
    ],
    "best_fitness_in_generation": [
        5305.87939453125,
        1103.2825927734375
    ],
    "gen_time_sec": [
        0.06127285957336426,
        0.12254571914672852
    ],
    "generation_counter": [
        0,
        1
    ],
    "mean_fitness_in_generation": [
        33792.84375,
        10798.5302734375
    ]
}