{
    "best_fitness": [
        5305.87939453125,
        930.8764038085938
    ],
    "best_fitness_in_generation": [
        5305.87939453125,
        930.8764038085938
    ],
    "gen_time_sec": [
        0.03160452842712402,
        0.06320905685424805
    ],
    "generation_counter": [
        0,
        1
    ],
    "mean_fitness_in_generation": [
        33792.84375,
        12024.3818359375
    ]
}