{
    "best_fitness": [
        5305.87939453125,
        777.1004638671875
    ],
    "best_fitness_in_generation": [
        5305.87939453125,
        777.1004638671875
    ],
    "gen_time_sec": [
        0.0324711799621582,
        0.0649423599243164
    ],
    "generation_counter": [
        0,
        1
    ],
    "mean_fitness_in_generation": [
        33792.84375,
        1853.983642578125
    ]
}