{
    "best_fitness": [
        3498.3935546875,
        2698.099609375,
        2168.576171875,
        1866.44384765625,
        1866.44384765625,
        1866.44384765625,
        1866.44384765625,
        1866.44384765625,
        1579.909912109375,
        1314.0574951171875,
        1314.0574951171875,
        1304.84423828125,
        1090.6387939453125,
        1090.6387939453125,
        1090.6387939453125,
        1090.6387939453125,
        1090.6387939453125,
        1090.6387939453125,
        912.4208984375,
        883.329345703125,
        641.8614501953125,
        641.8614501953125,
        641.8614501953125,
        641.8614501953125,
        580.1699829101562,
        580.1699829101562,
        447.5455322265625,
        447.5455322265625,
        447.5455322265625,
        447.5455322265625,
        390.46209716796875,
        390.46209716796875,
        343.2454528808594,
        343.2454528808594,
        343.2454528808594,
        337.4347839355469,
        284.4359130859375,
        284.4359130859375,
        284.414306640625,
        276.03204345703125,
        239.62071228027344,
        239.62071228027344,
        239.62071228027344,
        239.62071228027344,
        213.66873168945312,
        212.45126342773438,
        212.45126342773438,
        202.72579956054688,
        202.72579956054688,
        197.4569091796875,
        180.27117919921875,
        180.27117919921875,
        172.40748596191406,
        166.9567413330078,
        162.5391082763672,
        162.233154296875,
        138.00442504882812,
        138.00442504882812,
        138.00442504882812,
        138.00442504882812,
        136.66812133789062,
        122.99555969238281,
        116.89012145996094,
        116.89012145996094
    ],
    "best_fitness_in_generation": [
        3498.3935546875,
        2698.099609375,
        2168.576171875,
        1866.44384765625,
        2247.193359375,
        2223.589111328125,
        2183.052001953125,
        2022.34130859375,
        1579.909912109375,
        1314.0574951171875,
        1365.507080078125,
        1304.84423828125,
        1090.6387939453125,
        1396.797119140625,
        1261.49951171875,
        1161.54052734375,
        1099.6016845703125,
        1132.868896484375,
        912.4208984375,
        883.329345703125,
        641.8614501953125,
        775.344482421875,
        696.439453125,
        697.1954345703125,
        580.1699829101562,
        613.00390625,
        447.5455322265625,
        475.96875,
        505.032958984375,
        462.34033203125,
        390.46209716796875,
        402.72406005859375,
        343.2454528808594,
        359.0800476074219,
        347.18701171875,
        337.4347839355469,
        284.4359130859375,
        316.2930603027344,
        284.414306640625,
        276.03204345703125,
        239.62071228027344,
        246.10743713378906,
        249.88548278808594,
        274.06304931640625,
        213.66873168945312,
        212.45126342773438,
        220.45758056640625,
        202.72579956054688,
        226.29275512695312,
        197.4569091796875,
        180.27117919921875,
        187.91555786132812,
        172.40748596191406,
        166.9567413330078,
        162.5391082763672,
        162.233154296875,
        138.00442504882812,
        160.25367736816406,
        148.59979248046875,
        146.77049255371094,
        136.66812133789062,
        122.99555969238281,
        116.89012145996094,
        128.79989624023438
    ],
    "gen_time_sec": [
        20.856361389160156,
        1.778480052947998,
        0.11511707305908203,
        0.11469578742980957,
        0.11437201499938965,
        0.11432456970214844,
        0.11490464210510254,
        0.11497116088867188,
        0.1146855354309082,
        0.11442184448242188,
        0.1146695613861084,
        0.11487603187561035,
        0.11449766159057617,
        0.11421012878417969,
        0.114593505859375,
        0.11460590362548828,
        0.11454415321350098,
        0.11462759971618652,
        0.11452174186706543,
        0.11466240882873535,
        0.11535811424255371,
        0.11446142196655273,
        0.11441683769226074,
        0.11488866806030273,
        0.11490178108215332,
        0.11442375183105469,
        0.11485934257507324,
        0.11486601829528809,
        0.11529254913330078,
        0.11495375633239746,
        0.11475944519042969,
        0.11547279357910156,
        0.11501741409301758,
        0.1147768497467041,
        0.11492300033569336,
        0.11536908149719238,
        0.11497044563293457,
        0.11523914337158203,
        0.11520624160766602,
        0.11471033096313477,
        0.11525535583496094,
        0.1152498722076416,
        0.11509013175964355,
        0.11467576026916504,
        0.11487007141113281,
        0.11522459983825684,
        0.11560344696044922,
        0.11519217491149902,
        0.11474823951721191,
        0.11543679237365723,
        0.11527442932128906,
        0.11516499519348145,
        0.11500072479248047,
        0.11467671394348145,
        0.11529302597045898,
        0.11529898643493652,
        0.11510252952575684,
        0.11457014083862305,
        0.11542320251464844,
        0.11513209342956543,
        0.11479043960571289,
        0.1150362491607666,
        0.11490392684936523,
        0.11536598205566406
    ],
    "generation_counter": [
        0,
        1,
        2,
        3,
        4,
        5,
        6,
        7,
        8,
        9,
        10,
        11,
        12,
        13,
        14,
        15,
        16,
        17,
        18,
        19,
        20,
        21,
        22,
        23,
        24,
        25,
        26,
        27,
        28,
        29,
        30,
        31,
        32,
        33,
        34,
        35,
        36,
        37,
        38,
        39,
        40,
        41,
        42,
        43,
        44,
        45,
        46,
        47,
        48,
        49,
        50,
        51,
        52,
        53,
        54,
        55,
        56,
        57,
        58,
        59,
        60,
        61,
        62,
        63
    ],
    "mean_fitness": [
        6013.640625,
        5385.9287109375,
        4809.2939453125,
        4532.50390625,
        4189.6806640625,
        4037.93505859375,
        3910.77099609375,
        3791.787841796875,
        3675.7548828125,
        3287.907958984375,
        3168.61767578125,
        2775.8173828125,
        2598.65673828125,
        2566.58251953125,
        2381.0966796875,
        2180.537109375,
        2218.155029296875,
        2100.390625,
        1948.2490234375,
        1750.714111328125,
        1634.5902099609375,
        1413.4945068359375,
        1337.5892333984375,
        1277.880126953125,
        1143.7366943359375,
        1047.903564453125,
        1008.4072265625,
        888.6494750976562,
        810.216064453125,
        852.9529418945312,
        758.55859375,
        711.5870361328125,
        664.575439453125,
        621.2901000976562,
        596.5567626953125,
        583.6029052734375,
        559.06884765625,
        525.4458618164062,
        496.1111755371094,
        495.2115173339844,
        444.9414978027344,
        431.30816650390625,
        425.3139953613281,
        425.67547607421875,
        416.2022399902344,
        391.256591796875,
        369.86260986328125,
        344.6905212402344,
        354.64971923828125,
        347.57415771484375,
        332.0960388183594,
        321.3528137207031,
        323.62548828125,
        316.01763916015625,
        294.22039794921875,
        281.46649169921875,
        280.04962158203125,
        262.21484375,
        247.00311279296875,
        243.08929443359375,
        225.43243408203125,
        227.29165649414062,
        224.5316925048828,
        206.63734436035156
    ],