{
    "best_fitness": [
        2830.08203125,
        2830.08203125,
        2830.08203125,
        2830.08203125,
        2830.08203125,
        2805.88232421875,
        2488.052978515625,
        2488.052978515625,
        2488.052978515625,
        2488.052978515625,
        2488.052978515625,
        2488.052978515625,
        2488.052978515625,
        2488.052978515625,
        2488.052978515625,
        2488.052978515625,
        2488.052978515625,
        2488.052978515625,
        2488.052978515625,
        2488.052978515625,
        2488.052978515625,
        2488.052978515625,
        2488.052978515625,
        2488.052978515625,
        2488.052978515625,
        2488.052978515625,
        2211.768310546875,
        2211.768310546875,
        2211.768310546875,
        2211.768310546875,
        2211.768310546875,
        2211.768310546875,
        2211.768310546875,
        2211.768310546875,
        2211.768310546875,
        2204.91357421875,
        2204.91357421875,
        2204.91357421875,
        2204.91357421875,
        2204.91357421875,
        2204.91357421875,
        2204.91357421875,
        2204.91357421875,
        2204.91357421875,
        2204.91357421875,
        2204.91357421875,
        2204.91357421875,
        2204.91357421875,
        2204.91357421875,
        2204.91357421875,
        2204.91357421875,
        2204.91357421875,
        2204.91357421875,
        2204.91357421875,
        2204.91357421875,
        2204.91357421875,
        2204.91357421875,
        2204.91357421875,
        2204.91357421875,
        2204.91357421875,
        2204.91357421875,
        2204.91357421875,
        2204.91357421875,
        2204.91357421875
    ],
    "best_fitness_in_generation": [
        2830.08203125,
        3127.78466796875,
        3226.81640625,
        2944.5,
        2941.71728515625,
        2805.88232421875,
        2488.052978515625,
        2558.30712890625,
        2799.944580078125,
        2777.95703125,
        2986.14697265625,
        3132.052734375,
        2682.228515625,
        2940.951171875,
        3324.3994140625,
        2754.772216796875,
        2648.32177734375,
        2819.429931640625,
        2753.02490234375,
        2934.34130859375,
        2967.7919921875,
        3290.61474609375,
        3012.428955078125,
        2747.1376953125,
        3090.578369140625,
        3196.6796875,
        2211.768310546875,
        2911.6787109375,
        2409.7666015625,
        2740.954345703125,
        3093.8984375,
        2799.003662109375,
        2716.9462890625,
        3041.16650390625,
        2701.7099609375,
        2204.91357421875,
        2677.04638671875,
        3249.0341796875,
        3043.29052734375,
        3196.3203125,
        3218.20361328125,
        2883.0849609375,
        2877.386962890625,
        2768.259521484375,
        2806.75830078125,
        2565.95703125,
        2912.04150390625,
        2568.83642578125,
        3298.36083984375,
        2442.774169921875,
        2795.44580078125,
        2700.947265625,
        2778.572998046875,
        3403.835205078125,
        2678.431640625,
        3168.64794921875,
        2905.422119140625,
        3096.92431640625,
        2835.6455078125,
        2933.16748046875,
        3166.1748046875,
        2692.69970703125,
        2903.894775390625,
        2809.889892578125
    ],
    "gen_time_sec": [
        2.159933090209961,
        1.1055107116699219,
        0.11578679084777832,
        0.1155998706817627,
        0.11529088020324707,
        0.11541271209716797,
        0.11521744728088379,
        0.11571168899536133,
        0.11539149284362793,
        0.11542677879333496,
        0.1155095100402832,
        0.11527180671691895,
        0.11569976806640625,
        0.11546802520751953,
        0.11541056632995605,
        0.11525630950927734,
        0.11569929122924805,
        0.11551809310913086,
        0.11536407470703125,
        0.11572909355163574,
        0.11520886421203613,
        0.11555218696594238,
        0.11566424369812012,
        0.11506032943725586,
        0.11603164672851562,
        0.11502838134765625,
        0.1151740550994873,
        0.11567473411560059,
        0.1153566837310791,
        0.11511850357055664,
        0.11558222770690918,
        0.11507797241210938,
        0.1154181957244873,
        0.11514902114868164,
        0.11527013778686523,
        0.11511611938476562,
        0.11553311347961426,
        0.11527538299560547,
        0.11522507667541504,
        0.11498737335205078,
        0.11551237106323242,
        0.11567878723144531,
        0.11538028717041016,
        0.11548185348510742,
        0.1152493953704834,
        0.11578059196472168,
        0.11547493934631348,
        0.11550068855285645,
        0.11542987823486328,
        0.11540651321411133,
        0.11552906036376953,
        0.1154780387878418,
        0.11515593528747559,
        0.11545252799987793,
        0.11528825759887695,
        0.1158285140991211,
        0.11560940742492676,
        0.11570501327514648,
        0.11554384231567383,
        0.11498641967773438,
        0.11559367179870605,
        0.11546468734741211,
        0.11578130722045898,
        0.11512064933776855
    ],
    "generation_counter": [
        0,
        1,
        2,
        3,
        4,
        5,
        6,
        7,
        8,
        9,
        10,
        11,
        12,
        13,
        14,
        15,
        16,
        17,
        18,
        19,
        20,
        21,
        22,
        23,
        24,
        25,
        26,
        27,
        28,
        29,
        30,
        31,
        32,
        33,
        34,
        35,
        36,
        37,
        38,
        39,
        40,
        41,
        42,
        43,
        44,
        45,
        46,
        47,
        48,
        49,
        50,
        51,
        52,
        53,
        54,
        55,
        56,
        57,
        58,
        59,
        60,
        61,
        62,
        63
    ],
    "mean_fitness": [
        5901.90185546875,
        6084.154296875,
        6003.00390625,
        6252.55517578125,
        6145.1953125,
        5919.3515625,
        6021.40185546875,
        5904.466796875,
        6143.619140625,
        5945.16015625,
        6198.0546875,
        5884.08935546875,
        5953.01953125,
        5827.3466796875,
        6084.6328125,
        5816.96875,
        5954.88134765625,
        6180.0302734375,
        6076.275390625,
        6204.90673828125,
        6161.890625,
        6095.2216796875,
        6126.3388671875,
        5946.0849609375,
        6085.82861328125,
        6059.9697265625,
        6018.287109375,
        6084.34765625,
        6054.677734375,
        6295.92236328125,
        6072.8310546875,
        5973.7607421875,
        5906.60693359375,
        5954.529296875,
        6143.2353515625,
        6029.32666015625,
        5921.7275390625,
        6146.755859375,
        5921.98046875,
        6057.90625,
        5959.1396484375,
        5914.5576171875,
        6083.5654296875,
        6162.2470703125,
        5889.111328125,
        5835.0849609375,
        5978.07421875,
        5906.26171875,
        6174.576171875,
        5926.384765625,
        5946.09130859375,
        5975.82568359375,
        5824.591796875,
        6247.05029296875,
        5954.44384765625,
        5781.3408203125,
        5862.564453125,
        5911.04638671875,
        5747.31396484375,
        5988.212890625,
        5736.345703125,
        5762.7529296875,
        5939.9296875,
        6072.39794921875
    ],