{
    "best_fitness": [
        2830.08203125,
        2830.08203125,
        2830.08203125,
        2830.08203125,
        2830.08203125,
        2807.484130859375,
        2486.00341796875,
        2486.00341796875,
        2486.00341796875,
        2486.00341796875,
        2486.00341796875,
        2486.00341796875,
        2486.00341796875,
        2486.00341796875,
        2486.00341796875,
        2486.00341796875,
        2486.00341796875,
        2486.00341796875,
        2486.00341796875,
        2486.00341796875,
        2486.00341796875,
        2486.00341796875,
        2486.00341796875,
        2486.00341796875,
        2486.00341796875,
        2486.00341796875,
        2188.542724609375,
        2188.542724609375,
        2188.542724609375,
        2188.542724609375,
        2188.542724609375,
        2188.542724609375,
        2188.542724609375,
        2188.542724609375,
        2188.542724609375,
        2152.9931640625,
        2152.9931640625,
        2152.9931640625,
        2152.9931640625,
        2152.9931640625,
        2152.9931640625,
        2152.9931640625,
        2152.9931640625,
        2152.9931640625,
        2152.9931640625,
        2152.9931640625,
        2152.9931640625,
        2152.9931640625,
        2152.9931640625,
        2152.9931640625,
        2152.9931640625,
        2152.9931640625,
        2152.9931640625,
        2152.9931640625,
        2152.9931640625,
        2152.9931640625,
        2152.9931640625,
        2152.9931640625,
        2152.9931640625,
        2152.9931640625,
        2152.9931640625,
        2152.9931640625,
        2152.9931640625,
        2152.9931640625
    ],
    "best_fitness_in_generation": [
        2830.08203125,
        3130.982421875,
        3228.07470703125,
        2938.092529296875,
        2933.05224609375,
        2807.484130859375,
        2486.00341796875,
        2543.64794921875,
        2792.88232421875,
        2785.135986328125,
        2989.849365234375,
        3110.2412109375,
        2666.959716796875,
        2941.88720703125,
        3307.320556640625,
        2736.58349609375,
        2589.057861328125,
        2816.44775390625,
        2761.71337890625,
        2931.18603515625,
        2932.03271484375,
        3194.727294921875,
        2956.674560546875,
        2696.65234375,
        3039.383544921875,
        3144.228271484375,
        2188.542724609375,
        2857.119873046875,
        2359.74072265625,
        2673.7099609375,
        3047.17626953125,
        2753.421630859375,
        2709.72412109375,
        2972.947265625,
        2676.43212890625,
        2152.9931640625,
        2689.159423828125,
        3127.08544921875,
        2947.9853515625,
        3094.81640625,
        3150.940673828125,
        2753.75732421875,
        2788.02001953125,
        2683.256591796875,
        2720.087158203125,
        2491.253662109375,
        2877.3466796875,
        2502.38330078125,
        3184.20361328125,
        2323.06201171875,
        2734.5107421875,
        2678.10888671875,
        2693.624755859375,
        3282.9326171875,
        2580.36767578125,
        3048.796875,
        2830.66845703125,
        2942.28857421875,
        2731.44140625,
        2821.39306640625,
        3129.36962890625,
        2617.4130859375,
        2710.858154296875,
        2721.92822265625
    ],
    "gen_time_sec": [
        1.249490737915039,
        1.2331664562225342,
        0.11595368385314941,
        0.11586427688598633,
        0.11520648002624512,
        0.11510324478149414,
        0.11529946327209473,
        0.11528253555297852,
        0.11580228805541992,
        0.11517763137817383,
        0.11513280868530273,
        0.11523032188415527,
        0.11542606353759766,
        0.11539721488952637,
        0.11549496650695801,
        0.1152644157409668,
        0.11522531509399414,
        0.1155848503112793,
        0.11539101600646973,
        0.11538028717041016,
        0.11556196212768555,
        0.11531734466552734,
        0.11547660827636719,
        0.11555814743041992,
        0.11502933502197266,
        0.11528801918029785,
        0.11529183387756348,
        0.11514091491699219,
        0.11554622650146484,
        0.11497879028320312,
        0.1147613525390625,
        0.11536049842834473,
        0.11551427841186523,
        0.11512565612792969,
        0.11539649963378906,
        0.11481618881225586,
        0.11520195007324219,
        0.11531782150268555,
        0.11546921730041504,
        0.11510276794433594,
        0.11521577835083008,
        0.11542105674743652,
        0.11544299125671387,
        0.1151275634765625,
        0.11511111259460449,
        0.11505556106567383,
        0.11519503593444824,
        0.11510539054870605,
        0.11522459983825684,
        0.11500120162963867,
        0.11528849601745605,
        0.11548852920532227,
        0.11516094207763672,
        0.11513733863830566,
        0.11510539054870605,
        0.1153879165649414,
        0.1152803897857666,
        0.1153562068939209,
        0.1146855354309082,
        0.11523056030273438,
        0.11542940139770508,
        0.11518144607543945,
        0.11505389213562012,
        0.11497998237609863
    ],
    "generation_counter": [
        0,
        1,
        2,
        3,
        4,
        5,
        6,
        7,
        8,
        9,
        10,
        11,
        12,
        13,
        14,
        15,
        16,
        17,
        18,
        19,
        20,
        21,
        22,
        23,
        24,
        25,
        26,
        27,
        28,
        29,
        30,
        31,
        32,
        33,
        34,
        35,
        36,
        37,
        38,
        39,
        40,
        41,
        42,
        43,
        44,
        45,
        46,
        47,
        48,
        49,
        50,
        51,
        52,
        53,
        54,
        55,
        56,
        57,
        58,
        59,
        60,
        61,
        62,
        63
    ],
    "mean_fitness": [
        5901.90185546875,
        6083.8388671875,
        5999.759765625,
        6245.5302734375,
        6141.96875,
        5911.41552734375,
        6009.736328125,
        5886.90380859375,
        6119.6748046875,
        5916.556640625,
        6164.2939453125,
        5850.16552734375,
        5913.8115234375,
        5788.1845703125,
        6037.896484375,
        5763.439453125,
        5905.4404296875,
        6128.9677734375,
        6017.8935546875,
        6143.4775390625,
        6090.1220703125,
        6024.80810546875,
        6049.5,
        5858.66552734375,
        6004.208984375,
        5973.62060546875,
        5928.90087890625,
        5992.56494140625,
        5950.83251953125,
        6195.68505859375,
        5961.96630859375,
        5869.3544921875,
        5795.93408203125,
        5840.142578125,
        6026.59814453125,
        5901.95751953125,
        5803.3974609375,
        6010.76220703125,
        5795.8291015625,
        5914.416015625,
        5802.662109375,
        5772.3427734375,
        5924.623046875,
        5992.015625,
        5730.5888671875,
        5677.8408203125,
        5807.83984375,
        5729.8388671875,
        5994.087890625,
        5739.91259765625,
        5759.564453125,
        5781.8896484375,
        5637.0595703125,
        6033.57861328125,
        5751.15234375,
        5568.3623046875,
        5657.5283203125,
        5716.2568359375,
        5545.9375,
        5769.12109375,
        5534.7392578125,
        5531.326171875,
        5704.4453125,
        5838.99169921875
    ],