{
    "best_fitness": [
        3498.3935546875,
        2742.11279296875,
        2141.2939453125,
        1780.081298828125,
        1780.081298828125,
        1610.4459228515625,
        1610.4459228515625,
        1610.4459228515625,
        1246.009521484375,
        1094.6759033203125,
        1094.6759033203125,
        1094.6759033203125,
        872.0841064453125,
        872.0841064453125,
        872.0841064453125,
        872.0841064453125,
        772.74169921875,
        772.74169921875,
        733.802490234375,
        733.802490234375,
        541.0135498046875,
        541.0135498046875,
        541.0135498046875,
        541.0135498046875,
        432.36907958984375,
        432.36907958984375,
        397.0240478515625,
        322.6116027832031,
        322.6116027832031,
        322.6116027832031,
        295.50677490234375,
        295.50677490234375,
        295.50677490234375,
        243.90267944335938,
        243.90267944335938,
        234.52310180664062,
        234.52310180664062,
        234.52310180664062,
        229.2976531982422,
        229.2976531982422,
        211.41030883789062,
        193.30978393554688,
        193.30978393554688,
        193.30978393554688,
        174.64483642578125,
        174.64483642578125,
        174.64483642578125,
        174.64483642578125,
        174.64483642578125,
        174.64483642578125,
        157.00042724609375,
        157.00042724609375,
        157.00042724609375,
        141.1607666015625,
        141.1607666015625,
        141.1607666015625,
        140.12820434570312,
        134.03457641601562,
        134.03457641601562,
        134.03457641601562,
        134.03457641601562,
        98.6340103149414,
        98.6340103149414,
        98.6340103149414
    ],
    "best_fitness_in_generation": [
        3498.3935546875,
        2742.11279296875,
        2141.2939453125,
        1780.081298828125,
        2240.4267578125,
        1610.4459228515625,
        1843.3096923828125,
        1692.063720703125,
        1246.009521484375,
        1094.6759033203125,
        1407.6741943359375,
        1241.599365234375,
        872.0841064453125,
        1092.384765625,
        966.0393676757812,
        878.7335205078125,
        772.74169921875,
        801.877197265625,
        733.802490234375,
        750.593017578125,
        541.0135498046875,
        617.9188842773438,
        551.4176025390625,
        565.4017944335938,
        432.36907958984375,
        512.9734497070312,
        397.0240478515625,
        322.6116027832031,
        394.27587890625,
        408.04022216796875,
        295.50677490234375,
        330.994140625,
        307.00006103515625,
        243.90267944335938,
        269.1257629394531,
        234.52310180664062,
        252.76553344726562,
        269.22314453125,
        229.2976531982422,
        233.4251251220703,
        211.41030883789062,
        193.30978393554688,
        207.04238891601562,
        221.11679077148438,
        174.64483642578125,
        195.00099182128906,
        189.56321716308594,
        192.622802734375,
        189.4073486328125,
        204.59039306640625,
        157.00042724609375,
        180.9354705810547,
        181.6035614013672,
        141.1607666015625,
        182.5706329345703,
        148.5205535888672,
        140.12820434570312,
        134.03457641601562,
        147.19735717773438,
        160.42083740234375,
        135.10067749023438,
        98.6340103149414,
        147.41001892089844,
        122.1203842163086
    ],
    "gen_time_sec": [
        3.2091166973114014,
        1.6317620277404785,
        0.1159822940826416,
        0.11601066589355469,
        0.11521697044372559,
        0.11602568626403809,
        0.11601734161376953,
        0.11560583114624023,
        0.11523890495300293,
        0.11553835868835449,
        0.11558747291564941,
        0.11575508117675781,
        0.11581754684448242,
        0.11540007591247559,
        0.1153402328491211,
        0.11581873893737793,
        0.11551213264465332,
        0.11553502082824707,
        0.11534857749938965,
        0.11630725860595703,
        0.11602139472961426,
        0.11565446853637695,
        0.11494946479797363,
        0.11523628234863281,
        0.11543130874633789,
        0.11576056480407715,
        0.11579656600952148,
        0.11550521850585938,
        0.11535906791687012,
        0.11535787582397461,
        0.11608052253723145,
        0.11519670486450195,
        0.11545610427856445,
        0.11481308937072754,
        0.11524295806884766,
        0.11567568778991699,
        0.11548995971679688,
        0.11525893211364746,
        0.11544680595397949,
        0.1158297061920166,
        0.11551403999328613,
        0.11569714546203613,
        0.1153264045715332,
        0.1151275634765625,
        0.11597180366516113,
        0.11561799049377441,
        0.11556482315063477,
        0.11562132835388184,
        0.11542868614196777,
        0.11545801162719727,
        0.11579108238220215,
        0.11565494537353516,
        0.11565947532653809,
        0.11512517929077148,
        0.11539363861083984,
        0.11574196815490723,
        0.11562848091125488,
        0.11570906639099121,
        0.11509466171264648,
        0.11567997932434082,
        0.11597490310668945,
        0.11580562591552734,
        0.1156930923461914,
        0.11498618125915527
    ],
    "generation_counter": [
        0,
        1,
        2,
        3,
        4,
        5,
        6,
        7,
        8,
        9,
        10,
        11,
        12,
        13,
        14,
        15,
        16,
        17,
        18,
        19,
        20,
        21,
        22,
        23,
        24,
        25,
        26,
        27,
        28,
        29,
        30,
        31,
        32,
        33,
        34,
        35,
        36,
        37,
        38,
        39,
        40,
        41,
        42,
        43,
        44,
        45,
        46,
        47,
        48,
        49,
        50,
        51,
        52,
        53,
        54,
        55,
        56,
        57,
        58,
        59,
        60,
        61,
        62,
        63
    ],
    "mean_fitness": [
        6013.640625,
        5392.1171875,
        4828.39111328125,
        4475.0947265625,
        4058.0771484375,
        3711.217529296875,
        3551.41259765625,
        3224.84130859375,
        3057.603759765625,
        2776.2734375,
        2673.1376953125,
        2429.346923828125,
        2335.495849609375,
        2201.05029296875,
        2055.908935546875,
        1852.09228515625,
        1896.119873046875,
        1704.281005859375,
        1612.6617431640625,
        1511.8563232421875,
        1402.8963623046875,
        1174.42138671875,
        1161.521484375,
        1166.523193359375,
        947.8409423828125,
        941.7681884765625,
        855.0341186523438,
        810.1436767578125,
        715.159912109375,
        766.563720703125,
        623.21337890625,
        652.542724609375,
        577.95068359375,
        531.2774658203125,
        529.375244140625,
        546.4404296875,
        491.63153076171875,
        488.78082275390625,
        477.6571960449219,
        462.5181884765625,
        429.88409423828125,
        402.9520568847656,
        390.20672607421875,
        378.93914794921875,
        390.419921875,
        394.05712890625,
        364.11993408203125,
        357.4042663574219,
        363.0414733886719,
        358.14715576171875,
        340.4126281738281,
        338.1422424316406,
        331.4486389160156,
        332.30841064453125,
        319.05181884765625,
        301.563232421875,
        295.1355285644531,
        293.5691223144531,
        270.0702819824219,
        287.8201904296875,
        267.7987365722656,
        269.33489990234375,
        272.85528564453125,
        259.6754150390625
    ],