{
    "best_fitness": [
        3498.3935546875,
        2925.3544921875,
        2315.77783203125,
        1959.4049072265625,
        1959.4049072265625,
        1889.69482421875,
        1889.69482421875,
        1889.69482421875,
        1889.69482421875,
        1527.258056640625,
        1527.258056640625,
        1527.258056640625,
        1107.81396484375,
        1107.81396484375,
        1107.81396484375,
        1107.81396484375,
        1107.81396484375,
        1107.81396484375,
        1107.81396484375,
        942.94775390625,
        942.94775390625,
        942.94775390625,
        942.94775390625,
        942.94775390625,
        754.7268676757812,
        754.7268676757812,
        754.7268676757812,
        754.7268676757812,
        708.924072265625,
        708.924072265625,
        541.8480224609375,
        541.8480224609375,
        541.8480224609375,
        529.5689697265625,
        529.5689697265625,
        529.5689697265625,
        494.03216552734375,
        494.03216552734375,
        453.48834228515625,
        453.48834228515625,
        453.48834228515625,
        364.62225341796875,
        364.62225341796875,
        364.62225341796875,
        364.62225341796875,
        351.2303771972656,
        351.2303771972656,
        350.0960693359375,
        311.3580017089844,
        311.3580017089844,
        297.5294189453125,
        297.5294189453125,
        297.5294189453125,
        297.5294189453125,
        297.5294189453125,
        297.5294189453125,
        297.5294189453125,
        297.5294189453125,
        289.62445068359375,
        289.62445068359375,
        289.62445068359375,
        289.62445068359375,
        270.2487487792969,
        270.2487487792969
    ],
    "best_fitness_in_generation": [
        3498.3935546875,
        2925.3544921875,
        2315.77783203125,
        1959.4049072265625,
        2395.24560546875,
        1889.69482421875,
        2334.253173828125,
        1917.0321044921875,
        1986.078125,
        1527.258056640625,
        1537.375,
        1790.330078125,
        1107.81396484375,
        1637.893310546875,
        1445.21533203125,
        1683.37255859375,
        1130.451416015625,
        1209.252685546875,
        1380.1890869140625,
        942.94775390625,
        989.7687377929688,
        1241.7916259765625,
        1130.7139892578125,
        1024.8729248046875,
        754.7268676757812,
        1011.8212890625,
        874.739501953125,
        791.864501953125,
        708.924072265625,
        811.2538452148438,
        541.8480224609375,
        692.44775390625,
        723.9490966796875,
        529.5689697265625,
        532.5196533203125,
        542.8656005859375,
        494.03216552734375,
        630.808837890625,
        453.48834228515625,
        521.0958251953125,
        492.7841796875,
        364.62225341796875,
        421.1770324707031,
        431.7221374511719,
        407.97576904296875,
        351.2303771972656,
        400.81134033203125,
        350.0960693359375,
        311.3580017089844,
        431.0233154296875,
        297.5294189453125,
        376.1925048828125,
        397.32037353515625,
        307.6062927246094,
        311.32904052734375,
        312.699951171875,
        307.7676696777344,
        312.4665832519531,
        289.62445068359375,
        303.0025634765625,
        338.54931640625,
        322.9727783203125,
        270.2487487792969,
        278.83642578125
    ],
    "gen_time_sec": [
        2.1745107173919678,
        1.2402150630950928,
        0.11633729934692383,
        0.11500024795532227,
        0.11477065086364746,
        0.11549568176269531,
        0.11494922637939453,
        0.11531543731689453,
        0.11527061462402344,
        0.1151423454284668,
        0.1153569221496582,
        0.11569690704345703,
        0.11528801918029785,
        0.11493778228759766,
        0.11594319343566895,
        0.11562633514404297,
        0.1154336929321289,
        0.11503100395202637,
        0.1152806282043457,
        0.11548733711242676,
        0.11568617820739746,
        0.11513566970825195,
        0.11498522758483887,
        0.1153564453125,
        0.11571645736694336,
        0.11567330360412598,
        0.11509013175964355,
        0.1148524284362793,
        0.1155550479888916,
        0.1149299144744873,
        0.11543917655944824,
        0.11518025398254395,
        0.11481904983520508,
        0.11542034149169922,
        0.11540961265563965,
        0.11519861221313477,
        0.11517810821533203,
        0.11526751518249512,
        0.11549139022827148,
        0.1154484748840332,
        0.11556601524353027,
        0.11498332023620605,
        0.11535239219665527,
        0.11580681800842285,
        0.11562418937683105,
        0.11536741256713867,
        0.1153104305267334,
        0.11529374122619629,
        0.11568927764892578,
        0.11575508117675781,
        0.11520147323608398,
        0.11497855186462402,
        0.11575675010681152,
        0.11550378799438477,
        0.11554408073425293,
        0.11554813385009766,
        0.11494588851928711,
        0.11601781845092773,
        0.11580467224121094,
        0.11516404151916504,
        0.11514115333557129,
        0.1147911548614502,
        0.11541438102722168,
        0.11577081680297852
    ],
    "generation_counter": [
        0,
        1,
        2,
        3,
        4,
        5,
        6,
        7,
        8,
        9,
        10,
        11,
        12,
        13,
        14,
        15,
        16,
        17,
        18,
        19,
        20,
        21,
        22,
        23,
        24,
        25,
        26,
        27,
        28,
        29,
        30,
        31,
        32,
        33,
        34,
        35,
        36,
        37,
        38,
        39,
        40,
        41,
        42,
        43,
        44,
        45,
        46,
        47,
        48,
        49,
        50,
        51,
        52,
        53,
        54,
        55,
        56,
        57,
        58,
        59,
        60,
        61,
        62,
        63
    ],
    "mean_fitness": [
        6013.640625,
        5735.85546875,
        5291.099609375,
        5033.07763671875,
        4866.1943359375,
        4375.5,
        4382.40869140625,
        4043.9306640625,
        4036.904296875,
        3735.7666015625,
        3635.521240234375,
        3391.52197265625,
        3287.92626953125,
        3154.55712890625,
        3161.38134765625,
        3001.78662109375,
        3054.321533203125,
        2841.0048828125,
        2795.519287109375,
        2650.9853515625,
        2649.595947265625,
        2411.6884765625,
        2366.23193359375,
        2374.691162109375,
        2044.14013671875,
        2073.5615234375,
        1882.3167724609375,
        1853.126708984375,
        1682.899658203125,
        1850.838134765625,
        1521.25830078125,
        1615.1688232421875,
        1420.910400390625,
        1360.5084228515625,
        1282.3310546875,
        1273.532958984375,
        1153.8892822265625,
        1204.9071044921875,
        1135.520263671875,
        1067.79150390625,
        1036.857177734375,
        940.64013671875,
        896.5592041015625,
        861.0213623046875,
        856.5751953125,
        824.3849487304688,
        755.122314453125,
        735.6329956054688,
        726.3421630859375,
        722.2150268554688,
        697.2782592773438,
        686.81396484375,
        692.6273193359375,
        695.9661865234375,
        642.6812744140625,
        614.51611328125,
        593.8770751953125,
        582.791259765625,
        557.5728759765625,
        564.7635498046875,
        581.6519775390625,
        554.42138671875,
        539.7171020507812,
        529.8645629882812
    ],