{
    "best_fitness": [
        3498.3935546875,
        2751.29736328125,
        2127.12255859375,
        1805.66943359375,
        1805.66943359375,
        1805.66943359375,
        1748.33642578125,
        1572.7003173828125,
        1250.8863525390625,
        879.022705078125,
        879.022705078125,
        879.022705078125,
        754.7531127929688,
        754.7531127929688,
        754.7531127929688,
        754.7531127929688,
        578.8937377929688,
        578.8937377929688,
        578.8937377929688,
        578.8937377929688,
        341.7049560546875,
        341.7049560546875,
        341.7049560546875,
        341.7049560546875,
        332.44586181640625,
        332.44586181640625,
        294.5484619140625,
        294.5484619140625,
        279.7889709472656,
        279.7889709472656,
        226.3094482421875,
        226.3094482421875,
        226.3094482421875,
        213.45166015625,
        213.45166015625,
        213.45166015625,
        183.18173217773438,
        183.18173217773438,
        158.99267578125,
        158.99267578125,
        158.99267578125,
        158.99267578125,
        114.67984008789062,
        114.67984008789062,
        114.67984008789062,
        114.67984008789062,
        109.15406036376953,
        109.15406036376953,
        109.15406036376953,
        109.15406036376953,
        105.18569946289062,
        105.18569946289062,
        105.18569946289062,
        104.29447937011719,
        104.07070922851562,
        104.07070922851562,
        104.07070922851562,
        100.08389282226562,
        100.08389282226562,
        100.08389282226562,
        90.71416473388672,
        90.71416473388672,
        81.93486022949219,
        81.93486022949219
    ],
    "best_fitness_in_generation": [
        3498.3935546875,
        2751.29736328125,
        2127.12255859375,
        1805.66943359375,
        2194.75,
        1843.0244140625,
        1748.33642578125,
        1572.7003173828125,
        1250.8863525390625,
        879.022705078125,
        1202.5478515625,
        1070.0428466796875,
        754.7531127929688,
        931.7984619140625,
        892.9810180664062,
        795.3668823242188,
        578.8937377929688,
        684.6773071289062,
        582.498779296875,
        656.9833374023438,
        341.7049560546875,
        496.5309753417969,
        433.8748779296875,
        451.6872253417969,
        332.44586181640625,
        425.007568359375,
        294.5484619140625,
        349.87646484375,
        279.7889709472656,
        318.331298828125,
        226.3094482421875,
        277.35272216796875,
        247.32662963867188,
        213.45166015625,
        214.90899658203125,
        227.86224365234375,
        183.18173217773438,
        205.43228149414062,
        158.99267578125,
        188.0843048095703,
        163.44276428222656,
        166.25697326660156,
        114.67984008789062,
        135.41314697265625,
        128.11856079101562,
        124.6520004272461,
        109.15406036376953,
        125.59033203125,
        116.18621826171875,
        132.91043090820312,
        105.18569946289062,
        118.91213989257812,
        116.34512329101562,
        104.29447937011719,
        104.07070922851562,
        104.26976013183594,
        132.33596801757812,
        100.08389282226562,
        101.88844299316406,
        106.34567260742188,
        90.71416473388672,
        105.21611022949219,
        81.93486022949219,
        88.8194351196289
    ],
    "gen_time_sec": [
        2.8904576301574707,
        1.3925755023956299,
        0.11733365058898926,
        0.1159672737121582,
        0.11554813385009766,
        0.11570191383361816,
        0.11549067497253418,
        0.11559414863586426,
        0.11594176292419434,
        0.11567926406860352,
        0.11545085906982422,
        0.11525630950927734,
        0.11561155319213867,
        0.11580204963684082,
        0.11600041389465332,
        0.11527752876281738,
        0.11539697647094727,
        0.11590886116027832,
        0.11669540405273438,
        0.1158757209777832,
        0.11568713188171387,
        0.11507630348205566,
        0.1154336929321289,
        0.11560893058776855,
        0.1155998706817627,
        0.1154181957244873,
        0.11504888534545898,
        0.11519765853881836,
        0.11537504196166992,
        0.11593985557556152,
        0.11536645889282227,
        0.11508393287658691,
        0.11585593223571777,
        0.1157371997833252,
        0.11544489860534668,
        0.11553478240966797,
        0.11483240127563477,
        0.11550116539001465,
        0.11569523811340332,
        0.1154489517211914,
        0.11523270606994629,
        0.11514663696289062,
        0.11578607559204102,
        0.11583399772644043,
        0.1152486801147461,
        0.11509847640991211,
        0.11542582511901855,
        0.11522459983825684,
        0.11604952812194824,
        0.11569762229919434,
        0.11528682708740234,
        0.11543679237365723,
        0.11565089225769043,
        0.11566162109375,
        0.11560416221618652,
        0.11540579795837402,
        0.11532759666442871,
        0.11591291427612305,
        0.1157071590423584,
        0.11529326438903809,
        0.11530423164367676,
        0.11529231071472168,
        0.11564278602600098,
        0.115814208984375
    ],
    "generation_counter": [
        0,
        1,
        2,
        3,
        4,
        5,
        6,
        7,
        8,
        9,
        10,
        11,
        12,
        13,
        14,
        15,
        16,
        17,
        18,
        19,
        20,
        21,
        22,
        23,
        24,
        25,
        26,
        27,
        28,
        29,
        30,
        31,
        32,
        33,
        34,
        35,
        36,
        37,
        38,
        39,
        40,
        41,
        42,
        43,
        44,
        45,
        46,
        47,
        48,
        49,
        50,
        51,
        52,
        53,
        54,
        55,
        56,
        57,
        58,
        59,
        60,
        61,
        62,
        63
    ],
    "mean_fitness": [
        6013.640625,
        5317.802734375,
        4764.72802734375,
        4384.6240234375,
        3989.1591796875,
        3708.8486328125,
        3443.4228515625,
        3091.87255859375,
        2881.887939453125,
        2580.4501953125,
        2531.2333984375,
        2224.3564453125,
        2214.725341796875,
        1969.58447265625,
        1791.194580078125,
        1616.8651123046875,
        1657.169921875,
        1479.3359375,
        1350.3896484375,
        1268.594482421875,
        1177.262939453125,
        983.9970703125,
        949.8427734375,
        957.5484619140625,
        790.1167602539062,
        780.7131958007812,
        685.126708984375,
        645.1430053710938,
        581.063232421875,
        651.257080078125,
        511.3597412109375,
        516.4359741210938,
        478.1260986328125,
        428.4497375488281,
        428.02392578125,
        435.00018310546875,
        389.0783996582031,
        374.26007080078125,
        368.5157470703125,
        357.62225341796875,
        323.67547607421875,
        314.0196228027344,
        301.763671875,
        300.9270324707031,
        279.6443786621094,
        283.2900390625,
        261.54510498046875,
        251.82867431640625,
        260.69927978515625,
        247.69613647460938,
        234.79794311523438,
        241.99728393554688,
        240.92892456054688,
        232.11740112304688,
        220.198974609375,
        213.79861450195312,
        212.1583709716797,
        209.65121459960938,
        198.1156768798828,
        204.20458984375,
        191.072509765625,
        196.765380859375,
        192.76319885253906,
        186.9413299560547
    ],